Using pre-set license
Built from '2022.3/china_unity/release' branch; Version is '2022.3.57f1c2 (32588f90613b) revision 3299471'; Using compiler version '192829333'; Build Type 'Release'
OS: 'Windows 10  (10.0.19045) 64bit CoreCountrySpecific' Language: 'zh' Physical Memory: 15789 MB
BatchMode: 1, IsHumanControllingUs: 0, StartBugReporterOnCrash: 0, Is64bit: 1, IsPro: 1

COMMAND LINE ARGUMENTS:
D:\Unity\Editor\2022.3.57f1c2\Editor\Unity.exe
-adb2
-batchMode
-noUpm
-name
AssetImportWorker1
-projectPath
D:/U3Dprojects/UIDemo/Map Interactive
-logFile
Logs/AssetImportWorker1.log
-srvPort
11758
Successfully changed project path to: D:/U3Dprojects/UIDemo/Map Interactive
D:/U3Dprojects/UIDemo/Map Interactive
[UnityMemory] Configuration Parameters - Can be set up in boot.config
    "memorysetup-bucket-allocator-granularity=16"
    "memorysetup-bucket-allocator-bucket-count=8"
    "memorysetup-bucket-allocator-block-size=33554432"
    "memorysetup-bucket-allocator-block-count=8"
    "memorysetup-main-allocator-block-size=16777216"
    "memorysetup-thread-allocator-block-size=16777216"
    "memorysetup-gfx-main-allocator-block-size=16777216"
    "memorysetup-gfx-thread-allocator-block-size=16777216"
    "memorysetup-cache-allocator-block-size=4194304"
    "memorysetup-typetree-allocator-block-size=2097152"
    "memorysetup-profiler-bucket-allocator-granularity=16"
    "memorysetup-profiler-bucket-allocator-bucket-count=8"
    "memorysetup-profiler-bucket-allocator-block-size=33554432"
    "memorysetup-profiler-bucket-allocator-block-count=8"
    "memorysetup-profiler-allocator-block-size=16777216"
    "memorysetup-profiler-editor-allocator-block-size=1048576"
    "memorysetup-temp-allocator-size-main=16777216"
    "memorysetup-job-temp-allocator-block-size=2097152"
    "memorysetup-job-temp-allocator-block-size-background=1048576"
    "memorysetup-job-temp-allocator-reduction-small-platforms=262144"
    "memorysetup-allocator-temp-initial-block-size-main=262144"
    "memorysetup-allocator-temp-initial-block-size-worker=262144"
    "memorysetup-temp-allocator-size-background-worker=32768"
    "memorysetup-temp-allocator-size-job-worker=262144"
    "memorysetup-temp-allocator-size-preload-manager=33554432"
    "memorysetup-temp-allocator-size-nav-mesh-worker=65536"
    "memorysetup-temp-allocator-size-audio-worker=65536"
    "memorysetup-temp-allocator-size-cloud-worker=32768"
    "memorysetup-temp-allocator-size-gi-baking-worker=262144"
    "memorysetup-temp-allocator-size-gfx=262144"
Player connection [8864]  Target information:

Player connection [8864]  * "[IP] 192.168.101.230 [Port] 0 [Flags] 2 [Guid] 716437477 [EditorId] 716437477 [Version] 1048832 [Id] WindowsEditor(7,AphoniCat) [Debug] 1 [PackageName] WindowsEditor [ProjectName] Editor" 

Player connection [8864]  * "[IP] 192.168.78.1 [Port] 0 [Flags] 2 [Guid] 716437477 [EditorId] 716437477 [Version] 1048832 [Id] WindowsEditor(7,AphoniCat) [Debug] 1 [PackageName] WindowsEditor [ProjectName] Editor" 

Player connection [8864]  * "[IP] 192.168.100.1 [Port] 0 [Flags] 2 [Guid] 716437477 [EditorId] 716437477 [Version] 1048832 [Id] WindowsEditor(7,AphoniCat) [Debug] 1 [PackageName] WindowsEditor [ProjectName] Editor" 

Player connection [8864]  * "[IP] 26.53.214.253 [Port] 0 [Flags] 2 [Guid] 716437477 [EditorId] 716437477 [Version] 1048832 [Id] WindowsEditor(7,AphoniCat) [Debug] 1 [PackageName] WindowsEditor [ProjectName] Editor" 

Player connection [8864] Host joined multi-casting on [225.0.0.222:54997]...
Player connection [8864] Host joined alternative multi-casting on [225.0.0.222:34997]...
Input System module state changed to: Initialized.
[PhysX] Initialized MultithreadedTaskDispatcher with 16 workers.
Refreshing native plugins compatible for Editor in 25.85 ms, found 7 plugins.
Preloading 0 native plugins for Editor in 0.00 ms.
Initialize engine version: 2022.3.57f1c2 (32588f90613b)
[Subsystems] Discovering subsystems at path D:/Unity/Editor/2022.3.57f1c2/Editor/Data/Resources/UnitySubsystems
[Subsystems] Discovering subsystems at path D:/U3Dprojects/UIDemo/Map Interactive/Assets
GfxDevice: creating device client; threaded=0; jobified=0
Direct3D:
    Version:  Direct3D 11.0 [level 11.1]
    Renderer: NVIDIA GeForce RTX 2060 (ID=0x1f15)
    Vendor:   NVIDIA
    VRAM:     5955 MB
    Driver:   32.0.15.7652
Initialize mono
Mono path[0] = 'D:/Unity/Editor/2022.3.57f1c2/Editor/Data/Managed'
Mono path[1] = 'D:/Unity/Editor/2022.3.57f1c2/Editor/Data/MonoBleedingEdge/lib/mono/unityjit-win32'
Mono config path = 'D:/Unity/Editor/2022.3.57f1c2/Editor/Data/MonoBleedingEdge/etc'
Using monoOptions --debugger-agent=transport=dt_socket,embedding=1,server=y,suspend=n,address=127.0.0.1:56104
Begin MonoManager ReloadAssembly
Registering precompiled unity dll's ...
Register platform support module: D:/Unity/Editor/2022.3.57f1c2/Editor/Data/PlaybackEngines/WebGLSupport/UnityEditor.WebGL.Extensions.dll
Register platform support module: D:/Unity/Editor/2022.3.57f1c2/Editor/Data/PlaybackEngines/WindowsStandaloneSupport/UnityEditor.WindowsStandalone.Extensions.dll
Registered in 0.009387 seconds.
- Loaded All Assemblies, in  0.365 seconds
Native extension for WindowsStandalone target not found
Native extension for WebGL target not found
Mono: successfully reloaded assembly
- Finished resetting the current domain, in  0.289 seconds
Domain Reload Profiling: 655ms
	BeginReloadAssembly (106ms)
		ExecutionOrderSort (0ms)
		DisableScriptedObjects (0ms)
		BackupInstance (0ms)
		ReleaseScriptingObjects (0ms)
		CreateAndSetChildDomain (1ms)
	RebuildCommonClasses (37ms)
	RebuildNativeTypeToScriptingClass (11ms)
	initialDomainReloadingComplete (55ms)
	LoadAllAssembliesAndSetupDomain (157ms)
		LoadAssemblies (105ms)
		RebuildTransferFunctionScriptingTraits (0ms)
		AnalyzeDomain (154ms)
			TypeCache.Refresh (153ms)
				TypeCache.ScanAssembly (140ms)
			ScanForSourceGeneratedMonoScriptInfo (0ms)
			ResolveRequiredComponents (1ms)
	FinalizeReload (290ms)
		ReleaseScriptCaches (0ms)
		RebuildScriptCaches (0ms)
		SetupLoadedEditorAssemblies (239ms)
			LogAssemblyErrors (0ms)
			InitializePlatformSupportModulesInManaged (9ms)
			SetLoadedEditorAssemblies (5ms)
			RefreshPlugins (0ms)
			BeforeProcessingInitializeOnLoad (2ms)
			ProcessInitializeOnLoadAttributes (164ms)
			ProcessInitializeOnLoadMethodAttributes (59ms)
			AfterProcessingInitializeOnLoad (0ms)
			EditorAssembliesLoaded (0ms)
		ExecutionOrderSort2 (0ms)
		AwakeInstancesAfterBackupRestoration (0ms)
========================================================================
Worker process is ready to serve import requests
Caller must complete domain reload
Begin MonoManager ReloadAssembly
- Loaded All Assemblies, in  0.723 seconds
Native extension for WindowsStandalone target not found
Native extension for WebGL target not found
Mono: successfully reloaded assembly
- Finished resetting the current domain, in  0.616 seconds
Domain Reload Profiling: 1338ms
	BeginReloadAssembly (158ms)
		ExecutionOrderSort (0ms)
		DisableScriptedObjects (7ms)
		BackupInstance (0ms)
		ReleaseScriptingObjects (0ms)
		CreateAndSetChildDomain (23ms)
	RebuildCommonClasses (42ms)
	RebuildNativeTypeToScriptingClass (16ms)
	initialDomainReloadingComplete (42ms)
	LoadAllAssembliesAndSetupDomain (464ms)
		LoadAssemblies (356ms)
		RebuildTransferFunctionScriptingTraits (0ms)
		AnalyzeDomain (196ms)
			TypeCache.Refresh (165ms)
				TypeCache.ScanAssembly (150ms)
			ScanForSourceGeneratedMonoScriptInfo (24ms)
			ResolveRequiredComponents (5ms)
	FinalizeReload (617ms)
		ReleaseScriptCaches (0ms)
		RebuildScriptCaches (0ms)
		SetupLoadedEditorAssemblies (450ms)
			LogAssemblyErrors (0ms)
			InitializePlatformSupportModulesInManaged (6ms)
			SetLoadedEditorAssemblies (5ms)
			RefreshPlugins (0ms)
			BeforeProcessingInitializeOnLoad (70ms)
			ProcessInitializeOnLoadAttributes (326ms)
			ProcessInitializeOnLoadMethodAttributes (40ms)
			AfterProcessingInitializeOnLoad (3ms)
			EditorAssembliesLoaded (0ms)
		ExecutionOrderSort2 (0ms)
		AwakeInstancesAfterBackupRestoration (8ms)
Launched and connected shader compiler UnityShaderCompiler.exe after 0.07 seconds
Refreshing native plugins compatible for Editor in 8.37 ms, found 7 plugins.
Preloading 0 native plugins for Editor in 0.00 ms.
Unloading 4274 Unused Serialized files (Serialized files now loaded: 0)
Unloading 40 unused Assets / (241.6 KB). Loaded Objects now: 4742.
Memory consumption went from 150.6 MB to 150.4 MB.
Total: 4.588200 ms (FindLiveObjects: 0.549400 ms CreateObjectMapping: 0.111800 ms MarkObjects: 3.595300 ms  DeleteObjects: 0.329900 ms)

AssetImportParameters requested are different than current active one (requested -> active):
  custom:container-demuxer-ogg: 62fdf1f143b41e24485cea50d1cbac27 -> 
  custom:video-codec-MediaFoundation-h265: 746d11721c4dcdbdad8f713fa42b33f4 -> 
  custom:video-decoder-ogg-theora: a1e56fd34408186e4bbccfd4996cb3dc -> 
  custom:framework-win-MediaFoundation: 216162199b28c13a410421893ffa2e32 -> 
  custom:CustomObjectIndexerAttribute: 9a22284fe3817be447336de3de66b15e -> 
  custom:container-demuxer-webm: 4f35f7cbe854078d1ac9338744f61a02 -> 
  custom:container-muxer-webm: aa71ff27fc2769a1b78a27578f13a17b -> 
  custom:video-decoder-webm-vp8: 9c59270c3fd7afecdb556c50c9e8de78 -> 
  custom:SearchIndexIgnoredProperties: e643bd26f0fe6173181afceb89e7c659 -> 
  custom:AudioImporter_EditorPlatform: d09bf68614088b80899f8185d706f6e7 -> 
  custom:video-encoder-webm-vp8: eb34c28f22e8b96e1ab97ce403110664 -> 
  custom:audio-decoder-ogg-vorbis: bf7c407c2cedff20999df2af8eb42d56 -> 
  custom:audio-encoder-webm-vorbis: bf7c407c2cedff20999df2af8eb42d56 -> 
========================================================================
Received Import Request.
  Time since last request: 2295.821643 seconds.
  path: Assets/TextMesh Pro/Resources/Fonts & Materials/LiberationSans SDF - Drop Shadow.mat
  artifactKey: Guid(e73a58f6e2794ae7b1b7e50b7fb811b0) Importer(815301076,1909f56bfc062723c751e8b465ee728b)
Start importing Assets/TextMesh Pro/Resources/Fonts & Materials/LiberationSans SDF - Drop Shadow.mat using Guid(e73a58f6e2794ae7b1b7e50b7fb811b0) Importer(815301076,1909f56bfc062723c751e8b465ee728b) [PhysX] Initialized MultithreadedTaskDispatcher with 16 workers.
[PhysX] Initialized MultithreadedTaskDispatcher with 16 workers.
 -> (artifact id: '3b4aa647f2a041d3f71b6c337638d656') in 0.166753 seconds
Number of updated asset objects reloaded before import = 0
Number of asset objects unloaded after import = 2
========================================================================
Received Prepare
Caller must complete domain reload
Begin MonoManager ReloadAssembly
- Loaded All Assemblies, in  0.976 seconds
Native extension for WindowsStandalone target not found
Native extension for WebGL target not found
Mono: successfully reloaded assembly
- Finished resetting the current domain, in  0.596 seconds
Domain Reload Profiling: 1574ms
	BeginReloadAssembly (605ms)
		ExecutionOrderSort (0ms)
		DisableScriptedObjects (436ms)
		BackupInstance (0ms)
		ReleaseScriptingObjects (0ms)
		CreateAndSetChildDomain (42ms)
	RebuildCommonClasses (44ms)
	RebuildNativeTypeToScriptingClass (14ms)
	initialDomainReloadingComplete (32ms)
	LoadAllAssembliesAndSetupDomain (282ms)
		LoadAssemblies (347ms)
		RebuildTransferFunctionScriptingTraits (0ms)
		AnalyzeDomain (28ms)
			TypeCache.Refresh (9ms)
				TypeCache.ScanAssembly (1ms)
			ScanForSourceGeneratedMonoScriptInfo (10ms)
			ResolveRequiredComponents (8ms)
	FinalizeReload (597ms)
		ReleaseScriptCaches (0ms)
		RebuildScriptCaches (0ms)
		SetupLoadedEditorAssemblies (408ms)
			LogAssemblyErrors (0ms)
			InitializePlatformSupportModulesInManaged (6ms)
			SetLoadedEditorAssemblies (5ms)
			RefreshPlugins (0ms)
			BeforeProcessingInitializeOnLoad (67ms)
			ProcessInitializeOnLoadAttributes (297ms)
			ProcessInitializeOnLoadMethodAttributes (30ms)
			AfterProcessingInitializeOnLoad (3ms)
			EditorAssembliesLoaded (0ms)
		ExecutionOrderSort2 (0ms)
		AwakeInstancesAfterBackupRestoration (14ms)
Refreshing native plugins compatible for Editor in 8.80 ms, found 7 plugins.
Preloading 0 native plugins for Editor in 0.00 ms.
Unloading 4247 Unused Serialized files (Serialized files now loaded: 0)
Unloading 27 unused Assets / (213.8 KB). Loaded Objects now: 4788.
Memory consumption went from 149.4 MB to 149.2 MB.
Total: 4.237300 ms (FindLiveObjects: 0.464000 ms CreateObjectMapping: 0.206500 ms MarkObjects: 3.353000 ms  DeleteObjects: 0.212500 ms)

Prepare: number of updated asset objects reloaded= 0
AssetImportParameters requested are different than current active one (requested -> active):
  custom:container-demuxer-ogg: 62fdf1f143b41e24485cea50d1cbac27 -> 
  custom:video-codec-MediaFoundation-h265: 746d11721c4dcdbdad8f713fa42b33f4 -> 
  custom:video-decoder-ogg-theora: a1e56fd34408186e4bbccfd4996cb3dc -> 
  custom:framework-win-MediaFoundation: 216162199b28c13a410421893ffa2e32 -> 
  custom:CustomObjectIndexerAttribute: 9a22284fe3817be447336de3de66b15e -> 
  custom:container-demuxer-webm: 4f35f7cbe854078d1ac9338744f61a02 -> 
  custom:container-muxer-webm: aa71ff27fc2769a1b78a27578f13a17b -> 
  custom:video-decoder-webm-vp8: 9c59270c3fd7afecdb556c50c9e8de78 -> 
  custom:SearchIndexIgnoredProperties: e643bd26f0fe6173181afceb89e7c659 -> 
  custom:AudioImporter_EditorPlatform: d09bf68614088b80899f8185d706f6e7 -> 
  custom:video-encoder-webm-vp8: eb34c28f22e8b96e1ab97ce403110664 -> 
  custom:audio-decoder-ogg-vorbis: bf7c407c2cedff20999df2af8eb42d56 -> 
  custom:audio-encoder-webm-vorbis: bf7c407c2cedff20999df2af8eb42d56 -> 
========================================================================
Received Prepare
Caller must complete domain reload
Begin MonoManager ReloadAssembly
- Loaded All Assemblies, in  0.523 seconds
Native extension for WindowsStandalone target not found
Native extension for WebGL target not found
Mono: successfully reloaded assembly
- Finished resetting the current domain, in  1.113 seconds
Domain Reload Profiling: 1636ms
	BeginReloadAssembly (158ms)
		ExecutionOrderSort (0ms)
		DisableScriptedObjects (12ms)
		BackupInstance (0ms)
		ReleaseScriptingObjects (0ms)
		CreateAndSetChildDomain (35ms)
	RebuildCommonClasses (36ms)
	RebuildNativeTypeToScriptingClass (11ms)
	initialDomainReloadingComplete (31ms)
	LoadAllAssembliesAndSetupDomain (287ms)
		LoadAssemblies (341ms)
		RebuildTransferFunctionScriptingTraits (0ms)
		AnalyzeDomain (30ms)
			TypeCache.Refresh (10ms)
				TypeCache.ScanAssembly (0ms)
			ScanForSourceGeneratedMonoScriptInfo (11ms)
			ResolveRequiredComponents (7ms)
	FinalizeReload (1114ms)
		ReleaseScriptCaches (0ms)
		RebuildScriptCaches (0ms)
		SetupLoadedEditorAssemblies (447ms)
			LogAssemblyErrors (0ms)
			InitializePlatformSupportModulesInManaged (6ms)
			SetLoadedEditorAssemblies (5ms)
			RefreshPlugins (0ms)
			BeforeProcessingInitializeOnLoad (73ms)
			ProcessInitializeOnLoadAttributes (328ms)
			ProcessInitializeOnLoadMethodAttributes (30ms)
			AfterProcessingInitializeOnLoad (4ms)
			EditorAssembliesLoaded (0ms)
		ExecutionOrderSort2 (0ms)
		AwakeInstancesAfterBackupRestoration (14ms)
Refreshing native plugins compatible for Editor in 7.10 ms, found 7 plugins.
Preloading 0 native plugins for Editor in 0.00 ms.
Unloading 4248 Unused Serialized files (Serialized files now loaded: 0)
Unloading 27 unused Assets / (213.6 KB). Loaded Objects now: 4792.
Memory consumption went from 149.7 MB to 149.5 MB.
Total: 4.011700 ms (FindLiveObjects: 0.355900 ms CreateObjectMapping: 0.112300 ms MarkObjects: 3.197400 ms  DeleteObjects: 0.343400 ms)

Prepare: number of updated asset objects reloaded= 0
AssetImportParameters requested are different than current active one (requested -> active):
  custom:container-demuxer-ogg: 62fdf1f143b41e24485cea50d1cbac27 -> 
  custom:video-codec-MediaFoundation-h265: 746d11721c4dcdbdad8f713fa42b33f4 -> 
  custom:video-decoder-ogg-theora: a1e56fd34408186e4bbccfd4996cb3dc -> 
  custom:framework-win-MediaFoundation: 216162199b28c13a410421893ffa2e32 -> 
  custom:CustomObjectIndexerAttribute: 9a22284fe3817be447336de3de66b15e -> 
  custom:container-demuxer-webm: 4f35f7cbe854078d1ac9338744f61a02 -> 
  custom:container-muxer-webm: aa71ff27fc2769a1b78a27578f13a17b -> 
  custom:video-decoder-webm-vp8: 9c59270c3fd7afecdb556c50c9e8de78 -> 
  custom:SearchIndexIgnoredProperties: e643bd26f0fe6173181afceb89e7c659 -> 
  custom:AudioImporter_EditorPlatform: d09bf68614088b80899f8185d706f6e7 -> 
  custom:video-encoder-webm-vp8: eb34c28f22e8b96e1ab97ce403110664 -> 
  custom:audio-decoder-ogg-vorbis: bf7c407c2cedff20999df2af8eb42d56 -> 
  custom:audio-encoder-webm-vorbis: bf7c407c2cedff20999df2af8eb42d56 -> 
  custom:scripting/precompiled-assembly-types:Assembly-CSharp: f4d7ff9405b2296d99c95dc8709d6063 -> d9898b08f7aa15a36c94fc52d0b7440b
========================================================================
Received Prepare
Caller must complete domain reload
Begin MonoManager ReloadAssembly
- Loaded All Assemblies, in  0.494 seconds
Native extension for WindowsStandalone target not found
Native extension for WebGL target not found
Mono: successfully reloaded assembly
- Finished resetting the current domain, in  1.043 seconds
Domain Reload Profiling: 1537ms
	BeginReloadAssembly (162ms)
		ExecutionOrderSort (0ms)
		DisableScriptedObjects (12ms)
		BackupInstance (0ms)
		ReleaseScriptingObjects (0ms)
		CreateAndSetChildDomain (35ms)
	RebuildCommonClasses (36ms)
	RebuildNativeTypeToScriptingClass (12ms)
	initialDomainReloadingComplete (28ms)
	LoadAllAssembliesAndSetupDomain (257ms)
		LoadAssemblies (333ms)
		RebuildTransferFunctionScriptingTraits (0ms)
		AnalyzeDomain (13ms)
			TypeCache.Refresh (5ms)
				TypeCache.ScanAssembly (0ms)
			ScanForSourceGeneratedMonoScriptInfo (0ms)
			ResolveRequiredComponents (6ms)
	FinalizeReload (1044ms)
		ReleaseScriptCaches (0ms)
		RebuildScriptCaches (0ms)
		SetupLoadedEditorAssemblies (448ms)
			LogAssemblyErrors (0ms)
			InitializePlatformSupportModulesInManaged (7ms)
			SetLoadedEditorAssemblies (5ms)
			RefreshPlugins (0ms)
			BeforeProcessingInitializeOnLoad (71ms)
			ProcessInitializeOnLoadAttributes (328ms)
			ProcessInitializeOnLoadMethodAttributes (34ms)
			AfterProcessingInitializeOnLoad (3ms)
			EditorAssembliesLoaded (0ms)
		ExecutionOrderSort2 (0ms)
		AwakeInstancesAfterBackupRestoration (15ms)
Refreshing native plugins compatible for Editor in 9.14 ms, found 7 plugins.
Preloading 0 native plugins for Editor in 0.00 ms.
Unloading 4248 Unused Serialized files (Serialized files now loaded: 0)
Unloading 27 unused Assets / (213.5 KB). Loaded Objects now: 4796.
Memory consumption went from 149.7 MB to 149.5 MB.
Total: 7.753600 ms (FindLiveObjects: 0.705500 ms CreateObjectMapping: 0.492600 ms MarkObjects: 6.251500 ms  DeleteObjects: 0.302400 ms)

Prepare: number of updated asset objects reloaded= 0
AssetImportParameters requested are different than current active one (requested -> active):
  custom:container-demuxer-ogg: 62fdf1f143b41e24485cea50d1cbac27 -> 
  custom:video-codec-MediaFoundation-h265: 746d11721c4dcdbdad8f713fa42b33f4 -> 
  custom:video-decoder-ogg-theora: a1e56fd34408186e4bbccfd4996cb3dc -> 
  custom:framework-win-MediaFoundation: 216162199b28c13a410421893ffa2e32 -> 
  custom:CustomObjectIndexerAttribute: 9a22284fe3817be447336de3de66b15e -> 
  custom:container-demuxer-webm: 4f35f7cbe854078d1ac9338744f61a02 -> 
  custom:container-muxer-webm: aa71ff27fc2769a1b78a27578f13a17b -> 
  custom:video-decoder-webm-vp8: 9c59270c3fd7afecdb556c50c9e8de78 -> 
  custom:SearchIndexIgnoredProperties: e643bd26f0fe6173181afceb89e7c659 -> 
  custom:AudioImporter_EditorPlatform: d09bf68614088b80899f8185d706f6e7 -> 
  custom:video-encoder-webm-vp8: eb34c28f22e8b96e1ab97ce403110664 -> 
  custom:audio-decoder-ogg-vorbis: bf7c407c2cedff20999df2af8eb42d56 -> 
  custom:audio-encoder-webm-vorbis: bf7c407c2cedff20999df2af8eb42d56 -> 
  custom:scripting/precompiled-assembly-types:Assembly-CSharp: f4d7ff9405b2296d99c95dc8709d6063 -> d9898b08f7aa15a36c94fc52d0b7440b
========================================================================
Received Prepare
Caller must complete domain reload
Begin MonoManager ReloadAssembly
- Loaded All Assemblies, in  0.495 seconds
Native extension for WindowsStandalone target not found
Native extension for WebGL target not found
Mono: successfully reloaded assembly
- Finished resetting the current domain, in  1.080 seconds
Domain Reload Profiling: 1575ms
	BeginReloadAssembly (164ms)
		ExecutionOrderSort (0ms)
		DisableScriptedObjects (14ms)
		BackupInstance (0ms)
		ReleaseScriptingObjects (0ms)
		CreateAndSetChildDomain (37ms)
	RebuildCommonClasses (36ms)
	RebuildNativeTypeToScriptingClass (13ms)
	initialDomainReloadingComplete (27ms)
	LoadAllAssembliesAndSetupDomain (255ms)
		LoadAssemblies (326ms)
		RebuildTransferFunctionScriptingTraits (0ms)
		AnalyzeDomain (13ms)
			TypeCache.Refresh (6ms)
				TypeCache.ScanAssembly (0ms)
			ScanForSourceGeneratedMonoScriptInfo (0ms)
			ResolveRequiredComponents (6ms)
	FinalizeReload (1081ms)
		ReleaseScriptCaches (0ms)
		RebuildScriptCaches (0ms)
		SetupLoadedEditorAssemblies (449ms)
			LogAssemblyErrors (0ms)
			InitializePlatformSupportModulesInManaged (6ms)
			SetLoadedEditorAssemblies (7ms)
			RefreshPlugins (0ms)
			BeforeProcessingInitializeOnLoad (72ms)
			ProcessInitializeOnLoadAttributes (327ms)
			ProcessInitializeOnLoadMethodAttributes (33ms)
			AfterProcessingInitializeOnLoad (4ms)
			EditorAssembliesLoaded (0ms)
		ExecutionOrderSort2 (0ms)
		AwakeInstancesAfterBackupRestoration (15ms)
Refreshing native plugins compatible for Editor in 7.74 ms, found 7 plugins.
Preloading 0 native plugins for Editor in 0.00 ms.
Unloading 4248 Unused Serialized files (Serialized files now loaded: 0)
Unloading 27 unused Assets / (213.6 KB). Loaded Objects now: 4800.
Memory consumption went from 149.7 MB to 149.5 MB.
Total: 3.454800 ms (FindLiveObjects: 0.406900 ms CreateObjectMapping: 0.118100 ms MarkObjects: 2.721300 ms  DeleteObjects: 0.207100 ms)

Prepare: number of updated asset objects reloaded= 0
AssetImportParameters requested are different than current active one (requested -> active):
  custom:container-demuxer-ogg: 62fdf1f143b41e24485cea50d1cbac27 -> 
  custom:video-codec-MediaFoundation-h265: 746d11721c4dcdbdad8f713fa42b33f4 -> 
  custom:video-decoder-ogg-theora: a1e56fd34408186e4bbccfd4996cb3dc -> 
  custom:framework-win-MediaFoundation: 216162199b28c13a410421893ffa2e32 -> 
  custom:CustomObjectIndexerAttribute: 9a22284fe3817be447336de3de66b15e -> 
  custom:container-demuxer-webm: 4f35f7cbe854078d1ac9338744f61a02 -> 
  custom:container-muxer-webm: aa71ff27fc2769a1b78a27578f13a17b -> 
  custom:video-decoder-webm-vp8: 9c59270c3fd7afecdb556c50c9e8de78 -> 
  custom:SearchIndexIgnoredProperties: e643bd26f0fe6173181afceb89e7c659 -> 
  custom:AudioImporter_EditorPlatform: d09bf68614088b80899f8185d706f6e7 -> 
  custom:video-encoder-webm-vp8: eb34c28f22e8b96e1ab97ce403110664 -> 
  custom:audio-decoder-ogg-vorbis: bf7c407c2cedff20999df2af8eb42d56 -> 
  custom:audio-encoder-webm-vorbis: bf7c407c2cedff20999df2af8eb42d56 -> 
  custom:scripting/precompiled-assembly-types:Assembly-CSharp: f4d7ff9405b2296d99c95dc8709d6063 -> d9898b08f7aa15a36c94fc52d0b7440b
========================================================================
Received Prepare
Caller must complete domain reload
Begin MonoManager ReloadAssembly
- Loaded All Assemblies, in  0.511 seconds
Native extension for WindowsStandalone target not found
Native extension for WebGL target not found
Mono: successfully reloaded assembly
- Finished resetting the current domain, in  1.074 seconds
Domain Reload Profiling: 1585ms
	BeginReloadAssembly (161ms)
		ExecutionOrderSort (0ms)
		DisableScriptedObjects (13ms)
		BackupInstance (0ms)
		ReleaseScriptingObjects (0ms)
		CreateAndSetChildDomain (35ms)
	RebuildCommonClasses (40ms)
	RebuildNativeTypeToScriptingClass (12ms)
	initialDomainReloadingComplete (26ms)
	LoadAllAssembliesAndSetupDomain (271ms)
		LoadAssemblies (339ms)
		RebuildTransferFunctionScriptingTraits (0ms)
		AnalyzeDomain (15ms)
			TypeCache.Refresh (7ms)
				TypeCache.ScanAssembly (0ms)
			ScanForSourceGeneratedMonoScriptInfo (0ms)
			ResolveRequiredComponents (7ms)
	FinalizeReload (1075ms)
		ReleaseScriptCaches (0ms)
		RebuildScriptCaches (0ms)
		SetupLoadedEditorAssemblies (432ms)
			LogAssemblyErrors (0ms)
			InitializePlatformSupportModulesInManaged (6ms)
			SetLoadedEditorAssemblies (5ms)
			RefreshPlugins (0ms)
			BeforeProcessingInitializeOnLoad (72ms)
			ProcessInitializeOnLoadAttributes (311ms)
			ProcessInitializeOnLoadMethodAttributes (32ms)
			AfterProcessingInitializeOnLoad (4ms)
			EditorAssembliesLoaded (0ms)
		ExecutionOrderSort2 (0ms)
		AwakeInstancesAfterBackupRestoration (14ms)
Refreshing native plugins compatible for Editor in 9.90 ms, found 7 plugins.
Preloading 0 native plugins for Editor in 0.00 ms.
Unloading 4248 Unused Serialized files (Serialized files now loaded: 0)
Unloading 27 unused Assets / (213.7 KB). Loaded Objects now: 4804.
Memory consumption went from 149.7 MB to 149.5 MB.
Total: 8.399600 ms (FindLiveObjects: 0.944700 ms CreateObjectMapping: 0.586200 ms MarkObjects: 6.596900 ms  DeleteObjects: 0.268900 ms)

Prepare: number of updated asset objects reloaded= 0
AssetImportParameters requested are different than current active one (requested -> active):
  custom:container-demuxer-ogg: 62fdf1f143b41e24485cea50d1cbac27 -> 
  custom:video-codec-MediaFoundation-h265: 746d11721c4dcdbdad8f713fa42b33f4 -> 
  custom:video-decoder-ogg-theora: a1e56fd34408186e4bbccfd4996cb3dc -> 
  custom:framework-win-MediaFoundation: 216162199b28c13a410421893ffa2e32 -> 
  custom:CustomObjectIndexerAttribute: 9a22284fe3817be447336de3de66b15e -> 
  custom:container-demuxer-webm: 4f35f7cbe854078d1ac9338744f61a02 -> 
  custom:container-muxer-webm: aa71ff27fc2769a1b78a27578f13a17b -> 
  custom:video-decoder-webm-vp8: 9c59270c3fd7afecdb556c50c9e8de78 -> 
  custom:SearchIndexIgnoredProperties: e643bd26f0fe6173181afceb89e7c659 -> 
  custom:AudioImporter_EditorPlatform: d09bf68614088b80899f8185d706f6e7 -> 
  custom:video-encoder-webm-vp8: eb34c28f22e8b96e1ab97ce403110664 -> 
  custom:audio-decoder-ogg-vorbis: bf7c407c2cedff20999df2af8eb42d56 -> 
  custom:audio-encoder-webm-vorbis: bf7c407c2cedff20999df2af8eb42d56 -> 
  custom:scripting/precompiled-assembly-types:Assembly-CSharp: f4d7ff9405b2296d99c95dc8709d6063 -> d9898b08f7aa15a36c94fc52d0b7440b
========================================================================
Received Prepare
Caller must complete domain reload
Begin MonoManager ReloadAssembly
- Loaded All Assemblies, in  0.517 seconds
Native extension for WindowsStandalone target not found
Native extension for WebGL target not found
Mono: successfully reloaded assembly
- Finished resetting the current domain, in  1.123 seconds
Domain Reload Profiling: 1640ms
	BeginReloadAssembly (169ms)
		ExecutionOrderSort (0ms)
		DisableScriptedObjects (13ms)
		BackupInstance (0ms)
		ReleaseScriptingObjects (0ms)
		CreateAndSetChildDomain (35ms)
	RebuildCommonClasses (37ms)
	RebuildNativeTypeToScriptingClass (13ms)
	initialDomainReloadingComplete (28ms)
	LoadAllAssembliesAndSetupDomain (270ms)
		LoadAssemblies (347ms)
		RebuildTransferFunctionScriptingTraits (0ms)
		AnalyzeDomain (16ms)
			TypeCache.Refresh (7ms)
				TypeCache.ScanAssembly (0ms)
			ScanForSourceGeneratedMonoScriptInfo (0ms)
			ResolveRequiredComponents (7ms)
	FinalizeReload (1124ms)
		ReleaseScriptCaches (0ms)
		RebuildScriptCaches (0ms)
		SetupLoadedEditorAssemblies (465ms)
			LogAssemblyErrors (0ms)
			InitializePlatformSupportModulesInManaged (6ms)
			SetLoadedEditorAssemblies (5ms)
			RefreshPlugins (0ms)
			BeforeProcessingInitializeOnLoad (78ms)
			ProcessInitializeOnLoadAttributes (336ms)
			ProcessInitializeOnLoadMethodAttributes (36ms)
			AfterProcessingInitializeOnLoad (3ms)
			EditorAssembliesLoaded (0ms)
		ExecutionOrderSort2 (0ms)
		AwakeInstancesAfterBackupRestoration (16ms)
Refreshing native plugins compatible for Editor in 8.81 ms, found 7 plugins.
Preloading 0 native plugins for Editor in 0.00 ms.
Unloading 4248 Unused Serialized files (Serialized files now loaded: 0)
Unloading 27 unused Assets / (213.5 KB). Loaded Objects now: 4808.
Memory consumption went from 149.7 MB to 149.5 MB.
Total: 5.104200 ms (FindLiveObjects: 0.450200 ms CreateObjectMapping: 0.165200 ms MarkObjects: 4.241000 ms  DeleteObjects: 0.245500 ms)

Prepare: number of updated asset objects reloaded= 0
AssetImportParameters requested are different than current active one (requested -> active):
  custom:container-demuxer-ogg: 62fdf1f143b41e24485cea50d1cbac27 -> 
  custom:video-codec-MediaFoundation-h265: 746d11721c4dcdbdad8f713fa42b33f4 -> 
  custom:video-decoder-ogg-theora: a1e56fd34408186e4bbccfd4996cb3dc -> 
  custom:framework-win-MediaFoundation: 216162199b28c13a410421893ffa2e32 -> 
  custom:CustomObjectIndexerAttribute: 9a22284fe3817be447336de3de66b15e -> 
  custom:container-demuxer-webm: 4f35f7cbe854078d1ac9338744f61a02 -> 
  custom:container-muxer-webm: aa71ff27fc2769a1b78a27578f13a17b -> 
  custom:video-decoder-webm-vp8: 9c59270c3fd7afecdb556c50c9e8de78 -> 
  custom:SearchIndexIgnoredProperties: e643bd26f0fe6173181afceb89e7c659 -> 
  custom:AudioImporter_EditorPlatform: d09bf68614088b80899f8185d706f6e7 -> 
  custom:video-encoder-webm-vp8: eb34c28f22e8b96e1ab97ce403110664 -> 
  custom:audio-decoder-ogg-vorbis: bf7c407c2cedff20999df2af8eb42d56 -> 
  custom:audio-encoder-webm-vorbis: bf7c407c2cedff20999df2af8eb42d56 -> 
  custom:scripting/precompiled-assembly-types:Assembly-CSharp: f4d7ff9405b2296d99c95dc8709d6063 -> d9898b08f7aa15a36c94fc52d0b7440b
========================================================================
Received Prepare
Caller must complete domain reload
Begin MonoManager ReloadAssembly
- Loaded All Assemblies, in  0.526 seconds
Native extension for WindowsStandalone target not found
Native extension for WebGL target not found
Mono: successfully reloaded assembly
- Finished resetting the current domain, in  1.019 seconds
Domain Reload Profiling: 1544ms
	BeginReloadAssembly (170ms)
		ExecutionOrderSort (0ms)
		DisableScriptedObjects (13ms)
		BackupInstance (0ms)
		ReleaseScriptingObjects (0ms)
		CreateAndSetChildDomain (37ms)
	RebuildCommonClasses (48ms)
	RebuildNativeTypeToScriptingClass (20ms)
	initialDomainReloadingComplete (27ms)
	LoadAllAssembliesAndSetupDomain (260ms)
		LoadAssemblies (338ms)
		RebuildTransferFunctionScriptingTraits (0ms)
		AnalyzeDomain (14ms)
			TypeCache.Refresh (6ms)
				TypeCache.ScanAssembly (0ms)
			ScanForSourceGeneratedMonoScriptInfo (0ms)
			ResolveRequiredComponents (6ms)
	FinalizeReload (1019ms)
		ReleaseScriptCaches (0ms)
		RebuildScriptCaches (0ms)
		SetupLoadedEditorAssemblies (425ms)
			LogAssemblyErrors (0ms)
			InitializePlatformSupportModulesInManaged (6ms)
			SetLoadedEditorAssemblies (5ms)
			RefreshPlugins (0ms)
			BeforeProcessingInitializeOnLoad (70ms)
			ProcessInitializeOnLoadAttributes (311ms)
			ProcessInitializeOnLoadMethodAttributes (30ms)
			AfterProcessingInitializeOnLoad (3ms)
			EditorAssembliesLoaded (0ms)
		ExecutionOrderSort2 (0ms)
		AwakeInstancesAfterBackupRestoration (13ms)
Refreshing native plugins compatible for Editor in 6.43 ms, found 7 plugins.
Preloading 0 native plugins for Editor in 0.00 ms.
Unloading 4248 Unused Serialized files (Serialized files now loaded: 0)
Unloading 27 unused Assets / (213.6 KB). Loaded Objects now: 4812.
Memory consumption went from 149.7 MB to 149.5 MB.
Total: 3.700900 ms (FindLiveObjects: 0.459000 ms CreateObjectMapping: 0.107700 ms MarkObjects: 2.909000 ms  DeleteObjects: 0.224100 ms)

Prepare: number of updated asset objects reloaded= 0
AssetImportParameters requested are different than current active one (requested -> active):
  custom:container-demuxer-ogg: 62fdf1f143b41e24485cea50d1cbac27 -> 
  custom:video-codec-MediaFoundation-h265: 746d11721c4dcdbdad8f713fa42b33f4 -> 
  custom:video-decoder-ogg-theora: a1e56fd34408186e4bbccfd4996cb3dc -> 
  custom:framework-win-MediaFoundation: 216162199b28c13a410421893ffa2e32 -> 
  custom:CustomObjectIndexerAttribute: 9a22284fe3817be447336de3de66b15e -> 
  custom:container-demuxer-webm: 4f35f7cbe854078d1ac9338744f61a02 -> 
  custom:container-muxer-webm: aa71ff27fc2769a1b78a27578f13a17b -> 
  custom:video-decoder-webm-vp8: 9c59270c3fd7afecdb556c50c9e8de78 -> 
  custom:SearchIndexIgnoredProperties: e643bd26f0fe6173181afceb89e7c659 -> 
  custom:AudioImporter_EditorPlatform: d09bf68614088b80899f8185d706f6e7 -> 
  custom:video-encoder-webm-vp8: eb34c28f22e8b96e1ab97ce403110664 -> 
  custom:audio-decoder-ogg-vorbis: bf7c407c2cedff20999df2af8eb42d56 -> 
  custom:audio-encoder-webm-vorbis: bf7c407c2cedff20999df2af8eb42d56 -> 
  custom:scripting/precompiled-assembly-types:Assembly-CSharp: f4d7ff9405b2296d99c95dc8709d6063 -> d9898b08f7aa15a36c94fc52d0b7440b
========================================================================
Received Prepare
Caller must complete domain reload
Begin MonoManager ReloadAssembly
- Loaded All Assemblies, in  0.518 seconds
Native extension for WindowsStandalone target not found
Native extension for WebGL target not found
Mono: successfully reloaded assembly
- Finished resetting the current domain, in  1.070 seconds
Domain Reload Profiling: 1588ms
	BeginReloadAssembly (172ms)
		ExecutionOrderSort (0ms)
		DisableScriptedObjects (14ms)
		BackupInstance (0ms)
		ReleaseScriptingObjects (0ms)
		CreateAndSetChildDomain (38ms)
	RebuildCommonClasses (37ms)
	RebuildNativeTypeToScriptingClass (12ms)
	initialDomainReloadingComplete (28ms)
	LoadAllAssembliesAndSetupDomain (269ms)
		LoadAssemblies (341ms)
		RebuildTransferFunctionScriptingTraits (0ms)
		AnalyzeDomain (19ms)
			TypeCache.Refresh (10ms)
				TypeCache.ScanAssembly (0ms)
			ScanForSourceGeneratedMonoScriptInfo (0ms)
			ResolveRequiredComponents (7ms)
	FinalizeReload (1071ms)
		ReleaseScriptCaches (0ms)
		RebuildScriptCaches (0ms)
		SetupLoadedEditorAssemblies (441ms)
			LogAssemblyErrors (0ms)
			InitializePlatformSupportModulesInManaged (6ms)
			SetLoadedEditorAssemblies (5ms)
			RefreshPlugins (0ms)
			BeforeProcessingInitializeOnLoad (70ms)
			ProcessInitializeOnLoadAttributes (324ms)
			ProcessInitializeOnLoadMethodAttributes (33ms)
			AfterProcessingInitializeOnLoad (3ms)
			EditorAssembliesLoaded (0ms)
		ExecutionOrderSort2 (0ms)
		AwakeInstancesAfterBackupRestoration (14ms)
Refreshing native plugins compatible for Editor in 9.61 ms, found 7 plugins.
Preloading 0 native plugins for Editor in 0.00 ms.
Unloading 4248 Unused Serialized files (Serialized files now loaded: 0)
Unloading 27 unused Assets / (213.7 KB). Loaded Objects now: 4816.
Memory consumption went from 149.7 MB to 149.5 MB.
Total: 7.142100 ms (FindLiveObjects: 1.123200 ms CreateObjectMapping: 0.560300 ms MarkObjects: 4.941500 ms  DeleteObjects: 0.515000 ms)

Prepare: number of updated asset objects reloaded= 0
AssetImportParameters requested are different than current active one (requested -> active):
  custom:container-demuxer-ogg: 62fdf1f143b41e24485cea50d1cbac27 -> 
  custom:video-codec-MediaFoundation-h265: 746d11721c4dcdbdad8f713fa42b33f4 -> 
  custom:video-decoder-ogg-theora: a1e56fd34408186e4bbccfd4996cb3dc -> 
  custom:framework-win-MediaFoundation: 216162199b28c13a410421893ffa2e32 -> 
  custom:CustomObjectIndexerAttribute: 9a22284fe3817be447336de3de66b15e -> 
  custom:container-demuxer-webm: 4f35f7cbe854078d1ac9338744f61a02 -> 
  custom:container-muxer-webm: aa71ff27fc2769a1b78a27578f13a17b -> 
  custom:video-decoder-webm-vp8: 9c59270c3fd7afecdb556c50c9e8de78 -> 
  custom:SearchIndexIgnoredProperties: e643bd26f0fe6173181afceb89e7c659 -> 
  custom:AudioImporter_EditorPlatform: d09bf68614088b80899f8185d706f6e7 -> 
  custom:video-encoder-webm-vp8: eb34c28f22e8b96e1ab97ce403110664 -> 
  custom:audio-decoder-ogg-vorbis: bf7c407c2cedff20999df2af8eb42d56 -> 
  custom:audio-encoder-webm-vorbis: bf7c407c2cedff20999df2af8eb42d56 -> 
  custom:scripting/precompiled-assembly-types:Assembly-CSharp: f4d7ff9405b2296d99c95dc8709d6063 -> d9898b08f7aa15a36c94fc52d0b7440b
========================================================================
Received Prepare
Caller must complete domain reload
Begin MonoManager ReloadAssembly
- Loaded All Assemblies, in  0.537 seconds
Native extension for WindowsStandalone target not found
Native extension for WebGL target not found
Mono: successfully reloaded assembly
- Finished resetting the current domain, in  1.669 seconds
Domain Reload Profiling: 2206ms
	BeginReloadAssembly (156ms)
		ExecutionOrderSort (0ms)
		DisableScriptedObjects (15ms)
		BackupInstance (0ms)
		ReleaseScriptingObjects (0ms)
		CreateAndSetChildDomain (34ms)
	RebuildCommonClasses (34ms)
	RebuildNativeTypeToScriptingClass (12ms)
	initialDomainReloadingComplete (25ms)
	LoadAllAssembliesAndSetupDomain (309ms)
		LoadAssemblies (368ms)
		RebuildTransferFunctionScriptingTraits (0ms)
		AnalyzeDomain (21ms)
			TypeCache.Refresh (12ms)
				TypeCache.ScanAssembly (0ms)
			ScanForSourceGeneratedMonoScriptInfo (0ms)
			ResolveRequiredComponents (8ms)
	FinalizeReload (1670ms)
		ReleaseScriptCaches (0ms)
		RebuildScriptCaches (0ms)
		SetupLoadedEditorAssemblies (449ms)
			LogAssemblyErrors (0ms)
			InitializePlatformSupportModulesInManaged (7ms)
			SetLoadedEditorAssemblies (6ms)
			RefreshPlugins (0ms)
			BeforeProcessingInitializeOnLoad (77ms)
			ProcessInitializeOnLoadAttributes (324ms)
			ProcessInitializeOnLoadMethodAttributes (33ms)
			AfterProcessingInitializeOnLoad (3ms)
			EditorAssembliesLoaded (0ms)
		ExecutionOrderSort2 (0ms)
		AwakeInstancesAfterBackupRestoration (15ms)
Refreshing native plugins compatible for Editor in 6.10 ms, found 7 plugins.
Preloading 0 native plugins for Editor in 0.00 ms.
Unloading 4248 Unused Serialized files (Serialized files now loaded: 0)
Unloading 27 unused Assets / (214.1 KB). Loaded Objects now: 4820.
Memory consumption went from 149.7 MB to 149.5 MB.
Total: 4.567600 ms (FindLiveObjects: 0.406400 ms CreateObjectMapping: 0.105600 ms MarkObjects: 3.826500 ms  DeleteObjects: 0.227700 ms)

Prepare: number of updated asset objects reloaded= 0
AssetImportParameters requested are different than current active one (requested -> active):
  custom:container-demuxer-ogg: 62fdf1f143b41e24485cea50d1cbac27 -> 
  custom:video-codec-MediaFoundation-h265: 746d11721c4dcdbdad8f713fa42b33f4 -> 
  custom:video-decoder-ogg-theora: a1e56fd34408186e4bbccfd4996cb3dc -> 
  custom:framework-win-MediaFoundation: 216162199b28c13a410421893ffa2e32 -> 
  custom:CustomObjectIndexerAttribute: 9a22284fe3817be447336de3de66b15e -> 
  custom:container-demuxer-webm: 4f35f7cbe854078d1ac9338744f61a02 -> 
  custom:container-muxer-webm: aa71ff27fc2769a1b78a27578f13a17b -> 
  custom:video-decoder-webm-vp8: 9c59270c3fd7afecdb556c50c9e8de78 -> 
  custom:SearchIndexIgnoredProperties: e643bd26f0fe6173181afceb89e7c659 -> 
  custom:AudioImporter_EditorPlatform: d09bf68614088b80899f8185d706f6e7 -> 
  custom:video-encoder-webm-vp8: eb34c28f22e8b96e1ab97ce403110664 -> 
  custom:audio-decoder-ogg-vorbis: bf7c407c2cedff20999df2af8eb42d56 -> 
  custom:audio-encoder-webm-vorbis: bf7c407c2cedff20999df2af8eb42d56 -> 
  custom:scripting/precompiled-assembly-types:Assembly-CSharp: f4d7ff9405b2296d99c95dc8709d6063 -> d9898b08f7aa15a36c94fc52d0b7440b
========================================================================
Received Prepare
Caller must complete domain reload
Begin MonoManager ReloadAssembly
- Loaded All Assemblies, in  0.492 seconds
Native extension for WindowsStandalone target not found
Native extension for WebGL target not found
Mono: successfully reloaded assembly
- Finished resetting the current domain, in  1.034 seconds
Domain Reload Profiling: 1526ms
	BeginReloadAssembly (158ms)
		ExecutionOrderSort (0ms)
		DisableScriptedObjects (13ms)
		BackupInstance (0ms)
		ReleaseScriptingObjects (0ms)
		CreateAndSetChildDomain (35ms)
	RebuildCommonClasses (37ms)
	RebuildNativeTypeToScriptingClass (12ms)
	initialDomainReloadingComplete (27ms)
	LoadAllAssembliesAndSetupDomain (257ms)
		LoadAssemblies (326ms)
		RebuildTransferFunctionScriptingTraits (0ms)
		AnalyzeDomain (14ms)
			TypeCache.Refresh (7ms)
				TypeCache.ScanAssembly (0ms)
			ScanForSourceGeneratedMonoScriptInfo (0ms)
			ResolveRequiredComponents (6ms)
	FinalizeReload (1035ms)
		ReleaseScriptCaches (0ms)
		RebuildScriptCaches (0ms)
		SetupLoadedEditorAssemblies (433ms)
			LogAssemblyErrors (0ms)
			InitializePlatformSupportModulesInManaged (6ms)
			SetLoadedEditorAssemblies (6ms)
			RefreshPlugins (0ms)
			BeforeProcessingInitializeOnLoad (71ms)
			ProcessInitializeOnLoadAttributes (308ms)
			ProcessInitializeOnLoadMethodAttributes (39ms)
			AfterProcessingInitializeOnLoad (3ms)
			EditorAssembliesLoaded (0ms)
		ExecutionOrderSort2 (0ms)
		AwakeInstancesAfterBackupRestoration (20ms)
Refreshing native plugins compatible for Editor in 9.77 ms, found 7 plugins.
Preloading 0 native plugins for Editor in 0.00 ms.
Unloading 4248 Unused Serialized files (Serialized files now loaded: 0)
Unloading 27 unused Assets / (214.0 KB). Loaded Objects now: 4824.
Memory consumption went from 149.7 MB to 149.5 MB.
Total: 4.514600 ms (FindLiveObjects: 0.446700 ms CreateObjectMapping: 0.203200 ms MarkObjects: 3.622000 ms  DeleteObjects: 0.240500 ms)

Prepare: number of updated asset objects reloaded= 0
AssetImportParameters requested are different than current active one (requested -> active):
  custom:container-demuxer-ogg: 62fdf1f143b41e24485cea50d1cbac27 -> 
  custom:video-codec-MediaFoundation-h265: 746d11721c4dcdbdad8f713fa42b33f4 -> 
  custom:video-decoder-ogg-theora: a1e56fd34408186e4bbccfd4996cb3dc -> 
  custom:framework-win-MediaFoundation: 216162199b28c13a410421893ffa2e32 -> 
  custom:CustomObjectIndexerAttribute: 9a22284fe3817be447336de3de66b15e -> 
  custom:container-demuxer-webm: 4f35f7cbe854078d1ac9338744f61a02 -> 
  custom:container-muxer-webm: aa71ff27fc2769a1b78a27578f13a17b -> 
  custom:video-decoder-webm-vp8: 9c59270c3fd7afecdb556c50c9e8de78 -> 
  custom:SearchIndexIgnoredProperties: e643bd26f0fe6173181afceb89e7c659 -> 
  custom:AudioImporter_EditorPlatform: d09bf68614088b80899f8185d706f6e7 -> 
  custom:video-encoder-webm-vp8: eb34c28f22e8b96e1ab97ce403110664 -> 
  custom:audio-decoder-ogg-vorbis: bf7c407c2cedff20999df2af8eb42d56 -> 
  custom:audio-encoder-webm-vorbis: bf7c407c2cedff20999df2af8eb42d56 -> 
  custom:scripting/precompiled-assembly-types:Assembly-CSharp: f4d7ff9405b2296d99c95dc8709d6063 -> d9898b08f7aa15a36c94fc52d0b7440b
========================================================================
Received Import Request.
  Time since last request: 2376.705606 seconds.
  path: Assets/Prefabs/UserPoint.prefab
  artifactKey: Guid(b44ae90e44809f645a37877ec1cc4fd3) Importer(815301076,1909f56bfc062723c751e8b465ee728b)
Start importing Assets/Prefabs/UserPoint.prefab using Guid(b44ae90e44809f645a37877ec1cc4fd3) Importer(815301076,1909f56bfc062723c751e8b465ee728b) [PhysX] Initialized MultithreadedTaskDispatcher with 16 workers.
[PhysX] Initialized MultithreadedTaskDispatcher with 16 workers.
 -> (artifact id: '3c094298b5e2d65e70e28b6b6d842c71') in 0.104616 seconds
Number of updated asset objects reloaded before import = 0
Number of asset objects unloaded after import = 13
========================================================================
Received Prepare
Caller must complete domain reload
Begin MonoManager ReloadAssembly
- Loaded All Assemblies, in  0.523 seconds
Native extension for WindowsStandalone target not found
Native extension for WebGL target not found
Mono: successfully reloaded assembly
- Finished resetting the current domain, in  1.163 seconds
Domain Reload Profiling: 1686ms
	BeginReloadAssembly (163ms)
		ExecutionOrderSort (0ms)
		DisableScriptedObjects (11ms)
		BackupInstance (0ms)
		ReleaseScriptingObjects (0ms)
		CreateAndSetChildDomain (36ms)
	RebuildCommonClasses (47ms)
	RebuildNativeTypeToScriptingClass (12ms)
	initialDomainReloadingComplete (27ms)
	LoadAllAssembliesAndSetupDomain (273ms)
		LoadAssemblies (344ms)
		RebuildTransferFunctionScriptingTraits (0ms)
		AnalyzeDomain (17ms)
			TypeCache.Refresh (6ms)
				TypeCache.ScanAssembly (0ms)
			ScanForSourceGeneratedMonoScriptInfo (0ms)
			ResolveRequiredComponents (9ms)
	FinalizeReload (1164ms)
		ReleaseScriptCaches (0ms)
		RebuildScriptCaches (0ms)
		SetupLoadedEditorAssemblies (443ms)
			LogAssemblyErrors (0ms)
			InitializePlatformSupportModulesInManaged (6ms)
			SetLoadedEditorAssemblies (5ms)
			RefreshPlugins (0ms)
			BeforeProcessingInitializeOnLoad (74ms)
			ProcessInitializeOnLoadAttributes (321ms)
			ProcessInitializeOnLoadMethodAttributes (33ms)
			AfterProcessingInitializeOnLoad (3ms)
			EditorAssembliesLoaded (0ms)
		ExecutionOrderSort2 (0ms)
		AwakeInstancesAfterBackupRestoration (15ms)
Refreshing native plugins compatible for Editor in 9.24 ms, found 7 plugins.
Preloading 0 native plugins for Editor in 0.00 ms.
Unloading 4247 Unused Serialized files (Serialized files now loaded: 0)
Unloading 27 unused Assets / (214.1 KB). Loaded Objects now: 4828.
Memory consumption went from 149.5 MB to 149.3 MB.
Total: 4.091500 ms (FindLiveObjects: 0.451800 ms CreateObjectMapping: 0.124300 ms MarkObjects: 3.256400 ms  DeleteObjects: 0.257700 ms)

Prepare: number of updated asset objects reloaded= 0
AssetImportParameters requested are different than current active one (requested -> active):
  custom:container-demuxer-ogg: 62fdf1f143b41e24485cea50d1cbac27 -> 
  custom:video-codec-MediaFoundation-h265: 746d11721c4dcdbdad8f713fa42b33f4 -> 
  custom:video-decoder-ogg-theora: a1e56fd34408186e4bbccfd4996cb3dc -> 
  custom:framework-win-MediaFoundation: 216162199b28c13a410421893ffa2e32 -> 
  custom:CustomObjectIndexerAttribute: 9a22284fe3817be447336de3de66b15e -> 
  custom:container-demuxer-webm: 4f35f7cbe854078d1ac9338744f61a02 -> 
  custom:container-muxer-webm: aa71ff27fc2769a1b78a27578f13a17b -> 
  custom:video-decoder-webm-vp8: 9c59270c3fd7afecdb556c50c9e8de78 -> 
  custom:SearchIndexIgnoredProperties: e643bd26f0fe6173181afceb89e7c659 -> 
  custom:AudioImporter_EditorPlatform: d09bf68614088b80899f8185d706f6e7 -> 
  custom:video-encoder-webm-vp8: eb34c28f22e8b96e1ab97ce403110664 -> 
  custom:audio-decoder-ogg-vorbis: bf7c407c2cedff20999df2af8eb42d56 -> 
  custom:audio-encoder-webm-vorbis: bf7c407c2cedff20999df2af8eb42d56 -> 
  custom:scripting/precompiled-assembly-types:Assembly-CSharp: f4d7ff9405b2296d99c95dc8709d6063 -> d9898b08f7aa15a36c94fc52d0b7440b
========================================================================
Received Prepare
Caller must complete domain reload
Begin MonoManager ReloadAssembly
- Loaded All Assemblies, in  0.575 seconds
Native extension for WindowsStandalone target not found
Native extension for WebGL target not found
Mono: successfully reloaded assembly
- Finished resetting the current domain, in  1.086 seconds
Domain Reload Profiling: 1661ms
	BeginReloadAssembly (169ms)
		ExecutionOrderSort (0ms)
		DisableScriptedObjects (13ms)
		BackupInstance (0ms)
		ReleaseScriptingObjects (0ms)
		CreateAndSetChildDomain (36ms)
	RebuildCommonClasses (35ms)
	RebuildNativeTypeToScriptingClass (13ms)
	initialDomainReloadingComplete (34ms)
	LoadAllAssembliesAndSetupDomain (323ms)
		LoadAssemblies (401ms)
		RebuildTransferFunctionScriptingTraits (0ms)
		AnalyzeDomain (13ms)
			TypeCache.Refresh (6ms)
				TypeCache.ScanAssembly (0ms)
			ScanForSourceGeneratedMonoScriptInfo (0ms)
			ResolveRequiredComponents (6ms)
	FinalizeReload (1087ms)
		ReleaseScriptCaches (0ms)
		RebuildScriptCaches (0ms)
		SetupLoadedEditorAssemblies (458ms)
			LogAssemblyErrors (0ms)
			InitializePlatformSupportModulesInManaged (7ms)
			SetLoadedEditorAssemblies (5ms)
			RefreshPlugins (0ms)
			BeforeProcessingInitializeOnLoad (77ms)
			ProcessInitializeOnLoadAttributes (334ms)
			ProcessInitializeOnLoadMethodAttributes (32ms)
			AfterProcessingInitializeOnLoad (3ms)
			EditorAssembliesLoaded (0ms)
		ExecutionOrderSort2 (0ms)
		AwakeInstancesAfterBackupRestoration (15ms)
Refreshing native plugins compatible for Editor in 10.13 ms, found 7 plugins.
Preloading 0 native plugins for Editor in 0.00 ms.
Unloading 4248 Unused Serialized files (Serialized files now loaded: 0)
Unloading 27 unused Assets / (213.8 KB). Loaded Objects now: 4832.
Memory consumption went from 149.8 MB to 149.6 MB.
Total: 4.182300 ms (FindLiveObjects: 0.366700 ms CreateObjectMapping: 0.105700 ms MarkObjects: 3.490900 ms  DeleteObjects: 0.217700 ms)

Prepare: number of updated asset objects reloaded= 0
AssetImportParameters requested are different than current active one (requested -> active):
  custom:container-demuxer-ogg: 62fdf1f143b41e24485cea50d1cbac27 -> 
  custom:video-codec-MediaFoundation-h265: 746d11721c4dcdbdad8f713fa42b33f4 -> 
  custom:video-decoder-ogg-theora: a1e56fd34408186e4bbccfd4996cb3dc -> 
  custom:framework-win-MediaFoundation: 216162199b28c13a410421893ffa2e32 -> 
  custom:CustomObjectIndexerAttribute: 9a22284fe3817be447336de3de66b15e -> 
  custom:container-demuxer-webm: 4f35f7cbe854078d1ac9338744f61a02 -> 
  custom:container-muxer-webm: aa71ff27fc2769a1b78a27578f13a17b -> 
  custom:video-decoder-webm-vp8: 9c59270c3fd7afecdb556c50c9e8de78 -> 
  custom:SearchIndexIgnoredProperties: e643bd26f0fe6173181afceb89e7c659 -> 
  custom:AudioImporter_EditorPlatform: d09bf68614088b80899f8185d706f6e7 -> 
  custom:video-encoder-webm-vp8: eb34c28f22e8b96e1ab97ce403110664 -> 
  custom:audio-decoder-ogg-vorbis: bf7c407c2cedff20999df2af8eb42d56 -> 
  custom:audio-encoder-webm-vorbis: bf7c407c2cedff20999df2af8eb42d56 -> 
  custom:scripting/precompiled-assembly-types:Assembly-CSharp: f4d7ff9405b2296d99c95dc8709d6063 -> d9898b08f7aa15a36c94fc52d0b7440b
========================================================================
Received Prepare
Caller must complete domain reload
Begin MonoManager ReloadAssembly
- Loaded All Assemblies, in  0.518 seconds
Native extension for WindowsStandalone target not found
Native extension for WebGL target not found
Mono: successfully reloaded assembly
- Finished resetting the current domain, in  1.079 seconds
Domain Reload Profiling: 1598ms
	BeginReloadAssembly (176ms)
		ExecutionOrderSort (0ms)
		DisableScriptedObjects (14ms)
		BackupInstance (0ms)
		ReleaseScriptingObjects (0ms)
		CreateAndSetChildDomain (39ms)
	RebuildCommonClasses (35ms)
	RebuildNativeTypeToScriptingClass (12ms)
	initialDomainReloadingComplete (27ms)
	LoadAllAssembliesAndSetupDomain (268ms)
		LoadAssemblies (349ms)
		RebuildTransferFunctionScriptingTraits (0ms)
		AnalyzeDomain (13ms)
			TypeCache.Refresh (5ms)
				TypeCache.ScanAssembly (0ms)
			ScanForSourceGeneratedMonoScriptInfo (0ms)
			ResolveRequiredComponents (6ms)
	FinalizeReload (1080ms)
		ReleaseScriptCaches (0ms)
		RebuildScriptCaches (0ms)
		SetupLoadedEditorAssemblies (469ms)
			LogAssemblyErrors (0ms)
			InitializePlatformSupportModulesInManaged (6ms)
			SetLoadedEditorAssemblies (5ms)
			RefreshPlugins (0ms)
			BeforeProcessingInitializeOnLoad (75ms)
			ProcessInitializeOnLoadAttributes (339ms)
			ProcessInitializeOnLoadMethodAttributes (41ms)
			AfterProcessingInitializeOnLoad (3ms)
			EditorAssembliesLoaded (0ms)
		ExecutionOrderSort2 (0ms)
		AwakeInstancesAfterBackupRestoration (15ms)
Refreshing native plugins compatible for Editor in 9.37 ms, found 7 plugins.
Preloading 0 native plugins for Editor in 0.00 ms.
Unloading 4248 Unused Serialized files (Serialized files now loaded: 0)
Unloading 27 unused Assets / (213.7 KB). Loaded Objects now: 4836.
Memory consumption went from 149.8 MB to 149.6 MB.
Total: 4.529800 ms (FindLiveObjects: 0.469000 ms CreateObjectMapping: 0.115500 ms MarkObjects: 3.657600 ms  DeleteObjects: 0.285800 ms)

Prepare: number of updated asset objects reloaded= 0
AssetImportParameters requested are different than current active one (requested -> active):
  custom:container-demuxer-ogg: 62fdf1f143b41e24485cea50d1cbac27 -> 
  custom:video-codec-MediaFoundation-h265: 746d11721c4dcdbdad8f713fa42b33f4 -> 
  custom:video-decoder-ogg-theora: a1e56fd34408186e4bbccfd4996cb3dc -> 
  custom:framework-win-MediaFoundation: 216162199b28c13a410421893ffa2e32 -> 
  custom:CustomObjectIndexerAttribute: 9a22284fe3817be447336de3de66b15e -> 
  custom:container-demuxer-webm: 4f35f7cbe854078d1ac9338744f61a02 -> 
  custom:container-muxer-webm: aa71ff27fc2769a1b78a27578f13a17b -> 
  custom:video-decoder-webm-vp8: 9c59270c3fd7afecdb556c50c9e8de78 -> 
  custom:SearchIndexIgnoredProperties: e643bd26f0fe6173181afceb89e7c659 -> 
  custom:AudioImporter_EditorPlatform: d09bf68614088b80899f8185d706f6e7 -> 
  custom:video-encoder-webm-vp8: eb34c28f22e8b96e1ab97ce403110664 -> 
  custom:audio-decoder-ogg-vorbis: bf7c407c2cedff20999df2af8eb42d56 -> 
  custom:audio-encoder-webm-vorbis: bf7c407c2cedff20999df2af8eb42d56 -> 
  custom:scripting/precompiled-assembly-types:Assembly-CSharp: f4d7ff9405b2296d99c95dc8709d6063 -> d9898b08f7aa15a36c94fc52d0b7440b
========================================================================
Received Prepare
Caller must complete domain reload
Begin MonoManager ReloadAssembly
- Loaded All Assemblies, in  0.507 seconds
Native extension for WindowsStandalone target not found
Native extension for WebGL target not found
Mono: successfully reloaded assembly
- Finished resetting the current domain, in  1.040 seconds
Domain Reload Profiling: 1547ms
	BeginReloadAssembly (164ms)
		ExecutionOrderSort (0ms)
		DisableScriptedObjects (11ms)
		BackupInstance (0ms)
		ReleaseScriptingObjects (0ms)
		CreateAndSetChildDomain (39ms)
	RebuildCommonClasses (43ms)
	RebuildNativeTypeToScriptingClass (15ms)
	initialDomainReloadingComplete (27ms)
	LoadAllAssembliesAndSetupDomain (257ms)
		LoadAssemblies (327ms)
		RebuildTransferFunctionScriptingTraits (0ms)
		AnalyzeDomain (13ms)
			TypeCache.Refresh (6ms)
				TypeCache.ScanAssembly (0ms)
			ScanForSourceGeneratedMonoScriptInfo (0ms)
			ResolveRequiredComponents (6ms)
	FinalizeReload (1041ms)
		ReleaseScriptCaches (0ms)
		RebuildScriptCaches (0ms)
		SetupLoadedEditorAssemblies (460ms)
			LogAssemblyErrors (0ms)
			InitializePlatformSupportModulesInManaged (6ms)
			SetLoadedEditorAssemblies (6ms)
			RefreshPlugins (0ms)
			BeforeProcessingInitializeOnLoad (75ms)
			ProcessInitializeOnLoadAttributes (334ms)
			ProcessInitializeOnLoadMethodAttributes (36ms)
			AfterProcessingInitializeOnLoad (3ms)
			EditorAssembliesLoaded (0ms)
		ExecutionOrderSort2 (0ms)
		AwakeInstancesAfterBackupRestoration (15ms)
Refreshing native plugins compatible for Editor in 8.35 ms, found 7 plugins.
Preloading 0 native plugins for Editor in 0.00 ms.
Unloading 4248 Unused Serialized files (Serialized files now loaded: 0)
Unloading 27 unused Assets / (213.8 KB). Loaded Objects now: 4840.
Memory consumption went from 149.8 MB to 149.6 MB.
Total: 7.293100 ms (FindLiveObjects: 0.695000 ms CreateObjectMapping: 0.376300 ms MarkObjects: 5.783700 ms  DeleteObjects: 0.436000 ms)

Prepare: number of updated asset objects reloaded= 0
AssetImportParameters requested are different than current active one (requested -> active):
  custom:container-demuxer-ogg: 62fdf1f143b41e24485cea50d1cbac27 -> 
  custom:video-codec-MediaFoundation-h265: 746d11721c4dcdbdad8f713fa42b33f4 -> 
  custom:video-decoder-ogg-theora: a1e56fd34408186e4bbccfd4996cb3dc -> 
  custom:framework-win-MediaFoundation: 216162199b28c13a410421893ffa2e32 -> 
  custom:CustomObjectIndexerAttribute: 9a22284fe3817be447336de3de66b15e -> 
  custom:container-demuxer-webm: 4f35f7cbe854078d1ac9338744f61a02 -> 
  custom:container-muxer-webm: aa71ff27fc2769a1b78a27578f13a17b -> 
  custom:video-decoder-webm-vp8: 9c59270c3fd7afecdb556c50c9e8de78 -> 
  custom:SearchIndexIgnoredProperties: e643bd26f0fe6173181afceb89e7c659 -> 
  custom:AudioImporter_EditorPlatform: d09bf68614088b80899f8185d706f6e7 -> 
  custom:video-encoder-webm-vp8: eb34c28f22e8b96e1ab97ce403110664 -> 
  custom:audio-decoder-ogg-vorbis: bf7c407c2cedff20999df2af8eb42d56 -> 
  custom:audio-encoder-webm-vorbis: bf7c407c2cedff20999df2af8eb42d56 -> 
  custom:scripting/precompiled-assembly-types:Assembly-CSharp: f4d7ff9405b2296d99c95dc8709d6063 -> d9898b08f7aa15a36c94fc52d0b7440b
========================================================================
Received Prepare
Caller must complete domain reload
Begin MonoManager ReloadAssembly
- Loaded All Assemblies, in  0.508 seconds
Native extension for WindowsStandalone target not found
Native extension for WebGL target not found
Mono: successfully reloaded assembly
- Finished resetting the current domain, in  1.048 seconds
Domain Reload Profiling: 1556ms
	BeginReloadAssembly (174ms)
		ExecutionOrderSort (0ms)
		DisableScriptedObjects (14ms)
		BackupInstance (0ms)
		ReleaseScriptingObjects (0ms)
		CreateAndSetChildDomain (38ms)
	RebuildCommonClasses (38ms)
	RebuildNativeTypeToScriptingClass (12ms)
	initialDomainReloadingComplete (26ms)
	LoadAllAssembliesAndSetupDomain (257ms)
		LoadAssemblies (328ms)
		RebuildTransferFunctionScriptingTraits (0ms)
		AnalyzeDomain (13ms)
			TypeCache.Refresh (6ms)
				TypeCache.ScanAssembly (0ms)
			ScanForSourceGeneratedMonoScriptInfo (0ms)
			ResolveRequiredComponents (6ms)
	FinalizeReload (1049ms)
		ReleaseScriptCaches (0ms)
		RebuildScriptCaches (0ms)
		SetupLoadedEditorAssemblies (449ms)
			LogAssemblyErrors (0ms)
			InitializePlatformSupportModulesInManaged (7ms)
			SetLoadedEditorAssemblies (6ms)
			RefreshPlugins (0ms)
			BeforeProcessingInitializeOnLoad (73ms)
			ProcessInitializeOnLoadAttributes (324ms)
			ProcessInitializeOnLoadMethodAttributes (36ms)
			AfterProcessingInitializeOnLoad (3ms)
			EditorAssembliesLoaded (0ms)
		ExecutionOrderSort2 (0ms)
		AwakeInstancesAfterBackupRestoration (16ms)
Refreshing native plugins compatible for Editor in 8.27 ms, found 7 plugins.
Preloading 0 native plugins for Editor in 0.00 ms.
Unloading 4248 Unused Serialized files (Serialized files now loaded: 0)
Unloading 27 unused Assets / (213.9 KB). Loaded Objects now: 4844.
Memory consumption went from 149.8 MB to 149.6 MB.
Total: 6.912200 ms (FindLiveObjects: 0.816400 ms CreateObjectMapping: 0.483700 ms MarkObjects: 5.287200 ms  DeleteObjects: 0.322900 ms)

Prepare: number of updated asset objects reloaded= 0
AssetImportParameters requested are different than current active one (requested -> active):
  custom:container-demuxer-ogg: 62fdf1f143b41e24485cea50d1cbac27 -> 
  custom:video-codec-MediaFoundation-h265: 746d11721c4dcdbdad8f713fa42b33f4 -> 
  custom:video-decoder-ogg-theora: a1e56fd34408186e4bbccfd4996cb3dc -> 
  custom:framework-win-MediaFoundation: 216162199b28c13a410421893ffa2e32 -> 
  custom:CustomObjectIndexerAttribute: 9a22284fe3817be447336de3de66b15e -> 
  custom:container-demuxer-webm: 4f35f7cbe854078d1ac9338744f61a02 -> 
  custom:container-muxer-webm: aa71ff27fc2769a1b78a27578f13a17b -> 
  custom:video-decoder-webm-vp8: 9c59270c3fd7afecdb556c50c9e8de78 -> 
  custom:SearchIndexIgnoredProperties: e643bd26f0fe6173181afceb89e7c659 -> 
  custom:AudioImporter_EditorPlatform: d09bf68614088b80899f8185d706f6e7 -> 
  custom:video-encoder-webm-vp8: eb34c28f22e8b96e1ab97ce403110664 -> 
  custom:audio-decoder-ogg-vorbis: bf7c407c2cedff20999df2af8eb42d56 -> 
  custom:audio-encoder-webm-vorbis: bf7c407c2cedff20999df2af8eb42d56 -> 
  custom:scripting/precompiled-assembly-types:Assembly-CSharp: f4d7ff9405b2296d99c95dc8709d6063 -> d9898b08f7aa15a36c94fc52d0b7440b
========================================================================
Received Prepare
Caller must complete domain reload
Begin MonoManager ReloadAssembly
- Loaded All Assemblies, in  0.556 seconds
Native extension for WindowsStandalone target not found
Native extension for WebGL target not found
Mono: successfully reloaded assembly
- Finished resetting the current domain, in  1.163 seconds
Domain Reload Profiling: 1719ms
	BeginReloadAssembly (177ms)
		ExecutionOrderSort (0ms)
		DisableScriptedObjects (13ms)
		BackupInstance (0ms)
		ReleaseScriptingObjects (0ms)
		CreateAndSetChildDomain (39ms)
	RebuildCommonClasses (38ms)
	RebuildNativeTypeToScriptingClass (17ms)
	initialDomainReloadingComplete (30ms)
	LoadAllAssembliesAndSetupDomain (293ms)
		LoadAssemblies (373ms)
		RebuildTransferFunctionScriptingTraits (0ms)
		AnalyzeDomain (15ms)
			TypeCache.Refresh (7ms)
				TypeCache.ScanAssembly (0ms)
			ScanForSourceGeneratedMonoScriptInfo (0ms)
			ResolveRequiredComponents (7ms)
	FinalizeReload (1164ms)
		ReleaseScriptCaches (0ms)
		RebuildScriptCaches (0ms)
		SetupLoadedEditorAssemblies (517ms)
			LogAssemblyErrors (0ms)
			InitializePlatformSupportModulesInManaged (7ms)
			SetLoadedEditorAssemblies (10ms)
			RefreshPlugins (0ms)
			BeforeProcessingInitializeOnLoad (84ms)
			ProcessInitializeOnLoadAttributes (373ms)
			ProcessInitializeOnLoadMethodAttributes (41ms)
			AfterProcessingInitializeOnLoad (3ms)
			EditorAssembliesLoaded (0ms)
		ExecutionOrderSort2 (0ms)
		AwakeInstancesAfterBackupRestoration (18ms)
Refreshing native plugins compatible for Editor in 8.86 ms, found 7 plugins.
Preloading 0 native plugins for Editor in 0.00 ms.
Unloading 4248 Unused Serialized files (Serialized files now loaded: 0)
Unloading 27 unused Assets / (214.1 KB). Loaded Objects now: 4848.
Memory consumption went from 149.8 MB to 149.6 MB.
Total: 8.872700 ms (FindLiveObjects: 1.061900 ms CreateObjectMapping: 0.692300 ms MarkObjects: 6.616000 ms  DeleteObjects: 0.499900 ms)

Prepare: number of updated asset objects reloaded= 0
AssetImportParameters requested are different than current active one (requested -> active):
  custom:container-demuxer-ogg: 62fdf1f143b41e24485cea50d1cbac27 -> 
  custom:video-codec-MediaFoundation-h265: 746d11721c4dcdbdad8f713fa42b33f4 -> 
  custom:video-decoder-ogg-theora: a1e56fd34408186e4bbccfd4996cb3dc -> 
  custom:framework-win-MediaFoundation: 216162199b28c13a410421893ffa2e32 -> 
  custom:CustomObjectIndexerAttribute: 9a22284fe3817be447336de3de66b15e -> 
  custom:container-demuxer-webm: 4f35f7cbe854078d1ac9338744f61a02 -> 
  custom:container-muxer-webm: aa71ff27fc2769a1b78a27578f13a17b -> 
  custom:video-decoder-webm-vp8: 9c59270c3fd7afecdb556c50c9e8de78 -> 
  custom:SearchIndexIgnoredProperties: e643bd26f0fe6173181afceb89e7c659 -> 
  custom:AudioImporter_EditorPlatform: d09bf68614088b80899f8185d706f6e7 -> 
  custom:video-encoder-webm-vp8: eb34c28f22e8b96e1ab97ce403110664 -> 
  custom:audio-decoder-ogg-vorbis: bf7c407c2cedff20999df2af8eb42d56 -> 
  custom:audio-encoder-webm-vorbis: bf7c407c2cedff20999df2af8eb42d56 -> 
  custom:scripting/precompiled-assembly-types:Assembly-CSharp: f4d7ff9405b2296d99c95dc8709d6063 -> d9898b08f7aa15a36c94fc52d0b7440b
========================================================================
Received Prepare
Caller must complete domain reload
Begin MonoManager ReloadAssembly
- Loaded All Assemblies, in  0.539 seconds
Native extension for WindowsStandalone target not found
Native extension for WebGL target not found
Mono: successfully reloaded assembly
- Finished resetting the current domain, in  1.047 seconds
Domain Reload Profiling: 1586ms
	BeginReloadAssembly (170ms)
		ExecutionOrderSort (0ms)
		DisableScriptedObjects (14ms)
		BackupInstance (0ms)
		ReleaseScriptingObjects (0ms)
		CreateAndSetChildDomain (39ms)
	RebuildCommonClasses (42ms)
	RebuildNativeTypeToScriptingClass (12ms)
	initialDomainReloadingComplete (26ms)
	LoadAllAssembliesAndSetupDomain (289ms)
		LoadAssemblies (345ms)
		RebuildTransferFunctionScriptingTraits (0ms)
		AnalyzeDomain (33ms)
			TypeCache.Refresh (11ms)
				TypeCache.ScanAssembly (0ms)
			ScanForSourceGeneratedMonoScriptInfo (14ms)
			ResolveRequiredComponents (6ms)
	FinalizeReload (1048ms)
		ReleaseScriptCaches (0ms)
		RebuildScriptCaches (0ms)
		SetupLoadedEditorAssemblies (445ms)
			LogAssemblyErrors (0ms)
			InitializePlatformSupportModulesInManaged (6ms)
			SetLoadedEditorAssemblies (6ms)
			RefreshPlugins (0ms)
			BeforeProcessingInitializeOnLoad (73ms)
			ProcessInitializeOnLoadAttributes (323ms)
			ProcessInitializeOnLoadMethodAttributes (34ms)
			AfterProcessingInitializeOnLoad (3ms)
			EditorAssembliesLoaded (0ms)
		ExecutionOrderSort2 (0ms)
		AwakeInstancesAfterBackupRestoration (14ms)
Refreshing native plugins compatible for Editor in 6.97 ms, found 7 plugins.
Preloading 0 native plugins for Editor in 0.00 ms.
Unloading 4248 Unused Serialized files (Serialized files now loaded: 0)
Unloading 27 unused Assets / (213.8 KB). Loaded Objects now: 4852.
Memory consumption went from 149.8 MB to 149.6 MB.
Total: 3.842800 ms (FindLiveObjects: 0.436000 ms CreateObjectMapping: 0.147800 ms MarkObjects: 3.046300 ms  DeleteObjects: 0.211300 ms)

Prepare: number of updated asset objects reloaded= 0
AssetImportParameters requested are different than current active one (requested -> active):
  custom:container-demuxer-ogg: 62fdf1f143b41e24485cea50d1cbac27 -> 
  custom:video-codec-MediaFoundation-h265: 746d11721c4dcdbdad8f713fa42b33f4 -> 
  custom:video-decoder-ogg-theora: a1e56fd34408186e4bbccfd4996cb3dc -> 
  custom:framework-win-MediaFoundation: 216162199b28c13a410421893ffa2e32 -> 
  custom:CustomObjectIndexerAttribute: 9a22284fe3817be447336de3de66b15e -> 
  custom:container-demuxer-webm: 4f35f7cbe854078d1ac9338744f61a02 -> 
  custom:container-muxer-webm: aa71ff27fc2769a1b78a27578f13a17b -> 
  custom:video-decoder-webm-vp8: 9c59270c3fd7afecdb556c50c9e8de78 -> 
  custom:SearchIndexIgnoredProperties: e643bd26f0fe6173181afceb89e7c659 -> 
  custom:AudioImporter_EditorPlatform: d09bf68614088b80899f8185d706f6e7 -> 
  custom:video-encoder-webm-vp8: eb34c28f22e8b96e1ab97ce403110664 -> 
  custom:audio-decoder-ogg-vorbis: bf7c407c2cedff20999df2af8eb42d56 -> 
  custom:audio-encoder-webm-vorbis: bf7c407c2cedff20999df2af8eb42d56 -> 
  custom:scripting/precompiled-assembly-types:Assembly-CSharp: f4d7ff9405b2296d99c95dc8709d6063 -> d9898b08f7aa15a36c94fc52d0b7440b
========================================================================
Received Prepare
Caller must complete domain reload
Begin MonoManager ReloadAssembly
- Loaded All Assemblies, in  0.541 seconds
Native extension for WindowsStandalone target not found
Native extension for WebGL target not found
Mono: successfully reloaded assembly
- Finished resetting the current domain, in  1.046 seconds
Domain Reload Profiling: 1587ms
	BeginReloadAssembly (158ms)
		ExecutionOrderSort (0ms)
		DisableScriptedObjects (12ms)
		BackupInstance (0ms)
		ReleaseScriptingObjects (0ms)
		CreateAndSetChildDomain (32ms)
	RebuildCommonClasses (38ms)
	RebuildNativeTypeToScriptingClass (15ms)
	initialDomainReloadingComplete (31ms)
	LoadAllAssembliesAndSetupDomain (299ms)
		LoadAssemblies (367ms)
		RebuildTransferFunctionScriptingTraits (0ms)
		AnalyzeDomain (17ms)
			TypeCache.Refresh (9ms)
				TypeCache.ScanAssembly (0ms)
			ScanForSourceGeneratedMonoScriptInfo (0ms)
			ResolveRequiredComponents (7ms)
	FinalizeReload (1046ms)
		ReleaseScriptCaches (0ms)
		RebuildScriptCaches (0ms)
		SetupLoadedEditorAssemblies (430ms)
			LogAssemblyErrors (0ms)
			InitializePlatformSupportModulesInManaged (6ms)
			SetLoadedEditorAssemblies (5ms)
			RefreshPlugins (0ms)
			BeforeProcessingInitializeOnLoad (71ms)
			ProcessInitializeOnLoadAttributes (312ms)
			ProcessInitializeOnLoadMethodAttributes (34ms)
			AfterProcessingInitializeOnLoad (3ms)
			EditorAssembliesLoaded (0ms)
		ExecutionOrderSort2 (0ms)
		AwakeInstancesAfterBackupRestoration (13ms)
Refreshing native plugins compatible for Editor in 8.59 ms, found 7 plugins.
Preloading 0 native plugins for Editor in 0.00 ms.
Unloading 4248 Unused Serialized files (Serialized files now loaded: 0)
Unloading 27 unused Assets / (213.9 KB). Loaded Objects now: 4856.
Memory consumption went from 149.8 MB to 149.6 MB.
Total: 7.007700 ms (FindLiveObjects: 0.705400 ms CreateObjectMapping: 0.200200 ms MarkObjects: 5.618500 ms  DeleteObjects: 0.481500 ms)

Prepare: number of updated asset objects reloaded= 0
AssetImportParameters requested are different than current active one (requested -> active):
  custom:container-demuxer-ogg: 62fdf1f143b41e24485cea50d1cbac27 -> 
  custom:video-codec-MediaFoundation-h265: 746d11721c4dcdbdad8f713fa42b33f4 -> 
  custom:video-decoder-ogg-theora: a1e56fd34408186e4bbccfd4996cb3dc -> 
  custom:framework-win-MediaFoundation: 216162199b28c13a410421893ffa2e32 -> 
  custom:CustomObjectIndexerAttribute: 9a22284fe3817be447336de3de66b15e -> 
  custom:container-demuxer-webm: 4f35f7cbe854078d1ac9338744f61a02 -> 
  custom:container-muxer-webm: aa71ff27fc2769a1b78a27578f13a17b -> 
  custom:video-decoder-webm-vp8: 9c59270c3fd7afecdb556c50c9e8de78 -> 
  custom:SearchIndexIgnoredProperties: e643bd26f0fe6173181afceb89e7c659 -> 
  custom:AudioImporter_EditorPlatform: d09bf68614088b80899f8185d706f6e7 -> 
  custom:video-encoder-webm-vp8: eb34c28f22e8b96e1ab97ce403110664 -> 
  custom:audio-decoder-ogg-vorbis: bf7c407c2cedff20999df2af8eb42d56 -> 
  custom:audio-encoder-webm-vorbis: bf7c407c2cedff20999df2af8eb42d56 -> 
  custom:scripting/precompiled-assembly-types:Assembly-CSharp: f4d7ff9405b2296d99c95dc8709d6063 -> d9898b08f7aa15a36c94fc52d0b7440b
========================================================================
Received Prepare
Caller must complete domain reload
Begin MonoManager ReloadAssembly
- Loaded All Assemblies, in  0.540 seconds
Native extension for WindowsStandalone target not found
Native extension for WebGL target not found
Mono: successfully reloaded assembly
- Finished resetting the current domain, in  1.132 seconds
Domain Reload Profiling: 1672ms
	BeginReloadAssembly (165ms)
		ExecutionOrderSort (0ms)
		DisableScriptedObjects (12ms)
		BackupInstance (0ms)
		ReleaseScriptingObjects (0ms)
		CreateAndSetChildDomain (37ms)
	RebuildCommonClasses (37ms)
	RebuildNativeTypeToScriptingClass (13ms)
	initialDomainReloadingComplete (36ms)
	LoadAllAssembliesAndSetupDomain (288ms)
		LoadAssemblies (349ms)
		RebuildTransferFunctionScriptingTraits (0ms)
		AnalyzeDomain (27ms)
			TypeCache.Refresh (9ms)
				TypeCache.ScanAssembly (0ms)
			ScanForSourceGeneratedMonoScriptInfo (11ms)
			ResolveRequiredComponents (7ms)
	FinalizeReload (1133ms)
		ReleaseScriptCaches (0ms)
		RebuildScriptCaches (0ms)
		SetupLoadedEditorAssemblies (498ms)
			LogAssemblyErrors (0ms)
			InitializePlatformSupportModulesInManaged (6ms)
			SetLoadedEditorAssemblies (6ms)
			RefreshPlugins (0ms)
			BeforeProcessingInitializeOnLoad (80ms)
			ProcessInitializeOnLoadAttributes (364ms)
			ProcessInitializeOnLoadMethodAttributes (39ms)
			AfterProcessingInitializeOnLoad (3ms)
			EditorAssembliesLoaded (0ms)
		ExecutionOrderSort2 (0ms)
		AwakeInstancesAfterBackupRestoration (21ms)
Refreshing native plugins compatible for Editor in 8.21 ms, found 7 plugins.
Preloading 0 native plugins for Editor in 0.00 ms.
Unloading 4248 Unused Serialized files (Serialized files now loaded: 0)
Unloading 27 unused Assets / (214.0 KB). Loaded Objects now: 4860.
Memory consumption went from 149.8 MB to 149.6 MB.
Total: 3.606500 ms (FindLiveObjects: 0.373100 ms CreateObjectMapping: 0.117300 ms MarkObjects: 2.904300 ms  DeleteObjects: 0.210500 ms)

Prepare: number of updated asset objects reloaded= 0
AssetImportParameters requested are different than current active one (requested -> active):
  custom:container-demuxer-ogg: 62fdf1f143b41e24485cea50d1cbac27 -> 
  custom:video-codec-MediaFoundation-h265: 746d11721c4dcdbdad8f713fa42b33f4 -> 
  custom:video-decoder-ogg-theora: a1e56fd34408186e4bbccfd4996cb3dc -> 
  custom:framework-win-MediaFoundation: 216162199b28c13a410421893ffa2e32 -> 
  custom:CustomObjectIndexerAttribute: 9a22284fe3817be447336de3de66b15e -> 
  custom:container-demuxer-webm: 4f35f7cbe854078d1ac9338744f61a02 -> 
  custom:container-muxer-webm: aa71ff27fc2769a1b78a27578f13a17b -> 
  custom:video-decoder-webm-vp8: 9c59270c3fd7afecdb556c50c9e8de78 -> 
  custom:SearchIndexIgnoredProperties: e643bd26f0fe6173181afceb89e7c659 -> 
  custom:AudioImporter_EditorPlatform: d09bf68614088b80899f8185d706f6e7 -> 
  custom:video-encoder-webm-vp8: eb34c28f22e8b96e1ab97ce403110664 -> 
  custom:audio-decoder-ogg-vorbis: bf7c407c2cedff20999df2af8eb42d56 -> 
  custom:audio-encoder-webm-vorbis: bf7c407c2cedff20999df2af8eb42d56 -> 
  custom:scripting/precompiled-assembly-types:Assembly-CSharp: f4d7ff9405b2296d99c95dc8709d6063 -> d9898b08f7aa15a36c94fc52d0b7440b
========================================================================
Received Prepare
Caller must complete domain reload
Begin MonoManager ReloadAssembly
- Loaded All Assemblies, in  0.509 seconds
Native extension for WindowsStandalone target not found
Native extension for WebGL target not found
Mono: successfully reloaded assembly
- Finished resetting the current domain, in  1.074 seconds
Domain Reload Profiling: 1582ms
	BeginReloadAssembly (163ms)
		ExecutionOrderSort (0ms)
		DisableScriptedObjects (15ms)
		BackupInstance (0ms)
		ReleaseScriptingObjects (0ms)
		CreateAndSetChildDomain (32ms)
	RebuildCommonClasses (39ms)
	RebuildNativeTypeToScriptingClass (13ms)
	initialDomainReloadingComplete (28ms)
	LoadAllAssembliesAndSetupDomain (266ms)
		LoadAssemblies (338ms)
		RebuildTransferFunctionScriptingTraits (0ms)
		AnalyzeDomain (15ms)
			TypeCache.Refresh (6ms)
				TypeCache.ScanAssembly (0ms)
			ScanForSourceGeneratedMonoScriptInfo (0ms)
			ResolveRequiredComponents (7ms)
	FinalizeReload (1074ms)
		ReleaseScriptCaches (0ms)
		RebuildScriptCaches (0ms)
		SetupLoadedEditorAssemblies (464ms)
			LogAssemblyErrors (0ms)
			InitializePlatformSupportModulesInManaged (6ms)
			SetLoadedEditorAssemblies (5ms)
			RefreshPlugins (0ms)
			BeforeProcessingInitializeOnLoad (76ms)
			ProcessInitializeOnLoadAttributes (336ms)
			ProcessInitializeOnLoadMethodAttributes (37ms)
			AfterProcessingInitializeOnLoad (3ms)
			EditorAssembliesLoaded (1ms)
		ExecutionOrderSort2 (0ms)
		AwakeInstancesAfterBackupRestoration (15ms)
Refreshing native plugins compatible for Editor in 8.94 ms, found 7 plugins.
Preloading 0 native plugins for Editor in 0.00 ms.
Unloading 4248 Unused Serialized files (Serialized files now loaded: 0)
Unloading 27 unused Assets / (214.1 KB). Loaded Objects now: 4864.
Memory consumption went from 149.8 MB to 149.6 MB.
Total: 7.990900 ms (FindLiveObjects: 0.939500 ms CreateObjectMapping: 0.499600 ms MarkObjects: 6.161200 ms  DeleteObjects: 0.388500 ms)

Prepare: number of updated asset objects reloaded= 0
AssetImportParameters requested are different than current active one (requested -> active):
  custom:container-demuxer-ogg: 62fdf1f143b41e24485cea50d1cbac27 -> 
  custom:video-codec-MediaFoundation-h265: 746d11721c4dcdbdad8f713fa42b33f4 -> 
  custom:video-decoder-ogg-theora: a1e56fd34408186e4bbccfd4996cb3dc -> 
  custom:framework-win-MediaFoundation: 216162199b28c13a410421893ffa2e32 -> 
  custom:CustomObjectIndexerAttribute: 9a22284fe3817be447336de3de66b15e -> 
  custom:container-demuxer-webm: 4f35f7cbe854078d1ac9338744f61a02 -> 
  custom:container-muxer-webm: aa71ff27fc2769a1b78a27578f13a17b -> 
  custom:video-decoder-webm-vp8: 9c59270c3fd7afecdb556c50c9e8de78 -> 
  custom:SearchIndexIgnoredProperties: e643bd26f0fe6173181afceb89e7c659 -> 
  custom:AudioImporter_EditorPlatform: d09bf68614088b80899f8185d706f6e7 -> 
  custom:video-encoder-webm-vp8: eb34c28f22e8b96e1ab97ce403110664 -> 
  custom:audio-decoder-ogg-vorbis: bf7c407c2cedff20999df2af8eb42d56 -> 
  custom:audio-encoder-webm-vorbis: bf7c407c2cedff20999df2af8eb42d56 -> 
  custom:scripting/precompiled-assembly-types:Assembly-CSharp: f4d7ff9405b2296d99c95dc8709d6063 -> d9898b08f7aa15a36c94fc52d0b7440b
========================================================================
Received Prepare
Caller must complete domain reload
Begin MonoManager ReloadAssembly
- Loaded All Assemblies, in  0.537 seconds
Native extension for WindowsStandalone target not found
Native extension for WebGL target not found
Mono: successfully reloaded assembly
- Finished resetting the current domain, in  1.026 seconds
Domain Reload Profiling: 1563ms
	BeginReloadAssembly (170ms)
		ExecutionOrderSort (0ms)
		DisableScriptedObjects (12ms)
		BackupInstance (0ms)
		ReleaseScriptingObjects (0ms)
		CreateAndSetChildDomain (36ms)
	RebuildCommonClasses (42ms)
	RebuildNativeTypeToScriptingClass (12ms)
	initialDomainReloadingComplete (28ms)
	LoadAllAssembliesAndSetupDomain (283ms)
		LoadAssemblies (344ms)
		RebuildTransferFunctionScriptingTraits (0ms)
		AnalyzeDomain (32ms)
			TypeCache.Refresh (12ms)
				TypeCache.ScanAssembly (0ms)
			ScanForSourceGeneratedMonoScriptInfo (12ms)
			ResolveRequiredComponents (7ms)
	FinalizeReload (1026ms)
		ReleaseScriptCaches (0ms)
		RebuildScriptCaches (0ms)
		SetupLoadedEditorAssemblies (435ms)
			LogAssemblyErrors (0ms)
			InitializePlatformSupportModulesInManaged (9ms)
			SetLoadedEditorAssemblies (6ms)
			RefreshPlugins (0ms)
			BeforeProcessingInitializeOnLoad (74ms)
			ProcessInitializeOnLoadAttributes (310ms)
			ProcessInitializeOnLoadMethodAttributes (31ms)
			AfterProcessingInitializeOnLoad (3ms)
			EditorAssembliesLoaded (0ms)
		ExecutionOrderSort2 (0ms)
		AwakeInstancesAfterBackupRestoration (14ms)
Refreshing native plugins compatible for Editor in 8.40 ms, found 7 plugins.
Preloading 0 native plugins for Editor in 0.00 ms.
Unloading 4248 Unused Serialized files (Serialized files now loaded: 0)
Unloading 27 unused Assets / (213.8 KB). Loaded Objects now: 4868.
Memory consumption went from 149.8 MB to 149.6 MB.
Total: 5.799200 ms (FindLiveObjects: 0.827800 ms CreateObjectMapping: 0.438500 ms MarkObjects: 4.242800 ms  DeleteObjects: 0.288200 ms)

Prepare: number of updated asset objects reloaded= 0
AssetImportParameters requested are different than current active one (requested -> active):
  custom:container-demuxer-ogg: 62fdf1f143b41e24485cea50d1cbac27 -> 
  custom:video-codec-MediaFoundation-h265: 746d11721c4dcdbdad8f713fa42b33f4 -> 
  custom:video-decoder-ogg-theora: a1e56fd34408186e4bbccfd4996cb3dc -> 
  custom:framework-win-MediaFoundation: 216162199b28c13a410421893ffa2e32 -> 
  custom:CustomObjectIndexerAttribute: 9a22284fe3817be447336de3de66b15e -> 
  custom:container-demuxer-webm: 4f35f7cbe854078d1ac9338744f61a02 -> 
  custom:container-muxer-webm: aa71ff27fc2769a1b78a27578f13a17b -> 
  custom:video-decoder-webm-vp8: 9c59270c3fd7afecdb556c50c9e8de78 -> 
  custom:SearchIndexIgnoredProperties: e643bd26f0fe6173181afceb89e7c659 -> 
  custom:AudioImporter_EditorPlatform: d09bf68614088b80899f8185d706f6e7 -> 
  custom:video-encoder-webm-vp8: eb34c28f22e8b96e1ab97ce403110664 -> 
  custom:audio-decoder-ogg-vorbis: bf7c407c2cedff20999df2af8eb42d56 -> 
  custom:audio-encoder-webm-vorbis: bf7c407c2cedff20999df2af8eb42d56 -> 
  custom:scripting/precompiled-assembly-types:Assembly-CSharp: f4d7ff9405b2296d99c95dc8709d6063 -> d9898b08f7aa15a36c94fc52d0b7440b
========================================================================
Received Prepare
Caller must complete domain reload
Begin MonoManager ReloadAssembly
- Loaded All Assemblies, in  0.579 seconds
Native extension for WindowsStandalone target not found
Native extension for WebGL target not found
Mono: successfully reloaded assembly
- Finished resetting the current domain, in  1.115 seconds
Domain Reload Profiling: 1694ms
	BeginReloadAssembly (174ms)
		ExecutionOrderSort (0ms)
		DisableScriptedObjects (15ms)
		BackupInstance (0ms)
		ReleaseScriptingObjects (0ms)
		CreateAndSetChildDomain (36ms)
	RebuildCommonClasses (35ms)
	RebuildNativeTypeToScriptingClass (15ms)
	initialDomainReloadingComplete (33ms)
	LoadAllAssembliesAndSetupDomain (321ms)
		LoadAssemblies (401ms)
		RebuildTransferFunctionScriptingTraits (0ms)
		AnalyzeDomain (15ms)
			TypeCache.Refresh (6ms)
				TypeCache.ScanAssembly (0ms)
			ScanForSourceGeneratedMonoScriptInfo (0ms)
			ResolveRequiredComponents (7ms)
	FinalizeReload (1116ms)
		ReleaseScriptCaches (0ms)
		RebuildScriptCaches (0ms)
		SetupLoadedEditorAssemblies (466ms)
			LogAssemblyErrors (0ms)
			InitializePlatformSupportModulesInManaged (7ms)
			SetLoadedEditorAssemblies (6ms)
			RefreshPlugins (0ms)
			BeforeProcessingInitializeOnLoad (74ms)
			ProcessInitializeOnLoadAttributes (343ms)
			ProcessInitializeOnLoadMethodAttributes (34ms)
			AfterProcessingInitializeOnLoad (3ms)
			EditorAssembliesLoaded (0ms)
		ExecutionOrderSort2 (0ms)
		AwakeInstancesAfterBackupRestoration (17ms)
Refreshing native plugins compatible for Editor in 8.18 ms, found 7 plugins.
Preloading 0 native plugins for Editor in 0.00 ms.
Unloading 4248 Unused Serialized files (Serialized files now loaded: 0)
Unloading 27 unused Assets / (214.0 KB). Loaded Objects now: 4872.
Memory consumption went from 149.8 MB to 149.6 MB.
Total: 4.149400 ms (FindLiveObjects: 0.362500 ms CreateObjectMapping: 0.152000 ms MarkObjects: 3.380200 ms  DeleteObjects: 0.253400 ms)

Prepare: number of updated asset objects reloaded= 0
AssetImportParameters requested are different than current active one (requested -> active):
  custom:container-demuxer-ogg: 62fdf1f143b41e24485cea50d1cbac27 -> 
  custom:video-codec-MediaFoundation-h265: 746d11721c4dcdbdad8f713fa42b33f4 -> 
  custom:video-decoder-ogg-theora: a1e56fd34408186e4bbccfd4996cb3dc -> 
  custom:framework-win-MediaFoundation: 216162199b28c13a410421893ffa2e32 -> 
  custom:CustomObjectIndexerAttribute: 9a22284fe3817be447336de3de66b15e -> 
  custom:container-demuxer-webm: 4f35f7cbe854078d1ac9338744f61a02 -> 
  custom:container-muxer-webm: aa71ff27fc2769a1b78a27578f13a17b -> 
  custom:video-decoder-webm-vp8: 9c59270c3fd7afecdb556c50c9e8de78 -> 
  custom:SearchIndexIgnoredProperties: e643bd26f0fe6173181afceb89e7c659 -> 
  custom:AudioImporter_EditorPlatform: d09bf68614088b80899f8185d706f6e7 -> 
  custom:video-encoder-webm-vp8: eb34c28f22e8b96e1ab97ce403110664 -> 
  custom:audio-decoder-ogg-vorbis: bf7c407c2cedff20999df2af8eb42d56 -> 
  custom:audio-encoder-webm-vorbis: bf7c407c2cedff20999df2af8eb42d56 -> 
  custom:scripting/precompiled-assembly-types:Assembly-CSharp: f4d7ff9405b2296d99c95dc8709d6063 -> d9898b08f7aa15a36c94fc52d0b7440b
========================================================================
Received Prepare
Caller must complete domain reload
Begin MonoManager ReloadAssembly
- Loaded All Assemblies, in  0.513 seconds
Native extension for WindowsStandalone target not found
Native extension for WebGL target not found
Mono: successfully reloaded assembly
- Finished resetting the current domain, in  1.228 seconds
Domain Reload Profiling: 1740ms
	BeginReloadAssembly (170ms)
		ExecutionOrderSort (0ms)
		DisableScriptedObjects (18ms)
		BackupInstance (0ms)
		ReleaseScriptingObjects (0ms)
		CreateAndSetChildDomain (34ms)
	RebuildCommonClasses (33ms)
	RebuildNativeTypeToScriptingClass (13ms)
	initialDomainReloadingComplete (28ms)
	LoadAllAssembliesAndSetupDomain (268ms)
		LoadAssemblies (340ms)
		RebuildTransferFunctionScriptingTraits (0ms)
		AnalyzeDomain (17ms)
			TypeCache.Refresh (9ms)
				TypeCache.ScanAssembly (0ms)
			ScanForSourceGeneratedMonoScriptInfo (0ms)
			ResolveRequiredComponents (6ms)
	FinalizeReload (1229ms)
		ReleaseScriptCaches (0ms)
		RebuildScriptCaches (0ms)
		SetupLoadedEditorAssemblies (630ms)
			LogAssemblyErrors (0ms)
			InitializePlatformSupportModulesInManaged (7ms)
			SetLoadedEditorAssemblies (6ms)
			RefreshPlugins (0ms)
			BeforeProcessingInitializeOnLoad (73ms)
			ProcessInitializeOnLoadAttributes (498ms)
			ProcessInitializeOnLoadMethodAttributes (42ms)
			AfterProcessingInitializeOnLoad (4ms)
			EditorAssembliesLoaded (0ms)
		ExecutionOrderSort2 (0ms)
		AwakeInstancesAfterBackupRestoration (21ms)
Refreshing native plugins compatible for Editor in 8.77 ms, found 7 plugins.
Preloading 0 native plugins for Editor in 0.00 ms.
Unloading 4248 Unused Serialized files (Serialized files now loaded: 0)
Unloading 27 unused Assets / (214.0 KB). Loaded Objects now: 4876.
Memory consumption went from 149.8 MB to 149.6 MB.
Total: 3.844400 ms (FindLiveObjects: 0.464400 ms CreateObjectMapping: 0.113700 ms MarkObjects: 3.054000 ms  DeleteObjects: 0.211000 ms)

Prepare: number of updated asset objects reloaded= 0
AssetImportParameters requested are different than current active one (requested -> active):
  custom:container-demuxer-ogg: 62fdf1f143b41e24485cea50d1cbac27 -> 
  custom:video-codec-MediaFoundation-h265: 746d11721c4dcdbdad8f713fa42b33f4 -> 
  custom:video-decoder-ogg-theora: a1e56fd34408186e4bbccfd4996cb3dc -> 
  custom:framework-win-MediaFoundation: 216162199b28c13a410421893ffa2e32 -> 
  custom:CustomObjectIndexerAttribute: 9a22284fe3817be447336de3de66b15e -> 
  custom:container-demuxer-webm: 4f35f7cbe854078d1ac9338744f61a02 -> 
  custom:container-muxer-webm: aa71ff27fc2769a1b78a27578f13a17b -> 
  custom:video-decoder-webm-vp8: 9c59270c3fd7afecdb556c50c9e8de78 -> 
  custom:SearchIndexIgnoredProperties: e643bd26f0fe6173181afceb89e7c659 -> 
  custom:AudioImporter_EditorPlatform: d09bf68614088b80899f8185d706f6e7 -> 
  custom:video-encoder-webm-vp8: eb34c28f22e8b96e1ab97ce403110664 -> 
  custom:audio-decoder-ogg-vorbis: bf7c407c2cedff20999df2af8eb42d56 -> 
  custom:audio-encoder-webm-vorbis: bf7c407c2cedff20999df2af8eb42d56 -> 
  custom:scripting/precompiled-assembly-types:Assembly-CSharp: f4d7ff9405b2296d99c95dc8709d6063 -> d9898b08f7aa15a36c94fc52d0b7440b
========================================================================
Received Prepare
Caller must complete domain reload
Begin MonoManager ReloadAssembly
- Loaded All Assemblies, in  0.577 seconds
Native extension for WindowsStandalone target not found
Native extension for WebGL target not found
Mono: successfully reloaded assembly
- Finished resetting the current domain, in  1.206 seconds
Domain Reload Profiling: 1784ms
	BeginReloadAssembly (169ms)
		ExecutionOrderSort (0ms)
		DisableScriptedObjects (15ms)
		BackupInstance (0ms)
		ReleaseScriptingObjects (0ms)
		CreateAndSetChildDomain (39ms)
	RebuildCommonClasses (36ms)
	RebuildNativeTypeToScriptingClass (14ms)
	initialDomainReloadingComplete (26ms)
	LoadAllAssembliesAndSetupDomain (332ms)
		LoadAssemblies (401ms)
		RebuildTransferFunctionScriptingTraits (0ms)
		AnalyzeDomain (15ms)
			TypeCache.Refresh (7ms)
				TypeCache.ScanAssembly (0ms)
			ScanForSourceGeneratedMonoScriptInfo (0ms)
			ResolveRequiredComponents (6ms)
	FinalizeReload (1207ms)
		ReleaseScriptCaches (0ms)
		RebuildScriptCaches (0ms)
		SetupLoadedEditorAssemblies (492ms)
			LogAssemblyErrors (0ms)
			InitializePlatformSupportModulesInManaged (7ms)
			SetLoadedEditorAssemblies (6ms)
			RefreshPlugins (0ms)
			BeforeProcessingInitializeOnLoad (89ms)
			ProcessInitializeOnLoadAttributes (350ms)
			ProcessInitializeOnLoadMethodAttributes (38ms)
			AfterProcessingInitializeOnLoad (3ms)
			EditorAssembliesLoaded (0ms)
		ExecutionOrderSort2 (0ms)
		AwakeInstancesAfterBackupRestoration (15ms)
Refreshing native plugins compatible for Editor in 8.99 ms, found 7 plugins.
Preloading 0 native plugins for Editor in 0.00 ms.
Unloading 4248 Unused Serialized files (Serialized files now loaded: 0)
Unloading 27 unused Assets / (214.1 KB). Loaded Objects now: 4880.
Memory consumption went from 149.8 MB to 149.6 MB.
Total: 8.895400 ms (FindLiveObjects: 1.044200 ms CreateObjectMapping: 0.553800 ms MarkObjects: 6.767400 ms  DeleteObjects: 0.525400 ms)

Prepare: number of updated asset objects reloaded= 0
AssetImportParameters requested are different than current active one (requested -> active):
  custom:container-demuxer-ogg: 62fdf1f143b41e24485cea50d1cbac27 -> 
  custom:video-codec-MediaFoundation-h265: 746d11721c4dcdbdad8f713fa42b33f4 -> 
  custom:video-decoder-ogg-theora: a1e56fd34408186e4bbccfd4996cb3dc -> 
  custom:framework-win-MediaFoundation: 216162199b28c13a410421893ffa2e32 -> 
  custom:CustomObjectIndexerAttribute: 9a22284fe3817be447336de3de66b15e -> 
  custom:container-demuxer-webm: 4f35f7cbe854078d1ac9338744f61a02 -> 
  custom:container-muxer-webm: aa71ff27fc2769a1b78a27578f13a17b -> 
  custom:video-decoder-webm-vp8: 9c59270c3fd7afecdb556c50c9e8de78 -> 
  custom:SearchIndexIgnoredProperties: e643bd26f0fe6173181afceb89e7c659 -> 
  custom:AudioImporter_EditorPlatform: d09bf68614088b80899f8185d706f6e7 -> 
  custom:video-encoder-webm-vp8: eb34c28f22e8b96e1ab97ce403110664 -> 
  custom:audio-decoder-ogg-vorbis: bf7c407c2cedff20999df2af8eb42d56 -> 
  custom:audio-encoder-webm-vorbis: bf7c407c2cedff20999df2af8eb42d56 -> 
  custom:scripting/precompiled-assembly-types:Assembly-CSharp: f4d7ff9405b2296d99c95dc8709d6063 -> d9898b08f7aa15a36c94fc52d0b7440b
========================================================================
Received Prepare
Caller must complete domain reload
Begin MonoManager ReloadAssembly
- Loaded All Assemblies, in  0.517 seconds
Native extension for WindowsStandalone target not found
Native extension for WebGL target not found
Mono: successfully reloaded assembly
- Finished resetting the current domain, in  1.101 seconds
Domain Reload Profiling: 1618ms
	BeginReloadAssembly (160ms)
		ExecutionOrderSort (0ms)
		DisableScriptedObjects (12ms)
		BackupInstance (0ms)
		ReleaseScriptingObjects (0ms)
		CreateAndSetChildDomain (34ms)
	RebuildCommonClasses (39ms)
	RebuildNativeTypeToScriptingClass (12ms)
	initialDomainReloadingComplete (28ms)
	LoadAllAssembliesAndSetupDomain (277ms)
		LoadAssemblies (345ms)
		RebuildTransferFunctionScriptingTraits (0ms)
		AnalyzeDomain (15ms)
			TypeCache.Refresh (8ms)
				TypeCache.ScanAssembly (0ms)
			ScanForSourceGeneratedMonoScriptInfo (0ms)
			ResolveRequiredComponents (6ms)
	FinalizeReload (1102ms)
		ReleaseScriptCaches (0ms)
		RebuildScriptCaches (0ms)
		SetupLoadedEditorAssemblies (484ms)
			LogAssemblyErrors (0ms)
			InitializePlatformSupportModulesInManaged (7ms)
			SetLoadedEditorAssemblies (6ms)
			RefreshPlugins (0ms)
			BeforeProcessingInitializeOnLoad (80ms)
			ProcessInitializeOnLoadAttributes (353ms)
			ProcessInitializeOnLoadMethodAttributes (35ms)
			AfterProcessingInitializeOnLoad (3ms)
			EditorAssembliesLoaded (0ms)
		ExecutionOrderSort2 (0ms)
		AwakeInstancesAfterBackupRestoration (16ms)
Refreshing native plugins compatible for Editor in 8.05 ms, found 7 plugins.
Preloading 0 native plugins for Editor in 0.00 ms.
Unloading 4248 Unused Serialized files (Serialized files now loaded: 0)
Unloading 27 unused Assets / (214.0 KB). Loaded Objects now: 4884.
Memory consumption went from 149.8 MB to 149.6 MB.
Total: 10.089100 ms (FindLiveObjects: 1.170800 ms CreateObjectMapping: 0.712400 ms MarkObjects: 7.689800 ms  DeleteObjects: 0.514000 ms)

Prepare: number of updated asset objects reloaded= 0
AssetImportParameters requested are different than current active one (requested -> active):
  custom:container-demuxer-ogg: 62fdf1f143b41e24485cea50d1cbac27 -> 
  custom:video-codec-MediaFoundation-h265: 746d11721c4dcdbdad8f713fa42b33f4 -> 
  custom:video-decoder-ogg-theora: a1e56fd34408186e4bbccfd4996cb3dc -> 
  custom:framework-win-MediaFoundation: 216162199b28c13a410421893ffa2e32 -> 
  custom:CustomObjectIndexerAttribute: 9a22284fe3817be447336de3de66b15e -> 
  custom:container-demuxer-webm: 4f35f7cbe854078d1ac9338744f61a02 -> 
  custom:container-muxer-webm: aa71ff27fc2769a1b78a27578f13a17b -> 
  custom:video-decoder-webm-vp8: 9c59270c3fd7afecdb556c50c9e8de78 -> 
  custom:SearchIndexIgnoredProperties: e643bd26f0fe6173181afceb89e7c659 -> 
  custom:AudioImporter_EditorPlatform: d09bf68614088b80899f8185d706f6e7 -> 
  custom:video-encoder-webm-vp8: eb34c28f22e8b96e1ab97ce403110664 -> 
  custom:audio-decoder-ogg-vorbis: bf7c407c2cedff20999df2af8eb42d56 -> 
  custom:audio-encoder-webm-vorbis: bf7c407c2cedff20999df2af8eb42d56 -> 
  custom:scripting/precompiled-assembly-types:Assembly-CSharp: f4d7ff9405b2296d99c95dc8709d6063 -> d9898b08f7aa15a36c94fc52d0b7440b
========================================================================
Received Prepare
Caller must complete domain reload
Begin MonoManager ReloadAssembly
- Loaded All Assemblies, in  0.552 seconds
Native extension for WindowsStandalone target not found
Native extension for WebGL target not found
Mono: successfully reloaded assembly
- Finished resetting the current domain, in  1.064 seconds
Domain Reload Profiling: 1616ms
	BeginReloadAssembly (178ms)
		ExecutionOrderSort (0ms)
		DisableScriptedObjects (12ms)
		BackupInstance (0ms)
		ReleaseScriptingObjects (0ms)
		CreateAndSetChildDomain (32ms)
	RebuildCommonClasses (50ms)
	RebuildNativeTypeToScriptingClass (13ms)
	initialDomainReloadingComplete (33ms)
	LoadAllAssembliesAndSetupDomain (278ms)
		LoadAssemblies (368ms)
		RebuildTransferFunctionScriptingTraits (0ms)
		AnalyzeDomain (16ms)
			TypeCache.Refresh (8ms)
				TypeCache.ScanAssembly (0ms)
			ScanForSourceGeneratedMonoScriptInfo (0ms)
			ResolveRequiredComponents (7ms)
	FinalizeReload (1065ms)
		ReleaseScriptCaches (0ms)
		RebuildScriptCaches (0ms)
		SetupLoadedEditorAssemblies (445ms)
			LogAssemblyErrors (0ms)
			InitializePlatformSupportModulesInManaged (7ms)
			SetLoadedEditorAssemblies (6ms)
			RefreshPlugins (0ms)
			BeforeProcessingInitializeOnLoad (73ms)
			ProcessInitializeOnLoadAttributes (315ms)
			ProcessInitializeOnLoadMethodAttributes (41ms)
			AfterProcessingInitializeOnLoad (3ms)
			EditorAssembliesLoaded (0ms)
		ExecutionOrderSort2 (0ms)
		AwakeInstancesAfterBackupRestoration (15ms)
Refreshing native plugins compatible for Editor in 10.15 ms, found 7 plugins.
Preloading 0 native plugins for Editor in 0.00 ms.
Unloading 4248 Unused Serialized files (Serialized files now loaded: 0)
Unloading 27 unused Assets / (214.2 KB). Loaded Objects now: 4888.
Memory consumption went from 149.8 MB to 149.6 MB.
Total: 8.781600 ms (FindLiveObjects: 1.290400 ms CreateObjectMapping: 0.620700 ms MarkObjects: 6.530600 ms  DeleteObjects: 0.337500 ms)

Prepare: number of updated asset objects reloaded= 0
AssetImportParameters requested are different than current active one (requested -> active):
  custom:container-demuxer-ogg: 62fdf1f143b41e24485cea50d1cbac27 -> 
  custom:video-codec-MediaFoundation-h265: 746d11721c4dcdbdad8f713fa42b33f4 -> 
  custom:video-decoder-ogg-theora: a1e56fd34408186e4bbccfd4996cb3dc -> 
  custom:framework-win-MediaFoundation: 216162199b28c13a410421893ffa2e32 -> 
  custom:CustomObjectIndexerAttribute: 9a22284fe3817be447336de3de66b15e -> 
  custom:container-demuxer-webm: 4f35f7cbe854078d1ac9338744f61a02 -> 
  custom:container-muxer-webm: aa71ff27fc2769a1b78a27578f13a17b -> 
  custom:video-decoder-webm-vp8: 9c59270c3fd7afecdb556c50c9e8de78 -> 
  custom:SearchIndexIgnoredProperties: e643bd26f0fe6173181afceb89e7c659 -> 
  custom:AudioImporter_EditorPlatform: d09bf68614088b80899f8185d706f6e7 -> 
  custom:video-encoder-webm-vp8: eb34c28f22e8b96e1ab97ce403110664 -> 
  custom:audio-decoder-ogg-vorbis: bf7c407c2cedff20999df2af8eb42d56 -> 
  custom:audio-encoder-webm-vorbis: bf7c407c2cedff20999df2af8eb42d56 -> 
  custom:scripting/precompiled-assembly-types:Assembly-CSharp: f4d7ff9405b2296d99c95dc8709d6063 -> d9898b08f7aa15a36c94fc52d0b7440b
========================================================================
Received Prepare
Caller must complete domain reload
Begin MonoManager ReloadAssembly
- Loaded All Assemblies, in  0.502 seconds
Native extension for WindowsStandalone target not found
Native extension for WebGL target not found
Mono: successfully reloaded assembly
- Finished resetting the current domain, in  1.044 seconds
Domain Reload Profiling: 1546ms
	BeginReloadAssembly (163ms)
		ExecutionOrderSort (0ms)
		DisableScriptedObjects (14ms)
		BackupInstance (0ms)
		ReleaseScriptingObjects (0ms)
		CreateAndSetChildDomain (33ms)
	RebuildCommonClasses (41ms)
	RebuildNativeTypeToScriptingClass (12ms)
	initialDomainReloadingComplete (26ms)
	LoadAllAssembliesAndSetupDomain (259ms)
		LoadAssemblies (333ms)
		RebuildTransferFunctionScriptingTraits (0ms)
		AnalyzeDomain (14ms)
			TypeCache.Refresh (6ms)
				TypeCache.ScanAssembly (0ms)
			ScanForSourceGeneratedMonoScriptInfo (0ms)
			ResolveRequiredComponents (6ms)
	FinalizeReload (1045ms)
		ReleaseScriptCaches (0ms)
		RebuildScriptCaches (0ms)
		SetupLoadedEditorAssemblies (456ms)
			LogAssemblyErrors (0ms)
			InitializePlatformSupportModulesInManaged (9ms)
			SetLoadedEditorAssemblies (7ms)
			RefreshPlugins (0ms)
			BeforeProcessingInitializeOnLoad (75ms)
			ProcessInitializeOnLoadAttributes (327ms)
			ProcessInitializeOnLoadMethodAttributes (36ms)
			AfterProcessingInitializeOnLoad (3ms)
			EditorAssembliesLoaded (0ms)
		ExecutionOrderSort2 (0ms)
		AwakeInstancesAfterBackupRestoration (15ms)
Refreshing native plugins compatible for Editor in 7.57 ms, found 7 plugins.
Preloading 0 native plugins for Editor in 0.00 ms.
Unloading 4248 Unused Serialized files (Serialized files now loaded: 0)
Unloading 27 unused Assets / (213.9 KB). Loaded Objects now: 4892.
Memory consumption went from 149.8 MB to 149.6 MB.
Total: 6.729400 ms (FindLiveObjects: 0.801600 ms CreateObjectMapping: 0.427400 ms MarkObjects: 5.010600 ms  DeleteObjects: 0.486000 ms)

Prepare: number of updated asset objects reloaded= 0
AssetImportParameters requested are different than current active one (requested -> active):
  custom:container-demuxer-ogg: 62fdf1f143b41e24485cea50d1cbac27 -> 
  custom:video-codec-MediaFoundation-h265: 746d11721c4dcdbdad8f713fa42b33f4 -> 
  custom:video-decoder-ogg-theora: a1e56fd34408186e4bbccfd4996cb3dc -> 
  custom:framework-win-MediaFoundation: 216162199b28c13a410421893ffa2e32 -> 
  custom:CustomObjectIndexerAttribute: 9a22284fe3817be447336de3de66b15e -> 
  custom:container-demuxer-webm: 4f35f7cbe854078d1ac9338744f61a02 -> 
  custom:container-muxer-webm: aa71ff27fc2769a1b78a27578f13a17b -> 
  custom:video-decoder-webm-vp8: 9c59270c3fd7afecdb556c50c9e8de78 -> 
  custom:SearchIndexIgnoredProperties: e643bd26f0fe6173181afceb89e7c659 -> 
  custom:AudioImporter_EditorPlatform: d09bf68614088b80899f8185d706f6e7 -> 
  custom:video-encoder-webm-vp8: eb34c28f22e8b96e1ab97ce403110664 -> 
  custom:audio-decoder-ogg-vorbis: bf7c407c2cedff20999df2af8eb42d56 -> 
  custom:audio-encoder-webm-vorbis: bf7c407c2cedff20999df2af8eb42d56 -> 
  custom:scripting/precompiled-assembly-types:Assembly-CSharp: f4d7ff9405b2296d99c95dc8709d6063 -> d9898b08f7aa15a36c94fc52d0b7440b
========================================================================
Received Prepare
Caller must complete domain reload
Begin MonoManager ReloadAssembly
- Loaded All Assemblies, in  0.506 seconds
Native extension for WindowsStandalone target not found
Native extension for WebGL target not found
Mono: successfully reloaded assembly
- Finished resetting the current domain, in  1.042 seconds
Domain Reload Profiling: 1547ms
	BeginReloadAssembly (154ms)
		ExecutionOrderSort (0ms)
		DisableScriptedObjects (12ms)
		BackupInstance (0ms)
		ReleaseScriptingObjects (0ms)
		CreateAndSetChildDomain (32ms)
	RebuildCommonClasses (44ms)
	RebuildNativeTypeToScriptingClass (11ms)
	initialDomainReloadingComplete (35ms)
	LoadAllAssembliesAndSetupDomain (260ms)
		LoadAssemblies (324ms)
		RebuildTransferFunctionScriptingTraits (0ms)
		AnalyzeDomain (18ms)
			TypeCache.Refresh (10ms)
				TypeCache.ScanAssembly (0ms)
			ScanForSourceGeneratedMonoScriptInfo (0ms)
			ResolveRequiredComponents (7ms)
	FinalizeReload (1043ms)
		ReleaseScriptCaches (0ms)
		RebuildScriptCaches (0ms)
		SetupLoadedEditorAssemblies (435ms)
			LogAssemblyErrors (0ms)
			InitializePlatformSupportModulesInManaged (6ms)
			SetLoadedEditorAssemblies (6ms)
			RefreshPlugins (0ms)
			BeforeProcessingInitializeOnLoad (73ms)
			ProcessInitializeOnLoadAttributes (312ms)
			ProcessInitializeOnLoadMethodAttributes (34ms)
			AfterProcessingInitializeOnLoad (4ms)
			EditorAssembliesLoaded (0ms)
		ExecutionOrderSort2 (0ms)
		AwakeInstancesAfterBackupRestoration (15ms)
Refreshing native plugins compatible for Editor in 8.74 ms, found 7 plugins.
Preloading 0 native plugins for Editor in 0.00 ms.
Unloading 4248 Unused Serialized files (Serialized files now loaded: 0)
Unloading 27 unused Assets / (214.0 KB). Loaded Objects now: 4896.
Memory consumption went from 149.8 MB to 149.6 MB.
Total: 8.184500 ms (FindLiveObjects: 0.735800 ms CreateObjectMapping: 0.449400 ms MarkObjects: 6.672800 ms  DeleteObjects: 0.324600 ms)

Prepare: number of updated asset objects reloaded= 0
AssetImportParameters requested are different than current active one (requested -> active):
  custom:container-demuxer-ogg: 62fdf1f143b41e24485cea50d1cbac27 -> 
  custom:video-codec-MediaFoundation-h265: 746d11721c4dcdbdad8f713fa42b33f4 -> 
  custom:video-decoder-ogg-theora: a1e56fd34408186e4bbccfd4996cb3dc -> 
  custom:framework-win-MediaFoundation: 216162199b28c13a410421893ffa2e32 -> 
  custom:CustomObjectIndexerAttribute: 9a22284fe3817be447336de3de66b15e -> 
  custom:container-demuxer-webm: 4f35f7cbe854078d1ac9338744f61a02 -> 
  custom:container-muxer-webm: aa71ff27fc2769a1b78a27578f13a17b -> 
  custom:video-decoder-webm-vp8: 9c59270c3fd7afecdb556c50c9e8de78 -> 
  custom:SearchIndexIgnoredProperties: e643bd26f0fe6173181afceb89e7c659 -> 
  custom:AudioImporter_EditorPlatform: d09bf68614088b80899f8185d706f6e7 -> 
  custom:video-encoder-webm-vp8: eb34c28f22e8b96e1ab97ce403110664 -> 
  custom:audio-decoder-ogg-vorbis: bf7c407c2cedff20999df2af8eb42d56 -> 
  custom:audio-encoder-webm-vorbis: bf7c407c2cedff20999df2af8eb42d56 -> 
  custom:scripting/precompiled-assembly-types:Assembly-CSharp: f4d7ff9405b2296d99c95dc8709d6063 -> d9898b08f7aa15a36c94fc52d0b7440b
========================================================================
Received Prepare
Caller must complete domain reload
Begin MonoManager ReloadAssembly
- Loaded All Assemblies, in  0.510 seconds
Native extension for WindowsStandalone target not found
Native extension for WebGL target not found
Mono: successfully reloaded assembly
- Finished resetting the current domain, in  1.067 seconds
Domain Reload Profiling: 1577ms
	BeginReloadAssembly (165ms)
		ExecutionOrderSort (0ms)
		DisableScriptedObjects (13ms)
		BackupInstance (0ms)
		ReleaseScriptingObjects (0ms)
		CreateAndSetChildDomain (34ms)
	RebuildCommonClasses (39ms)
	RebuildNativeTypeToScriptingClass (13ms)
	initialDomainReloadingComplete (27ms)
	LoadAllAssembliesAndSetupDomain (265ms)
		LoadAssemblies (342ms)
		RebuildTransferFunctionScriptingTraits (0ms)
		AnalyzeDomain (13ms)
			TypeCache.Refresh (6ms)
				TypeCache.ScanAssembly (0ms)
			ScanForSourceGeneratedMonoScriptInfo (0ms)
			ResolveRequiredComponents (6ms)
	FinalizeReload (1068ms)
		ReleaseScriptCaches (0ms)
		RebuildScriptCaches (0ms)
		SetupLoadedEditorAssemblies (443ms)
			LogAssemblyErrors (0ms)
			InitializePlatformSupportModulesInManaged (6ms)
			SetLoadedEditorAssemblies (6ms)
			RefreshPlugins (0ms)
			BeforeProcessingInitializeOnLoad (73ms)
			ProcessInitializeOnLoadAttributes (316ms)
			ProcessInitializeOnLoadMethodAttributes (38ms)
			AfterProcessingInitializeOnLoad (3ms)
			EditorAssembliesLoaded (0ms)
		ExecutionOrderSort2 (0ms)
		AwakeInstancesAfterBackupRestoration (17ms)
Refreshing native plugins compatible for Editor in 8.40 ms, found 7 plugins.
Preloading 0 native plugins for Editor in 0.00 ms.
Unloading 4248 Unused Serialized files (Serialized files now loaded: 0)
Unloading 27 unused Assets / (214.0 KB). Loaded Objects now: 4900.
Memory consumption went from 149.8 MB to 149.6 MB.
Total: 3.968000 ms (FindLiveObjects: 0.428800 ms CreateObjectMapping: 0.166800 ms MarkObjects: 3.135600 ms  DeleteObjects: 0.235400 ms)

Prepare: number of updated asset objects reloaded= 0
AssetImportParameters requested are different than current active one (requested -> active):
  custom:container-demuxer-ogg: 62fdf1f143b41e24485cea50d1cbac27 -> 
  custom:video-codec-MediaFoundation-h265: 746d11721c4dcdbdad8f713fa42b33f4 -> 
  custom:video-decoder-ogg-theora: a1e56fd34408186e4bbccfd4996cb3dc -> 
  custom:framework-win-MediaFoundation: 216162199b28c13a410421893ffa2e32 -> 
  custom:CustomObjectIndexerAttribute: 9a22284fe3817be447336de3de66b15e -> 
  custom:container-demuxer-webm: 4f35f7cbe854078d1ac9338744f61a02 -> 
  custom:container-muxer-webm: aa71ff27fc2769a1b78a27578f13a17b -> 
  custom:video-decoder-webm-vp8: 9c59270c3fd7afecdb556c50c9e8de78 -> 
  custom:SearchIndexIgnoredProperties: e643bd26f0fe6173181afceb89e7c659 -> 
  custom:AudioImporter_EditorPlatform: d09bf68614088b80899f8185d706f6e7 -> 
  custom:video-encoder-webm-vp8: eb34c28f22e8b96e1ab97ce403110664 -> 
  custom:audio-decoder-ogg-vorbis: bf7c407c2cedff20999df2af8eb42d56 -> 
  custom:audio-encoder-webm-vorbis: bf7c407c2cedff20999df2af8eb42d56 -> 
  custom:scripting/precompiled-assembly-types:Assembly-CSharp: f4d7ff9405b2296d99c95dc8709d6063 -> d9898b08f7aa15a36c94fc52d0b7440b
========================================================================
Received Prepare
Caller must complete domain reload
Begin MonoManager ReloadAssembly
- Loaded All Assemblies, in  0.501 seconds
Native extension for WindowsStandalone target not found
Native extension for WebGL target not found
Mono: successfully reloaded assembly
- Finished resetting the current domain, in  1.047 seconds
Domain Reload Profiling: 1548ms
	BeginReloadAssembly (164ms)
		ExecutionOrderSort (0ms)
		DisableScriptedObjects (13ms)
		BackupInstance (0ms)
		ReleaseScriptingObjects (0ms)
		CreateAndSetChildDomain (34ms)
	RebuildCommonClasses (35ms)
	RebuildNativeTypeToScriptingClass (12ms)
	initialDomainReloadingComplete (27ms)
	LoadAllAssembliesAndSetupDomain (263ms)
		LoadAssemblies (336ms)
		RebuildTransferFunctionScriptingTraits (0ms)
		AnalyzeDomain (14ms)
			TypeCache.Refresh (7ms)
				TypeCache.ScanAssembly (0ms)
			ScanForSourceGeneratedMonoScriptInfo (0ms)
			ResolveRequiredComponents (6ms)
	FinalizeReload (1048ms)
		ReleaseScriptCaches (0ms)
		RebuildScriptCaches (0ms)
		SetupLoadedEditorAssemblies (461ms)
			LogAssemblyErrors (0ms)
			InitializePlatformSupportModulesInManaged (9ms)
			SetLoadedEditorAssemblies (6ms)
			RefreshPlugins (0ms)
			BeforeProcessingInitializeOnLoad (75ms)
			ProcessInitializeOnLoadAttributes (334ms)
			ProcessInitializeOnLoadMethodAttributes (33ms)
			AfterProcessingInitializeOnLoad (3ms)
			EditorAssembliesLoaded (0ms)
		ExecutionOrderSort2 (0ms)
		AwakeInstancesAfterBackupRestoration (18ms)
Refreshing native plugins compatible for Editor in 9.47 ms, found 7 plugins.
Preloading 0 native plugins for Editor in 0.00 ms.
Unloading 4248 Unused Serialized files (Serialized files now loaded: 0)
Unloading 27 unused Assets / (213.8 KB). Loaded Objects now: 4904.
Memory consumption went from 149.8 MB to 149.6 MB.
Total: 6.667800 ms (FindLiveObjects: 0.671800 ms CreateObjectMapping: 0.235100 ms MarkObjects: 5.442200 ms  DeleteObjects: 0.316000 ms)

Prepare: number of updated asset objects reloaded= 0
AssetImportParameters requested are different than current active one (requested -> active):
  custom:container-demuxer-ogg: 62fdf1f143b41e24485cea50d1cbac27 -> 
  custom:video-codec-MediaFoundation-h265: 746d11721c4dcdbdad8f713fa42b33f4 -> 
  custom:video-decoder-ogg-theora: a1e56fd34408186e4bbccfd4996cb3dc -> 
  custom:framework-win-MediaFoundation: 216162199b28c13a410421893ffa2e32 -> 
  custom:CustomObjectIndexerAttribute: 9a22284fe3817be447336de3de66b15e -> 
  custom:container-demuxer-webm: 4f35f7cbe854078d1ac9338744f61a02 -> 
  custom:container-muxer-webm: aa71ff27fc2769a1b78a27578f13a17b -> 
  custom:video-decoder-webm-vp8: 9c59270c3fd7afecdb556c50c9e8de78 -> 
  custom:SearchIndexIgnoredProperties: e643bd26f0fe6173181afceb89e7c659 -> 
  custom:AudioImporter_EditorPlatform: d09bf68614088b80899f8185d706f6e7 -> 
  custom:video-encoder-webm-vp8: eb34c28f22e8b96e1ab97ce403110664 -> 
  custom:audio-decoder-ogg-vorbis: bf7c407c2cedff20999df2af8eb42d56 -> 
  custom:audio-encoder-webm-vorbis: bf7c407c2cedff20999df2af8eb42d56 -> 
  custom:scripting/precompiled-assembly-types:Assembly-CSharp: f4d7ff9405b2296d99c95dc8709d6063 -> d9898b08f7aa15a36c94fc52d0b7440b
========================================================================
Received Prepare
Caller must complete domain reload
Begin MonoManager ReloadAssembly
- Loaded All Assemblies, in  0.527 seconds
Native extension for WindowsStandalone target not found
Native extension for WebGL target not found
Mono: successfully reloaded assembly
- Finished resetting the current domain, in  1.032 seconds
Domain Reload Profiling: 1558ms
	BeginReloadAssembly (169ms)
		ExecutionOrderSort (0ms)
		DisableScriptedObjects (13ms)
		BackupInstance (0ms)
		ReleaseScriptingObjects (0ms)
		CreateAndSetChildDomain (38ms)
	RebuildCommonClasses (35ms)
	RebuildNativeTypeToScriptingClass (12ms)
	initialDomainReloadingComplete (31ms)
	LoadAllAssembliesAndSetupDomain (279ms)
		LoadAssemblies (331ms)
		RebuildTransferFunctionScriptingTraits (0ms)
		AnalyzeDomain (35ms)
			TypeCache.Refresh (10ms)
				TypeCache.ScanAssembly (0ms)
			ScanForSourceGeneratedMonoScriptInfo (18ms)
			ResolveRequiredComponents (6ms)
	FinalizeReload (1032ms)
		ReleaseScriptCaches (0ms)
		RebuildScriptCaches (0ms)
		SetupLoadedEditorAssemblies (442ms)
			LogAssemblyErrors (0ms)
			InitializePlatformSupportModulesInManaged (6ms)
			SetLoadedEditorAssemblies (6ms)
			RefreshPlugins (0ms)
			BeforeProcessingInitializeOnLoad (73ms)
			ProcessInitializeOnLoadAttributes (321ms)
			ProcessInitializeOnLoadMethodAttributes (34ms)
			AfterProcessingInitializeOnLoad (3ms)
			EditorAssembliesLoaded (0ms)
		ExecutionOrderSort2 (0ms)
		AwakeInstancesAfterBackupRestoration (15ms)
Refreshing native plugins compatible for Editor in 7.89 ms, found 7 plugins.
Preloading 0 native plugins for Editor in 0.00 ms.
Unloading 4248 Unused Serialized files (Serialized files now loaded: 0)
Unloading 27 unused Assets / (213.9 KB). Loaded Objects now: 4908.
Memory consumption went from 149.9 MB to 149.6 MB.
Total: 5.181600 ms (FindLiveObjects: 0.560100 ms CreateObjectMapping: 0.262700 ms MarkObjects: 4.041000 ms  DeleteObjects: 0.316200 ms)

Prepare: number of updated asset objects reloaded= 0
AssetImportParameters requested are different than current active one (requested -> active):
  custom:container-demuxer-ogg: 62fdf1f143b41e24485cea50d1cbac27 -> 
  custom:video-codec-MediaFoundation-h265: 746d11721c4dcdbdad8f713fa42b33f4 -> 
  custom:video-decoder-ogg-theora: a1e56fd34408186e4bbccfd4996cb3dc -> 
  custom:framework-win-MediaFoundation: 216162199b28c13a410421893ffa2e32 -> 
  custom:CustomObjectIndexerAttribute: 9a22284fe3817be447336de3de66b15e -> 
  custom:container-demuxer-webm: 4f35f7cbe854078d1ac9338744f61a02 -> 
  custom:container-muxer-webm: aa71ff27fc2769a1b78a27578f13a17b -> 
  custom:video-decoder-webm-vp8: 9c59270c3fd7afecdb556c50c9e8de78 -> 
  custom:SearchIndexIgnoredProperties: e643bd26f0fe6173181afceb89e7c659 -> 
  custom:AudioImporter_EditorPlatform: d09bf68614088b80899f8185d706f6e7 -> 
  custom:video-encoder-webm-vp8: eb34c28f22e8b96e1ab97ce403110664 -> 
  custom:audio-decoder-ogg-vorbis: bf7c407c2cedff20999df2af8eb42d56 -> 
  custom:audio-encoder-webm-vorbis: bf7c407c2cedff20999df2af8eb42d56 -> 
========================================================================
Received Prepare
Caller must complete domain reload
Begin MonoManager ReloadAssembly
- Loaded All Assemblies, in  0.497 seconds
Native extension for WindowsStandalone target not found
Native extension for WebGL target not found
Mono: successfully reloaded assembly
- Finished resetting the current domain, in  1.042 seconds
Domain Reload Profiling: 1539ms
	BeginReloadAssembly (155ms)
		ExecutionOrderSort (0ms)
		DisableScriptedObjects (15ms)
		BackupInstance (0ms)
		ReleaseScriptingObjects (0ms)
		CreateAndSetChildDomain (33ms)
	RebuildCommonClasses (35ms)
	RebuildNativeTypeToScriptingClass (15ms)
	initialDomainReloadingComplete (28ms)
	LoadAllAssembliesAndSetupDomain (263ms)
		LoadAssemblies (326ms)
		RebuildTransferFunctionScriptingTraits (0ms)
		AnalyzeDomain (16ms)
			TypeCache.Refresh (8ms)
				TypeCache.ScanAssembly (0ms)
			ScanForSourceGeneratedMonoScriptInfo (0ms)
			ResolveRequiredComponents (7ms)
	FinalizeReload (1042ms)
		ReleaseScriptCaches (0ms)
		RebuildScriptCaches (0ms)
		SetupLoadedEditorAssemblies (434ms)
			LogAssemblyErrors (0ms)
			InitializePlatformSupportModulesInManaged (6ms)
			SetLoadedEditorAssemblies (5ms)
			RefreshPlugins (0ms)
			BeforeProcessingInitializeOnLoad (70ms)
			ProcessInitializeOnLoadAttributes (313ms)
			ProcessInitializeOnLoadMethodAttributes (36ms)
			AfterProcessingInitializeOnLoad (3ms)
			EditorAssembliesLoaded (0ms)
		ExecutionOrderSort2 (0ms)
		AwakeInstancesAfterBackupRestoration (19ms)
Refreshing native plugins compatible for Editor in 9.13 ms, found 7 plugins.
Preloading 0 native plugins for Editor in 0.00 ms.
Unloading 4248 Unused Serialized files (Serialized files now loaded: 0)
Unloading 27 unused Assets / (214.0 KB). Loaded Objects now: 4912.
Memory consumption went from 149.9 MB to 149.6 MB.
Total: 8.165700 ms (FindLiveObjects: 1.039200 ms CreateObjectMapping: 0.544600 ms MarkObjects: 6.249400 ms  DeleteObjects: 0.329500 ms)

Prepare: number of updated asset objects reloaded= 0
AssetImportParameters requested are different than current active one (requested -> active):
  custom:container-demuxer-ogg: 62fdf1f143b41e24485cea50d1cbac27 -> 
  custom:video-codec-MediaFoundation-h265: 746d11721c4dcdbdad8f713fa42b33f4 -> 
  custom:video-decoder-ogg-theora: a1e56fd34408186e4bbccfd4996cb3dc -> 
  custom:framework-win-MediaFoundation: 216162199b28c13a410421893ffa2e32 -> 
  custom:CustomObjectIndexerAttribute: 9a22284fe3817be447336de3de66b15e -> 
  custom:container-demuxer-webm: 4f35f7cbe854078d1ac9338744f61a02 -> 
  custom:container-muxer-webm: aa71ff27fc2769a1b78a27578f13a17b -> 
  custom:video-decoder-webm-vp8: 9c59270c3fd7afecdb556c50c9e8de78 -> 
  custom:SearchIndexIgnoredProperties: e643bd26f0fe6173181afceb89e7c659 -> 
  custom:AudioImporter_EditorPlatform: d09bf68614088b80899f8185d706f6e7 -> 
  custom:video-encoder-webm-vp8: eb34c28f22e8b96e1ab97ce403110664 -> 
  custom:audio-decoder-ogg-vorbis: bf7c407c2cedff20999df2af8eb42d56 -> 
  custom:audio-encoder-webm-vorbis: bf7c407c2cedff20999df2af8eb42d56 -> 
========================================================================
Received Prepare
Caller must complete domain reload
Begin MonoManager ReloadAssembly
- Loaded All Assemblies, in  0.501 seconds
Native extension for WindowsStandalone target not found
Native extension for WebGL target not found
Mono: successfully reloaded assembly
- Finished resetting the current domain, in  1.063 seconds
Domain Reload Profiling: 1563ms
	BeginReloadAssembly (158ms)
		ExecutionOrderSort (0ms)
		DisableScriptedObjects (12ms)
		BackupInstance (0ms)
		ReleaseScriptingObjects (0ms)
		CreateAndSetChildDomain (38ms)
	RebuildCommonClasses (34ms)
	RebuildNativeTypeToScriptingClass (14ms)
	initialDomainReloadingComplete (32ms)
	LoadAllAssembliesAndSetupDomain (261ms)
		LoadAssemblies (325ms)
		RebuildTransferFunctionScriptingTraits (0ms)
		AnalyzeDomain (15ms)
			TypeCache.Refresh (7ms)
				TypeCache.ScanAssembly (0ms)
			ScanForSourceGeneratedMonoScriptInfo (0ms)
			ResolveRequiredComponents (8ms)
	FinalizeReload (1063ms)
		ReleaseScriptCaches (0ms)
		RebuildScriptCaches (0ms)
		SetupLoadedEditorAssemblies (438ms)
			LogAssemblyErrors (0ms)
			InitializePlatformSupportModulesInManaged (6ms)
			SetLoadedEditorAssemblies (6ms)
			RefreshPlugins (0ms)
			BeforeProcessingInitializeOnLoad (74ms)
			ProcessInitializeOnLoadAttributes (311ms)
			ProcessInitializeOnLoadMethodAttributes (38ms)
			AfterProcessingInitializeOnLoad (4ms)
			EditorAssembliesLoaded (0ms)
		ExecutionOrderSort2 (0ms)
		AwakeInstancesAfterBackupRestoration (15ms)
Refreshing native plugins compatible for Editor in 9.00 ms, found 7 plugins.
Preloading 0 native plugins for Editor in 0.00 ms.
Unloading 4248 Unused Serialized files (Serialized files now loaded: 0)
Unloading 27 unused Assets / (214.0 KB). Loaded Objects now: 4916.
Memory consumption went from 149.9 MB to 149.7 MB.
Total: 7.551300 ms (FindLiveObjects: 0.695200 ms CreateObjectMapping: 0.823700 ms MarkObjects: 5.576400 ms  DeleteObjects: 0.453600 ms)

Prepare: number of updated asset objects reloaded= 0
AssetImportParameters requested are different than current active one (requested -> active):
  custom:container-demuxer-ogg: 62fdf1f143b41e24485cea50d1cbac27 -> 
  custom:video-codec-MediaFoundation-h265: 746d11721c4dcdbdad8f713fa42b33f4 -> 
  custom:video-decoder-ogg-theora: a1e56fd34408186e4bbccfd4996cb3dc -> 
  custom:framework-win-MediaFoundation: 216162199b28c13a410421893ffa2e32 -> 
  custom:CustomObjectIndexerAttribute: 9a22284fe3817be447336de3de66b15e -> 
  custom:container-demuxer-webm: 4f35f7cbe854078d1ac9338744f61a02 -> 
  custom:container-muxer-webm: aa71ff27fc2769a1b78a27578f13a17b -> 
  custom:video-decoder-webm-vp8: 9c59270c3fd7afecdb556c50c9e8de78 -> 
  custom:SearchIndexIgnoredProperties: e643bd26f0fe6173181afceb89e7c659 -> 
  custom:AudioImporter_EditorPlatform: d09bf68614088b80899f8185d706f6e7 -> 
  custom:video-encoder-webm-vp8: eb34c28f22e8b96e1ab97ce403110664 -> 
  custom:audio-decoder-ogg-vorbis: bf7c407c2cedff20999df2af8eb42d56 -> 
  custom:audio-encoder-webm-vorbis: bf7c407c2cedff20999df2af8eb42d56 -> 
========================================================================
Received Prepare
Caller must complete domain reload
Begin MonoManager ReloadAssembly
- Loaded All Assemblies, in  0.511 seconds
Native extension for WindowsStandalone target not found
Native extension for WebGL target not found
Mono: successfully reloaded assembly
- Finished resetting the current domain, in  1.072 seconds
Domain Reload Profiling: 1582ms
	BeginReloadAssembly (170ms)
		ExecutionOrderSort (0ms)
		DisableScriptedObjects (12ms)
		BackupInstance (0ms)
		ReleaseScriptingObjects (0ms)
		CreateAndSetChildDomain (38ms)
	RebuildCommonClasses (36ms)
	RebuildNativeTypeToScriptingClass (13ms)
	initialDomainReloadingComplete (33ms)
	LoadAllAssembliesAndSetupDomain (257ms)
		LoadAssemblies (336ms)
		RebuildTransferFunctionScriptingTraits (0ms)
		AnalyzeDomain (13ms)
			TypeCache.Refresh (6ms)
				TypeCache.ScanAssembly (0ms)
			ScanForSourceGeneratedMonoScriptInfo (0ms)
			ResolveRequiredComponents (6ms)
	FinalizeReload (1073ms)
		ReleaseScriptCaches (0ms)
		RebuildScriptCaches (0ms)
		SetupLoadedEditorAssemblies (464ms)
			LogAssemblyErrors (0ms)
			InitializePlatformSupportModulesInManaged (6ms)
			SetLoadedEditorAssemblies (5ms)
			RefreshPlugins (0ms)
			BeforeProcessingInitializeOnLoad (77ms)
			ProcessInitializeOnLoadAttributes (339ms)
			ProcessInitializeOnLoadMethodAttributes (33ms)
			AfterProcessingInitializeOnLoad (3ms)
			EditorAssembliesLoaded (0ms)
		ExecutionOrderSort2 (0ms)
		AwakeInstancesAfterBackupRestoration (16ms)
Refreshing native plugins compatible for Editor in 11.40 ms, found 7 plugins.
Preloading 0 native plugins for Editor in 0.00 ms.
Unloading 4248 Unused Serialized files (Serialized files now loaded: 0)
Unloading 27 unused Assets / (214.0 KB). Loaded Objects now: 4920.
Memory consumption went from 149.9 MB to 149.6 MB.
Total: 7.891300 ms (FindLiveObjects: 0.856000 ms CreateObjectMapping: 0.547700 ms MarkObjects: 6.060900 ms  DeleteObjects: 0.424800 ms)

Prepare: number of updated asset objects reloaded= 0
AssetImportParameters requested are different than current active one (requested -> active):
  custom:container-demuxer-ogg: 62fdf1f143b41e24485cea50d1cbac27 -> 
  custom:video-codec-MediaFoundation-h265: 746d11721c4dcdbdad8f713fa42b33f4 -> 
  custom:video-decoder-ogg-theora: a1e56fd34408186e4bbccfd4996cb3dc -> 
  custom:framework-win-MediaFoundation: 216162199b28c13a410421893ffa2e32 -> 
  custom:CustomObjectIndexerAttribute: 9a22284fe3817be447336de3de66b15e -> 
  custom:container-demuxer-webm: 4f35f7cbe854078d1ac9338744f61a02 -> 
  custom:container-muxer-webm: aa71ff27fc2769a1b78a27578f13a17b -> 
  custom:video-decoder-webm-vp8: 9c59270c3fd7afecdb556c50c9e8de78 -> 
  custom:SearchIndexIgnoredProperties: e643bd26f0fe6173181afceb89e7c659 -> 
  custom:AudioImporter_EditorPlatform: d09bf68614088b80899f8185d706f6e7 -> 
  custom:video-encoder-webm-vp8: eb34c28f22e8b96e1ab97ce403110664 -> 
  custom:audio-decoder-ogg-vorbis: bf7c407c2cedff20999df2af8eb42d56 -> 
  custom:audio-encoder-webm-vorbis: bf7c407c2cedff20999df2af8eb42d56 -> 
========================================================================
Received Prepare
Caller must complete domain reload
Begin MonoManager ReloadAssembly
- Loaded All Assemblies, in  0.502 seconds
Native extension for WindowsStandalone target not found
Native extension for WebGL target not found
Mono: successfully reloaded assembly
- Finished resetting the current domain, in  1.068 seconds
Domain Reload Profiling: 1570ms
	BeginReloadAssembly (167ms)
		ExecutionOrderSort (0ms)
		DisableScriptedObjects (13ms)
		BackupInstance (0ms)
		ReleaseScriptingObjects (0ms)
		CreateAndSetChildDomain (38ms)
	RebuildCommonClasses (34ms)
	RebuildNativeTypeToScriptingClass (12ms)
	initialDomainReloadingComplete (27ms)
	LoadAllAssembliesAndSetupDomain (261ms)
		LoadAssemblies (335ms)
		RebuildTransferFunctionScriptingTraits (0ms)
		AnalyzeDomain (14ms)
			TypeCache.Refresh (6ms)
				TypeCache.ScanAssembly (0ms)
			ScanForSourceGeneratedMonoScriptInfo (0ms)
			ResolveRequiredComponents (7ms)
	FinalizeReload (1069ms)
		ReleaseScriptCaches (0ms)
		RebuildScriptCaches (0ms)
		SetupLoadedEditorAssemblies (460ms)
			LogAssemblyErrors (0ms)
			InitializePlatformSupportModulesInManaged (6ms)
			SetLoadedEditorAssemblies (5ms)
			RefreshPlugins (0ms)
			BeforeProcessingInitializeOnLoad (72ms)
			ProcessInitializeOnLoadAttributes (339ms)
			ProcessInitializeOnLoadMethodAttributes (35ms)
			AfterProcessingInitializeOnLoad (3ms)
			EditorAssembliesLoaded (0ms)
		ExecutionOrderSort2 (0ms)
		AwakeInstancesAfterBackupRestoration (15ms)
Refreshing native plugins compatible for Editor in 8.24 ms, found 7 plugins.
Preloading 0 native plugins for Editor in 0.00 ms.
Unloading 4248 Unused Serialized files (Serialized files now loaded: 0)
Unloading 27 unused Assets / (214.0 KB). Loaded Objects now: 4924.
Memory consumption went from 149.9 MB to 149.7 MB.
Total: 7.961900 ms (FindLiveObjects: 0.869200 ms CreateObjectMapping: 0.599800 ms MarkObjects: 6.174200 ms  DeleteObjects: 0.317200 ms)

Prepare: number of updated asset objects reloaded= 0
AssetImportParameters requested are different than current active one (requested -> active):
  custom:container-demuxer-ogg: 62fdf1f143b41e24485cea50d1cbac27 -> 
  custom:video-codec-MediaFoundation-h265: 746d11721c4dcdbdad8f713fa42b33f4 -> 
  custom:video-decoder-ogg-theora: a1e56fd34408186e4bbccfd4996cb3dc -> 
  custom:framework-win-MediaFoundation: 216162199b28c13a410421893ffa2e32 -> 
  custom:CustomObjectIndexerAttribute: 9a22284fe3817be447336de3de66b15e -> 
  custom:container-demuxer-webm: 4f35f7cbe854078d1ac9338744f61a02 -> 
  custom:container-muxer-webm: aa71ff27fc2769a1b78a27578f13a17b -> 
  custom:video-decoder-webm-vp8: 9c59270c3fd7afecdb556c50c9e8de78 -> 
  custom:SearchIndexIgnoredProperties: e643bd26f0fe6173181afceb89e7c659 -> 
  custom:AudioImporter_EditorPlatform: d09bf68614088b80899f8185d706f6e7 -> 
  custom:video-encoder-webm-vp8: eb34c28f22e8b96e1ab97ce403110664 -> 
  custom:audio-decoder-ogg-vorbis: bf7c407c2cedff20999df2af8eb42d56 -> 
  custom:audio-encoder-webm-vorbis: bf7c407c2cedff20999df2af8eb42d56 -> 
========================================================================
Received Prepare
Caller must complete domain reload
Begin MonoManager ReloadAssembly
- Loaded All Assemblies, in  0.530 seconds
Native extension for WindowsStandalone target not found
Native extension for WebGL target not found
Mono: successfully reloaded assembly
- Finished resetting the current domain, in  1.179 seconds
Domain Reload Profiling: 1708ms
	BeginReloadAssembly (165ms)
		ExecutionOrderSort (0ms)
		DisableScriptedObjects (12ms)
		BackupInstance (0ms)
		ReleaseScriptingObjects (0ms)
		CreateAndSetChildDomain (36ms)
	RebuildCommonClasses (40ms)
	RebuildNativeTypeToScriptingClass (12ms)
	initialDomainReloadingComplete (29ms)
	LoadAllAssembliesAndSetupDomain (283ms)
		LoadAssemblies (341ms)
		RebuildTransferFunctionScriptingTraits (0ms)
		AnalyzeDomain (29ms)
			TypeCache.Refresh (10ms)
				TypeCache.ScanAssembly (0ms)
			ScanForSourceGeneratedMonoScriptInfo (11ms)
			ResolveRequiredComponents (7ms)
	FinalizeReload (1180ms)
		ReleaseScriptCaches (0ms)
		RebuildScriptCaches (0ms)
		SetupLoadedEditorAssemblies (409ms)
			LogAssemblyErrors (0ms)
			InitializePlatformSupportModulesInManaged (6ms)
			SetLoadedEditorAssemblies (5ms)
			RefreshPlugins (0ms)
			BeforeProcessingInitializeOnLoad (71ms)
			ProcessInitializeOnLoadAttributes (291ms)
			ProcessInitializeOnLoadMethodAttributes (32ms)
			AfterProcessingInitializeOnLoad (4ms)
			EditorAssembliesLoaded (0ms)
		ExecutionOrderSort2 (0ms)
		AwakeInstancesAfterBackupRestoration (16ms)
Refreshing native plugins compatible for Editor in 8.73 ms, found 7 plugins.
Preloading 0 native plugins for Editor in 0.00 ms.
Unloading 4248 Unused Serialized files (Serialized files now loaded: 0)
Unloading 27 unused Assets / (214.0 KB). Loaded Objects now: 4928.
Memory consumption went from 149.9 MB to 149.7 MB.
Total: 4.400400 ms (FindLiveObjects: 0.536700 ms CreateObjectMapping: 0.215600 ms MarkObjects: 3.434200 ms  DeleteObjects: 0.211800 ms)

Prepare: number of updated asset objects reloaded= 0
AssetImportParameters requested are different than current active one (requested -> active):
  custom:container-demuxer-ogg: 62fdf1f143b41e24485cea50d1cbac27 -> 
  custom:video-codec-MediaFoundation-h265: 746d11721c4dcdbdad8f713fa42b33f4 -> 
  custom:video-decoder-ogg-theora: a1e56fd34408186e4bbccfd4996cb3dc -> 
  custom:framework-win-MediaFoundation: 216162199b28c13a410421893ffa2e32 -> 
  custom:CustomObjectIndexerAttribute: 9a22284fe3817be447336de3de66b15e -> 
  custom:container-demuxer-webm: 4f35f7cbe854078d1ac9338744f61a02 -> 
  custom:container-muxer-webm: aa71ff27fc2769a1b78a27578f13a17b -> 
  custom:video-decoder-webm-vp8: 9c59270c3fd7afecdb556c50c9e8de78 -> 
  custom:SearchIndexIgnoredProperties: e643bd26f0fe6173181afceb89e7c659 -> 
  custom:AudioImporter_EditorPlatform: d09bf68614088b80899f8185d706f6e7 -> 
  custom:video-encoder-webm-vp8: eb34c28f22e8b96e1ab97ce403110664 -> 
  custom:audio-decoder-ogg-vorbis: bf7c407c2cedff20999df2af8eb42d56 -> 
  custom:audio-encoder-webm-vorbis: bf7c407c2cedff20999df2af8eb42d56 -> 
========================================================================
Received Prepare
Caller must complete domain reload
Begin MonoManager ReloadAssembly
- Loaded All Assemblies, in  0.499 seconds
Native extension for WindowsStandalone target not found
Native extension for WebGL target not found
Mono: successfully reloaded assembly
- Finished resetting the current domain, in  0.996 seconds
Domain Reload Profiling: 1495ms
	BeginReloadAssembly (164ms)
		ExecutionOrderSort (0ms)
		DisableScriptedObjects (13ms)
		BackupInstance (0ms)
		ReleaseScriptingObjects (0ms)
		CreateAndSetChildDomain (35ms)
	RebuildCommonClasses (37ms)
	RebuildNativeTypeToScriptingClass (12ms)
	initialDomainReloadingComplete (28ms)
	LoadAllAssembliesAndSetupDomain (258ms)
		LoadAssemblies (329ms)
		RebuildTransferFunctionScriptingTraits (0ms)
		AnalyzeDomain (14ms)
			TypeCache.Refresh (6ms)
				TypeCache.ScanAssembly (0ms)
			ScanForSourceGeneratedMonoScriptInfo (0ms)
			ResolveRequiredComponents (6ms)
	FinalizeReload (997ms)
		ReleaseScriptCaches (0ms)
		RebuildScriptCaches (0ms)
		SetupLoadedEditorAssemblies (423ms)
			LogAssemblyErrors (0ms)
			InitializePlatformSupportModulesInManaged (7ms)
			SetLoadedEditorAssemblies (6ms)
			RefreshPlugins (0ms)
			BeforeProcessingInitializeOnLoad (70ms)
			ProcessInitializeOnLoadAttributes (307ms)
			ProcessInitializeOnLoadMethodAttributes (30ms)
			AfterProcessingInitializeOnLoad (3ms)
			EditorAssembliesLoaded (0ms)
		ExecutionOrderSort2 (0ms)
		AwakeInstancesAfterBackupRestoration (14ms)
Refreshing native plugins compatible for Editor in 7.67 ms, found 7 plugins.
Preloading 0 native plugins for Editor in 0.00 ms.
Unloading 4248 Unused Serialized files (Serialized files now loaded: 0)
Unloading 27 unused Assets / (214.1 KB). Loaded Objects now: 4932.
Memory consumption went from 149.9 MB to 149.7 MB.
Total: 3.883000 ms (FindLiveObjects: 0.392300 ms CreateObjectMapping: 0.179300 ms MarkObjects: 3.103200 ms  DeleteObjects: 0.206900 ms)

Prepare: number of updated asset objects reloaded= 0
AssetImportParameters requested are different than current active one (requested -> active):
  custom:container-demuxer-ogg: 62fdf1f143b41e24485cea50d1cbac27 -> 
  custom:video-codec-MediaFoundation-h265: 746d11721c4dcdbdad8f713fa42b33f4 -> 
  custom:video-decoder-ogg-theora: a1e56fd34408186e4bbccfd4996cb3dc -> 
  custom:framework-win-MediaFoundation: 216162199b28c13a410421893ffa2e32 -> 
  custom:CustomObjectIndexerAttribute: 9a22284fe3817be447336de3de66b15e -> 
  custom:container-demuxer-webm: 4f35f7cbe854078d1ac9338744f61a02 -> 
  custom:container-muxer-webm: aa71ff27fc2769a1b78a27578f13a17b -> 
  custom:video-decoder-webm-vp8: 9c59270c3fd7afecdb556c50c9e8de78 -> 
  custom:SearchIndexIgnoredProperties: e643bd26f0fe6173181afceb89e7c659 -> 
  custom:AudioImporter_EditorPlatform: d09bf68614088b80899f8185d706f6e7 -> 
  custom:video-encoder-webm-vp8: eb34c28f22e8b96e1ab97ce403110664 -> 
  custom:audio-decoder-ogg-vorbis: bf7c407c2cedff20999df2af8eb42d56 -> 
  custom:audio-encoder-webm-vorbis: bf7c407c2cedff20999df2af8eb42d56 -> 
========================================================================
Received Prepare
Caller must complete domain reload
Begin MonoManager ReloadAssembly
- Loaded All Assemblies, in  0.544 seconds
Native extension for WindowsStandalone target not found
Native extension for WebGL target not found
Mono: successfully reloaded assembly
- Finished resetting the current domain, in  1.007 seconds
Domain Reload Profiling: 1551ms
	BeginReloadAssembly (171ms)
		ExecutionOrderSort (0ms)
		DisableScriptedObjects (12ms)
		BackupInstance (0ms)
		ReleaseScriptingObjects (0ms)
		CreateAndSetChildDomain (42ms)
	RebuildCommonClasses (37ms)
	RebuildNativeTypeToScriptingClass (13ms)
	initialDomainReloadingComplete (28ms)
	LoadAllAssembliesAndSetupDomain (295ms)
		LoadAssemblies (349ms)
		RebuildTransferFunctionScriptingTraits (0ms)
		AnalyzeDomain (30ms)
			TypeCache.Refresh (11ms)
				TypeCache.ScanAssembly (1ms)
			ScanForSourceGeneratedMonoScriptInfo (11ms)
			ResolveRequiredComponents (7ms)
	FinalizeReload (1008ms)
		ReleaseScriptCaches (0ms)
		RebuildScriptCaches (0ms)
		SetupLoadedEditorAssemblies (407ms)
			LogAssemblyErrors (0ms)
			InitializePlatformSupportModulesInManaged (7ms)
			SetLoadedEditorAssemblies (6ms)
			RefreshPlugins (0ms)
			BeforeProcessingInitializeOnLoad (68ms)
			ProcessInitializeOnLoadAttributes (294ms)
			ProcessInitializeOnLoadMethodAttributes (30ms)
			AfterProcessingInitializeOnLoad (3ms)
			EditorAssembliesLoaded (0ms)
		ExecutionOrderSort2 (0ms)
		AwakeInstancesAfterBackupRestoration (14ms)
Refreshing native plugins compatible for Editor in 8.86 ms, found 7 plugins.
Preloading 0 native plugins for Editor in 0.00 ms.
Unloading 4248 Unused Serialized files (Serialized files now loaded: 0)
Unloading 27 unused Assets / (213.9 KB). Loaded Objects now: 4936.
Memory consumption went from 149.9 MB to 149.7 MB.
Total: 10.672400 ms (FindLiveObjects: 0.915200 ms CreateObjectMapping: 0.570500 ms MarkObjects: 8.299800 ms  DeleteObjects: 0.884600 ms)

Prepare: number of updated asset objects reloaded= 0
AssetImportParameters requested are different than current active one (requested -> active):
  custom:container-demuxer-ogg: 62fdf1f143b41e24485cea50d1cbac27 -> 
  custom:video-codec-MediaFoundation-h265: 746d11721c4dcdbdad8f713fa42b33f4 -> 
  custom:video-decoder-ogg-theora: a1e56fd34408186e4bbccfd4996cb3dc -> 
  custom:framework-win-MediaFoundation: 216162199b28c13a410421893ffa2e32 -> 
  custom:CustomObjectIndexerAttribute: 9a22284fe3817be447336de3de66b15e -> 
  custom:container-demuxer-webm: 4f35f7cbe854078d1ac9338744f61a02 -> 
  custom:container-muxer-webm: aa71ff27fc2769a1b78a27578f13a17b -> 
  custom:video-decoder-webm-vp8: 9c59270c3fd7afecdb556c50c9e8de78 -> 
  custom:SearchIndexIgnoredProperties: e643bd26f0fe6173181afceb89e7c659 -> 
  custom:AudioImporter_EditorPlatform: d09bf68614088b80899f8185d706f6e7 -> 
  custom:video-encoder-webm-vp8: eb34c28f22e8b96e1ab97ce403110664 -> 
  custom:audio-decoder-ogg-vorbis: bf7c407c2cedff20999df2af8eb42d56 -> 
  custom:audio-encoder-webm-vorbis: bf7c407c2cedff20999df2af8eb42d56 -> 
========================================================================
Received Prepare
Caller must complete domain reload
Begin MonoManager ReloadAssembly
- Loaded All Assemblies, in  0.490 seconds
Native extension for WindowsStandalone target not found
Native extension for WebGL target not found
Mono: successfully reloaded assembly
- Finished resetting the current domain, in  1.056 seconds
Domain Reload Profiling: 1546ms
	BeginReloadAssembly (155ms)
		ExecutionOrderSort (0ms)
		DisableScriptedObjects (11ms)
		BackupInstance (0ms)
		ReleaseScriptingObjects (0ms)
		CreateAndSetChildDomain (38ms)
	RebuildCommonClasses (39ms)
	RebuildNativeTypeToScriptingClass (12ms)
	initialDomainReloadingComplete (27ms)
	LoadAllAssembliesAndSetupDomain (257ms)
		LoadAssemblies (321ms)
		RebuildTransferFunctionScriptingTraits (0ms)
		AnalyzeDomain (14ms)
			TypeCache.Refresh (6ms)
				TypeCache.ScanAssembly (0ms)
			ScanForSourceGeneratedMonoScriptInfo (0ms)
			ResolveRequiredComponents (6ms)
	FinalizeReload (1056ms)
		ReleaseScriptCaches (0ms)
		RebuildScriptCaches (0ms)
		SetupLoadedEditorAssemblies (459ms)
			LogAssemblyErrors (0ms)
			InitializePlatformSupportModulesInManaged (6ms)
			SetLoadedEditorAssemblies (6ms)
			RefreshPlugins (0ms)
			BeforeProcessingInitializeOnLoad (75ms)
			ProcessInitializeOnLoadAttributes (332ms)
			ProcessInitializeOnLoadMethodAttributes (36ms)
			AfterProcessingInitializeOnLoad (4ms)
			EditorAssembliesLoaded (0ms)
		ExecutionOrderSort2 (0ms)
		AwakeInstancesAfterBackupRestoration (14ms)
Refreshing native plugins compatible for Editor in 9.18 ms, found 7 plugins.
Preloading 0 native plugins for Editor in 0.00 ms.
Unloading 4248 Unused Serialized files (Serialized files now loaded: 0)
Unloading 27 unused Assets / (214.0 KB). Loaded Objects now: 4940.
Memory consumption went from 149.9 MB to 149.7 MB.
Total: 6.882200 ms (FindLiveObjects: 0.790700 ms CreateObjectMapping: 0.441400 ms MarkObjects: 5.381000 ms  DeleteObjects: 0.266400 ms)

Prepare: number of updated asset objects reloaded= 0
AssetImportParameters requested are different than current active one (requested -> active):
  custom:container-demuxer-ogg: 62fdf1f143b41e24485cea50d1cbac27 -> 
  custom:video-codec-MediaFoundation-h265: 746d11721c4dcdbdad8f713fa42b33f4 -> 
  custom:video-decoder-ogg-theora: a1e56fd34408186e4bbccfd4996cb3dc -> 
  custom:framework-win-MediaFoundation: 216162199b28c13a410421893ffa2e32 -> 
  custom:CustomObjectIndexerAttribute: 9a22284fe3817be447336de3de66b15e -> 
  custom:container-demuxer-webm: 4f35f7cbe854078d1ac9338744f61a02 -> 
  custom:container-muxer-webm: aa71ff27fc2769a1b78a27578f13a17b -> 
  custom:video-decoder-webm-vp8: 9c59270c3fd7afecdb556c50c9e8de78 -> 
  custom:SearchIndexIgnoredProperties: e643bd26f0fe6173181afceb89e7c659 -> 
  custom:AudioImporter_EditorPlatform: d09bf68614088b80899f8185d706f6e7 -> 
  custom:video-encoder-webm-vp8: eb34c28f22e8b96e1ab97ce403110664 -> 
  custom:audio-decoder-ogg-vorbis: bf7c407c2cedff20999df2af8eb42d56 -> 
  custom:audio-encoder-webm-vorbis: bf7c407c2cedff20999df2af8eb42d56 -> 
========================================================================
Received Prepare
Caller must complete domain reload
Begin MonoManager ReloadAssembly
- Loaded All Assemblies, in  0.505 seconds
Native extension for WindowsStandalone target not found
Native extension for WebGL target not found
Mono: successfully reloaded assembly
- Finished resetting the current domain, in  1.086 seconds
Domain Reload Profiling: 1591ms
	BeginReloadAssembly (158ms)
		ExecutionOrderSort (0ms)
		DisableScriptedObjects (12ms)
		BackupInstance (0ms)
		ReleaseScriptingObjects (0ms)
		CreateAndSetChildDomain (36ms)
	RebuildCommonClasses (36ms)
	RebuildNativeTypeToScriptingClass (12ms)
	initialDomainReloadingComplete (32ms)
	LoadAllAssembliesAndSetupDomain (267ms)
		LoadAssemblies (330ms)
		RebuildTransferFunctionScriptingTraits (0ms)
		AnalyzeDomain (18ms)
			TypeCache.Refresh (8ms)
				TypeCache.ScanAssembly (0ms)
			ScanForSourceGeneratedMonoScriptInfo (0ms)
			ResolveRequiredComponents (9ms)
	FinalizeReload (1087ms)
		ReleaseScriptCaches (0ms)
		RebuildScriptCaches (0ms)
		SetupLoadedEditorAssemblies (456ms)
			LogAssemblyErrors (0ms)
			InitializePlatformSupportModulesInManaged (6ms)
			SetLoadedEditorAssemblies (5ms)
			RefreshPlugins (0ms)
			BeforeProcessingInitializeOnLoad (70ms)
			ProcessInitializeOnLoadAttributes (330ms)
			ProcessInitializeOnLoadMethodAttributes (40ms)
			AfterProcessingInitializeOnLoad (4ms)
			EditorAssembliesLoaded (0ms)
		ExecutionOrderSort2 (0ms)
		AwakeInstancesAfterBackupRestoration (15ms)
Refreshing native plugins compatible for Editor in 8.54 ms, found 7 plugins.
Preloading 0 native plugins for Editor in 0.00 ms.
Unloading 4248 Unused Serialized files (Serialized files now loaded: 0)
Unloading 27 unused Assets / (213.8 KB). Loaded Objects now: 4944.
Memory consumption went from 149.9 MB to 149.7 MB.
Total: 6.637200 ms (FindLiveObjects: 0.589700 ms CreateObjectMapping: 0.393700 ms MarkObjects: 5.100800 ms  DeleteObjects: 0.550400 ms)

Prepare: number of updated asset objects reloaded= 0
AssetImportParameters requested are different than current active one (requested -> active):
  custom:container-demuxer-ogg: 62fdf1f143b41e24485cea50d1cbac27 -> 
  custom:video-codec-MediaFoundation-h265: 746d11721c4dcdbdad8f713fa42b33f4 -> 
  custom:video-decoder-ogg-theora: a1e56fd34408186e4bbccfd4996cb3dc -> 
  custom:framework-win-MediaFoundation: 216162199b28c13a410421893ffa2e32 -> 
  custom:CustomObjectIndexerAttribute: 9a22284fe3817be447336de3de66b15e -> 
  custom:container-demuxer-webm: 4f35f7cbe854078d1ac9338744f61a02 -> 
  custom:container-muxer-webm: aa71ff27fc2769a1b78a27578f13a17b -> 
  custom:video-decoder-webm-vp8: 9c59270c3fd7afecdb556c50c9e8de78 -> 
  custom:SearchIndexIgnoredProperties: e643bd26f0fe6173181afceb89e7c659 -> 
  custom:AudioImporter_EditorPlatform: d09bf68614088b80899f8185d706f6e7 -> 
  custom:video-encoder-webm-vp8: eb34c28f22e8b96e1ab97ce403110664 -> 
  custom:audio-decoder-ogg-vorbis: bf7c407c2cedff20999df2af8eb42d56 -> 
  custom:audio-encoder-webm-vorbis: bf7c407c2cedff20999df2af8eb42d56 -> 
========================================================================
Received Prepare
Caller must complete domain reload
Begin MonoManager ReloadAssembly
- Loaded All Assemblies, in  0.523 seconds
Native extension for WindowsStandalone target not found
Native extension for WebGL target not found
Mono: successfully reloaded assembly
- Finished resetting the current domain, in  1.011 seconds
Domain Reload Profiling: 1534ms
	BeginReloadAssembly (167ms)
		ExecutionOrderSort (0ms)
		DisableScriptedObjects (12ms)
		BackupInstance (0ms)
		ReleaseScriptingObjects (0ms)
		CreateAndSetChildDomain (38ms)
	RebuildCommonClasses (34ms)
	RebuildNativeTypeToScriptingClass (12ms)
	initialDomainReloadingComplete (31ms)
	LoadAllAssembliesAndSetupDomain (278ms)
		LoadAssemblies (332ms)
		RebuildTransferFunctionScriptingTraits (0ms)
		AnalyzeDomain (33ms)
			TypeCache.Refresh (10ms)
				TypeCache.ScanAssembly (0ms)
			ScanForSourceGeneratedMonoScriptInfo (13ms)
			ResolveRequiredComponents (9ms)
	FinalizeReload (1011ms)
		ReleaseScriptCaches (0ms)
		RebuildScriptCaches (0ms)
		SetupLoadedEditorAssemblies (410ms)
			LogAssemblyErrors (0ms)
			InitializePlatformSupportModulesInManaged (6ms)
			SetLoadedEditorAssemblies (6ms)
			RefreshPlugins (0ms)
			BeforeProcessingInitializeOnLoad (68ms)
			ProcessInitializeOnLoadAttributes (297ms)
			ProcessInitializeOnLoadMethodAttributes (30ms)
			AfterProcessingInitializeOnLoad (2ms)
			EditorAssembliesLoaded (0ms)
		ExecutionOrderSort2 (0ms)
		AwakeInstancesAfterBackupRestoration (13ms)
Refreshing native plugins compatible for Editor in 8.78 ms, found 7 plugins.
Preloading 0 native plugins for Editor in 0.00 ms.
Unloading 4248 Unused Serialized files (Serialized files now loaded: 0)
Unloading 27 unused Assets / (213.9 KB). Loaded Objects now: 4948.
Memory consumption went from 149.9 MB to 149.7 MB.
Total: 5.581800 ms (FindLiveObjects: 0.475500 ms CreateObjectMapping: 0.312900 ms MarkObjects: 4.455700 ms  DeleteObjects: 0.336000 ms)

Prepare: number of updated asset objects reloaded= 0
AssetImportParameters requested are different than current active one (requested -> active):
  custom:container-demuxer-ogg: 62fdf1f143b41e24485cea50d1cbac27 -> 
  custom:video-codec-MediaFoundation-h265: 746d11721c4dcdbdad8f713fa42b33f4 -> 
  custom:video-decoder-ogg-theora: a1e56fd34408186e4bbccfd4996cb3dc -> 
  custom:framework-win-MediaFoundation: 216162199b28c13a410421893ffa2e32 -> 
  custom:CustomObjectIndexerAttribute: 9a22284fe3817be447336de3de66b15e -> 
  custom:container-demuxer-webm: 4f35f7cbe854078d1ac9338744f61a02 -> 
  custom:container-muxer-webm: aa71ff27fc2769a1b78a27578f13a17b -> 
  custom:video-decoder-webm-vp8: 9c59270c3fd7afecdb556c50c9e8de78 -> 
  custom:SearchIndexIgnoredProperties: e643bd26f0fe6173181afceb89e7c659 -> 
  custom:AudioImporter_EditorPlatform: d09bf68614088b80899f8185d706f6e7 -> 
  custom:video-encoder-webm-vp8: eb34c28f22e8b96e1ab97ce403110664 -> 
  custom:audio-decoder-ogg-vorbis: bf7c407c2cedff20999df2af8eb42d56 -> 
  custom:audio-encoder-webm-vorbis: bf7c407c2cedff20999df2af8eb42d56 -> 
========================================================================
Received Prepare
Caller must complete domain reload
Begin MonoManager ReloadAssembly
- Loaded All Assemblies, in  0.558 seconds
Native extension for WindowsStandalone target not found
Native extension for WebGL target not found
Mono: successfully reloaded assembly
- Finished resetting the current domain, in  1.233 seconds
Domain Reload Profiling: 1790ms
	BeginReloadAssembly (176ms)
		ExecutionOrderSort (0ms)
		DisableScriptedObjects (13ms)
		BackupInstance (0ms)
		ReleaseScriptingObjects (0ms)
		CreateAndSetChildDomain (39ms)
	RebuildCommonClasses (42ms)
	RebuildNativeTypeToScriptingClass (12ms)
	initialDomainReloadingComplete (29ms)
	LoadAllAssembliesAndSetupDomain (299ms)
		LoadAssemblies (362ms)
		RebuildTransferFunctionScriptingTraits (0ms)
		AnalyzeDomain (32ms)
			TypeCache.Refresh (12ms)
				TypeCache.ScanAssembly (0ms)
			ScanForSourceGeneratedMonoScriptInfo (12ms)
			ResolveRequiredComponents (7ms)
	FinalizeReload (1233ms)
		ReleaseScriptCaches (0ms)
		RebuildScriptCaches (0ms)
		SetupLoadedEditorAssemblies (488ms)
			LogAssemblyErrors (0ms)
			InitializePlatformSupportModulesInManaged (8ms)
			SetLoadedEditorAssemblies (7ms)
			RefreshPlugins (0ms)
			BeforeProcessingInitializeOnLoad (113ms)
			ProcessInitializeOnLoadAttributes (322ms)
			ProcessInitializeOnLoadMethodAttributes (36ms)
			AfterProcessingInitializeOnLoad (3ms)
			EditorAssembliesLoaded (0ms)
		ExecutionOrderSort2 (0ms)
		AwakeInstancesAfterBackupRestoration (14ms)
Refreshing native plugins compatible for Editor in 5.96 ms, found 7 plugins.
Preloading 0 native plugins for Editor in 0.00 ms.
Unloading 4248 Unused Serialized files (Serialized files now loaded: 0)
Unloading 27 unused Assets / (213.8 KB). Loaded Objects now: 4952.
Memory consumption went from 149.9 MB to 149.7 MB.
Total: 7.402700 ms (FindLiveObjects: 1.109900 ms CreateObjectMapping: 0.538000 ms MarkObjects: 5.372500 ms  DeleteObjects: 0.379200 ms)

Prepare: number of updated asset objects reloaded= 0
AssetImportParameters requested are different than current active one (requested -> active):
  custom:container-demuxer-ogg: 62fdf1f143b41e24485cea50d1cbac27 -> 
  custom:video-codec-MediaFoundation-h265: 746d11721c4dcdbdad8f713fa42b33f4 -> 
  custom:video-decoder-ogg-theora: a1e56fd34408186e4bbccfd4996cb3dc -> 
  custom:framework-win-MediaFoundation: 216162199b28c13a410421893ffa2e32 -> 
  custom:CustomObjectIndexerAttribute: 9a22284fe3817be447336de3de66b15e -> 
  custom:container-demuxer-webm: 4f35f7cbe854078d1ac9338744f61a02 -> 
  custom:container-muxer-webm: aa71ff27fc2769a1b78a27578f13a17b -> 
  custom:video-decoder-webm-vp8: 9c59270c3fd7afecdb556c50c9e8de78 -> 
  custom:SearchIndexIgnoredProperties: e643bd26f0fe6173181afceb89e7c659 -> 
  custom:AudioImporter_EditorPlatform: d09bf68614088b80899f8185d706f6e7 -> 
  custom:video-encoder-webm-vp8: eb34c28f22e8b96e1ab97ce403110664 -> 
  custom:audio-decoder-ogg-vorbis: bf7c407c2cedff20999df2af8eb42d56 -> 
  custom:audio-encoder-webm-vorbis: bf7c407c2cedff20999df2af8eb42d56 -> 
========================================================================
Received Prepare
Caller must complete domain reload
Begin MonoManager ReloadAssembly
- Loaded All Assemblies, in  0.501 seconds
Native extension for WindowsStandalone target not found
Native extension for WebGL target not found
Mono: successfully reloaded assembly
- Finished resetting the current domain, in  1.124 seconds
Domain Reload Profiling: 1625ms
	BeginReloadAssembly (160ms)
		ExecutionOrderSort (0ms)
		DisableScriptedObjects (12ms)
		BackupInstance (0ms)
		ReleaseScriptingObjects (0ms)
		CreateAndSetChildDomain (37ms)
	RebuildCommonClasses (42ms)
	RebuildNativeTypeToScriptingClass (12ms)
	initialDomainReloadingComplete (29ms)
	LoadAllAssembliesAndSetupDomain (259ms)
		LoadAssemblies (326ms)
		RebuildTransferFunctionScriptingTraits (0ms)
		AnalyzeDomain (15ms)
			TypeCache.Refresh (7ms)
				TypeCache.ScanAssembly (0ms)
			ScanForSourceGeneratedMonoScriptInfo (0ms)
			ResolveRequiredComponents (7ms)
	FinalizeReload (1125ms)
		ReleaseScriptCaches (0ms)
		RebuildScriptCaches (0ms)
		SetupLoadedEditorAssemblies (481ms)
			LogAssemblyErrors (0ms)
			InitializePlatformSupportModulesInManaged (6ms)
			SetLoadedEditorAssemblies (6ms)
			RefreshPlugins (0ms)
			BeforeProcessingInitializeOnLoad (80ms)
			ProcessInitializeOnLoadAttributes (351ms)
			ProcessInitializeOnLoadMethodAttributes (35ms)
			AfterProcessingInitializeOnLoad (3ms)
			EditorAssembliesLoaded (0ms)
		ExecutionOrderSort2 (0ms)
		AwakeInstancesAfterBackupRestoration (16ms)
Refreshing native plugins compatible for Editor in 7.92 ms, found 7 plugins.
Preloading 0 native plugins for Editor in 0.00 ms.
Unloading 4248 Unused Serialized files (Serialized files now loaded: 0)
Unloading 27 unused Assets / (214.1 KB). Loaded Objects now: 4956.
Memory consumption went from 149.9 MB to 149.7 MB.
Total: 7.217100 ms (FindLiveObjects: 0.665200 ms CreateObjectMapping: 0.344700 ms MarkObjects: 5.777900 ms  DeleteObjects: 0.426600 ms)

Prepare: number of updated asset objects reloaded= 0
AssetImportParameters requested are different than current active one (requested -> active):
  custom:container-demuxer-ogg: 62fdf1f143b41e24485cea50d1cbac27 -> 
  custom:video-codec-MediaFoundation-h265: 746d11721c4dcdbdad8f713fa42b33f4 -> 
  custom:video-decoder-ogg-theora: a1e56fd34408186e4bbccfd4996cb3dc -> 
  custom:framework-win-MediaFoundation: 216162199b28c13a410421893ffa2e32 -> 
  custom:CustomObjectIndexerAttribute: 9a22284fe3817be447336de3de66b15e -> 
  custom:container-demuxer-webm: 4f35f7cbe854078d1ac9338744f61a02 -> 
  custom:container-muxer-webm: aa71ff27fc2769a1b78a27578f13a17b -> 
  custom:video-decoder-webm-vp8: 9c59270c3fd7afecdb556c50c9e8de78 -> 
  custom:SearchIndexIgnoredProperties: e643bd26f0fe6173181afceb89e7c659 -> 
  custom:AudioImporter_EditorPlatform: d09bf68614088b80899f8185d706f6e7 -> 
  custom:video-encoder-webm-vp8: eb34c28f22e8b96e1ab97ce403110664 -> 
  custom:audio-decoder-ogg-vorbis: bf7c407c2cedff20999df2af8eb42d56 -> 
  custom:audio-encoder-webm-vorbis: bf7c407c2cedff20999df2af8eb42d56 -> 
========================================================================
Received Prepare
Caller must complete domain reload
Begin MonoManager ReloadAssembly
- Loaded All Assemblies, in  0.544 seconds
Native extension for WindowsStandalone target not found
Native extension for WebGL target not found
Mono: successfully reloaded assembly
- Finished resetting the current domain, in  1.094 seconds
Domain Reload Profiling: 1637ms
	BeginReloadAssembly (170ms)
		ExecutionOrderSort (0ms)
		DisableScriptedObjects (15ms)
		BackupInstance (0ms)
		ReleaseScriptingObjects (0ms)
		CreateAndSetChildDomain (37ms)
	RebuildCommonClasses (35ms)
	RebuildNativeTypeToScriptingClass (12ms)
	initialDomainReloadingComplete (27ms)
	LoadAllAssembliesAndSetupDomain (298ms)
		LoadAssemblies (376ms)
		RebuildTransferFunctionScriptingTraits (0ms)
		AnalyzeDomain (13ms)
			TypeCache.Refresh (6ms)
				TypeCache.ScanAssembly (0ms)
			ScanForSourceGeneratedMonoScriptInfo (0ms)
			ResolveRequiredComponents (6ms)
	FinalizeReload (1094ms)
		ReleaseScriptCaches (0ms)
		RebuildScriptCaches (0ms)
		SetupLoadedEditorAssemblies (455ms)
			LogAssemblyErrors (0ms)
			InitializePlatformSupportModulesInManaged (8ms)
			SetLoadedEditorAssemblies (6ms)
			RefreshPlugins (0ms)
			BeforeProcessingInitializeOnLoad (78ms)
			ProcessInitializeOnLoadAttributes (329ms)
			ProcessInitializeOnLoadMethodAttributes (32ms)
			AfterProcessingInitializeOnLoad (3ms)
			EditorAssembliesLoaded (1ms)
		ExecutionOrderSort2 (0ms)
		AwakeInstancesAfterBackupRestoration (15ms)
Refreshing native plugins compatible for Editor in 8.12 ms, found 7 plugins.
Preloading 0 native plugins for Editor in 0.00 ms.
Unloading 4248 Unused Serialized files (Serialized files now loaded: 0)
Unloading 27 unused Assets / (213.7 KB). Loaded Objects now: 4960.
Memory consumption went from 149.9 MB to 149.7 MB.
Total: 4.228900 ms (FindLiveObjects: 0.501200 ms CreateObjectMapping: 0.128200 ms MarkObjects: 3.333800 ms  DeleteObjects: 0.264400 ms)

Prepare: number of updated asset objects reloaded= 0
AssetImportParameters requested are different than current active one (requested -> active):
  custom:container-demuxer-ogg: 62fdf1f143b41e24485cea50d1cbac27 -> 
  custom:video-codec-MediaFoundation-h265: 746d11721c4dcdbdad8f713fa42b33f4 -> 
  custom:video-decoder-ogg-theora: a1e56fd34408186e4bbccfd4996cb3dc -> 
  custom:framework-win-MediaFoundation: 216162199b28c13a410421893ffa2e32 -> 
  custom:CustomObjectIndexerAttribute: 9a22284fe3817be447336de3de66b15e -> 
  custom:container-demuxer-webm: 4f35f7cbe854078d1ac9338744f61a02 -> 
  custom:container-muxer-webm: aa71ff27fc2769a1b78a27578f13a17b -> 
  custom:video-decoder-webm-vp8: 9c59270c3fd7afecdb556c50c9e8de78 -> 
  custom:SearchIndexIgnoredProperties: e643bd26f0fe6173181afceb89e7c659 -> 
  custom:AudioImporter_EditorPlatform: d09bf68614088b80899f8185d706f6e7 -> 
  custom:video-encoder-webm-vp8: eb34c28f22e8b96e1ab97ce403110664 -> 
  custom:audio-decoder-ogg-vorbis: bf7c407c2cedff20999df2af8eb42d56 -> 
  custom:audio-encoder-webm-vorbis: bf7c407c2cedff20999df2af8eb42d56 -> 
========================================================================
Received Prepare
Caller must complete domain reload
Begin MonoManager ReloadAssembly
- Loaded All Assemblies, in  0.507 seconds
Native extension for WindowsStandalone target not found
Native extension for WebGL target not found
Mono: successfully reloaded assembly
- Finished resetting the current domain, in  1.095 seconds
Domain Reload Profiling: 1601ms
	BeginReloadAssembly (166ms)
		ExecutionOrderSort (0ms)
		DisableScriptedObjects (12ms)
		BackupInstance (0ms)
		ReleaseScriptingObjects (0ms)
		CreateAndSetChildDomain (38ms)
	RebuildCommonClasses (34ms)
	RebuildNativeTypeToScriptingClass (14ms)
	initialDomainReloadingComplete (27ms)
	LoadAllAssembliesAndSetupDomain (264ms)
		LoadAssemblies (336ms)
		RebuildTransferFunctionScriptingTraits (0ms)
		AnalyzeDomain (15ms)
			TypeCache.Refresh (7ms)
				TypeCache.ScanAssembly (0ms)
			ScanForSourceGeneratedMonoScriptInfo (0ms)
			ResolveRequiredComponents (7ms)
	FinalizeReload (1095ms)
		ReleaseScriptCaches (0ms)
		RebuildScriptCaches (0ms)
		SetupLoadedEditorAssemblies (472ms)
			LogAssemblyErrors (0ms)
			InitializePlatformSupportModulesInManaged (6ms)
			SetLoadedEditorAssemblies (6ms)
			RefreshPlugins (0ms)
			BeforeProcessingInitializeOnLoad (78ms)
			ProcessInitializeOnLoadAttributes (345ms)
			ProcessInitializeOnLoadMethodAttributes (34ms)
			AfterProcessingInitializeOnLoad (3ms)
			EditorAssembliesLoaded (1ms)
		ExecutionOrderSort2 (0ms)
		AwakeInstancesAfterBackupRestoration (17ms)
Refreshing native plugins compatible for Editor in 8.96 ms, found 7 plugins.
Preloading 0 native plugins for Editor in 0.00 ms.
Unloading 4248 Unused Serialized files (Serialized files now loaded: 0)
Unloading 27 unused Assets / (213.8 KB). Loaded Objects now: 4964.
Memory consumption went from 149.9 MB to 149.7 MB.
Total: 4.190600 ms (FindLiveObjects: 0.402800 ms CreateObjectMapping: 0.108100 ms MarkObjects: 3.421500 ms  DeleteObjects: 0.256500 ms)

Prepare: number of updated asset objects reloaded= 0
AssetImportParameters requested are different than current active one (requested -> active):
  custom:container-demuxer-ogg: 62fdf1f143b41e24485cea50d1cbac27 -> 
  custom:video-codec-MediaFoundation-h265: 746d11721c4dcdbdad8f713fa42b33f4 -> 
  custom:video-decoder-ogg-theora: a1e56fd34408186e4bbccfd4996cb3dc -> 
  custom:framework-win-MediaFoundation: 216162199b28c13a410421893ffa2e32 -> 
  custom:CustomObjectIndexerAttribute: 9a22284fe3817be447336de3de66b15e -> 
  custom:container-demuxer-webm: 4f35f7cbe854078d1ac9338744f61a02 -> 
  custom:container-muxer-webm: aa71ff27fc2769a1b78a27578f13a17b -> 
  custom:video-decoder-webm-vp8: 9c59270c3fd7afecdb556c50c9e8de78 -> 
  custom:SearchIndexIgnoredProperties: e643bd26f0fe6173181afceb89e7c659 -> 
  custom:AudioImporter_EditorPlatform: d09bf68614088b80899f8185d706f6e7 -> 
  custom:video-encoder-webm-vp8: eb34c28f22e8b96e1ab97ce403110664 -> 
  custom:audio-decoder-ogg-vorbis: bf7c407c2cedff20999df2af8eb42d56 -> 
  custom:audio-encoder-webm-vorbis: bf7c407c2cedff20999df2af8eb42d56 -> 
========================================================================
Received Prepare
Caller must complete domain reload
Begin MonoManager ReloadAssembly
- Loaded All Assemblies, in  0.566 seconds
Native extension for WindowsStandalone target not found
Native extension for WebGL target not found
Mono: successfully reloaded assembly
- Finished resetting the current domain, in  1.618 seconds
Domain Reload Profiling: 2184ms
	BeginReloadAssembly (164ms)
		ExecutionOrderSort (0ms)
		DisableScriptedObjects (12ms)
		BackupInstance (0ms)
		ReleaseScriptingObjects (0ms)
		CreateAndSetChildDomain (40ms)
	RebuildCommonClasses (37ms)
	RebuildNativeTypeToScriptingClass (12ms)
	initialDomainReloadingComplete (32ms)
	LoadAllAssembliesAndSetupDomain (320ms)
		LoadAssemblies (389ms)
		RebuildTransferFunctionScriptingTraits (0ms)
		AnalyzeDomain (14ms)
			TypeCache.Refresh (6ms)
				TypeCache.ScanAssembly (0ms)
			ScanForSourceGeneratedMonoScriptInfo (0ms)
			ResolveRequiredComponents (6ms)
	FinalizeReload (1618ms)
		ReleaseScriptCaches (0ms)
		RebuildScriptCaches (0ms)
		SetupLoadedEditorAssemblies (436ms)
			LogAssemblyErrors (0ms)
			InitializePlatformSupportModulesInManaged (6ms)
			SetLoadedEditorAssemblies (5ms)
			RefreshPlugins (0ms)
			BeforeProcessingInitializeOnLoad (76ms)
			ProcessInitializeOnLoadAttributes (311ms)
			ProcessInitializeOnLoadMethodAttributes (35ms)
			AfterProcessingInitializeOnLoad (3ms)
			EditorAssembliesLoaded (0ms)
		ExecutionOrderSort2 (0ms)
		AwakeInstancesAfterBackupRestoration (13ms)
Refreshing native plugins compatible for Editor in 4.99 ms, found 7 plugins.
Preloading 0 native plugins for Editor in 0.00 ms.
Unloading 4248 Unused Serialized files (Serialized files now loaded: 0)
Unloading 27 unused Assets / (214.1 KB). Loaded Objects now: 4968.
Memory consumption went from 149.9 MB to 149.7 MB.
Total: 4.411600 ms (FindLiveObjects: 0.414300 ms CreateObjectMapping: 0.263300 ms MarkObjects: 3.509000 ms  DeleteObjects: 0.223500 ms)

Prepare: number of updated asset objects reloaded= 0
AssetImportParameters requested are different than current active one (requested -> active):
  custom:container-demuxer-ogg: 62fdf1f143b41e24485cea50d1cbac27 -> 
  custom:video-codec-MediaFoundation-h265: 746d11721c4dcdbdad8f713fa42b33f4 -> 
  custom:video-decoder-ogg-theora: a1e56fd34408186e4bbccfd4996cb3dc -> 
  custom:framework-win-MediaFoundation: 216162199b28c13a410421893ffa2e32 -> 
  custom:CustomObjectIndexerAttribute: 9a22284fe3817be447336de3de66b15e -> 
  custom:container-demuxer-webm: 4f35f7cbe854078d1ac9338744f61a02 -> 
  custom:container-muxer-webm: aa71ff27fc2769a1b78a27578f13a17b -> 
  custom:video-decoder-webm-vp8: 9c59270c3fd7afecdb556c50c9e8de78 -> 
  custom:SearchIndexIgnoredProperties: e643bd26f0fe6173181afceb89e7c659 -> 
  custom:AudioImporter_EditorPlatform: d09bf68614088b80899f8185d706f6e7 -> 
  custom:video-encoder-webm-vp8: eb34c28f22e8b96e1ab97ce403110664 -> 
  custom:audio-decoder-ogg-vorbis: bf7c407c2cedff20999df2af8eb42d56 -> 
  custom:audio-encoder-webm-vorbis: bf7c407c2cedff20999df2af8eb42d56 -> 
========================================================================
Received Prepare
Caller must complete domain reload
Begin MonoManager ReloadAssembly
- Loaded All Assemblies, in  0.528 seconds
Native extension for WindowsStandalone target not found
Native extension for WebGL target not found
Mono: successfully reloaded assembly
- Finished resetting the current domain, in  1.098 seconds
Domain Reload Profiling: 1626ms
	BeginReloadAssembly (168ms)
		ExecutionOrderSort (0ms)
		DisableScriptedObjects (12ms)
		BackupInstance (0ms)
		ReleaseScriptingObjects (0ms)
		CreateAndSetChildDomain (36ms)
	RebuildCommonClasses (35ms)
	RebuildNativeTypeToScriptingClass (15ms)
	initialDomainReloadingComplete (27ms)
	LoadAllAssembliesAndSetupDomain (282ms)
		LoadAssemblies (344ms)
		RebuildTransferFunctionScriptingTraits (0ms)
		AnalyzeDomain (29ms)
			TypeCache.Refresh (10ms)
				TypeCache.ScanAssembly (0ms)
			ScanForSourceGeneratedMonoScriptInfo (11ms)
			ResolveRequiredComponents (6ms)
	FinalizeReload (1099ms)
		ReleaseScriptCaches (0ms)
		RebuildScriptCaches (0ms)
		SetupLoadedEditorAssemblies (496ms)
			LogAssemblyErrors (0ms)
			InitializePlatformSupportModulesInManaged (6ms)
			SetLoadedEditorAssemblies (6ms)
			RefreshPlugins (0ms)
			BeforeProcessingInitializeOnLoad (77ms)
			ProcessInitializeOnLoadAttributes (367ms)
			ProcessInitializeOnLoadMethodAttributes (37ms)
			AfterProcessingInitializeOnLoad (3ms)
			EditorAssembliesLoaded (0ms)
		ExecutionOrderSort2 (0ms)
		AwakeInstancesAfterBackupRestoration (15ms)
Refreshing native plugins compatible for Editor in 8.43 ms, found 7 plugins.
Preloading 0 native plugins for Editor in 0.00 ms.
Unloading 4248 Unused Serialized files (Serialized files now loaded: 0)
Unloading 27 unused Assets / (214.1 KB). Loaded Objects now: 4972.
Memory consumption went from 149.9 MB to 149.7 MB.
Total: 7.922100 ms (FindLiveObjects: 0.894500 ms CreateObjectMapping: 0.494200 ms MarkObjects: 6.170400 ms  DeleteObjects: 0.361300 ms)

Prepare: number of updated asset objects reloaded= 0
AssetImportParameters requested are different than current active one (requested -> active):
  custom:container-demuxer-ogg: 62fdf1f143b41e24485cea50d1cbac27 -> 
  custom:video-codec-MediaFoundation-h265: 746d11721c4dcdbdad8f713fa42b33f4 -> 
  custom:video-decoder-ogg-theora: a1e56fd34408186e4bbccfd4996cb3dc -> 
  custom:framework-win-MediaFoundation: 216162199b28c13a410421893ffa2e32 -> 
  custom:CustomObjectIndexerAttribute: 9a22284fe3817be447336de3de66b15e -> 
  custom:container-demuxer-webm: 4f35f7cbe854078d1ac9338744f61a02 -> 
  custom:container-muxer-webm: aa71ff27fc2769a1b78a27578f13a17b -> 
  custom:video-decoder-webm-vp8: 9c59270c3fd7afecdb556c50c9e8de78 -> 
  custom:SearchIndexIgnoredProperties: e643bd26f0fe6173181afceb89e7c659 -> 
  custom:AudioImporter_EditorPlatform: d09bf68614088b80899f8185d706f6e7 -> 
  custom:video-encoder-webm-vp8: eb34c28f22e8b96e1ab97ce403110664 -> 
  custom:audio-decoder-ogg-vorbis: bf7c407c2cedff20999df2af8eb42d56 -> 
  custom:audio-encoder-webm-vorbis: bf7c407c2cedff20999df2af8eb42d56 -> 
========================================================================
Received Prepare
Caller must complete domain reload
Begin MonoManager ReloadAssembly
- Loaded All Assemblies, in  0.529 seconds
Native extension for WindowsStandalone target not found
Native extension for WebGL target not found
Mono: successfully reloaded assembly
- Finished resetting the current domain, in  1.003 seconds
Domain Reload Profiling: 1532ms
	BeginReloadAssembly (184ms)
		ExecutionOrderSort (0ms)
		DisableScriptedObjects (13ms)
		BackupInstance (0ms)
		ReleaseScriptingObjects (0ms)
		CreateAndSetChildDomain (48ms)
	RebuildCommonClasses (35ms)
	RebuildNativeTypeToScriptingClass (12ms)
	initialDomainReloadingComplete (32ms)
	LoadAllAssembliesAndSetupDomain (266ms)
		LoadAssemblies (341ms)
		RebuildTransferFunctionScriptingTraits (0ms)
		AnalyzeDomain (13ms)
			TypeCache.Refresh (6ms)
				TypeCache.ScanAssembly (0ms)
			ScanForSourceGeneratedMonoScriptInfo (0ms)
			ResolveRequiredComponents (6ms)
	FinalizeReload (1004ms)
		ReleaseScriptCaches (0ms)
		RebuildScriptCaches (0ms)
		SetupLoadedEditorAssemblies (417ms)
			LogAssemblyErrors (0ms)
			InitializePlatformSupportModulesInManaged (6ms)
			SetLoadedEditorAssemblies (6ms)
			RefreshPlugins (0ms)
			BeforeProcessingInitializeOnLoad (78ms)
			ProcessInitializeOnLoadAttributes (291ms)
			ProcessInitializeOnLoadMethodAttributes (33ms)
			AfterProcessingInitializeOnLoad (3ms)
			EditorAssembliesLoaded (0ms)
		ExecutionOrderSort2 (0ms)
		AwakeInstancesAfterBackupRestoration (13ms)
Refreshing native plugins compatible for Editor in 7.27 ms, found 7 plugins.
Preloading 0 native plugins for Editor in 0.00 ms.
Unloading 4248 Unused Serialized files (Serialized files now loaded: 0)
Unloading 27 unused Assets / (214.1 KB). Loaded Objects now: 4976.
Memory consumption went from 149.9 MB to 149.7 MB.
Total: 5.807700 ms (FindLiveObjects: 0.786200 ms CreateObjectMapping: 0.539300 ms MarkObjects: 4.167100 ms  DeleteObjects: 0.313200 ms)

Prepare: number of updated asset objects reloaded= 0
AssetImportParameters requested are different than current active one (requested -> active):
  custom:container-demuxer-ogg: 62fdf1f143b41e24485cea50d1cbac27 -> 
  custom:video-codec-MediaFoundation-h265: 746d11721c4dcdbdad8f713fa42b33f4 -> 
  custom:video-decoder-ogg-theora: a1e56fd34408186e4bbccfd4996cb3dc -> 
  custom:framework-win-MediaFoundation: 216162199b28c13a410421893ffa2e32 -> 
  custom:CustomObjectIndexerAttribute: 9a22284fe3817be447336de3de66b15e -> 
  custom:container-demuxer-webm: 4f35f7cbe854078d1ac9338744f61a02 -> 
  custom:container-muxer-webm: aa71ff27fc2769a1b78a27578f13a17b -> 
  custom:video-decoder-webm-vp8: 9c59270c3fd7afecdb556c50c9e8de78 -> 
  custom:SearchIndexIgnoredProperties: e643bd26f0fe6173181afceb89e7c659 -> 
  custom:AudioImporter_EditorPlatform: d09bf68614088b80899f8185d706f6e7 -> 
  custom:video-encoder-webm-vp8: eb34c28f22e8b96e1ab97ce403110664 -> 
  custom:audio-decoder-ogg-vorbis: bf7c407c2cedff20999df2af8eb42d56 -> 
  custom:audio-encoder-webm-vorbis: bf7c407c2cedff20999df2af8eb42d56 -> 
========================================================================
Received Prepare
Caller must complete domain reload
Begin MonoManager ReloadAssembly
- Loaded All Assemblies, in  0.563 seconds
Native extension for WindowsStandalone target not found
Native extension for WebGL target not found
Mono: successfully reloaded assembly
- Finished resetting the current domain, in  1.027 seconds
Domain Reload Profiling: 1590ms
	BeginReloadAssembly (173ms)
		ExecutionOrderSort (0ms)
		DisableScriptedObjects (12ms)
		BackupInstance (0ms)
		ReleaseScriptingObjects (0ms)
		CreateAndSetChildDomain (38ms)
	RebuildCommonClasses (35ms)
	RebuildNativeTypeToScriptingClass (12ms)
	initialDomainReloadingComplete (27ms)
	LoadAllAssembliesAndSetupDomain (315ms)
		LoadAssemblies (381ms)
		RebuildTransferFunctionScriptingTraits (0ms)
		AnalyzeDomain (26ms)
			TypeCache.Refresh (10ms)
				TypeCache.ScanAssembly (0ms)
			ScanForSourceGeneratedMonoScriptInfo (10ms)
			ResolveRequiredComponents (6ms)
	FinalizeReload (1028ms)
		ReleaseScriptCaches (0ms)
		RebuildScriptCaches (0ms)
		SetupLoadedEditorAssemblies (426ms)
			LogAssemblyErrors (0ms)
			InitializePlatformSupportModulesInManaged (6ms)
			SetLoadedEditorAssemblies (8ms)
			RefreshPlugins (0ms)
			BeforeProcessingInitializeOnLoad (74ms)
			ProcessInitializeOnLoadAttributes (301ms)
			ProcessInitializeOnLoadMethodAttributes (34ms)
			AfterProcessingInitializeOnLoad (3ms)
			EditorAssembliesLoaded (0ms)
		ExecutionOrderSort2 (0ms)
		AwakeInstancesAfterBackupRestoration (13ms)
Refreshing native plugins compatible for Editor in 7.05 ms, found 7 plugins.
Preloading 0 native plugins for Editor in 0.00 ms.
Unloading 4248 Unused Serialized files (Serialized files now loaded: 0)
Unloading 27 unused Assets / (214.1 KB). Loaded Objects now: 4980.
Memory consumption went from 149.9 MB to 149.7 MB.
Total: 7.614800 ms (FindLiveObjects: 0.934100 ms CreateObjectMapping: 0.494100 ms MarkObjects: 5.749200 ms  DeleteObjects: 0.435100 ms)

Prepare: number of updated asset objects reloaded= 0
AssetImportParameters requested are different than current active one (requested -> active):
  custom:container-demuxer-ogg: 62fdf1f143b41e24485cea50d1cbac27 -> 
  custom:video-codec-MediaFoundation-h265: 746d11721c4dcdbdad8f713fa42b33f4 -> 
  custom:video-decoder-ogg-theora: a1e56fd34408186e4bbccfd4996cb3dc -> 
  custom:framework-win-MediaFoundation: 216162199b28c13a410421893ffa2e32 -> 
  custom:CustomObjectIndexerAttribute: 9a22284fe3817be447336de3de66b15e -> 
  custom:container-demuxer-webm: 4f35f7cbe854078d1ac9338744f61a02 -> 
  custom:container-muxer-webm: aa71ff27fc2769a1b78a27578f13a17b -> 
  custom:video-decoder-webm-vp8: 9c59270c3fd7afecdb556c50c9e8de78 -> 
  custom:SearchIndexIgnoredProperties: e643bd26f0fe6173181afceb89e7c659 -> 
  custom:AudioImporter_EditorPlatform: d09bf68614088b80899f8185d706f6e7 -> 
  custom:video-encoder-webm-vp8: eb34c28f22e8b96e1ab97ce403110664 -> 
  custom:audio-decoder-ogg-vorbis: bf7c407c2cedff20999df2af8eb42d56 -> 
  custom:audio-encoder-webm-vorbis: bf7c407c2cedff20999df2af8eb42d56 -> 
========================================================================
Received Prepare
Caller must complete domain reload
Begin MonoManager ReloadAssembly
- Loaded All Assemblies, in  0.565 seconds
Native extension for WindowsStandalone target not found
Native extension for WebGL target not found
Mono: successfully reloaded assembly
- Finished resetting the current domain, in  1.002 seconds
Domain Reload Profiling: 1566ms
	BeginReloadAssembly (180ms)
		ExecutionOrderSort (0ms)
		DisableScriptedObjects (12ms)
		BackupInstance (0ms)
		ReleaseScriptingObjects (0ms)
		CreateAndSetChildDomain (40ms)
	RebuildCommonClasses (37ms)
	RebuildNativeTypeToScriptingClass (14ms)
	initialDomainReloadingComplete (28ms)
	LoadAllAssembliesAndSetupDomain (305ms)
		LoadAssemblies (361ms)
		RebuildTransferFunctionScriptingTraits (0ms)
		AnalyzeDomain (37ms)
			TypeCache.Refresh (12ms)
				TypeCache.ScanAssembly (0ms)
			ScanForSourceGeneratedMonoScriptInfo (17ms)
			ResolveRequiredComponents (7ms)
	FinalizeReload (1002ms)
		ReleaseScriptCaches (0ms)
		RebuildScriptCaches (0ms)
		SetupLoadedEditorAssemblies (424ms)
			LogAssemblyErrors (0ms)
			InitializePlatformSupportModulesInManaged (6ms)
			SetLoadedEditorAssemblies (6ms)
			RefreshPlugins (0ms)
			BeforeProcessingInitializeOnLoad (72ms)
			ProcessInitializeOnLoadAttributes (302ms)
			ProcessInitializeOnLoadMethodAttributes (36ms)
			AfterProcessingInitializeOnLoad (3ms)
			EditorAssembliesLoaded (0ms)
		ExecutionOrderSort2 (0ms)
		AwakeInstancesAfterBackupRestoration (14ms)
Refreshing native plugins compatible for Editor in 8.68 ms, found 7 plugins.
Preloading 0 native plugins for Editor in 0.00 ms.
Unloading 4248 Unused Serialized files (Serialized files now loaded: 0)
Unloading 27 unused Assets / (214.0 KB). Loaded Objects now: 4984.
Memory consumption went from 149.9 MB to 149.7 MB.
Total: 5.871600 ms (FindLiveObjects: 0.686600 ms CreateObjectMapping: 0.302300 ms MarkObjects: 4.570000 ms  DeleteObjects: 0.311000 ms)

Prepare: number of updated asset objects reloaded= 0
AssetImportParameters requested are different than current active one (requested -> active):
  custom:container-demuxer-ogg: 62fdf1f143b41e24485cea50d1cbac27 -> 
  custom:video-codec-MediaFoundation-h265: 746d11721c4dcdbdad8f713fa42b33f4 -> 
  custom:video-decoder-ogg-theora: a1e56fd34408186e4bbccfd4996cb3dc -> 
  custom:framework-win-MediaFoundation: 216162199b28c13a410421893ffa2e32 -> 
  custom:CustomObjectIndexerAttribute: 9a22284fe3817be447336de3de66b15e -> 
  custom:container-demuxer-webm: 4f35f7cbe854078d1ac9338744f61a02 -> 
  custom:container-muxer-webm: aa71ff27fc2769a1b78a27578f13a17b -> 
  custom:video-decoder-webm-vp8: 9c59270c3fd7afecdb556c50c9e8de78 -> 
  custom:SearchIndexIgnoredProperties: e643bd26f0fe6173181afceb89e7c659 -> 
  custom:AudioImporter_EditorPlatform: d09bf68614088b80899f8185d706f6e7 -> 
  custom:video-encoder-webm-vp8: eb34c28f22e8b96e1ab97ce403110664 -> 
  custom:audio-decoder-ogg-vorbis: bf7c407c2cedff20999df2af8eb42d56 -> 
  custom:audio-encoder-webm-vorbis: bf7c407c2cedff20999df2af8eb42d56 -> 
========================================================================
Received Prepare
Caller must complete domain reload
Begin MonoManager ReloadAssembly
- Loaded All Assemblies, in  0.516 seconds
Native extension for WindowsStandalone target not found
Native extension for WebGL target not found
Mono: successfully reloaded assembly
- Finished resetting the current domain, in  1.086 seconds
Domain Reload Profiling: 1602ms
	BeginReloadAssembly (164ms)
		ExecutionOrderSort (0ms)
		DisableScriptedObjects (12ms)
		BackupInstance (0ms)
		ReleaseScriptingObjects (0ms)
		CreateAndSetChildDomain (36ms)
	RebuildCommonClasses (35ms)
	RebuildNativeTypeToScriptingClass (12ms)
	initialDomainReloadingComplete (33ms)
	LoadAllAssembliesAndSetupDomain (273ms)
		LoadAssemblies (344ms)
		RebuildTransferFunctionScriptingTraits (0ms)
		AnalyzeDomain (14ms)
			TypeCache.Refresh (6ms)
				TypeCache.ScanAssembly (0ms)
			ScanForSourceGeneratedMonoScriptInfo (0ms)
			ResolveRequiredComponents (7ms)
	FinalizeReload (1086ms)
		ReleaseScriptCaches (0ms)
		RebuildScriptCaches (0ms)
		SetupLoadedEditorAssemblies (451ms)
			LogAssemblyErrors (0ms)
			InitializePlatformSupportModulesInManaged (6ms)
			SetLoadedEditorAssemblies (5ms)
			RefreshPlugins (0ms)
			BeforeProcessingInitializeOnLoad (70ms)
			ProcessInitializeOnLoadAttributes (325ms)
			ProcessInitializeOnLoadMethodAttributes (41ms)
			AfterProcessingInitializeOnLoad (3ms)
			EditorAssembliesLoaded (0ms)
		ExecutionOrderSort2 (0ms)
		AwakeInstancesAfterBackupRestoration (15ms)
Refreshing native plugins compatible for Editor in 6.97 ms, found 7 plugins.
Preloading 0 native plugins for Editor in 0.00 ms.
Unloading 4248 Unused Serialized files (Serialized files now loaded: 0)
Unloading 27 unused Assets / (213.9 KB). Loaded Objects now: 4988.
Memory consumption went from 149.9 MB to 149.7 MB.
Total: 4.052400 ms (FindLiveObjects: 0.422700 ms CreateObjectMapping: 0.110000 ms MarkObjects: 3.182600 ms  DeleteObjects: 0.334900 ms)

Prepare: number of updated asset objects reloaded= 0
AssetImportParameters requested are different than current active one (requested -> active):
  custom:container-demuxer-ogg: 62fdf1f143b41e24485cea50d1cbac27 -> 
  custom:video-codec-MediaFoundation-h265: 746d11721c4dcdbdad8f713fa42b33f4 -> 
  custom:video-decoder-ogg-theora: a1e56fd34408186e4bbccfd4996cb3dc -> 
  custom:framework-win-MediaFoundation: 216162199b28c13a410421893ffa2e32 -> 
  custom:CustomObjectIndexerAttribute: 9a22284fe3817be447336de3de66b15e -> 
  custom:container-demuxer-webm: 4f35f7cbe854078d1ac9338744f61a02 -> 
  custom:container-muxer-webm: aa71ff27fc2769a1b78a27578f13a17b -> 
  custom:video-decoder-webm-vp8: 9c59270c3fd7afecdb556c50c9e8de78 -> 
  custom:SearchIndexIgnoredProperties: e643bd26f0fe6173181afceb89e7c659 -> 
  custom:AudioImporter_EditorPlatform: d09bf68614088b80899f8185d706f6e7 -> 
  custom:video-encoder-webm-vp8: eb34c28f22e8b96e1ab97ce403110664 -> 
  custom:audio-decoder-ogg-vorbis: bf7c407c2cedff20999df2af8eb42d56 -> 
  custom:audio-encoder-webm-vorbis: bf7c407c2cedff20999df2af8eb42d56 -> 
========================================================================
Received Prepare
Caller must complete domain reload
Begin MonoManager ReloadAssembly
- Loaded All Assemblies, in  0.532 seconds
Native extension for WindowsStandalone target not found
Native extension for WebGL target not found
Mono: successfully reloaded assembly
- Finished resetting the current domain, in  1.114 seconds
Domain Reload Profiling: 1646ms
	BeginReloadAssembly (157ms)
		ExecutionOrderSort (0ms)
		DisableScriptedObjects (13ms)
		BackupInstance (0ms)
		ReleaseScriptingObjects (0ms)
		CreateAndSetChildDomain (33ms)
	RebuildCommonClasses (33ms)
	RebuildNativeTypeToScriptingClass (12ms)
	initialDomainReloadingComplete (29ms)
	LoadAllAssembliesAndSetupDomain (301ms)
		LoadAssemblies (351ms)
		RebuildTransferFunctionScriptingTraits (0ms)
		AnalyzeDomain (33ms)
			TypeCache.Refresh (12ms)
				TypeCache.ScanAssembly (0ms)
			ScanForSourceGeneratedMonoScriptInfo (12ms)
			ResolveRequiredComponents (8ms)
	FinalizeReload (1115ms)
		ReleaseScriptCaches (0ms)
		RebuildScriptCaches (0ms)
		SetupLoadedEditorAssemblies (450ms)
			LogAssemblyErrors (0ms)
			InitializePlatformSupportModulesInManaged (6ms)
			SetLoadedEditorAssemblies (6ms)
			RefreshPlugins (0ms)
			BeforeProcessingInitializeOnLoad (83ms)
			ProcessInitializeOnLoadAttributes (317ms)
			ProcessInitializeOnLoadMethodAttributes (33ms)
			AfterProcessingInitializeOnLoad (3ms)
			EditorAssembliesLoaded (0ms)
		ExecutionOrderSort2 (0ms)
		AwakeInstancesAfterBackupRestoration (14ms)
Refreshing native plugins compatible for Editor in 8.51 ms, found 7 plugins.
Preloading 0 native plugins for Editor in 0.00 ms.
Unloading 4248 Unused Serialized files (Serialized files now loaded: 0)
Unloading 27 unused Assets / (213.9 KB). Loaded Objects now: 4992.
Memory consumption went from 149.9 MB to 149.7 MB.
Total: 6.474900 ms (FindLiveObjects: 1.000900 ms CreateObjectMapping: 0.592100 ms MarkObjects: 4.511600 ms  DeleteObjects: 0.367200 ms)

Prepare: number of updated asset objects reloaded= 0
AssetImportParameters requested are different than current active one (requested -> active):
  custom:container-demuxer-ogg: 62fdf1f143b41e24485cea50d1cbac27 -> 
  custom:video-codec-MediaFoundation-h265: 746d11721c4dcdbdad8f713fa42b33f4 -> 
  custom:video-decoder-ogg-theora: a1e56fd34408186e4bbccfd4996cb3dc -> 
  custom:framework-win-MediaFoundation: 216162199b28c13a410421893ffa2e32 -> 
  custom:CustomObjectIndexerAttribute: 9a22284fe3817be447336de3de66b15e -> 
  custom:container-demuxer-webm: 4f35f7cbe854078d1ac9338744f61a02 -> 
  custom:container-muxer-webm: aa71ff27fc2769a1b78a27578f13a17b -> 
  custom:video-decoder-webm-vp8: 9c59270c3fd7afecdb556c50c9e8de78 -> 
  custom:SearchIndexIgnoredProperties: e643bd26f0fe6173181afceb89e7c659 -> 
  custom:AudioImporter_EditorPlatform: d09bf68614088b80899f8185d706f6e7 -> 
  custom:video-encoder-webm-vp8: eb34c28f22e8b96e1ab97ce403110664 -> 
  custom:audio-decoder-ogg-vorbis: bf7c407c2cedff20999df2af8eb42d56 -> 
  custom:audio-encoder-webm-vorbis: bf7c407c2cedff20999df2af8eb42d56 -> 
========================================================================
Received Prepare
Caller must complete domain reload
Begin MonoManager ReloadAssembly
- Loaded All Assemblies, in  0.506 seconds
Native extension for WindowsStandalone target not found
Native extension for WebGL target not found
Mono: successfully reloaded assembly
- Finished resetting the current domain, in  1.060 seconds
Domain Reload Profiling: 1565ms
	BeginReloadAssembly (164ms)
		ExecutionOrderSort (0ms)
		DisableScriptedObjects (12ms)
		BackupInstance (0ms)
		ReleaseScriptingObjects (0ms)
		CreateAndSetChildDomain (39ms)
	RebuildCommonClasses (35ms)
	RebuildNativeTypeToScriptingClass (15ms)
	initialDomainReloadingComplete (29ms)
	LoadAllAssembliesAndSetupDomain (262ms)
		LoadAssemblies (333ms)
		RebuildTransferFunctionScriptingTraits (0ms)
		AnalyzeDomain (13ms)
			TypeCache.Refresh (5ms)
				TypeCache.ScanAssembly (0ms)
			ScanForSourceGeneratedMonoScriptInfo (0ms)
			ResolveRequiredComponents (6ms)
	FinalizeReload (1060ms)
		ReleaseScriptCaches (0ms)
		RebuildScriptCaches (0ms)
		SetupLoadedEditorAssemblies (451ms)
			LogAssemblyErrors (0ms)
			InitializePlatformSupportModulesInManaged (6ms)
			SetLoadedEditorAssemblies (5ms)
			RefreshPlugins (0ms)
			BeforeProcessingInitializeOnLoad (72ms)
			ProcessInitializeOnLoadAttributes (330ms)
			ProcessInitializeOnLoadMethodAttributes (34ms)
			AfterProcessingInitializeOnLoad (3ms)
			EditorAssembliesLoaded (0ms)
		ExecutionOrderSort2 (0ms)
		AwakeInstancesAfterBackupRestoration (15ms)
Refreshing native plugins compatible for Editor in 8.89 ms, found 7 plugins.
Preloading 0 native plugins for Editor in 0.00 ms.
Unloading 4248 Unused Serialized files (Serialized files now loaded: 0)
Unloading 27 unused Assets / (213.9 KB). Loaded Objects now: 4996.
Memory consumption went from 149.9 MB to 149.7 MB.
Total: 8.470800 ms (FindLiveObjects: 1.021600 ms CreateObjectMapping: 0.438700 ms MarkObjects: 6.481100 ms  DeleteObjects: 0.526700 ms)

Prepare: number of updated asset objects reloaded= 0
AssetImportParameters requested are different than current active one (requested -> active):
  custom:container-demuxer-ogg: 62fdf1f143b41e24485cea50d1cbac27 -> 
  custom:video-codec-MediaFoundation-h265: 746d11721c4dcdbdad8f713fa42b33f4 -> 
  custom:video-decoder-ogg-theora: a1e56fd34408186e4bbccfd4996cb3dc -> 
  custom:framework-win-MediaFoundation: 216162199b28c13a410421893ffa2e32 -> 
  custom:CustomObjectIndexerAttribute: 9a22284fe3817be447336de3de66b15e -> 
  custom:container-demuxer-webm: 4f35f7cbe854078d1ac9338744f61a02 -> 
  custom:container-muxer-webm: aa71ff27fc2769a1b78a27578f13a17b -> 
  custom:video-decoder-webm-vp8: 9c59270c3fd7afecdb556c50c9e8de78 -> 
  custom:SearchIndexIgnoredProperties: e643bd26f0fe6173181afceb89e7c659 -> 
  custom:AudioImporter_EditorPlatform: d09bf68614088b80899f8185d706f6e7 -> 
  custom:video-encoder-webm-vp8: eb34c28f22e8b96e1ab97ce403110664 -> 
  custom:audio-decoder-ogg-vorbis: bf7c407c2cedff20999df2af8eb42d56 -> 
  custom:audio-encoder-webm-vorbis: bf7c407c2cedff20999df2af8eb42d56 -> 
========================================================================
Received Prepare
Caller must complete domain reload
Begin MonoManager ReloadAssembly
- Loaded All Assemblies, in  0.553 seconds
Native extension for WindowsStandalone target not found
Native extension for WebGL target not found
Mono: successfully reloaded assembly
- Finished resetting the current domain, in  1.042 seconds
Domain Reload Profiling: 1595ms
	BeginReloadAssembly (168ms)
		ExecutionOrderSort (0ms)
		DisableScriptedObjects (12ms)
		BackupInstance (0ms)
		ReleaseScriptingObjects (0ms)
		CreateAndSetChildDomain (40ms)
	RebuildCommonClasses (36ms)
	RebuildNativeTypeToScriptingClass (13ms)
	initialDomainReloadingComplete (29ms)
	LoadAllAssembliesAndSetupDomain (306ms)
		LoadAssemblies (354ms)
		RebuildTransferFunctionScriptingTraits (0ms)
		AnalyzeDomain (37ms)
			TypeCache.Refresh (14ms)
				TypeCache.ScanAssembly (0ms)
			ScanForSourceGeneratedMonoScriptInfo (15ms)
			ResolveRequiredComponents (7ms)
	FinalizeReload (1042ms)
		ReleaseScriptCaches (0ms)
		RebuildScriptCaches (0ms)
		SetupLoadedEditorAssemblies (423ms)
			LogAssemblyErrors (0ms)
			InitializePlatformSupportModulesInManaged (6ms)
			SetLoadedEditorAssemblies (5ms)
			RefreshPlugins (0ms)
			BeforeProcessingInitializeOnLoad (73ms)
			ProcessInitializeOnLoadAttributes (303ms)
			ProcessInitializeOnLoadMethodAttributes (32ms)
			AfterProcessingInitializeOnLoad (4ms)
			EditorAssembliesLoaded (0ms)
		ExecutionOrderSort2 (0ms)
		AwakeInstancesAfterBackupRestoration (16ms)
Refreshing native plugins compatible for Editor in 8.38 ms, found 7 plugins.
Preloading 0 native plugins for Editor in 0.00 ms.
Unloading 4248 Unused Serialized files (Serialized files now loaded: 0)
Unloading 27 unused Assets / (213.7 KB). Loaded Objects now: 5000.
Memory consumption went from 149.9 MB to 149.7 MB.
Total: 9.515200 ms (FindLiveObjects: 0.991900 ms CreateObjectMapping: 0.655800 ms MarkObjects: 7.272900 ms  DeleteObjects: 0.591500 ms)

Prepare: number of updated asset objects reloaded= 0
AssetImportParameters requested are different than current active one (requested -> active):
  custom:container-demuxer-ogg: 62fdf1f143b41e24485cea50d1cbac27 -> 
  custom:video-codec-MediaFoundation-h265: 746d11721c4dcdbdad8f713fa42b33f4 -> 
  custom:video-decoder-ogg-theora: a1e56fd34408186e4bbccfd4996cb3dc -> 
  custom:framework-win-MediaFoundation: 216162199b28c13a410421893ffa2e32 -> 
  custom:CustomObjectIndexerAttribute: 9a22284fe3817be447336de3de66b15e -> 
  custom:container-demuxer-webm: 4f35f7cbe854078d1ac9338744f61a02 -> 
  custom:container-muxer-webm: aa71ff27fc2769a1b78a27578f13a17b -> 
  custom:video-decoder-webm-vp8: 9c59270c3fd7afecdb556c50c9e8de78 -> 
  custom:SearchIndexIgnoredProperties: e643bd26f0fe6173181afceb89e7c659 -> 
  custom:AudioImporter_EditorPlatform: d09bf68614088b80899f8185d706f6e7 -> 
  custom:video-encoder-webm-vp8: eb34c28f22e8b96e1ab97ce403110664 -> 
  custom:audio-decoder-ogg-vorbis: bf7c407c2cedff20999df2af8eb42d56 -> 
  custom:audio-encoder-webm-vorbis: bf7c407c2cedff20999df2af8eb42d56 -> 
========================================================================
Received Prepare
Caller must complete domain reload
Begin MonoManager ReloadAssembly
- Loaded All Assemblies, in  0.502 seconds
Native extension for WindowsStandalone target not found
Native extension for WebGL target not found
Mono: successfully reloaded assembly
- Finished resetting the current domain, in  1.073 seconds
Domain Reload Profiling: 1575ms
	BeginReloadAssembly (160ms)
		ExecutionOrderSort (0ms)
		DisableScriptedObjects (12ms)
		BackupInstance (0ms)
		ReleaseScriptingObjects (0ms)
		CreateAndSetChildDomain (32ms)
	RebuildCommonClasses (35ms)
	RebuildNativeTypeToScriptingClass (13ms)
	initialDomainReloadingComplete (26ms)
	LoadAllAssembliesAndSetupDomain (267ms)
		LoadAssemblies (343ms)
		RebuildTransferFunctionScriptingTraits (0ms)
		AnalyzeDomain (13ms)
			TypeCache.Refresh (6ms)
				TypeCache.ScanAssembly (0ms)
			ScanForSourceGeneratedMonoScriptInfo (0ms)
			ResolveRequiredComponents (6ms)
	FinalizeReload (1073ms)
		ReleaseScriptCaches (0ms)
		RebuildScriptCaches (0ms)
		SetupLoadedEditorAssemblies (447ms)
			LogAssemblyErrors (0ms)
			InitializePlatformSupportModulesInManaged (6ms)
			SetLoadedEditorAssemblies (5ms)
			RefreshPlugins (0ms)
			BeforeProcessingInitializeOnLoad (74ms)
			ProcessInitializeOnLoadAttributes (318ms)
			ProcessInitializeOnLoadMethodAttributes (40ms)
			AfterProcessingInitializeOnLoad (3ms)
			EditorAssembliesLoaded (0ms)
		ExecutionOrderSort2 (0ms)
		AwakeInstancesAfterBackupRestoration (16ms)
Refreshing native plugins compatible for Editor in 7.78 ms, found 7 plugins.
Preloading 0 native plugins for Editor in 0.00 ms.
Unloading 4248 Unused Serialized files (Serialized files now loaded: 0)
Unloading 27 unused Assets / (213.9 KB). Loaded Objects now: 5004.
Memory consumption went from 149.9 MB to 149.7 MB.
Total: 4.103100 ms (FindLiveObjects: 0.567300 ms CreateObjectMapping: 0.136500 ms MarkObjects: 3.179500 ms  DeleteObjects: 0.217800 ms)

Prepare: number of updated asset objects reloaded= 0
AssetImportParameters requested are different than current active one (requested -> active):
  custom:container-demuxer-ogg: 62fdf1f143b41e24485cea50d1cbac27 -> 
  custom:video-codec-MediaFoundation-h265: 746d11721c4dcdbdad8f713fa42b33f4 -> 
  custom:video-decoder-ogg-theora: a1e56fd34408186e4bbccfd4996cb3dc -> 
  custom:framework-win-MediaFoundation: 216162199b28c13a410421893ffa2e32 -> 
  custom:CustomObjectIndexerAttribute: 9a22284fe3817be447336de3de66b15e -> 
  custom:container-demuxer-webm: 4f35f7cbe854078d1ac9338744f61a02 -> 
  custom:container-muxer-webm: aa71ff27fc2769a1b78a27578f13a17b -> 
  custom:video-decoder-webm-vp8: 9c59270c3fd7afecdb556c50c9e8de78 -> 
  custom:SearchIndexIgnoredProperties: e643bd26f0fe6173181afceb89e7c659 -> 
  custom:AudioImporter_EditorPlatform: d09bf68614088b80899f8185d706f6e7 -> 
  custom:video-encoder-webm-vp8: eb34c28f22e8b96e1ab97ce403110664 -> 
  custom:audio-decoder-ogg-vorbis: bf7c407c2cedff20999df2af8eb42d56 -> 
  custom:audio-encoder-webm-vorbis: bf7c407c2cedff20999df2af8eb42d56 -> 
========================================================================
Received Prepare
Caller must complete domain reload
Begin MonoManager ReloadAssembly
- Loaded All Assemblies, in  0.524 seconds
Native extension for WindowsStandalone target not found
Native extension for WebGL target not found
Mono: successfully reloaded assembly
- Finished resetting the current domain, in  1.010 seconds
Domain Reload Profiling: 1534ms
	BeginReloadAssembly (167ms)
		ExecutionOrderSort (0ms)
		DisableScriptedObjects (12ms)
		BackupInstance (0ms)
		ReleaseScriptingObjects (0ms)
		CreateAndSetChildDomain (34ms)
	RebuildCommonClasses (34ms)
	RebuildNativeTypeToScriptingClass (12ms)
	initialDomainReloadingComplete (28ms)
	LoadAllAssembliesAndSetupDomain (283ms)
		LoadAssemblies (347ms)
		RebuildTransferFunctionScriptingTraits (0ms)
		AnalyzeDomain (28ms)
			TypeCache.Refresh (11ms)
				TypeCache.ScanAssembly (0ms)
			ScanForSourceGeneratedMonoScriptInfo (10ms)
			ResolveRequiredComponents (6ms)
	FinalizeReload (1010ms)
		ReleaseScriptCaches (0ms)
		RebuildScriptCaches (0ms)
		SetupLoadedEditorAssemblies (423ms)
			LogAssemblyErrors (0ms)
			InitializePlatformSupportModulesInManaged (6ms)
			SetLoadedEditorAssemblies (5ms)
			RefreshPlugins (0ms)
			BeforeProcessingInitializeOnLoad (69ms)
			ProcessInitializeOnLoadAttributes (308ms)
			ProcessInitializeOnLoadMethodAttributes (33ms)
			AfterProcessingInitializeOnLoad (3ms)
			EditorAssembliesLoaded (0ms)
		ExecutionOrderSort2 (0ms)
		AwakeInstancesAfterBackupRestoration (15ms)
Refreshing native plugins compatible for Editor in 8.17 ms, found 7 plugins.
Preloading 0 native plugins for Editor in 0.00 ms.
Unloading 4248 Unused Serialized files (Serialized files now loaded: 0)
Unloading 27 unused Assets / (213.9 KB). Loaded Objects now: 5008.
Memory consumption went from 149.9 MB to 149.7 MB.
Total: 11.164200 ms (FindLiveObjects: 1.269400 ms CreateObjectMapping: 0.930700 ms MarkObjects: 8.296800 ms  DeleteObjects: 0.662400 ms)

Prepare: number of updated asset objects reloaded= 0
AssetImportParameters requested are different than current active one (requested -> active):
  custom:container-demuxer-ogg: 62fdf1f143b41e24485cea50d1cbac27 -> 
  custom:video-codec-MediaFoundation-h265: 746d11721c4dcdbdad8f713fa42b33f4 -> 
  custom:video-decoder-ogg-theora: a1e56fd34408186e4bbccfd4996cb3dc -> 
  custom:framework-win-MediaFoundation: 216162199b28c13a410421893ffa2e32 -> 
  custom:CustomObjectIndexerAttribute: 9a22284fe3817be447336de3de66b15e -> 
  custom:container-demuxer-webm: 4f35f7cbe854078d1ac9338744f61a02 -> 
  custom:container-muxer-webm: aa71ff27fc2769a1b78a27578f13a17b -> 
  custom:video-decoder-webm-vp8: 9c59270c3fd7afecdb556c50c9e8de78 -> 
  custom:SearchIndexIgnoredProperties: e643bd26f0fe6173181afceb89e7c659 -> 
  custom:AudioImporter_EditorPlatform: d09bf68614088b80899f8185d706f6e7 -> 
  custom:video-encoder-webm-vp8: eb34c28f22e8b96e1ab97ce403110664 -> 
  custom:audio-decoder-ogg-vorbis: bf7c407c2cedff20999df2af8eb42d56 -> 
  custom:audio-encoder-webm-vorbis: bf7c407c2cedff20999df2af8eb42d56 -> 
========================================================================
Received Prepare
Caller must complete domain reload
Begin MonoManager ReloadAssembly
- Loaded All Assemblies, in  0.515 seconds
Native extension for WindowsStandalone target not found
Native extension for WebGL target not found
Mono: successfully reloaded assembly
- Finished resetting the current domain, in  1.037 seconds
Domain Reload Profiling: 1552ms
	BeginReloadAssembly (159ms)
		ExecutionOrderSort (0ms)
		DisableScriptedObjects (12ms)
		BackupInstance (0ms)
		ReleaseScriptingObjects (0ms)
		CreateAndSetChildDomain (34ms)
	RebuildCommonClasses (34ms)
	RebuildNativeTypeToScriptingClass (11ms)
	initialDomainReloadingComplete (37ms)
	LoadAllAssembliesAndSetupDomain (273ms)
		LoadAssemblies (342ms)
		RebuildTransferFunctionScriptingTraits (0ms)
		AnalyzeDomain (14ms)
			TypeCache.Refresh (6ms)
				TypeCache.ScanAssembly (0ms)
			ScanForSourceGeneratedMonoScriptInfo (0ms)
			ResolveRequiredComponents (6ms)
	FinalizeReload (1038ms)
		ReleaseScriptCaches (0ms)
		RebuildScriptCaches (0ms)
		SetupLoadedEditorAssemblies (446ms)
			LogAssemblyErrors (0ms)
			InitializePlatformSupportModulesInManaged (6ms)
			SetLoadedEditorAssemblies (5ms)
			RefreshPlugins (0ms)
			BeforeProcessingInitializeOnLoad (80ms)
			ProcessInitializeOnLoadAttributes (321ms)
			ProcessInitializeOnLoadMethodAttributes (31ms)
			AfterProcessingInitializeOnLoad (3ms)
			EditorAssembliesLoaded (0ms)
		ExecutionOrderSort2 (0ms)
		AwakeInstancesAfterBackupRestoration (15ms)
Refreshing native plugins compatible for Editor in 6.39 ms, found 7 plugins.
Preloading 0 native plugins for Editor in 0.00 ms.
Unloading 4248 Unused Serialized files (Serialized files now loaded: 0)
Unloading 27 unused Assets / (214.0 KB). Loaded Objects now: 5012.
Memory consumption went from 150.0 MB to 149.7 MB.
Total: 4.053300 ms (FindLiveObjects: 0.497900 ms CreateObjectMapping: 0.193000 ms MarkObjects: 3.051700 ms  DeleteObjects: 0.308600 ms)

Prepare: number of updated asset objects reloaded= 0
AssetImportParameters requested are different than current active one (requested -> active):
  custom:container-demuxer-ogg: 62fdf1f143b41e24485cea50d1cbac27 -> 
  custom:video-codec-MediaFoundation-h265: 746d11721c4dcdbdad8f713fa42b33f4 -> 
  custom:video-decoder-ogg-theora: a1e56fd34408186e4bbccfd4996cb3dc -> 
  custom:framework-win-MediaFoundation: 216162199b28c13a410421893ffa2e32 -> 
  custom:CustomObjectIndexerAttribute: 9a22284fe3817be447336de3de66b15e -> 
  custom:container-demuxer-webm: 4f35f7cbe854078d1ac9338744f61a02 -> 
  custom:container-muxer-webm: aa71ff27fc2769a1b78a27578f13a17b -> 
  custom:video-decoder-webm-vp8: 9c59270c3fd7afecdb556c50c9e8de78 -> 
  custom:SearchIndexIgnoredProperties: e643bd26f0fe6173181afceb89e7c659 -> 
  custom:AudioImporter_EditorPlatform: d09bf68614088b80899f8185d706f6e7 -> 
  custom:video-encoder-webm-vp8: eb34c28f22e8b96e1ab97ce403110664 -> 
  custom:audio-decoder-ogg-vorbis: bf7c407c2cedff20999df2af8eb42d56 -> 
  custom:audio-encoder-webm-vorbis: bf7c407c2cedff20999df2af8eb42d56 -> 
========================================================================
Received Prepare
Caller must complete domain reload
Begin MonoManager ReloadAssembly
- Loaded All Assemblies, in  0.546 seconds
Native extension for WindowsStandalone target not found
Native extension for WebGL target not found
Mono: successfully reloaded assembly
- Finished resetting the current domain, in  0.959 seconds
Domain Reload Profiling: 1505ms
	BeginReloadAssembly (179ms)
		ExecutionOrderSort (0ms)
		DisableScriptedObjects (15ms)
		BackupInstance (0ms)
		ReleaseScriptingObjects (0ms)
		CreateAndSetChildDomain (37ms)
	RebuildCommonClasses (37ms)
	RebuildNativeTypeToScriptingClass (11ms)
	initialDomainReloadingComplete (26ms)
	LoadAllAssembliesAndSetupDomain (291ms)
		LoadAssemblies (361ms)
		RebuildTransferFunctionScriptingTraits (0ms)
		AnalyzeDomain (28ms)
			TypeCache.Refresh (9ms)
				TypeCache.ScanAssembly (0ms)
			ScanForSourceGeneratedMonoScriptInfo (12ms)
			ResolveRequiredComponents (6ms)
	FinalizeReload (960ms)
		ReleaseScriptCaches (0ms)
		RebuildScriptCaches (0ms)
		SetupLoadedEditorAssemblies (399ms)
			LogAssemblyErrors (0ms)
			InitializePlatformSupportModulesInManaged (6ms)
			SetLoadedEditorAssemblies (5ms)
			RefreshPlugins (0ms)
			BeforeProcessingInitializeOnLoad (68ms)
			ProcessInitializeOnLoadAttributes (288ms)
			ProcessInitializeOnLoadMethodAttributes (29ms)
			AfterProcessingInitializeOnLoad (3ms)
			EditorAssembliesLoaded (0ms)
		ExecutionOrderSort2 (0ms)
		AwakeInstancesAfterBackupRestoration (14ms)
Refreshing native plugins compatible for Editor in 9.13 ms, found 7 plugins.
Preloading 0 native plugins for Editor in 0.00 ms.
Unloading 4248 Unused Serialized files (Serialized files now loaded: 0)
Unloading 27 unused Assets / (214.1 KB). Loaded Objects now: 5016.
Memory consumption went from 150.0 MB to 149.7 MB.
Total: 3.954900 ms (FindLiveObjects: 0.485700 ms CreateObjectMapping: 0.181300 ms MarkObjects: 3.067400 ms  DeleteObjects: 0.218500 ms)

Prepare: number of updated asset objects reloaded= 0
AssetImportParameters requested are different than current active one (requested -> active):
  custom:container-demuxer-ogg: 62fdf1f143b41e24485cea50d1cbac27 -> 
  custom:video-codec-MediaFoundation-h265: 746d11721c4dcdbdad8f713fa42b33f4 -> 
  custom:video-decoder-ogg-theora: a1e56fd34408186e4bbccfd4996cb3dc -> 
  custom:framework-win-MediaFoundation: 216162199b28c13a410421893ffa2e32 -> 
  custom:CustomObjectIndexerAttribute: 9a22284fe3817be447336de3de66b15e -> 
  custom:container-demuxer-webm: 4f35f7cbe854078d1ac9338744f61a02 -> 
  custom:container-muxer-webm: aa71ff27fc2769a1b78a27578f13a17b -> 
  custom:video-decoder-webm-vp8: 9c59270c3fd7afecdb556c50c9e8de78 -> 
  custom:SearchIndexIgnoredProperties: e643bd26f0fe6173181afceb89e7c659 -> 
  custom:AudioImporter_EditorPlatform: d09bf68614088b80899f8185d706f6e7 -> 
  custom:video-encoder-webm-vp8: eb34c28f22e8b96e1ab97ce403110664 -> 
  custom:audio-decoder-ogg-vorbis: bf7c407c2cedff20999df2af8eb42d56 -> 
  custom:audio-encoder-webm-vorbis: bf7c407c2cedff20999df2af8eb42d56 -> 
========================================================================
Received Prepare
Caller must complete domain reload
Begin MonoManager ReloadAssembly
- Loaded All Assemblies, in  0.489 seconds
Native extension for WindowsStandalone target not found
Native extension for WebGL target not found
Mono: successfully reloaded assembly
- Finished resetting the current domain, in  1.080 seconds
Domain Reload Profiling: 1568ms
	BeginReloadAssembly (152ms)
		ExecutionOrderSort (0ms)
		DisableScriptedObjects (12ms)
		BackupInstance (0ms)
		ReleaseScriptingObjects (0ms)
		CreateAndSetChildDomain (34ms)
	RebuildCommonClasses (34ms)
	RebuildNativeTypeToScriptingClass (12ms)
	initialDomainReloadingComplete (27ms)
	LoadAllAssembliesAndSetupDomain (263ms)
		LoadAssemblies (328ms)
		RebuildTransferFunctionScriptingTraits (0ms)
		AnalyzeDomain (13ms)
			TypeCache.Refresh (6ms)
				TypeCache.ScanAssembly (0ms)
			ScanForSourceGeneratedMonoScriptInfo (0ms)
			ResolveRequiredComponents (6ms)
	FinalizeReload (1081ms)
		ReleaseScriptCaches (0ms)
		RebuildScriptCaches (0ms)
		SetupLoadedEditorAssemblies (462ms)
			LogAssemblyErrors (0ms)
			InitializePlatformSupportModulesInManaged (7ms)
			SetLoadedEditorAssemblies (6ms)
			RefreshPlugins (0ms)
			BeforeProcessingInitializeOnLoad (75ms)
			ProcessInitializeOnLoadAttributes (334ms)
			ProcessInitializeOnLoadMethodAttributes (37ms)
			AfterProcessingInitializeOnLoad (3ms)
			EditorAssembliesLoaded (0ms)
		ExecutionOrderSort2 (0ms)
		AwakeInstancesAfterBackupRestoration (17ms)
Refreshing native plugins compatible for Editor in 6.79 ms, found 7 plugins.
Preloading 0 native plugins for Editor in 0.00 ms.
Unloading 4248 Unused Serialized files (Serialized files now loaded: 0)
Unloading 27 unused Assets / (214.0 KB). Loaded Objects now: 5020.
Memory consumption went from 150.0 MB to 149.8 MB.
Total: 4.593800 ms (FindLiveObjects: 0.457300 ms CreateObjectMapping: 0.155000 ms MarkObjects: 3.616500 ms  DeleteObjects: 0.362700 ms)

Prepare: number of updated asset objects reloaded= 0
AssetImportParameters requested are different than current active one (requested -> active):
  custom:container-demuxer-ogg: 62fdf1f143b41e24485cea50d1cbac27 -> 
  custom:video-codec-MediaFoundation-h265: 746d11721c4dcdbdad8f713fa42b33f4 -> 
  custom:video-decoder-ogg-theora: a1e56fd34408186e4bbccfd4996cb3dc -> 
  custom:framework-win-MediaFoundation: 216162199b28c13a410421893ffa2e32 -> 
  custom:CustomObjectIndexerAttribute: 9a22284fe3817be447336de3de66b15e -> 
  custom:container-demuxer-webm: 4f35f7cbe854078d1ac9338744f61a02 -> 
  custom:container-muxer-webm: aa71ff27fc2769a1b78a27578f13a17b -> 
  custom:video-decoder-webm-vp8: 9c59270c3fd7afecdb556c50c9e8de78 -> 
  custom:SearchIndexIgnoredProperties: e643bd26f0fe6173181afceb89e7c659 -> 
  custom:AudioImporter_EditorPlatform: d09bf68614088b80899f8185d706f6e7 -> 
  custom:video-encoder-webm-vp8: eb34c28f22e8b96e1ab97ce403110664 -> 
  custom:audio-decoder-ogg-vorbis: bf7c407c2cedff20999df2af8eb42d56 -> 
  custom:audio-encoder-webm-vorbis: bf7c407c2cedff20999df2af8eb42d56 -> 
========================================================================
Received Prepare
Caller must complete domain reload
Begin MonoManager ReloadAssembly
- Loaded All Assemblies, in  0.607 seconds
Native extension for WindowsStandalone target not found
Native extension for WebGL target not found
Mono: successfully reloaded assembly
- Finished resetting the current domain, in  1.074 seconds
Domain Reload Profiling: 1681ms
	BeginReloadAssembly (182ms)
		ExecutionOrderSort (0ms)
		DisableScriptedObjects (13ms)
		BackupInstance (0ms)
		ReleaseScriptingObjects (0ms)
		CreateAndSetChildDomain (39ms)
	RebuildCommonClasses (36ms)
	RebuildNativeTypeToScriptingClass (18ms)
	initialDomainReloadingComplete (36ms)
	LoadAllAssembliesAndSetupDomain (334ms)
		LoadAssemblies (398ms)
		RebuildTransferFunctionScriptingTraits (0ms)
		AnalyzeDomain (31ms)
			TypeCache.Refresh (12ms)
				TypeCache.ScanAssembly (0ms)
			ScanForSourceGeneratedMonoScriptInfo (11ms)
			ResolveRequiredComponents (6ms)
	FinalizeReload (1074ms)
		ReleaseScriptCaches (0ms)
		RebuildScriptCaches (0ms)
		SetupLoadedEditorAssemblies (429ms)
			LogAssemblyErrors (0ms)
			InitializePlatformSupportModulesInManaged (6ms)
			SetLoadedEditorAssemblies (5ms)
			RefreshPlugins (0ms)
			BeforeProcessingInitializeOnLoad (77ms)
			ProcessInitializeOnLoadAttributes (306ms)
			ProcessInitializeOnLoadMethodAttributes (31ms)
			AfterProcessingInitializeOnLoad (3ms)
			EditorAssembliesLoaded (0ms)
		ExecutionOrderSort2 (0ms)
		AwakeInstancesAfterBackupRestoration (14ms)
Refreshing native plugins compatible for Editor in 8.70 ms, found 7 plugins.
Preloading 0 native plugins for Editor in 0.00 ms.
Unloading 4248 Unused Serialized files (Serialized files now loaded: 0)
Unloading 27 unused Assets / (214.2 KB). Loaded Objects now: 5024.
Memory consumption went from 150.0 MB to 149.8 MB.
Total: 4.209400 ms (FindLiveObjects: 0.642400 ms CreateObjectMapping: 0.183000 ms MarkObjects: 3.140900 ms  DeleteObjects: 0.241100 ms)

Prepare: number of updated asset objects reloaded= 0
AssetImportParameters requested are different than current active one (requested -> active):
  custom:container-demuxer-ogg: 62fdf1f143b41e24485cea50d1cbac27 -> 
  custom:video-codec-MediaFoundation-h265: 746d11721c4dcdbdad8f713fa42b33f4 -> 
  custom:video-decoder-ogg-theora: a1e56fd34408186e4bbccfd4996cb3dc -> 
  custom:framework-win-MediaFoundation: 216162199b28c13a410421893ffa2e32 -> 
  custom:CustomObjectIndexerAttribute: 9a22284fe3817be447336de3de66b15e -> 
  custom:container-demuxer-webm: 4f35f7cbe854078d1ac9338744f61a02 -> 
  custom:container-muxer-webm: aa71ff27fc2769a1b78a27578f13a17b -> 
  custom:video-decoder-webm-vp8: 9c59270c3fd7afecdb556c50c9e8de78 -> 
  custom:SearchIndexIgnoredProperties: e643bd26f0fe6173181afceb89e7c659 -> 
  custom:AudioImporter_EditorPlatform: d09bf68614088b80899f8185d706f6e7 -> 
  custom:video-encoder-webm-vp8: eb34c28f22e8b96e1ab97ce403110664 -> 
  custom:audio-decoder-ogg-vorbis: bf7c407c2cedff20999df2af8eb42d56 -> 
  custom:audio-encoder-webm-vorbis: bf7c407c2cedff20999df2af8eb42d56 -> 
========================================================================
Received Prepare
Caller must complete domain reload
Begin MonoManager ReloadAssembly
- Loaded All Assemblies, in  0.574 seconds
Native extension for WindowsStandalone target not found
Native extension for WebGL target not found
Mono: successfully reloaded assembly
- Finished resetting the current domain, in  1.030 seconds
Domain Reload Profiling: 1604ms
	BeginReloadAssembly (174ms)
		ExecutionOrderSort (0ms)
		DisableScriptedObjects (12ms)
		BackupInstance (0ms)
		ReleaseScriptingObjects (0ms)
		CreateAndSetChildDomain (38ms)
	RebuildCommonClasses (37ms)
	RebuildNativeTypeToScriptingClass (14ms)
	initialDomainReloadingComplete (30ms)
	LoadAllAssembliesAndSetupDomain (318ms)
		LoadAssemblies (380ms)
		RebuildTransferFunctionScriptingTraits (0ms)
		AnalyzeDomain (33ms)
			TypeCache.Refresh (10ms)
				TypeCache.ScanAssembly (0ms)
			ScanForSourceGeneratedMonoScriptInfo (15ms)
			ResolveRequiredComponents (6ms)
	FinalizeReload (1030ms)
		ReleaseScriptCaches (0ms)
		RebuildScriptCaches (0ms)
		SetupLoadedEditorAssemblies (451ms)
			LogAssemblyErrors (0ms)
			InitializePlatformSupportModulesInManaged (6ms)
			SetLoadedEditorAssemblies (6ms)
			RefreshPlugins (0ms)
			BeforeProcessingInitializeOnLoad (74ms)
			ProcessInitializeOnLoadAttributes (329ms)
			ProcessInitializeOnLoadMethodAttributes (33ms)
			AfterProcessingInitializeOnLoad (3ms)
			EditorAssembliesLoaded (0ms)
		ExecutionOrderSort2 (0ms)
		AwakeInstancesAfterBackupRestoration (16ms)
Refreshing native plugins compatible for Editor in 9.44 ms, found 7 plugins.
Preloading 0 native plugins for Editor in 0.00 ms.
Unloading 4248 Unused Serialized files (Serialized files now loaded: 0)
Unloading 27 unused Assets / (213.9 KB). Loaded Objects now: 5028.
Memory consumption went from 150.0 MB to 149.8 MB.
Total: 7.036600 ms (FindLiveObjects: 0.892100 ms CreateObjectMapping: 0.534900 ms MarkObjects: 5.256500 ms  DeleteObjects: 0.351000 ms)

Prepare: number of updated asset objects reloaded= 0
AssetImportParameters requested are different than current active one (requested -> active):
  custom:container-demuxer-ogg: 62fdf1f143b41e24485cea50d1cbac27 -> 
  custom:video-codec-MediaFoundation-h265: 746d11721c4dcdbdad8f713fa42b33f4 -> 
  custom:video-decoder-ogg-theora: a1e56fd34408186e4bbccfd4996cb3dc -> 
  custom:framework-win-MediaFoundation: 216162199b28c13a410421893ffa2e32 -> 
  custom:CustomObjectIndexerAttribute: 9a22284fe3817be447336de3de66b15e -> 
  custom:container-demuxer-webm: 4f35f7cbe854078d1ac9338744f61a02 -> 
  custom:container-muxer-webm: aa71ff27fc2769a1b78a27578f13a17b -> 
  custom:video-decoder-webm-vp8: 9c59270c3fd7afecdb556c50c9e8de78 -> 
  custom:SearchIndexIgnoredProperties: e643bd26f0fe6173181afceb89e7c659 -> 
  custom:AudioImporter_EditorPlatform: d09bf68614088b80899f8185d706f6e7 -> 
  custom:video-encoder-webm-vp8: eb34c28f22e8b96e1ab97ce403110664 -> 
  custom:audio-decoder-ogg-vorbis: bf7c407c2cedff20999df2af8eb42d56 -> 
  custom:audio-encoder-webm-vorbis: bf7c407c2cedff20999df2af8eb42d56 -> 
========================================================================
Received Prepare
Caller must complete domain reload
Begin MonoManager ReloadAssembly
- Loaded All Assemblies, in  0.503 seconds
Native extension for WindowsStandalone target not found
Native extension for WebGL target not found
Mono: successfully reloaded assembly
- Finished resetting the current domain, in  1.079 seconds
Domain Reload Profiling: 1582ms
	BeginReloadAssembly (167ms)
		ExecutionOrderSort (0ms)
		DisableScriptedObjects (13ms)
		BackupInstance (0ms)
		ReleaseScriptingObjects (0ms)
		CreateAndSetChildDomain (33ms)
	RebuildCommonClasses (37ms)
	RebuildNativeTypeToScriptingClass (12ms)
	initialDomainReloadingComplete (27ms)
	LoadAllAssembliesAndSetupDomain (259ms)
		LoadAssemblies (339ms)
		RebuildTransferFunctionScriptingTraits (0ms)
		AnalyzeDomain (13ms)
			TypeCache.Refresh (5ms)
				TypeCache.ScanAssembly (0ms)
			ScanForSourceGeneratedMonoScriptInfo (0ms)
			ResolveRequiredComponents (6ms)
	FinalizeReload (1080ms)
		ReleaseScriptCaches (0ms)
		RebuildScriptCaches (0ms)
		SetupLoadedEditorAssemblies (454ms)
			LogAssemblyErrors (0ms)
			InitializePlatformSupportModulesInManaged (9ms)
			SetLoadedEditorAssemblies (6ms)
			RefreshPlugins (0ms)
			BeforeProcessingInitializeOnLoad (76ms)
			ProcessInitializeOnLoadAttributes (322ms)
			ProcessInitializeOnLoadMethodAttributes (38ms)
			AfterProcessingInitializeOnLoad (3ms)
			EditorAssembliesLoaded (0ms)
		ExecutionOrderSort2 (0ms)
		AwakeInstancesAfterBackupRestoration (16ms)
Refreshing native plugins compatible for Editor in 8.89 ms, found 7 plugins.
Preloading 0 native plugins for Editor in 0.00 ms.
Unloading 4248 Unused Serialized files (Serialized files now loaded: 0)
Unloading 27 unused Assets / (214.0 KB). Loaded Objects now: 5032.
Memory consumption went from 150.0 MB to 149.8 MB.
Total: 7.188300 ms (FindLiveObjects: 0.795800 ms CreateObjectMapping: 0.709000 ms MarkObjects: 5.315400 ms  DeleteObjects: 0.365600 ms)

Prepare: number of updated asset objects reloaded= 0
AssetImportParameters requested are different than current active one (requested -> active):
  custom:container-demuxer-ogg: 62fdf1f143b41e24485cea50d1cbac27 -> 
  custom:video-codec-MediaFoundation-h265: 746d11721c4dcdbdad8f713fa42b33f4 -> 
  custom:video-decoder-ogg-theora: a1e56fd34408186e4bbccfd4996cb3dc -> 
  custom:framework-win-MediaFoundation: 216162199b28c13a410421893ffa2e32 -> 
  custom:CustomObjectIndexerAttribute: 9a22284fe3817be447336de3de66b15e -> 
  custom:container-demuxer-webm: 4f35f7cbe854078d1ac9338744f61a02 -> 
  custom:container-muxer-webm: aa71ff27fc2769a1b78a27578f13a17b -> 
  custom:video-decoder-webm-vp8: 9c59270c3fd7afecdb556c50c9e8de78 -> 
  custom:SearchIndexIgnoredProperties: e643bd26f0fe6173181afceb89e7c659 -> 
  custom:AudioImporter_EditorPlatform: d09bf68614088b80899f8185d706f6e7 -> 
  custom:video-encoder-webm-vp8: eb34c28f22e8b96e1ab97ce403110664 -> 
  custom:audio-decoder-ogg-vorbis: bf7c407c2cedff20999df2af8eb42d56 -> 
  custom:audio-encoder-webm-vorbis: bf7c407c2cedff20999df2af8eb42d56 -> 
========================================================================
Received Prepare
Caller must complete domain reload
Begin MonoManager ReloadAssembly
- Loaded All Assemblies, in  0.554 seconds
Native extension for WindowsStandalone target not found
Native extension for WebGL target not found
Mono: successfully reloaded assembly
- Finished resetting the current domain, in  1.043 seconds
Domain Reload Profiling: 1597ms
	BeginReloadAssembly (180ms)
		ExecutionOrderSort (0ms)
		DisableScriptedObjects (13ms)
		BackupInstance (0ms)
		ReleaseScriptingObjects (0ms)
		CreateAndSetChildDomain (41ms)
	RebuildCommonClasses (34ms)
	RebuildNativeTypeToScriptingClass (12ms)
	initialDomainReloadingComplete (29ms)
	LoadAllAssembliesAndSetupDomain (299ms)
		LoadAssemblies (363ms)
		RebuildTransferFunctionScriptingTraits (0ms)
		AnalyzeDomain (31ms)
			TypeCache.Refresh (10ms)
				TypeCache.ScanAssembly (0ms)
			ScanForSourceGeneratedMonoScriptInfo (13ms)
			ResolveRequiredComponents (7ms)
	FinalizeReload (1044ms)
		ReleaseScriptCaches (0ms)
		RebuildScriptCaches (0ms)
		SetupLoadedEditorAssemblies (427ms)
			LogAssemblyErrors (0ms)
			InitializePlatformSupportModulesInManaged (6ms)
			SetLoadedEditorAssemblies (6ms)
			RefreshPlugins (0ms)
			BeforeProcessingInitializeOnLoad (75ms)
			ProcessInitializeOnLoadAttributes (308ms)
			ProcessInitializeOnLoadMethodAttributes (30ms)
			AfterProcessingInitializeOnLoad (2ms)
			EditorAssembliesLoaded (0ms)
		ExecutionOrderSort2 (0ms)
		AwakeInstancesAfterBackupRestoration (14ms)
Refreshing native plugins compatible for Editor in 11.44 ms, found 7 plugins.
Preloading 0 native plugins for Editor in 0.00 ms.
Unloading 4248 Unused Serialized files (Serialized files now loaded: 0)
Unloading 27 unused Assets / (214.0 KB). Loaded Objects now: 5036.
Memory consumption went from 150.0 MB to 149.8 MB.
Total: 3.625900 ms (FindLiveObjects: 0.402700 ms CreateObjectMapping: 0.113700 ms MarkObjects: 2.886500 ms  DeleteObjects: 0.221800 ms)

Prepare: number of updated asset objects reloaded= 0
AssetImportParameters requested are different than current active one (requested -> active):
  custom:container-demuxer-ogg: 62fdf1f143b41e24485cea50d1cbac27 -> 
  custom:video-codec-MediaFoundation-h265: 746d11721c4dcdbdad8f713fa42b33f4 -> 
  custom:video-decoder-ogg-theora: a1e56fd34408186e4bbccfd4996cb3dc -> 
  custom:framework-win-MediaFoundation: 216162199b28c13a410421893ffa2e32 -> 
  custom:CustomObjectIndexerAttribute: 9a22284fe3817be447336de3de66b15e -> 
  custom:container-demuxer-webm: 4f35f7cbe854078d1ac9338744f61a02 -> 
  custom:container-muxer-webm: aa71ff27fc2769a1b78a27578f13a17b -> 
  custom:video-decoder-webm-vp8: 9c59270c3fd7afecdb556c50c9e8de78 -> 
  custom:SearchIndexIgnoredProperties: e643bd26f0fe6173181afceb89e7c659 -> 
  custom:AudioImporter_EditorPlatform: d09bf68614088b80899f8185d706f6e7 -> 
  custom:video-encoder-webm-vp8: eb34c28f22e8b96e1ab97ce403110664 -> 
  custom:audio-decoder-ogg-vorbis: bf7c407c2cedff20999df2af8eb42d56 -> 
  custom:audio-encoder-webm-vorbis: bf7c407c2cedff20999df2af8eb42d56 -> 
========================================================================
Received Prepare
Caller must complete domain reload
Begin MonoManager ReloadAssembly
- Loaded All Assemblies, in  0.495 seconds
Native extension for WindowsStandalone target not found
Native extension for WebGL target not found
Mono: successfully reloaded assembly
- Finished resetting the current domain, in  1.064 seconds
Domain Reload Profiling: 1559ms
	BeginReloadAssembly (162ms)
		ExecutionOrderSort (0ms)
		DisableScriptedObjects (12ms)
		BackupInstance (0ms)
		ReleaseScriptingObjects (0ms)
		CreateAndSetChildDomain (35ms)
	RebuildCommonClasses (40ms)
	RebuildNativeTypeToScriptingClass (12ms)
	initialDomainReloadingComplete (28ms)
	LoadAllAssembliesAndSetupDomain (252ms)
		LoadAssemblies (324ms)
		RebuildTransferFunctionScriptingTraits (0ms)
		AnalyzeDomain (14ms)
			TypeCache.Refresh (7ms)
				TypeCache.ScanAssembly (0ms)
			ScanForSourceGeneratedMonoScriptInfo (0ms)
			ResolveRequiredComponents (6ms)
	FinalizeReload (1064ms)
		ReleaseScriptCaches (0ms)
		RebuildScriptCaches (0ms)
		SetupLoadedEditorAssemblies (453ms)
			LogAssemblyErrors (0ms)
			InitializePlatformSupportModulesInManaged (6ms)
			SetLoadedEditorAssemblies (6ms)
			RefreshPlugins (0ms)
			BeforeProcessingInitializeOnLoad (75ms)
			ProcessInitializeOnLoadAttributes (330ms)
			ProcessInitializeOnLoadMethodAttributes (33ms)
			AfterProcessingInitializeOnLoad (3ms)
			EditorAssembliesLoaded (0ms)
		ExecutionOrderSort2 (0ms)
		AwakeInstancesAfterBackupRestoration (15ms)
Refreshing native plugins compatible for Editor in 8.07 ms, found 7 plugins.
Preloading 0 native plugins for Editor in 0.00 ms.
Unloading 4248 Unused Serialized files (Serialized files now loaded: 0)
Unloading 27 unused Assets / (213.9 KB). Loaded Objects now: 5040.
Memory consumption went from 150.0 MB to 149.8 MB.
Total: 4.447200 ms (FindLiveObjects: 0.659300 ms CreateObjectMapping: 0.211800 ms MarkObjects: 3.336500 ms  DeleteObjects: 0.237500 ms)

Prepare: number of updated asset objects reloaded= 0
AssetImportParameters requested are different than current active one (requested -> active):
  custom:container-demuxer-ogg: 62fdf1f143b41e24485cea50d1cbac27 -> 
  custom:video-codec-MediaFoundation-h265: 746d11721c4dcdbdad8f713fa42b33f4 -> 
  custom:video-decoder-ogg-theora: a1e56fd34408186e4bbccfd4996cb3dc -> 
  custom:framework-win-MediaFoundation: 216162199b28c13a410421893ffa2e32 -> 
  custom:CustomObjectIndexerAttribute: 9a22284fe3817be447336de3de66b15e -> 
  custom:container-demuxer-webm: 4f35f7cbe854078d1ac9338744f61a02 -> 
  custom:container-muxer-webm: aa71ff27fc2769a1b78a27578f13a17b -> 
  custom:video-decoder-webm-vp8: 9c59270c3fd7afecdb556c50c9e8de78 -> 
  custom:SearchIndexIgnoredProperties: e643bd26f0fe6173181afceb89e7c659 -> 
  custom:AudioImporter_EditorPlatform: d09bf68614088b80899f8185d706f6e7 -> 
  custom:video-encoder-webm-vp8: eb34c28f22e8b96e1ab97ce403110664 -> 
  custom:audio-decoder-ogg-vorbis: bf7c407c2cedff20999df2af8eb42d56 -> 
  custom:audio-encoder-webm-vorbis: bf7c407c2cedff20999df2af8eb42d56 -> 
========================================================================
Received Prepare
Caller must complete domain reload
Begin MonoManager ReloadAssembly
- Loaded All Assemblies, in  0.560 seconds
Native extension for WindowsStandalone target not found
Native extension for WebGL target not found
Mono: successfully reloaded assembly
- Finished resetting the current domain, in  1.053 seconds
Domain Reload Profiling: 1613ms
	BeginReloadAssembly (170ms)
		ExecutionOrderSort (0ms)
		DisableScriptedObjects (13ms)
		BackupInstance (0ms)
		ReleaseScriptingObjects (0ms)
		CreateAndSetChildDomain (36ms)
	RebuildCommonClasses (38ms)
	RebuildNativeTypeToScriptingClass (13ms)
	initialDomainReloadingComplete (28ms)
	LoadAllAssembliesAndSetupDomain (310ms)
		LoadAssemblies (364ms)
		RebuildTransferFunctionScriptingTraits (0ms)
		AnalyzeDomain (37ms)
			TypeCache.Refresh (15ms)
				TypeCache.ScanAssembly (1ms)
			ScanForSourceGeneratedMonoScriptInfo (14ms)
			ResolveRequiredComponents (7ms)
	FinalizeReload (1053ms)
		ReleaseScriptCaches (0ms)
		RebuildScriptCaches (0ms)
		SetupLoadedEditorAssemblies (425ms)
			LogAssemblyErrors (0ms)
			InitializePlatformSupportModulesInManaged (6ms)
			SetLoadedEditorAssemblies (5ms)
			RefreshPlugins (0ms)
			BeforeProcessingInitializeOnLoad (69ms)
			ProcessInitializeOnLoadAttributes (310ms)
			ProcessInitializeOnLoadMethodAttributes (32ms)
			AfterProcessingInitializeOnLoad (2ms)
			EditorAssembliesLoaded (0ms)
		ExecutionOrderSort2 (0ms)
		AwakeInstancesAfterBackupRestoration (14ms)
Refreshing native plugins compatible for Editor in 5.32 ms, found 7 plugins.
Preloading 0 native plugins for Editor in 0.00 ms.
Unloading 4248 Unused Serialized files (Serialized files now loaded: 0)
Unloading 27 unused Assets / (214.0 KB). Loaded Objects now: 5044.
Memory consumption went from 150.0 MB to 149.8 MB.
Total: 6.054600 ms (FindLiveObjects: 0.748900 ms CreateObjectMapping: 0.291100 ms MarkObjects: 4.744600 ms  DeleteObjects: 0.268200 ms)

Prepare: number of updated asset objects reloaded= 0
AssetImportParameters requested are different than current active one (requested -> active):
  custom:container-demuxer-ogg: 62fdf1f143b41e24485cea50d1cbac27 -> 
  custom:video-codec-MediaFoundation-h265: 746d11721c4dcdbdad8f713fa42b33f4 -> 
  custom:video-decoder-ogg-theora: a1e56fd34408186e4bbccfd4996cb3dc -> 
  custom:framework-win-MediaFoundation: 216162199b28c13a410421893ffa2e32 -> 
  custom:CustomObjectIndexerAttribute: 9a22284fe3817be447336de3de66b15e -> 
  custom:container-demuxer-webm: 4f35f7cbe854078d1ac9338744f61a02 -> 
  custom:container-muxer-webm: aa71ff27fc2769a1b78a27578f13a17b -> 
  custom:video-decoder-webm-vp8: 9c59270c3fd7afecdb556c50c9e8de78 -> 
  custom:SearchIndexIgnoredProperties: e643bd26f0fe6173181afceb89e7c659 -> 
  custom:AudioImporter_EditorPlatform: d09bf68614088b80899f8185d706f6e7 -> 
  custom:video-encoder-webm-vp8: eb34c28f22e8b96e1ab97ce403110664 -> 
  custom:audio-decoder-ogg-vorbis: bf7c407c2cedff20999df2af8eb42d56 -> 
  custom:audio-encoder-webm-vorbis: bf7c407c2cedff20999df2af8eb42d56 -> 
========================================================================
Received Prepare
Caller must complete domain reload
Begin MonoManager ReloadAssembly
- Loaded All Assemblies, in  0.514 seconds
Native extension for WindowsStandalone target not found
Native extension for WebGL target not found
Mono: successfully reloaded assembly
- Finished resetting the current domain, in  1.194 seconds
Domain Reload Profiling: 1708ms
	BeginReloadAssembly (160ms)
		ExecutionOrderSort (0ms)
		DisableScriptedObjects (11ms)
		BackupInstance (0ms)
		ReleaseScriptingObjects (0ms)
		CreateAndSetChildDomain (31ms)
	RebuildCommonClasses (35ms)
	RebuildNativeTypeToScriptingClass (13ms)
	initialDomainReloadingComplete (27ms)
	LoadAllAssembliesAndSetupDomain (278ms)
		LoadAssemblies (355ms)
		RebuildTransferFunctionScriptingTraits (0ms)
		AnalyzeDomain (13ms)
			TypeCache.Refresh (6ms)
				TypeCache.ScanAssembly (0ms)
			ScanForSourceGeneratedMonoScriptInfo (0ms)
			ResolveRequiredComponents (6ms)
	FinalizeReload (1195ms)
		ReleaseScriptCaches (0ms)
		RebuildScriptCaches (0ms)
		SetupLoadedEditorAssemblies (508ms)
			LogAssemblyErrors (0ms)
			InitializePlatformSupportModulesInManaged (8ms)
			SetLoadedEditorAssemblies (7ms)
			RefreshPlugins (0ms)
			BeforeProcessingInitializeOnLoad (89ms)
			ProcessInitializeOnLoadAttributes (366ms)
			ProcessInitializeOnLoadMethodAttributes (36ms)
			AfterProcessingInitializeOnLoad (3ms)
			EditorAssembliesLoaded (1ms)
		ExecutionOrderSort2 (0ms)
		AwakeInstancesAfterBackupRestoration (20ms)
Refreshing native plugins compatible for Editor in 7.44 ms, found 7 plugins.
Preloading 0 native plugins for Editor in 0.00 ms.
Unloading 4248 Unused Serialized files (Serialized files now loaded: 0)
Unloading 27 unused Assets / (213.8 KB). Loaded Objects now: 5048.
Memory consumption went from 150.0 MB to 149.8 MB.
Total: 4.551800 ms (FindLiveObjects: 0.461900 ms CreateObjectMapping: 0.161600 ms MarkObjects: 3.365000 ms  DeleteObjects: 0.561400 ms)

Prepare: number of updated asset objects reloaded= 0
AssetImportParameters requested are different than current active one (requested -> active):
  custom:container-demuxer-ogg: 62fdf1f143b41e24485cea50d1cbac27 -> 
  custom:video-codec-MediaFoundation-h265: 746d11721c4dcdbdad8f713fa42b33f4 -> 
  custom:video-decoder-ogg-theora: a1e56fd34408186e4bbccfd4996cb3dc -> 
  custom:framework-win-MediaFoundation: 216162199b28c13a410421893ffa2e32 -> 
  custom:CustomObjectIndexerAttribute: 9a22284fe3817be447336de3de66b15e -> 
  custom:container-demuxer-webm: 4f35f7cbe854078d1ac9338744f61a02 -> 
  custom:container-muxer-webm: aa71ff27fc2769a1b78a27578f13a17b -> 
  custom:video-decoder-webm-vp8: 9c59270c3fd7afecdb556c50c9e8de78 -> 
  custom:SearchIndexIgnoredProperties: e643bd26f0fe6173181afceb89e7c659 -> 
  custom:AudioImporter_EditorPlatform: d09bf68614088b80899f8185d706f6e7 -> 
  custom:video-encoder-webm-vp8: eb34c28f22e8b96e1ab97ce403110664 -> 
  custom:audio-decoder-ogg-vorbis: bf7c407c2cedff20999df2af8eb42d56 -> 
  custom:audio-encoder-webm-vorbis: bf7c407c2cedff20999df2af8eb42d56 -> 
========================================================================
Received Prepare
Caller must complete domain reload
Begin MonoManager ReloadAssembly
- Loaded All Assemblies, in  0.657 seconds
Native extension for WindowsStandalone target not found
Native extension for WebGL target not found
Mono: successfully reloaded assembly
- Finished resetting the current domain, in  1.218 seconds
Domain Reload Profiling: 1875ms
	BeginReloadAssembly (206ms)
		ExecutionOrderSort (0ms)
		DisableScriptedObjects (14ms)
		BackupInstance (0ms)
		ReleaseScriptingObjects (0ms)
		CreateAndSetChildDomain (48ms)
	RebuildCommonClasses (46ms)
	RebuildNativeTypeToScriptingClass (13ms)
	initialDomainReloadingComplete (36ms)
	LoadAllAssembliesAndSetupDomain (355ms)
		LoadAssemblies (420ms)
		RebuildTransferFunctionScriptingTraits (0ms)
		AnalyzeDomain (48ms)
			TypeCache.Refresh (16ms)
				TypeCache.ScanAssembly (5ms)
			ScanForSourceGeneratedMonoScriptInfo (18ms)
			ResolveRequiredComponents (13ms)
	FinalizeReload (1218ms)
		ReleaseScriptCaches (0ms)
		RebuildScriptCaches (0ms)
		SetupLoadedEditorAssemblies (449ms)
			LogAssemblyErrors (0ms)
			InitializePlatformSupportModulesInManaged (6ms)
			SetLoadedEditorAssemblies (7ms)
			RefreshPlugins (0ms)
			BeforeProcessingInitializeOnLoad (87ms)
			ProcessInitializeOnLoadAttributes (313ms)
			ProcessInitializeOnLoadMethodAttributes (32ms)
			AfterProcessingInitializeOnLoad (3ms)
			EditorAssembliesLoaded (0ms)
		ExecutionOrderSort2 (0ms)
		AwakeInstancesAfterBackupRestoration (14ms)
Refreshing native plugins compatible for Editor in 9.39 ms, found 7 plugins.
Preloading 0 native plugins for Editor in 0.00 ms.
Unloading 4456 Unused Serialized files (Serialized files now loaded: 0)
Unloading 44 unused Assets / (0.7 MB). Loaded Objects now: 5243.
Memory consumption went from 158.1 MB to 157.5 MB.
Total: 4.261500 ms (FindLiveObjects: 0.619900 ms CreateObjectMapping: 0.216100 ms MarkObjects: 2.943300 ms  DeleteObjects: 0.480400 ms)

Prepare: number of updated asset objects reloaded= 0
AssetImportParameters requested are different than current active one (requested -> active):
  custom:scripting/monoscript/fileName/CardStack2D.cs: 52f7ac406c04f320c1cc31b32fc945ec -> 
  custom:scripting/monoscript/fileName/UILineRendererFIFO.cs: 1a840d7d842445f62c20beee85a5bbc5 -> 
  custom:scripting/monoscript/fileName/FlowLayoutGroup.cs: 4f8c51e99186127173631d5ea0b848a8 -> 
  custom:scripting/monoscript/fileName/UIParticleSystem.cs: 6cef203566a0c9333597e4e233613614 -> 
  custom:scripting/monoscript/fileName/UILineRenderer.cs: 673f1b621ab4781ac78770b1b3c45207 -> 
  custom:scripting/monoscript/fileName/TableLayoutGroup.cs: 9697d88a99d4c91003d206b86eed3a61 -> 
  custom:scripting/monoscript/fileName/Segment.cs: 823b994f6bbb6e32f73e9807948df6b3 -> 
  custom:container-demuxer-ogg: 62fdf1f143b41e24485cea50d1cbac27 -> 
  custom:scripting/monoscript/fileName/SelectionBox.cs: 9eabc2822607d24d284c5c0d720d4a01 -> 
  custom:scripting/monoscript/fileName/ReorderableListContent.cs: a630238339e5f198f723ac29a2329f6d -> 
  custom:scripting/monoscript/fileName/Menu.cs: d0a2652908e797d4064ef9b772450cc8 -> 
  custom:scripting/monoscript/fileName/SetPropertyUtility.cs: 02aade692758e5563210cc05829e9851 -> f604b4b9e6b0979bdfc1e2b40426dd19
  custom:scripting/monoscript/fileName/HSVUtil.cs: 2f204c7a89b046fae714aadbcda42851 -> 
  custom:scripting/monoscript/fileName/FancyCellGroup.cs: 90647cc400823b41df847a6cbfc29026 -> 
  custom:scripting/monoscript/fileName/RescaleDragPanel.cs: 428e5a10a21f2d3fc3805557487d591e -> 
  custom:scripting/monoscript/fileName/ExtensionsToggleGroup.cs: 93967f93faef61aecdca9232fa42b062 -> 
  custom:scripting/monoscript/fileName/ResizePanel.cs: 0a2d1269c62cba913a254b515f8b6020 -> 
  custom:scripting/monoscript/fileName/Circle.cs: cfc2369c92dd039be7c3f572f769fdcf -> 
  custom:scripting/monoscript/fileName/ShaderLibrary.cs: 7a09676978959734a6827051c965f749 -> 
  custom:scripting/monoscript/fileName/CurvedText.cs: c86aabacdca275700720e919fc8a8b52 -> 
  custom:scripting/monoscript/fileName/FancyScrollRectCell.cs: 0cdf409b5aa8d4c25876d72b5c6a3b60 -> 
  custom:scripting/monoscript/fileName/Gradient.cs: a4c2a5a25440c543cd82653fda832632 -> 
  custom:scripting/monoscript/fileName/ScrollSnapBase.cs: 3682088473625968e7b4647a6b4213f6 -> 
  custom:scripting/monoscript/fileName/CUIText.cs: 0be1a405bc9388e4813a74aad6018bec -> 
  custom:scripting/monoscript/fileName/BoundTooltipTrigger.cs: e78e2ee612ba85e075ab794a5cb95e73 -> 
  custom:scripting/monoscript/fileName/UIHighlightable.cs: fd305ad78204cb75a66ce809c3f50e6a -> 
  custom:video-codec-MediaFoundation-h265: 746d11721c4dcdbdad8f713fa42b33f4 -> 
  custom:scripting/monoscript/fileName/UIExtensionsInputManager.cs: 6f468ddae971c3bcce0288549c1beabd -> 
  custom:scripting/monoscript/fileName/Gradient2.cs: 9c1fd6257924e43a80b8fccb859d3828 -> 
  custom:scripting/monoscript/fileName/CooldownButton.cs: 72bd21b90ac71f29908a36179176f8fc -> 
  custom:video-decoder-ogg-theora: a1e56fd34408186e4bbccfd4996cb3dc -> 
  custom:scripting/monoscript/fileName/TileSizeFitter.cs: ba6326e335b6f177a627b992c444832c -> 
  custom:scripting/monoscript/fileName/SelectableScaler.cs: 3ebe175d64b38a572f8dbe8fd345f0c3 -> 
  custom:scripting/monoscript/fileName/AccordionElementEditor.cs: db5ee9b2cff22578a12a4d141614d665 -> 
  custom:scripting/monoscript/fileName/ExtensionsToggle.cs: e0b44aa7e1ff973d74b4857a34a48879 -> 
  custom:scripting/monoscript/fileName/ReorderableListElement.cs: 788a31431a1c95dc9a9a52767f8e812f -> 
  custom:scripting/monoscript/fileName/ShineEffector.cs: 52ed4eb6c7ed8f674a18d2a4db6eba86 -> 
  custom:scripting/monoscript/fileName/UISelectableExtension.cs: b6766007d8a2236e23d4749da2d8cdd2 -> 
  custom:framework-win-MediaFoundation: 216162199b28c13a410421893ffa2e32 -> 
  custom:scripting/monoscript/fileName/UISoftAdditiveEffect.cs: 30a825933c907dec19605ff2f58a292f -> 
  custom:scripting/monoscript/fileName/HexColorField.cs: 425eeca1ce4159bc649962b2337061a4 -> 
  custom:scripting/monoscript/fileName/ColorPickerControl.cs: 97231f899ae243cc634f34e048c22095 -> 
  custom:scripting/monoscript/fileName/ReorderableListDebug.cs: 51cf5a188c464deb681bea16cb795b61 -> 
  custom:scripting/monoscript/fileName/TextPic.cs: 9dbd7bc654cbf19eee33ac6fc452bfb1 -> 
  custom:scripting/monoscript/fileName/CUIImage.cs: 41f29f650aa507f802cd9793d91f3211 -> 
  custom:scripting/monoscript/fileName/DropDownListButton.cs: 71d533f2602e0e099d09a556ef8e4414 -> 
  custom:scripting/monoscript/fileName/ScrollSnap.cs: c5ae67ed5cc8c0ab1f7496803acc2648 -> 
  custom:scripting/monoscript/fileName/TextPicIconListCopier.cs: a564a2a474c019b98650cff2383ccfca -> 
  custom:scripting/monoscript/fileName/UICornerCut.cs: 69b0dfb485aa2b1afa65fcf30028125b -> 
  custom:scripting/monoscript/fileName/ScrollerEditor.cs: 478519b80ad2bc62d4a4b80ae078e694 -> 
  custom:scripting/monoscript/fileName/IBoxSelectable.cs: a5bf39a694cf2b84c65e7bec998d4941 -> 
  custom:scripting/monoscript/fileName/TiltWindow.cs: 7c3356d1b5bc9c6e9fe98345b0be7c30 -> 
  custom:scripting/monoscript/fileName/ExtensionMethods.cs: 943bd8dac5ce9467ce7deb0856dc6b0a -> 
  custom:scripting/monoscript/fileName/ComboBox.cs: a6ca48dde827ff07a9093f3624d58e62 -> 
  custom:scripting/monoscript/fileName/ScrollRectLinker.cs: 0316116e17d192ca2ef7c97539dff50f -> 
  custom:scripting/monoscript/fileName/SVBoxSlider.cs: 1d22c9c16d63e1cf38ad19bbcec9a0da -> 
  custom:scripting/monoscript/fileName/VerticalScrollSnap.cs: a7ebcf1fac8331e70ee01e540cbe484b -> 
  custom:scripting/monoscript/fileName/UILineConnector.cs: ea5f69a32957fe35ae7b512ef3f758ef -> 
  custom:scripting/monoscript/fileName/UIScreenEffect.cs: c36542c529d1f733362556ab22c18bf9 -> 
  custom:scripting/monoscript/fileName/SoftMaskScript.cs: 867049fb2647c9983fb1391409f93d30 -> 
  custom:scripting/monoscript/fileName/DiamondGraph.cs: a01b647a54847840428a395cc0d6fc16 -> 
  custom:scripting/monoscript/fileName/ScrollRectEx.cs: 3f6a881a34055e182fee3ab0baaee0c3 -> 
  custom:scripting/monoscript/fileName/UIGridRenderer.cs: 04c0062f4b7cdd6963fdba9ae03d9c72 -> 
  custom:scripting/monoscript/fileName/NicerOutline.cs: 571a7c7c4af4ebadc9fed23f0c3b0b46 -> 
  custom:CustomObjectIndexerAttribute: 9a22284fe3817be447336de3de66b15e -> 
  custom:scripting/monoscript/fileName/ScrollRectExtensions.cs: c76cb840404ffa9bc24248639e9da4ee -> 
  custom:scripting/monoscript/fileName/FancyGridViewContext.cs: 8738476657d4a33c34bc82bed7ce8bc9 -> 
  custom:scripting/monoscript/fileName/MinMaxValues.cs: 4aa11a61e640749f4ea5f947f86be5ba -> 
  custom:scripting/monoscript/fileName/CardExpanding3D.cs: d8b2b9924677ad2b445b05edbed7f0e3 -> 
  custom:scripting/monoscript/fileName/MinMaxSliderEditor.cs: e0496a7f76fc8934af2a763a7289ad36 -> 
  custom:scripting/monoscript/fileName/StepperSide.cs: 34d9a35c8c2622f327b140f18a7398a7 -> 
  custom:scripting/monoscript/fileName/CUIGraphicEditor.cs: a618262d3e77d462c5a0cd2e608e8a53 -> 
  custom:scripting/monoscript/fileName/DropDownList.cs: 3d51ab81e9571c9027b59874b2c78567 -> 
  custom:scripting/monoscript/fileName/ITweenValue.cs: 1d0eaa4b435fa135e18af6b5fa57e92e -> 
  custom:container-demuxer-webm: 4f35f7cbe854078d1ac9338744f61a02 -> 
  custom:scripting/monoscript/fileName/CardExpanding2D.cs: e0950b450275cb3936a581f286a6b471 -> 
  custom:scripting/monoscript/fileName/ResetSelectableHighlight.cs: 3ea63487fd77e7b22731770a86b4f8b9 -> 
  custom:scripting/monoscript/fileName/UIScrollToSelection.cs: d89fc8e36bdc19715e3104a5f857d175 -> 
  custom:scripting/monoscript/fileName/IScrollSnap.cs: 80b4110dac6695d630b8e7501d8e5aa8 -> 
  custom:scripting/monoscript/fileName/SegmentedControl.cs: 3a6e53207de58cf304ab520e0638e2df -> 
  custom:scripting/monoscript/fileName/ColorSampler.cs: 617678b91f4adc7b3146f51bed3fc4b1 -> 
  custom:scripting/monoscript/fileName/TabNavigationHelper.cs: 43f45dc623750048d2fbac24931c8ac8 -> 
  custom:scripting/monoscript/fileName/AutoCompleteComboBox.cs: 6e2e6cf33d4f5ca4ad3c05ff8f254467 -> 
  custom:scripting/monoscript/fileName/TextPicEditor.cs: c23216fe996c314d4c496ad837485981 -> 
  custom:scripting/monoscript/fileName/CUIMisc.cs: bc26c7f132f5cd28304cbc88070ca4dc -> 
  custom:scripting/monoscript/fileName/UIAdditiveEffect.cs: 50386f7d7d76f5c5e155dbf56c5e5fdd -> 
  custom:scripting/monoscript/fileName/MonoSpacing.cs: 45ba6bf376dd125375a8906a7d8b8b4b -> 
  custom:scripting/monoscript/fileName/FloatTween.cs: c51b551f6abec506d0db9945f7aa25cc -> 
  custom:scripting/monoscript/fileName/BoxSlider.cs: 662335e935a62641f6cb14e99e25e994 -> 
  custom:scripting/monoscript/fileName/BezierLineRendererEditor.cs: 2a50098be424d999e43b888ace13278c -> 
  custom:scripting/monoscript/fileName/NonDrawingGraphic.cs: a309796f6d67e4c1c110ec62b4572b4e -> 
  custom:scripting/monoscript/fileName/ScrollPositionController.cs: 30c392a65a277a4a74b1a6f1a3417601 -> 
  custom:scripting/monoscript/fileName/ContentScrollSnapHorizontal.cs: cb0bf043572062ce08b48904f46c98c8 -> 
  custom:scripting/monoscript/fileName/Triangulator.cs: 4ee9f09ca55767568ee94c9eaaed7244 -> d867a9a7a8385ef82ff357feb70c59d4
  custom:scripting/monoscript/fileName/UIImageCrop.cs: 1ec5d1f18ccf3bbe8ea319cda00ecfbc -> 
  custom:scripting/monoscript/fileName/BoxSliderEditor.cs: 9c680a5a338924fb176605eed0f68a75 -> 
  custom:scripting/monoscript/fileName/FancyScrollView.cs: c5f9c64ec4b4e183b17919204bc381a9 -> 
  custom:scripting/monoscript/fileName/BezierPath.cs: 90cbb6f823f7a03c69c93b3e1653c45e -> 
  custom:scripting/monoscript/fileName/SuperellipsePoints.cs: db2a1c9698f2dea478e1d6bfece554ae -> 
  custom:scripting/monoscript/fileName/UI_Knob.cs: 00244fb2be3e9e1f5ec3a07f175066a9 -> 
  custom:container-muxer-webm: aa71ff27fc2769a1b78a27578f13a17b -> 
  custom:scripting/monoscript/fileName/RaycastMask.cs: b13971e6a124c25b886c6703ae2aab24 -> 
  custom:scripting/monoscript/fileName/MultiTouchScrollRect.cs: 3a778993ea01435b2502c14ea2b2ff98 -> 
  custom:video-decoder-webm-vp8: 9c59270c3fd7afecdb556c50c9e8de78 -> 
  custom:scripting/monoscript/fileName/InputFieldEnterSubmit.cs: cdd5149b8afb8dc59ad57cc53ad8fb3b -> 
  custom:scripting/monoscript/fileName/ExampleSelectable.cs: 8dc7a8cd606154e7d10bb507e235c1f8 -> 
  custom:scripting/monoscript/fileName/uGUITools.cs: aa32797d8a9cdcd2167b6be114b0d5ec -> 
  custom:scripting/monoscript/fileName/UILinearDodgeEffect.cs: f5508d2f3f6addba614d4c08275f4546 -> 
  custom:SearchIndexIgnoredProperties: e643bd26f0fe6173181afceb89e7c659 -> 
  custom:scripting/monoscript/fileName/EasingCore.cs: 0bad7e894488e9b67256d892a478aab1 -> 
  custom:scripting/monoscript/fileName/Stepper.cs: 3ee1a56034750815f9c567b6c54fbbb8 -> 
  custom:scripting/monoscript/fileName/UIPrimitiveBase.cs: 80a945e915822efd5c887ee28f76aa9f -> 
  custom:AudioImporter_EditorPlatform: d09bf68614088b80899f8185d706f6e7 -> 
  custom:scripting/monoscript/fileName/LetterSpacing.cs: c4f4c504ac9c0b708c438c8a0faf6a96 -> 
  custom:scripting/monoscript/fileName/UISquircle.cs: faaa67841792f2c90a13db82841ac6e3 -> 
  custom:scripting/monoscript/fileName/RangeSlider.cs: 026cea0882c5bbc90f7cedc5111cfeb2 -> 
  custom:scripting/monoscript/fileName/UIExtensionMethods.cs: 2621bff24acfb4ddb3b264b7553588d8 -> 
  custom:scripting/monoscript/fileName/UIVerticalScroller.cs: 3532ae0d4ba5f6e2c310cfec2c655a8c -> 
  custom:scripting/monoscript/fileName/ColorLabel.cs: 9a2d62e5e8f65400e4abc881023f36f7 -> 
  custom:scripting/monoscript/fileName/TooltipTrigger.cs: 546a7d73bc42b9e6f1fd03a7e07d7f29 -> 
  custom:scripting/monoscript/fileName/UIMultiplyEffect.cs: 29b6f1f4d98d9b61292d829c0030af4b -> 
  custom:scripting/monoscript/fileName/CardPopup2D.cs: ac929914b8675b3ff1238ddb1cc99789 -> 
  custom:scripting/monoscript/fileName/ScrollSnapScrollbarHelper.cs: d6b043fd7048156ea2ef4da9da4a0a51 -> 
  custom:scripting/monoscript/fileName/HoverTooltip.cs: abdf0400bdf15bb8fdc0bc4d5ecc993f -> 
  custom:scripting/monoscript/fileName/ColorImage.cs: 87dea3e9bf43c94e295d4fa411046c66 -> 
  custom:scripting/monoscript/fileName/FancyScrollRectContext.cs: 9e5d4d8665c04a1190a3fc52908244b0 -> 
  custom:scripting/monoscript/fileName/TextPicIconEditor.cs: 1f41560011fcb93d03be374d10238c0c -> 
  custom:scripting/monoscript/fileName/UI_InfiniteScroll.cs: f7518bdb5ccbb5518282b9c860eef985 -> 
  custom:scripting/monoscript/fileName/UIExtensionsMenuOptions.cs: 25d3bc76bdcc7be45d732e8f064ec6a7 -> 
  custom:scripting/monoscript/fileName/ReadOnlyAttribute.cs: 604ae8fbc27d6402b88ac08f1987318f -> 
  custom:scripting/monoscript/fileName/UICircle.cs: e40253d6117a9fbea82cc285a7e8a36e -> 
  custom:scripting/monoscript/fileName/UIScrollToSelectionXY.cs: 8145d21a6ef6f8610242d2ba291595b9 -> 
  custom:scripting/monoscript/fileName/CUITextEditor.cs: 966cced0a631446b9484c2fe777a7f5b -> 
  custom:scripting/precompiled-assembly-types:UnityUIExtensions.editor: e002030e6fc012878af160bb334541ad -> 
  custom:scripting/monoscript/fileName/TweenRunner.cs: 90647cc400823b41df847a6cbfc29026 -> 
  custom:scripting/monoscript/fileName/UIHorizontalScroller.cs: 758f016ad67e22eff0f26468f408f006 -> 
  custom:scripting/monoscript/fileName/ReturnKeyTriggersButton.cs: 622f27a1a5fce3f8fe14f0fe6c6b39b5 -> 
  custom:scripting/monoscript/fileName/FancyGridViewCell.cs: 0cdf409b5aa8d4c25876d72b5c6a3b60 -> 
  custom:scripting/monoscript/fileName/Scroller.cs: 94938ad1cd7c20206a0339e3bd7f3330 -> 
  custom:scripting/monoscript/fileName/CylinderText.cs: 86c073c10ed890f8e108be86fb350e35 -> 
  custom:scripting/monoscript/fileName/ColorPickerPresets.cs: d20309ac183a87fd46c2e0a03ba5bdef -> 
  custom:scripting/monoscript/fileName/RadialSlider.cs: 24542b53b379116a4f98bb53a64e13b8 -> 
  custom:scripting/monoscript/fileName/PPIViewer.cs: 5269fbe050022d597b2ceba1b1d4cbae -> 
  custom:scripting/monoscript/fileName/InputFocus.cs: 6a5a3b184038cb5e7dbe4882c96bc91b -> 
  custom:scripting/monoscript/fileName/CUIBezierCurve.cs: 32214df0cb137de9f4967269deffb6f3 -> 
  custom:scripting/monoscript/fileName/DropDownListItem.cs: 91c61fd79335f34fb81e114553bf8888 -> 
  custom:scripting/monoscript/fileName/UIFlippable.cs: 9c843e180ea4b6afe9c1ba071336e124 -> 
  custom:scripting/monoscript/fileName/CanvasGroupActivator.cs: f743e9c6e47b0eb8c0b7b2fbf9f7de19 -> 
  custom:scripting/monoscript/fileName/UIWindowBase.cs: 776e605614a77fffd4e0147c8e684e94 -> 
  custom:video-encoder-webm-vp8: eb34c28f22e8b96e1ab97ce403110664 -> 
  custom:scripting/monoscript/fileName/ScrollPositionControllerEditor.cs: fb86570a90d8d5b779234b7f103e1b51 -> 
  custom:scripting/monoscript/fileName/CurvedLayout.cs: 46917779e317aa4a214ea430689de312 -> 
  custom:scripting/monoscript/fileName/ScrollConflictManager.cs: 1a474b2432b80a8b7211f13c79bb991c -> 
  custom:scripting/monoscript/fileName/ReadOnlyDrawer.cs: 1c0aa6472b8e40c24f66a5805d818994 -> 
  custom:audio-decoder-ogg-vorbis: bf7c407c2cedff20999df2af8eb42d56 -> 
  custom:scripting/monoscript/fileName/FancyGridView.cs: 849ed7f5b11c9db237ef61b01c5a5104 -> 
  custom:scripting/monoscript/fileName/CableCurve.cs: 1ed0592bfc80d3ca3db7b55e9a6e9d9a -> 
  custom:scripting/monoscript/fileName/PaginationManager.cs: b5c7a38e1c9bde92ca052679632bc9f1 -> 
  custom:scripting/monoscript/fileName/UILineTextureRenderer.cs: f3042185c83712ad42b2d6694b56f8d3 -> 
  custom:scripting/monoscript/fileName/MenuManager.cs: 8e71de17d45faf11b5ca3e63d3867170 -> 
  custom:scripting/monoscript/fileName/ColorPickerPresetsEditor.cs: 57bebb34d006d8305e8cd353ea00f28b -> 
  custom:scripting/monoscript/fileName/UI_MagneticInfiniteScroll.cs: 7f0db092e1c52c826e7ccbefe21fe7ce -> 
  custom:scripting/monoscript/fileName/ToolTip.cs: 2f05f936126a769ca9a98ef6920928a7 -> 
  custom:scripting/monoscript/fileName/TextPicRenameEditor.cs: b67a1588d964fe3ac177da9872e96689 -> 
  custom:scripting/monoscript/fileName/TestCompression.cs: 2a18178f72c1b3979b9006483863f20e -> 
  custom:scripting/monoscript/fileName/IFancyScrollRectContext.cs: 9c4dee0aef526d67eb0a668a1c9b910a -> 
  custom:scripting/monoscript/fileName/ColorChangedEvent.cs: bafb161b451089e6c72bcae877e0ba66 -> 
  custom:scripting/monoscript/fileName/BestFitOutline.cs: 2ec1c68346f5b721e3d92092cd60b278 -> 
  custom:scripting/monoscript/fileName/NonDrawingGraphicEditor.cs: 1e7abd1e1a4d3da38de70c6d38c19118 -> 
  custom:scripting/monoscript/fileName/HSVChangedEvent.cs: 8a0d7f505f4db7e267a03264293f54eb -> 
  custom:scripting/monoscript/fileName/CUIImageEditor.cs: 0be5a4365a8d65680f88c4d192e5254c -> 
  custom:scripting/monoscript/fileName/HorizontalScrollSnap.cs: 624447835d67a70d90ed2b7f69117316 -> 
  custom:scripting/monoscript/fileName/UI_TweenScale.cs: 50a18c41daf615d82dc37ef0e9dcea31 -> 
  custom:scripting/monoscript/fileName/BoundTooltipItem.cs: 12dc26af634677e40fd7840809357e6c -> 
  custom:scripting/monoscript/fileName/AccordionElement.cs: 69f1a7e537099cc57de9b6eaa86cef32 -> 
  custom:scripting/monoscript/fileName/UI_ScrollRectOcclusion.cs: 491f1c2592ac821eb8de9e533fddd4a9 -> 
  custom:scripting/monoscript/fileName/CUIBezierCurveEditor.cs: be4462c6de2387d5f99ef9d0e93b91ee -> 
  custom:scripting/monoscript/fileName/ColorSliderImage.cs: bbcbfbf23dc2f9fc5450db8f36b24487 -> 
  custom:scripting/monoscript/fileName/Accordion.cs: c31898dc7ffd6f7b32be5689419229bc -> 
  custom:scripting/monoscript/fileName/FancyCell.cs: 0cdf409b5aa8d4c25876d72b5c6a3b60 -> 
  custom:scripting/monoscript/fileName/ShineEffect.cs: 61d233269c4ea687efa548adef5d6e13 -> 
  custom:audio-encoder-webm-vorbis: bf7c407c2cedff20999df2af8eb42d56 -> 
  custom:scripting/monoscript/fileName/ScrollRectTweener.cs: 3437a8fb18bed84a45865e36e83e332f -> 
  custom:scripting/monoscript/fileName/MeshCreator.cs: a2506ad04bac2e5a6d6d50e0d7978d92 -> 
  custom:scripting/monoscript/fileName/UIPolygon.cs: ef7b3e02606f58c56a27e65db10bc7f3 -> 
  custom:scripting/monoscript/fileName/switchToRectTransform.cs: 0ef297259b7f2ab26defc1d718ad1e0a -> 
  custom:scripting/monoscript/fileName/UILineRendererList.cs: efbf4ff76c31aa3e4f61c8b26734d929 -> 
  custom:scripting/monoscript/fileName/CLZF2.cs: 40ef7bf6191a1a5e5b0f37e092e1b271 -> 
  custom:scripting/monoscript/fileName/SimpleMenu.cs: 90647cc400823b41df847a6cbfc29026 -> 
  custom:scripting/monoscript/fileName/RescalePanel.cs: a379a55181438e3b7a29019da8a3c82c -> 
  custom:scripting/monoscript/fileName/DragCorrector.cs: 89ab4a0369eecb75be2277a80a08c1e7 -> 
  custom:scripting/monoscript/fileName/RangeSliderEditor.cs: 1c09cdb4e75bc10f834bbae9a7b54e1e -> 
  custom:scripting/monoscript/fileName/FancyScrollRect.cs: 0cdf409b5aa8d4c25876d72b5c6a3b60 -> 
  custom:scripting/monoscript/fileName/ReorderableList.cs: 944c8e214787d07461c711b29546f976 -> 
  custom:scripting/monoscript/fileName/RadialLayout.cs: 170f31c5fdb54a9fe7ba926effdfd7d4 -> 
  custom:scripting/monoscript/fileName/ColorSlider.cs: a91d06b853e0bf2d5df3ea61a67d5c83 -> 
  custom:scripting/monoscript/fileName/IFancyGridViewContext.cs: be7addf49e5950ebb654fec55c2afa8b -> 
  custom:scripting/precompiled-assembly-types:UnityUIExtensions: c0991a7eaf90618746e467e9e018bd04 -> 
  custom:scripting/monoscript/fileName/CUIGraphic.cs: 4f47fad340418bff51fe6171e2259e7f -> 
  custom:scripting/monoscript/fileName/IFancyCellGroupContext.cs: 323b5f49cc2011b3d2d9088e528ed161 -> 
  custom:scripting/monoscript/fileName/MinMaxSlider.cs: e7d98a511e8b98df33f72f37935821e5 -> 
  custom:scripting/monoscript/fileName/ColorPickerTester.cs: 63b6c03c009a94721b9d41c8d5e5e6ed -> 
========================================================================
Received Prepare
Caller must complete domain reload
Begin MonoManager ReloadAssembly
- Loaded All Assemblies, in  0.565 seconds
Native extension for WindowsStandalone target not found
Native extension for WebGL target not found
Mono: successfully reloaded assembly
- Finished resetting the current domain, in  1.653 seconds
Domain Reload Profiling: 2218ms
	BeginReloadAssembly (165ms)
		ExecutionOrderSort (0ms)
		DisableScriptedObjects (13ms)
		BackupInstance (0ms)
		ReleaseScriptingObjects (0ms)
		CreateAndSetChildDomain (35ms)
	RebuildCommonClasses (38ms)
	RebuildNativeTypeToScriptingClass (12ms)
	initialDomainReloadingComplete (27ms)
	LoadAllAssembliesAndSetupDomain (321ms)
		LoadAssemblies (390ms)
		RebuildTransferFunctionScriptingTraits (0ms)
		AnalyzeDomain (19ms)
			TypeCache.Refresh (7ms)
				TypeCache.ScanAssembly (0ms)
			ScanForSourceGeneratedMonoScriptInfo (0ms)
			ResolveRequiredComponents (11ms)
	FinalizeReload (1654ms)
		ReleaseScriptCaches (0ms)
		RebuildScriptCaches (0ms)
		SetupLoadedEditorAssemblies (452ms)
			LogAssemblyErrors (0ms)
			InitializePlatformSupportModulesInManaged (9ms)
			SetLoadedEditorAssemblies (7ms)
			RefreshPlugins (0ms)
			BeforeProcessingInitializeOnLoad (77ms)
			ProcessInitializeOnLoadAttributes (326ms)
			ProcessInitializeOnLoadMethodAttributes (30ms)
			AfterProcessingInitializeOnLoad (3ms)
			EditorAssembliesLoaded (0ms)
		ExecutionOrderSort2 (0ms)
		AwakeInstancesAfterBackupRestoration (15ms)
Refreshing native plugins compatible for Editor in 5.11 ms, found 7 plugins.
Preloading 0 native plugins for Editor in 0.00 ms.
Unloading 4456 Unused Serialized files (Serialized files now loaded: 0)
Unloading 44 unused Assets / (0.7 MB). Loaded Objects now: 5247.
Memory consumption went from 158.2 MB to 157.5 MB.
Total: 3.743900 ms (FindLiveObjects: 0.406400 ms CreateObjectMapping: 0.109800 ms MarkObjects: 2.736500 ms  DeleteObjects: 0.490000 ms)

Prepare: number of updated asset objects reloaded= 0
AssetImportParameters requested are different than current active one (requested -> active):
  custom:scripting/monoscript/fileName/CardStack2D.cs: 52f7ac406c04f320c1cc31b32fc945ec -> 
  custom:scripting/monoscript/fileName/UILineRendererFIFO.cs: 1a840d7d842445f62c20beee85a5bbc5 -> 
  custom:scripting/monoscript/fileName/FlowLayoutGroup.cs: 4f8c51e99186127173631d5ea0b848a8 -> 
  custom:scripting/monoscript/fileName/UIParticleSystem.cs: 6cef203566a0c9333597e4e233613614 -> 
  custom:scripting/monoscript/fileName/UILineRenderer.cs: 673f1b621ab4781ac78770b1b3c45207 -> 
  custom:scripting/monoscript/fileName/TableLayoutGroup.cs: 9697d88a99d4c91003d206b86eed3a61 -> 
  custom:scripting/monoscript/fileName/Segment.cs: 823b994f6bbb6e32f73e9807948df6b3 -> 
  custom:container-demuxer-ogg: 62fdf1f143b41e24485cea50d1cbac27 -> 
  custom:scripting/monoscript/fileName/SelectionBox.cs: 9eabc2822607d24d284c5c0d720d4a01 -> 
  custom:scripting/monoscript/fileName/ReorderableListContent.cs: a630238339e5f198f723ac29a2329f6d -> 
  custom:scripting/monoscript/fileName/Menu.cs: d0a2652908e797d4064ef9b772450cc8 -> 
  custom:scripting/monoscript/fileName/SetPropertyUtility.cs: 02aade692758e5563210cc05829e9851 -> f604b4b9e6b0979bdfc1e2b40426dd19
  custom:scripting/monoscript/fileName/HSVUtil.cs: 2f204c7a89b046fae714aadbcda42851 -> 
  custom:scripting/monoscript/fileName/FancyCellGroup.cs: 90647cc400823b41df847a6cbfc29026 -> 
  custom:scripting/monoscript/fileName/RescaleDragPanel.cs: 428e5a10a21f2d3fc3805557487d591e -> 
  custom:scripting/monoscript/fileName/ExtensionsToggleGroup.cs: 93967f93faef61aecdca9232fa42b062 -> 
  custom:scripting/monoscript/fileName/ResizePanel.cs: 0a2d1269c62cba913a254b515f8b6020 -> 
  custom:scripting/monoscript/fileName/Circle.cs: cfc2369c92dd039be7c3f572f769fdcf -> 
  custom:scripting/monoscript/fileName/ShaderLibrary.cs: 7a09676978959734a6827051c965f749 -> 
  custom:scripting/monoscript/fileName/CurvedText.cs: c86aabacdca275700720e919fc8a8b52 -> 
  custom:scripting/monoscript/fileName/FancyScrollRectCell.cs: 0cdf409b5aa8d4c25876d72b5c6a3b60 -> 
  custom:scripting/monoscript/fileName/Gradient.cs: a4c2a5a25440c543cd82653fda832632 -> 
  custom:scripting/monoscript/fileName/ScrollSnapBase.cs: 3682088473625968e7b4647a6b4213f6 -> 
  custom:scripting/monoscript/fileName/CUIText.cs: 0be1a405bc9388e4813a74aad6018bec -> 
  custom:scripting/monoscript/fileName/BoundTooltipTrigger.cs: e78e2ee612ba85e075ab794a5cb95e73 -> 
  custom:scripting/monoscript/fileName/UIHighlightable.cs: fd305ad78204cb75a66ce809c3f50e6a -> 
  custom:video-codec-MediaFoundation-h265: 746d11721c4dcdbdad8f713fa42b33f4 -> 
  custom:scripting/monoscript/fileName/UIExtensionsInputManager.cs: 6f468ddae971c3bcce0288549c1beabd -> 
  custom:scripting/monoscript/fileName/Gradient2.cs: 9c1fd6257924e43a80b8fccb859d3828 -> 
  custom:scripting/monoscript/fileName/CooldownButton.cs: 72bd21b90ac71f29908a36179176f8fc -> 
  custom:video-decoder-ogg-theora: a1e56fd34408186e4bbccfd4996cb3dc -> 
  custom:scripting/monoscript/fileName/TileSizeFitter.cs: ba6326e335b6f177a627b992c444832c -> 
  custom:scripting/monoscript/fileName/SelectableScaler.cs: 3ebe175d64b38a572f8dbe8fd345f0c3 -> 
  custom:scripting/monoscript/fileName/AccordionElementEditor.cs: db5ee9b2cff22578a12a4d141614d665 -> 
  custom:scripting/monoscript/fileName/ExtensionsToggle.cs: e0b44aa7e1ff973d74b4857a34a48879 -> 
  custom:scripting/monoscript/fileName/ReorderableListElement.cs: 788a31431a1c95dc9a9a52767f8e812f -> 
  custom:scripting/monoscript/fileName/ShineEffector.cs: 52ed4eb6c7ed8f674a18d2a4db6eba86 -> 
  custom:scripting/monoscript/fileName/UISelectableExtension.cs: b6766007d8a2236e23d4749da2d8cdd2 -> 
  custom:framework-win-MediaFoundation: 216162199b28c13a410421893ffa2e32 -> 
  custom:scripting/monoscript/fileName/UISoftAdditiveEffect.cs: 30a825933c907dec19605ff2f58a292f -> 
  custom:scripting/monoscript/fileName/HexColorField.cs: 425eeca1ce4159bc649962b2337061a4 -> 
  custom:scripting/monoscript/fileName/ColorPickerControl.cs: 97231f899ae243cc634f34e048c22095 -> 
  custom:scripting/monoscript/fileName/ReorderableListDebug.cs: 51cf5a188c464deb681bea16cb795b61 -> 
  custom:scripting/monoscript/fileName/TextPic.cs: 9dbd7bc654cbf19eee33ac6fc452bfb1 -> 
  custom:scripting/monoscript/fileName/CUIImage.cs: 41f29f650aa507f802cd9793d91f3211 -> 
  custom:scripting/monoscript/fileName/DropDownListButton.cs: 71d533f2602e0e099d09a556ef8e4414 -> 
  custom:scripting/monoscript/fileName/ScrollSnap.cs: c5ae67ed5cc8c0ab1f7496803acc2648 -> 
  custom:scripting/monoscript/fileName/TextPicIconListCopier.cs: a564a2a474c019b98650cff2383ccfca -> 
  custom:scripting/monoscript/fileName/UICornerCut.cs: 69b0dfb485aa2b1afa65fcf30028125b -> 
  custom:scripting/monoscript/fileName/ScrollerEditor.cs: 478519b80ad2bc62d4a4b80ae078e694 -> 
  custom:scripting/monoscript/fileName/IBoxSelectable.cs: a5bf39a694cf2b84c65e7bec998d4941 -> 
  custom:scripting/monoscript/fileName/TiltWindow.cs: 7c3356d1b5bc9c6e9fe98345b0be7c30 -> 
  custom:scripting/monoscript/fileName/ExtensionMethods.cs: 943bd8dac5ce9467ce7deb0856dc6b0a -> 
  custom:scripting/monoscript/fileName/ComboBox.cs: a6ca48dde827ff07a9093f3624d58e62 -> 
  custom:scripting/monoscript/fileName/ScrollRectLinker.cs: 0316116e17d192ca2ef7c97539dff50f -> 
  custom:scripting/monoscript/fileName/SVBoxSlider.cs: 1d22c9c16d63e1cf38ad19bbcec9a0da -> 
  custom:scripting/monoscript/fileName/VerticalScrollSnap.cs: a7ebcf1fac8331e70ee01e540cbe484b -> 
  custom:scripting/monoscript/fileName/UILineConnector.cs: ea5f69a32957fe35ae7b512ef3f758ef -> 
  custom:scripting/monoscript/fileName/UIScreenEffect.cs: c36542c529d1f733362556ab22c18bf9 -> 
  custom:scripting/monoscript/fileName/SoftMaskScript.cs: 867049fb2647c9983fb1391409f93d30 -> 
  custom:scripting/monoscript/fileName/DiamondGraph.cs: a01b647a54847840428a395cc0d6fc16 -> 
  custom:scripting/monoscript/fileName/ScrollRectEx.cs: 3f6a881a34055e182fee3ab0baaee0c3 -> 
  custom:scripting/monoscript/fileName/UIGridRenderer.cs: 04c0062f4b7cdd6963fdba9ae03d9c72 -> 
  custom:scripting/monoscript/fileName/NicerOutline.cs: 571a7c7c4af4ebadc9fed23f0c3b0b46 -> 
  custom:CustomObjectIndexerAttribute: 9a22284fe3817be447336de3de66b15e -> 
  custom:scripting/monoscript/fileName/ScrollRectExtensions.cs: c76cb840404ffa9bc24248639e9da4ee -> 
  custom:scripting/monoscript/fileName/FancyGridViewContext.cs: 8738476657d4a33c34bc82bed7ce8bc9 -> 
  custom:scripting/monoscript/fileName/MinMaxValues.cs: 4aa11a61e640749f4ea5f947f86be5ba -> 
  custom:scripting/monoscript/fileName/CardExpanding3D.cs: d8b2b9924677ad2b445b05edbed7f0e3 -> 
  custom:scripting/monoscript/fileName/MinMaxSliderEditor.cs: e0496a7f76fc8934af2a763a7289ad36 -> 
  custom:scripting/monoscript/fileName/StepperSide.cs: 34d9a35c8c2622f327b140f18a7398a7 -> 
  custom:scripting/monoscript/fileName/CUIGraphicEditor.cs: a618262d3e77d462c5a0cd2e608e8a53 -> 
  custom:scripting/monoscript/fileName/DropDownList.cs: 3d51ab81e9571c9027b59874b2c78567 -> 
  custom:scripting/monoscript/fileName/ITweenValue.cs: 1d0eaa4b435fa135e18af6b5fa57e92e -> 
  custom:container-demuxer-webm: 4f35f7cbe854078d1ac9338744f61a02 -> 
  custom:scripting/monoscript/fileName/CardExpanding2D.cs: e0950b450275cb3936a581f286a6b471 -> 
  custom:scripting/monoscript/fileName/ResetSelectableHighlight.cs: 3ea63487fd77e7b22731770a86b4f8b9 -> 
  custom:scripting/monoscript/fileName/UIScrollToSelection.cs: d89fc8e36bdc19715e3104a5f857d175 -> 
  custom:scripting/monoscript/fileName/IScrollSnap.cs: 80b4110dac6695d630b8e7501d8e5aa8 -> 
  custom:scripting/monoscript/fileName/SegmentedControl.cs: 3a6e53207de58cf304ab520e0638e2df -> 
  custom:scripting/monoscript/fileName/ColorSampler.cs: 617678b91f4adc7b3146f51bed3fc4b1 -> 
  custom:scripting/monoscript/fileName/TabNavigationHelper.cs: 43f45dc623750048d2fbac24931c8ac8 -> 
  custom:scripting/monoscript/fileName/AutoCompleteComboBox.cs: 6e2e6cf33d4f5ca4ad3c05ff8f254467 -> 
  custom:scripting/monoscript/fileName/TextPicEditor.cs: c23216fe996c314d4c496ad837485981 -> 
  custom:scripting/monoscript/fileName/CUIMisc.cs: bc26c7f132f5cd28304cbc88070ca4dc -> 
  custom:scripting/monoscript/fileName/UIAdditiveEffect.cs: 50386f7d7d76f5c5e155dbf56c5e5fdd -> 
  custom:scripting/monoscript/fileName/MonoSpacing.cs: 45ba6bf376dd125375a8906a7d8b8b4b -> 
  custom:scripting/monoscript/fileName/FloatTween.cs: c51b551f6abec506d0db9945f7aa25cc -> 
  custom:scripting/monoscript/fileName/BoxSlider.cs: 662335e935a62641f6cb14e99e25e994 -> 
  custom:scripting/monoscript/fileName/BezierLineRendererEditor.cs: 2a50098be424d999e43b888ace13278c -> 
  custom:scripting/monoscript/fileName/NonDrawingGraphic.cs: a309796f6d67e4c1c110ec62b4572b4e -> 
  custom:scripting/monoscript/fileName/ScrollPositionController.cs: 30c392a65a277a4a74b1a6f1a3417601 -> 
  custom:scripting/monoscript/fileName/ContentScrollSnapHorizontal.cs: cb0bf043572062ce08b48904f46c98c8 -> 
  custom:scripting/monoscript/fileName/Triangulator.cs: 4ee9f09ca55767568ee94c9eaaed7244 -> d867a9a7a8385ef82ff357feb70c59d4
  custom:scripting/monoscript/fileName/UIImageCrop.cs: 1ec5d1f18ccf3bbe8ea319cda00ecfbc -> 
  custom:scripting/monoscript/fileName/BoxSliderEditor.cs: 9c680a5a338924fb176605eed0f68a75 -> 
  custom:scripting/monoscript/fileName/FancyScrollView.cs: c5f9c64ec4b4e183b17919204bc381a9 -> 
  custom:scripting/monoscript/fileName/BezierPath.cs: 90cbb6f823f7a03c69c93b3e1653c45e -> 
  custom:scripting/monoscript/fileName/SuperellipsePoints.cs: db2a1c9698f2dea478e1d6bfece554ae -> 
  custom:scripting/monoscript/fileName/UI_Knob.cs: 00244fb2be3e9e1f5ec3a07f175066a9 -> 
  custom:container-muxer-webm: aa71ff27fc2769a1b78a27578f13a17b -> 
  custom:scripting/monoscript/fileName/RaycastMask.cs: b13971e6a124c25b886c6703ae2aab24 -> 
  custom:scripting/monoscript/fileName/MultiTouchScrollRect.cs: 3a778993ea01435b2502c14ea2b2ff98 -> 
  custom:video-decoder-webm-vp8: 9c59270c3fd7afecdb556c50c9e8de78 -> 
  custom:scripting/monoscript/fileName/InputFieldEnterSubmit.cs: cdd5149b8afb8dc59ad57cc53ad8fb3b -> 
  custom:scripting/monoscript/fileName/ExampleSelectable.cs: 8dc7a8cd606154e7d10bb507e235c1f8 -> 
  custom:scripting/monoscript/fileName/uGUITools.cs: aa32797d8a9cdcd2167b6be114b0d5ec -> 
  custom:scripting/monoscript/fileName/UILinearDodgeEffect.cs: f5508d2f3f6addba614d4c08275f4546 -> 
  custom:SearchIndexIgnoredProperties: e643bd26f0fe6173181afceb89e7c659 -> 
  custom:scripting/monoscript/fileName/EasingCore.cs: 0bad7e894488e9b67256d892a478aab1 -> 
  custom:scripting/monoscript/fileName/Stepper.cs: 3ee1a56034750815f9c567b6c54fbbb8 -> 
  custom:scripting/monoscript/fileName/UIPrimitiveBase.cs: 80a945e915822efd5c887ee28f76aa9f -> 
  custom:AudioImporter_EditorPlatform: d09bf68614088b80899f8185d706f6e7 -> 
  custom:scripting/monoscript/fileName/LetterSpacing.cs: c4f4c504ac9c0b708c438c8a0faf6a96 -> 
  custom:scripting/monoscript/fileName/UISquircle.cs: faaa67841792f2c90a13db82841ac6e3 -> 
  custom:scripting/monoscript/fileName/RangeSlider.cs: 026cea0882c5bbc90f7cedc5111cfeb2 -> 
  custom:scripting/monoscript/fileName/UIExtensionMethods.cs: 2621bff24acfb4ddb3b264b7553588d8 -> 
  custom:scripting/monoscript/fileName/UIVerticalScroller.cs: 3532ae0d4ba5f6e2c310cfec2c655a8c -> 
  custom:scripting/monoscript/fileName/ColorLabel.cs: 9a2d62e5e8f65400e4abc881023f36f7 -> 
  custom:scripting/monoscript/fileName/TooltipTrigger.cs: 546a7d73bc42b9e6f1fd03a7e07d7f29 -> 
  custom:scripting/monoscript/fileName/UIMultiplyEffect.cs: 29b6f1f4d98d9b61292d829c0030af4b -> 
  custom:scripting/monoscript/fileName/CardPopup2D.cs: ac929914b8675b3ff1238ddb1cc99789 -> 
  custom:scripting/monoscript/fileName/ScrollSnapScrollbarHelper.cs: d6b043fd7048156ea2ef4da9da4a0a51 -> 
  custom:scripting/monoscript/fileName/HoverTooltip.cs: abdf0400bdf15bb8fdc0bc4d5ecc993f -> 
  custom:scripting/monoscript/fileName/ColorImage.cs: 87dea3e9bf43c94e295d4fa411046c66 -> 
  custom:scripting/monoscript/fileName/FancyScrollRectContext.cs: 9e5d4d8665c04a1190a3fc52908244b0 -> 
  custom:scripting/monoscript/fileName/TextPicIconEditor.cs: 1f41560011fcb93d03be374d10238c0c -> 
  custom:scripting/monoscript/fileName/UI_InfiniteScroll.cs: f7518bdb5ccbb5518282b9c860eef985 -> 
  custom:scripting/monoscript/fileName/UIExtensionsMenuOptions.cs: 25d3bc76bdcc7be45d732e8f064ec6a7 -> 
  custom:scripting/monoscript/fileName/ReadOnlyAttribute.cs: 604ae8fbc27d6402b88ac08f1987318f -> 
  custom:scripting/monoscript/fileName/UICircle.cs: e40253d6117a9fbea82cc285a7e8a36e -> 
  custom:scripting/monoscript/fileName/UIScrollToSelectionXY.cs: 8145d21a6ef6f8610242d2ba291595b9 -> 
  custom:scripting/monoscript/fileName/CUITextEditor.cs: 966cced0a631446b9484c2fe777a7f5b -> 
  custom:scripting/precompiled-assembly-types:UnityUIExtensions.editor: e002030e6fc012878af160bb334541ad -> 
  custom:scripting/monoscript/fileName/TweenRunner.cs: 90647cc400823b41df847a6cbfc29026 -> 
  custom:scripting/monoscript/fileName/UIHorizontalScroller.cs: 758f016ad67e22eff0f26468f408f006 -> 
  custom:scripting/monoscript/fileName/ReturnKeyTriggersButton.cs: 622f27a1a5fce3f8fe14f0fe6c6b39b5 -> 
  custom:scripting/monoscript/fileName/FancyGridViewCell.cs: 0cdf409b5aa8d4c25876d72b5c6a3b60 -> 
  custom:scripting/monoscript/fileName/Scroller.cs: 94938ad1cd7c20206a0339e3bd7f3330 -> 
  custom:scripting/monoscript/fileName/CylinderText.cs: 86c073c10ed890f8e108be86fb350e35 -> 
  custom:scripting/monoscript/fileName/ColorPickerPresets.cs: d20309ac183a87fd46c2e0a03ba5bdef -> 
  custom:scripting/monoscript/fileName/RadialSlider.cs: 24542b53b379116a4f98bb53a64e13b8 -> 
  custom:scripting/monoscript/fileName/PPIViewer.cs: 5269fbe050022d597b2ceba1b1d4cbae -> 
  custom:scripting/monoscript/fileName/InputFocus.cs: 6a5a3b184038cb5e7dbe4882c96bc91b -> 
  custom:scripting/monoscript/fileName/CUIBezierCurve.cs: 32214df0cb137de9f4967269deffb6f3 -> 
  custom:scripting/monoscript/fileName/DropDownListItem.cs: 91c61fd79335f34fb81e114553bf8888 -> 
  custom:scripting/monoscript/fileName/UIFlippable.cs: 9c843e180ea4b6afe9c1ba071336e124 -> 
  custom:scripting/monoscript/fileName/CanvasGroupActivator.cs: f743e9c6e47b0eb8c0b7b2fbf9f7de19 -> 
  custom:scripting/monoscript/fileName/UIWindowBase.cs: 776e605614a77fffd4e0147c8e684e94 -> 
  custom:video-encoder-webm-vp8: eb34c28f22e8b96e1ab97ce403110664 -> 
  custom:scripting/monoscript/fileName/ScrollPositionControllerEditor.cs: fb86570a90d8d5b779234b7f103e1b51 -> 
  custom:scripting/monoscript/fileName/CurvedLayout.cs: 46917779e317aa4a214ea430689de312 -> 
  custom:scripting/monoscript/fileName/ScrollConflictManager.cs: 1a474b2432b80a8b7211f13c79bb991c -> 
  custom:scripting/monoscript/fileName/ReadOnlyDrawer.cs: 1c0aa6472b8e40c24f66a5805d818994 -> 
  custom:audio-decoder-ogg-vorbis: bf7c407c2cedff20999df2af8eb42d56 -> 
  custom:scripting/monoscript/fileName/FancyGridView.cs: 849ed7f5b11c9db237ef61b01c5a5104 -> 
  custom:scripting/monoscript/fileName/CableCurve.cs: 1ed0592bfc80d3ca3db7b55e9a6e9d9a -> 
  custom:scripting/monoscript/fileName/PaginationManager.cs: b5c7a38e1c9bde92ca052679632bc9f1 -> 
  custom:scripting/monoscript/fileName/UILineTextureRenderer.cs: f3042185c83712ad42b2d6694b56f8d3 -> 
  custom:scripting/monoscript/fileName/MenuManager.cs: 8e71de17d45faf11b5ca3e63d3867170 -> 
  custom:scripting/monoscript/fileName/ColorPickerPresetsEditor.cs: 57bebb34d006d8305e8cd353ea00f28b -> 
  custom:scripting/monoscript/fileName/UI_MagneticInfiniteScroll.cs: 7f0db092e1c52c826e7ccbefe21fe7ce -> 
  custom:scripting/monoscript/fileName/ToolTip.cs: 2f05f936126a769ca9a98ef6920928a7 -> 
  custom:scripting/monoscript/fileName/TextPicRenameEditor.cs: b67a1588d964fe3ac177da9872e96689 -> 
  custom:scripting/monoscript/fileName/TestCompression.cs: 2a18178f72c1b3979b9006483863f20e -> 
  custom:scripting/monoscript/fileName/IFancyScrollRectContext.cs: 9c4dee0aef526d67eb0a668a1c9b910a -> 
  custom:scripting/monoscript/fileName/ColorChangedEvent.cs: bafb161b451089e6c72bcae877e0ba66 -> 
  custom:scripting/monoscript/fileName/BestFitOutline.cs: 2ec1c68346f5b721e3d92092cd60b278 -> 
  custom:scripting/monoscript/fileName/NonDrawingGraphicEditor.cs: 1e7abd1e1a4d3da38de70c6d38c19118 -> 
  custom:scripting/monoscript/fileName/HSVChangedEvent.cs: 8a0d7f505f4db7e267a03264293f54eb -> 
  custom:scripting/monoscript/fileName/CUIImageEditor.cs: 0be5a4365a8d65680f88c4d192e5254c -> 
  custom:scripting/monoscript/fileName/HorizontalScrollSnap.cs: 624447835d67a70d90ed2b7f69117316 -> 
  custom:scripting/monoscript/fileName/UI_TweenScale.cs: 50a18c41daf615d82dc37ef0e9dcea31 -> 
  custom:scripting/monoscript/fileName/BoundTooltipItem.cs: 12dc26af634677e40fd7840809357e6c -> 
  custom:scripting/monoscript/fileName/AccordionElement.cs: 69f1a7e537099cc57de9b6eaa86cef32 -> 
  custom:scripting/monoscript/fileName/UI_ScrollRectOcclusion.cs: 491f1c2592ac821eb8de9e533fddd4a9 -> 
  custom:scripting/monoscript/fileName/CUIBezierCurveEditor.cs: be4462c6de2387d5f99ef9d0e93b91ee -> 
  custom:scripting/monoscript/fileName/ColorSliderImage.cs: bbcbfbf23dc2f9fc5450db8f36b24487 -> 
  custom:scripting/monoscript/fileName/Accordion.cs: c31898dc7ffd6f7b32be5689419229bc -> 
  custom:scripting/monoscript/fileName/FancyCell.cs: 0cdf409b5aa8d4c25876d72b5c6a3b60 -> 
  custom:scripting/monoscript/fileName/ShineEffect.cs: 61d233269c4ea687efa548adef5d6e13 -> 
  custom:audio-encoder-webm-vorbis: bf7c407c2cedff20999df2af8eb42d56 -> 
  custom:scripting/monoscript/fileName/ScrollRectTweener.cs: 3437a8fb18bed84a45865e36e83e332f -> 
  custom:scripting/monoscript/fileName/MeshCreator.cs: a2506ad04bac2e5a6d6d50e0d7978d92 -> 
  custom:scripting/monoscript/fileName/UIPolygon.cs: ef7b3e02606f58c56a27e65db10bc7f3 -> 
  custom:scripting/monoscript/fileName/switchToRectTransform.cs: 0ef297259b7f2ab26defc1d718ad1e0a -> 
  custom:scripting/monoscript/fileName/UILineRendererList.cs: efbf4ff76c31aa3e4f61c8b26734d929 -> 
  custom:scripting/monoscript/fileName/CLZF2.cs: 40ef7bf6191a1a5e5b0f37e092e1b271 -> 
  custom:scripting/monoscript/fileName/SimpleMenu.cs: 90647cc400823b41df847a6cbfc29026 -> 
  custom:scripting/monoscript/fileName/RescalePanel.cs: a379a55181438e3b7a29019da8a3c82c -> 
  custom:scripting/monoscript/fileName/DragCorrector.cs: 89ab4a0369eecb75be2277a80a08c1e7 -> 
  custom:scripting/monoscript/fileName/RangeSliderEditor.cs: 1c09cdb4e75bc10f834bbae9a7b54e1e -> 
  custom:scripting/monoscript/fileName/FancyScrollRect.cs: 0cdf409b5aa8d4c25876d72b5c6a3b60 -> 
  custom:scripting/monoscript/fileName/ReorderableList.cs: 944c8e214787d07461c711b29546f976 -> 
  custom:scripting/monoscript/fileName/RadialLayout.cs: 170f31c5fdb54a9fe7ba926effdfd7d4 -> 
  custom:scripting/monoscript/fileName/ColorSlider.cs: a91d06b853e0bf2d5df3ea61a67d5c83 -> 
  custom:scripting/monoscript/fileName/IFancyGridViewContext.cs: be7addf49e5950ebb654fec55c2afa8b -> 
  custom:scripting/precompiled-assembly-types:UnityUIExtensions: c0991a7eaf90618746e467e9e018bd04 -> 
  custom:scripting/monoscript/fileName/CUIGraphic.cs: 4f47fad340418bff51fe6171e2259e7f -> 
  custom:scripting/monoscript/fileName/IFancyCellGroupContext.cs: 323b5f49cc2011b3d2d9088e528ed161 -> 
  custom:scripting/monoscript/fileName/MinMaxSlider.cs: e7d98a511e8b98df33f72f37935821e5 -> 
  custom:scripting/monoscript/fileName/ColorPickerTester.cs: 63b6c03c009a94721b9d41c8d5e5e6ed -> 
========================================================================
Received Prepare
Caller must complete domain reload
Begin MonoManager ReloadAssembly
- Loaded All Assemblies, in  0.518 seconds
Native extension for WindowsStandalone target not found
Native extension for WebGL target not found
Mono: successfully reloaded assembly
- Finished resetting the current domain, in  1.096 seconds
Domain Reload Profiling: 1614ms
	BeginReloadAssembly (164ms)
		ExecutionOrderSort (0ms)
		DisableScriptedObjects (12ms)
		BackupInstance (0ms)
		ReleaseScriptingObjects (0ms)
		CreateAndSetChildDomain (33ms)
	RebuildCommonClasses (36ms)
	RebuildNativeTypeToScriptingClass (12ms)
	initialDomainReloadingComplete (30ms)
	LoadAllAssembliesAndSetupDomain (275ms)
		LoadAssemblies (341ms)
		RebuildTransferFunctionScriptingTraits (0ms)
		AnalyzeDomain (24ms)
			TypeCache.Refresh (8ms)
				TypeCache.ScanAssembly (0ms)
			ScanForSourceGeneratedMonoScriptInfo (0ms)
			ResolveRequiredComponents (15ms)
	FinalizeReload (1097ms)
		ReleaseScriptCaches (0ms)
		RebuildScriptCaches (0ms)
		SetupLoadedEditorAssemblies (450ms)
			LogAssemblyErrors (0ms)
			InitializePlatformSupportModulesInManaged (6ms)
			SetLoadedEditorAssemblies (5ms)
			RefreshPlugins (0ms)
			BeforeProcessingInitializeOnLoad (74ms)
			ProcessInitializeOnLoadAttributes (328ms)
			ProcessInitializeOnLoadMethodAttributes (33ms)
			AfterProcessingInitializeOnLoad (3ms)
			EditorAssembliesLoaded (0ms)
		ExecutionOrderSort2 (0ms)
		AwakeInstancesAfterBackupRestoration (15ms)
Refreshing native plugins compatible for Editor in 9.45 ms, found 7 plugins.
Preloading 0 native plugins for Editor in 0.00 ms.
Unloading 4456 Unused Serialized files (Serialized files now loaded: 0)
Unloading 44 unused Assets / (0.7 MB). Loaded Objects now: 5251.
Memory consumption went from 158.2 MB to 157.5 MB.
Total: 7.039000 ms (FindLiveObjects: 0.662900 ms CreateObjectMapping: 0.302600 ms MarkObjects: 5.178400 ms  DeleteObjects: 0.892700 ms)

Prepare: number of updated asset objects reloaded= 0
AssetImportParameters requested are different than current active one (requested -> active):
  custom:scripting/monoscript/fileName/CardStack2D.cs: 52f7ac406c04f320c1cc31b32fc945ec -> 
  custom:scripting/monoscript/fileName/UILineRendererFIFO.cs: 1a840d7d842445f62c20beee85a5bbc5 -> 
  custom:scripting/monoscript/fileName/FlowLayoutGroup.cs: 4f8c51e99186127173631d5ea0b848a8 -> 
  custom:scripting/monoscript/fileName/UIParticleSystem.cs: 6cef203566a0c9333597e4e233613614 -> 
  custom:scripting/monoscript/fileName/UILineRenderer.cs: 673f1b621ab4781ac78770b1b3c45207 -> 
  custom:scripting/monoscript/fileName/TableLayoutGroup.cs: 9697d88a99d4c91003d206b86eed3a61 -> 
  custom:scripting/monoscript/fileName/Segment.cs: 823b994f6bbb6e32f73e9807948df6b3 -> 
  custom:container-demuxer-ogg: 62fdf1f143b41e24485cea50d1cbac27 -> 
  custom:scripting/monoscript/fileName/SelectionBox.cs: 9eabc2822607d24d284c5c0d720d4a01 -> 
  custom:scripting/monoscript/fileName/ReorderableListContent.cs: a630238339e5f198f723ac29a2329f6d -> 
  custom:scripting/monoscript/fileName/Menu.cs: d0a2652908e797d4064ef9b772450cc8 -> 
  custom:scripting/monoscript/fileName/SetPropertyUtility.cs: 02aade692758e5563210cc05829e9851 -> f604b4b9e6b0979bdfc1e2b40426dd19
  custom:scripting/monoscript/fileName/HSVUtil.cs: 2f204c7a89b046fae714aadbcda42851 -> 
  custom:scripting/monoscript/fileName/FancyCellGroup.cs: 90647cc400823b41df847a6cbfc29026 -> 
  custom:scripting/monoscript/fileName/RescaleDragPanel.cs: 428e5a10a21f2d3fc3805557487d591e -> 
  custom:scripting/monoscript/fileName/ExtensionsToggleGroup.cs: 93967f93faef61aecdca9232fa42b062 -> 
  custom:scripting/monoscript/fileName/ResizePanel.cs: 0a2d1269c62cba913a254b515f8b6020 -> 
  custom:scripting/monoscript/fileName/Circle.cs: cfc2369c92dd039be7c3f572f769fdcf -> 
  custom:scripting/monoscript/fileName/ShaderLibrary.cs: 7a09676978959734a6827051c965f749 -> 
  custom:scripting/monoscript/fileName/CurvedText.cs: c86aabacdca275700720e919fc8a8b52 -> 
  custom:scripting/monoscript/fileName/FancyScrollRectCell.cs: 0cdf409b5aa8d4c25876d72b5c6a3b60 -> 
  custom:scripting/monoscript/fileName/Gradient.cs: a4c2a5a25440c543cd82653fda832632 -> 
  custom:scripting/monoscript/fileName/ScrollSnapBase.cs: 3682088473625968e7b4647a6b4213f6 -> 
  custom:scripting/monoscript/fileName/CUIText.cs: 0be1a405bc9388e4813a74aad6018bec -> 
  custom:scripting/monoscript/fileName/BoundTooltipTrigger.cs: e78e2ee612ba85e075ab794a5cb95e73 -> 
  custom:scripting/monoscript/fileName/UIHighlightable.cs: fd305ad78204cb75a66ce809c3f50e6a -> 
  custom:video-codec-MediaFoundation-h265: 746d11721c4dcdbdad8f713fa42b33f4 -> 
  custom:scripting/monoscript/fileName/UIExtensionsInputManager.cs: 6f468ddae971c3bcce0288549c1beabd -> 
  custom:scripting/monoscript/fileName/Gradient2.cs: 9c1fd6257924e43a80b8fccb859d3828 -> 
  custom:scripting/monoscript/fileName/CooldownButton.cs: 72bd21b90ac71f29908a36179176f8fc -> 
  custom:video-decoder-ogg-theora: a1e56fd34408186e4bbccfd4996cb3dc -> 
  custom:scripting/monoscript/fileName/TileSizeFitter.cs: ba6326e335b6f177a627b992c444832c -> 
  custom:scripting/monoscript/fileName/SelectableScaler.cs: 3ebe175d64b38a572f8dbe8fd345f0c3 -> 
  custom:scripting/monoscript/fileName/AccordionElementEditor.cs: db5ee9b2cff22578a12a4d141614d665 -> 
  custom:scripting/monoscript/fileName/ExtensionsToggle.cs: e0b44aa7e1ff973d74b4857a34a48879 -> 
  custom:scripting/monoscript/fileName/ReorderableListElement.cs: 788a31431a1c95dc9a9a52767f8e812f -> 
  custom:scripting/monoscript/fileName/ShineEffector.cs: 52ed4eb6c7ed8f674a18d2a4db6eba86 -> 
  custom:scripting/monoscript/fileName/UISelectableExtension.cs: b6766007d8a2236e23d4749da2d8cdd2 -> 
  custom:framework-win-MediaFoundation: 216162199b28c13a410421893ffa2e32 -> 
  custom:scripting/monoscript/fileName/UISoftAdditiveEffect.cs: 30a825933c907dec19605ff2f58a292f -> 
  custom:scripting/monoscript/fileName/HexColorField.cs: 425eeca1ce4159bc649962b2337061a4 -> 
  custom:scripting/monoscript/fileName/ColorPickerControl.cs: 97231f899ae243cc634f34e048c22095 -> 
  custom:scripting/monoscript/fileName/ReorderableListDebug.cs: 51cf5a188c464deb681bea16cb795b61 -> 
  custom:scripting/monoscript/fileName/TextPic.cs: 9dbd7bc654cbf19eee33ac6fc452bfb1 -> 
  custom:scripting/monoscript/fileName/CUIImage.cs: 41f29f650aa507f802cd9793d91f3211 -> 
  custom:scripting/monoscript/fileName/DropDownListButton.cs: 71d533f2602e0e099d09a556ef8e4414 -> 
  custom:scripting/monoscript/fileName/ScrollSnap.cs: c5ae67ed5cc8c0ab1f7496803acc2648 -> 
  custom:scripting/monoscript/fileName/TextPicIconListCopier.cs: a564a2a474c019b98650cff2383ccfca -> 
  custom:scripting/monoscript/fileName/UICornerCut.cs: 69b0dfb485aa2b1afa65fcf30028125b -> 
  custom:scripting/monoscript/fileName/ScrollerEditor.cs: 478519b80ad2bc62d4a4b80ae078e694 -> 
  custom:scripting/monoscript/fileName/IBoxSelectable.cs: a5bf39a694cf2b84c65e7bec998d4941 -> 
  custom:scripting/monoscript/fileName/TiltWindow.cs: 7c3356d1b5bc9c6e9fe98345b0be7c30 -> 
  custom:scripting/monoscript/fileName/ExtensionMethods.cs: 943bd8dac5ce9467ce7deb0856dc6b0a -> 
  custom:scripting/monoscript/fileName/ComboBox.cs: a6ca48dde827ff07a9093f3624d58e62 -> 
  custom:scripting/monoscript/fileName/ScrollRectLinker.cs: 0316116e17d192ca2ef7c97539dff50f -> 
  custom:scripting/monoscript/fileName/SVBoxSlider.cs: 1d22c9c16d63e1cf38ad19bbcec9a0da -> 
  custom:scripting/monoscript/fileName/VerticalScrollSnap.cs: a7ebcf1fac8331e70ee01e540cbe484b -> 
  custom:scripting/monoscript/fileName/UILineConnector.cs: ea5f69a32957fe35ae7b512ef3f758ef -> 
  custom:scripting/monoscript/fileName/UIScreenEffect.cs: c36542c529d1f733362556ab22c18bf9 -> 
  custom:scripting/monoscript/fileName/SoftMaskScript.cs: 867049fb2647c9983fb1391409f93d30 -> 
  custom:scripting/monoscript/fileName/DiamondGraph.cs: a01b647a54847840428a395cc0d6fc16 -> 
  custom:scripting/monoscript/fileName/ScrollRectEx.cs: 3f6a881a34055e182fee3ab0baaee0c3 -> 
  custom:scripting/monoscript/fileName/UIGridRenderer.cs: 04c0062f4b7cdd6963fdba9ae03d9c72 -> 
  custom:scripting/monoscript/fileName/NicerOutline.cs: 571a7c7c4af4ebadc9fed23f0c3b0b46 -> 
  custom:CustomObjectIndexerAttribute: 9a22284fe3817be447336de3de66b15e -> 
  custom:scripting/monoscript/fileName/ScrollRectExtensions.cs: c76cb840404ffa9bc24248639e9da4ee -> 
  custom:scripting/monoscript/fileName/FancyGridViewContext.cs: 8738476657d4a33c34bc82bed7ce8bc9 -> 
  custom:scripting/monoscript/fileName/MinMaxValues.cs: 4aa11a61e640749f4ea5f947f86be5ba -> 
  custom:scripting/monoscript/fileName/CardExpanding3D.cs: d8b2b9924677ad2b445b05edbed7f0e3 -> 
  custom:scripting/monoscript/fileName/MinMaxSliderEditor.cs: e0496a7f76fc8934af2a763a7289ad36 -> 
  custom:scripting/monoscript/fileName/StepperSide.cs: 34d9a35c8c2622f327b140f18a7398a7 -> 
  custom:scripting/monoscript/fileName/CUIGraphicEditor.cs: a618262d3e77d462c5a0cd2e608e8a53 -> 
  custom:scripting/monoscript/fileName/DropDownList.cs: 3d51ab81e9571c9027b59874b2c78567 -> 
  custom:scripting/monoscript/fileName/ITweenValue.cs: 1d0eaa4b435fa135e18af6b5fa57e92e -> 
  custom:container-demuxer-webm: 4f35f7cbe854078d1ac9338744f61a02 -> 
  custom:scripting/monoscript/fileName/CardExpanding2D.cs: e0950b450275cb3936a581f286a6b471 -> 
  custom:scripting/monoscript/fileName/ResetSelectableHighlight.cs: 3ea63487fd77e7b22731770a86b4f8b9 -> 
  custom:scripting/monoscript/fileName/UIScrollToSelection.cs: d89fc8e36bdc19715e3104a5f857d175 -> 
  custom:scripting/monoscript/fileName/IScrollSnap.cs: 80b4110dac6695d630b8e7501d8e5aa8 -> 
  custom:scripting/monoscript/fileName/SegmentedControl.cs: 3a6e53207de58cf304ab520e0638e2df -> 
  custom:scripting/monoscript/fileName/ColorSampler.cs: 617678b91f4adc7b3146f51bed3fc4b1 -> 
  custom:scripting/monoscript/fileName/TabNavigationHelper.cs: 43f45dc623750048d2fbac24931c8ac8 -> 
  custom:scripting/monoscript/fileName/AutoCompleteComboBox.cs: 6e2e6cf33d4f5ca4ad3c05ff8f254467 -> 
  custom:scripting/monoscript/fileName/TextPicEditor.cs: c23216fe996c314d4c496ad837485981 -> 
  custom:scripting/monoscript/fileName/CUIMisc.cs: bc26c7f132f5cd28304cbc88070ca4dc -> 
  custom:scripting/monoscript/fileName/UIAdditiveEffect.cs: 50386f7d7d76f5c5e155dbf56c5e5fdd -> 
  custom:scripting/monoscript/fileName/MonoSpacing.cs: 45ba6bf376dd125375a8906a7d8b8b4b -> 
  custom:scripting/monoscript/fileName/FloatTween.cs: c51b551f6abec506d0db9945f7aa25cc -> 
  custom:scripting/monoscript/fileName/BoxSlider.cs: 662335e935a62641f6cb14e99e25e994 -> 
  custom:scripting/monoscript/fileName/BezierLineRendererEditor.cs: 2a50098be424d999e43b888ace13278c -> 
  custom:scripting/monoscript/fileName/NonDrawingGraphic.cs: a309796f6d67e4c1c110ec62b4572b4e -> 
  custom:scripting/monoscript/fileName/ScrollPositionController.cs: 30c392a65a277a4a74b1a6f1a3417601 -> 
  custom:scripting/monoscript/fileName/ContentScrollSnapHorizontal.cs: cb0bf043572062ce08b48904f46c98c8 -> 
  custom:scripting/monoscript/fileName/Triangulator.cs: 4ee9f09ca55767568ee94c9eaaed7244 -> d867a9a7a8385ef82ff357feb70c59d4
  custom:scripting/monoscript/fileName/UIImageCrop.cs: 1ec5d1f18ccf3bbe8ea319cda00ecfbc -> 
  custom:scripting/monoscript/fileName/BoxSliderEditor.cs: 9c680a5a338924fb176605eed0f68a75 -> 
  custom:scripting/monoscript/fileName/FancyScrollView.cs: c5f9c64ec4b4e183b17919204bc381a9 -> 
  custom:scripting/monoscript/fileName/BezierPath.cs: 90cbb6f823f7a03c69c93b3e1653c45e -> 
  custom:scripting/monoscript/fileName/SuperellipsePoints.cs: db2a1c9698f2dea478e1d6bfece554ae -> 
  custom:scripting/monoscript/fileName/UI_Knob.cs: 00244fb2be3e9e1f5ec3a07f175066a9 -> 
  custom:container-muxer-webm: aa71ff27fc2769a1b78a27578f13a17b -> 
  custom:scripting/monoscript/fileName/RaycastMask.cs: b13971e6a124c25b886c6703ae2aab24 -> 
  custom:scripting/monoscript/fileName/MultiTouchScrollRect.cs: 3a778993ea01435b2502c14ea2b2ff98 -> 
  custom:video-decoder-webm-vp8: 9c59270c3fd7afecdb556c50c9e8de78 -> 
  custom:scripting/monoscript/fileName/InputFieldEnterSubmit.cs: cdd5149b8afb8dc59ad57cc53ad8fb3b -> 
  custom:scripting/monoscript/fileName/ExampleSelectable.cs: 8dc7a8cd606154e7d10bb507e235c1f8 -> 
  custom:scripting/monoscript/fileName/uGUITools.cs: aa32797d8a9cdcd2167b6be114b0d5ec -> 
  custom:scripting/monoscript/fileName/UILinearDodgeEffect.cs: f5508d2f3f6addba614d4c08275f4546 -> 
  custom:SearchIndexIgnoredProperties: e643bd26f0fe6173181afceb89e7c659 -> 
  custom:scripting/monoscript/fileName/EasingCore.cs: 0bad7e894488e9b67256d892a478aab1 -> 
  custom:scripting/monoscript/fileName/Stepper.cs: 3ee1a56034750815f9c567b6c54fbbb8 -> 
  custom:scripting/monoscript/fileName/UIPrimitiveBase.cs: 80a945e915822efd5c887ee28f76aa9f -> 
  custom:AudioImporter_EditorPlatform: d09bf68614088b80899f8185d706f6e7 -> 
  custom:scripting/monoscript/fileName/LetterSpacing.cs: c4f4c504ac9c0b708c438c8a0faf6a96 -> 
  custom:scripting/monoscript/fileName/UISquircle.cs: faaa67841792f2c90a13db82841ac6e3 -> 
  custom:scripting/monoscript/fileName/RangeSlider.cs: 026cea0882c5bbc90f7cedc5111cfeb2 -> 
  custom:scripting/monoscript/fileName/UIExtensionMethods.cs: 2621bff24acfb4ddb3b264b7553588d8 -> 
  custom:scripting/monoscript/fileName/UIVerticalScroller.cs: 3532ae0d4ba5f6e2c310cfec2c655a8c -> 
  custom:scripting/monoscript/fileName/ColorLabel.cs: 9a2d62e5e8f65400e4abc881023f36f7 -> 
  custom:scripting/monoscript/fileName/TooltipTrigger.cs: 546a7d73bc42b9e6f1fd03a7e07d7f29 -> 
  custom:scripting/monoscript/fileName/UIMultiplyEffect.cs: 29b6f1f4d98d9b61292d829c0030af4b -> 
  custom:scripting/monoscript/fileName/CardPopup2D.cs: ac929914b8675b3ff1238ddb1cc99789 -> 
  custom:scripting/monoscript/fileName/ScrollSnapScrollbarHelper.cs: d6b043fd7048156ea2ef4da9da4a0a51 -> 
  custom:scripting/monoscript/fileName/HoverTooltip.cs: abdf0400bdf15bb8fdc0bc4d5ecc993f -> 
  custom:scripting/monoscript/fileName/ColorImage.cs: 87dea3e9bf43c94e295d4fa411046c66 -> 
  custom:scripting/monoscript/fileName/FancyScrollRectContext.cs: 9e5d4d8665c04a1190a3fc52908244b0 -> 
  custom:scripting/monoscript/fileName/TextPicIconEditor.cs: 1f41560011fcb93d03be374d10238c0c -> 
  custom:scripting/monoscript/fileName/UI_InfiniteScroll.cs: f7518bdb5ccbb5518282b9c860eef985 -> 
  custom:scripting/monoscript/fileName/UIExtensionsMenuOptions.cs: 25d3bc76bdcc7be45d732e8f064ec6a7 -> 
  custom:scripting/monoscript/fileName/ReadOnlyAttribute.cs: 604ae8fbc27d6402b88ac08f1987318f -> 
  custom:scripting/monoscript/fileName/UICircle.cs: e40253d6117a9fbea82cc285a7e8a36e -> 
  custom:scripting/monoscript/fileName/UIScrollToSelectionXY.cs: 8145d21a6ef6f8610242d2ba291595b9 -> 
  custom:scripting/monoscript/fileName/CUITextEditor.cs: 966cced0a631446b9484c2fe777a7f5b -> 
  custom:scripting/precompiled-assembly-types:UnityUIExtensions.editor: e002030e6fc012878af160bb334541ad -> 
  custom:scripting/monoscript/fileName/TweenRunner.cs: 90647cc400823b41df847a6cbfc29026 -> 
  custom:scripting/monoscript/fileName/UIHorizontalScroller.cs: 758f016ad67e22eff0f26468f408f006 -> 
  custom:scripting/monoscript/fileName/ReturnKeyTriggersButton.cs: 622f27a1a5fce3f8fe14f0fe6c6b39b5 -> 
  custom:scripting/monoscript/fileName/FancyGridViewCell.cs: 0cdf409b5aa8d4c25876d72b5c6a3b60 -> 
  custom:scripting/monoscript/fileName/Scroller.cs: 94938ad1cd7c20206a0339e3bd7f3330 -> 
  custom:scripting/monoscript/fileName/CylinderText.cs: 86c073c10ed890f8e108be86fb350e35 -> 
  custom:scripting/monoscript/fileName/ColorPickerPresets.cs: d20309ac183a87fd46c2e0a03ba5bdef -> 
  custom:scripting/monoscript/fileName/RadialSlider.cs: 24542b53b379116a4f98bb53a64e13b8 -> 
  custom:scripting/monoscript/fileName/PPIViewer.cs: 5269fbe050022d597b2ceba1b1d4cbae -> 
  custom:scripting/monoscript/fileName/InputFocus.cs: 6a5a3b184038cb5e7dbe4882c96bc91b -> 
  custom:scripting/monoscript/fileName/CUIBezierCurve.cs: 32214df0cb137de9f4967269deffb6f3 -> 
  custom:scripting/monoscript/fileName/DropDownListItem.cs: 91c61fd79335f34fb81e114553bf8888 -> 
  custom:scripting/monoscript/fileName/UIFlippable.cs: 9c843e180ea4b6afe9c1ba071336e124 -> 
  custom:scripting/monoscript/fileName/CanvasGroupActivator.cs: f743e9c6e47b0eb8c0b7b2fbf9f7de19 -> 
  custom:scripting/monoscript/fileName/UIWindowBase.cs: 776e605614a77fffd4e0147c8e684e94 -> 
  custom:video-encoder-webm-vp8: eb34c28f22e8b96e1ab97ce403110664 -> 
  custom:scripting/monoscript/fileName/ScrollPositionControllerEditor.cs: fb86570a90d8d5b779234b7f103e1b51 -> 
  custom:scripting/monoscript/fileName/CurvedLayout.cs: 46917779e317aa4a214ea430689de312 -> 
  custom:scripting/monoscript/fileName/ScrollConflictManager.cs: 1a474b2432b80a8b7211f13c79bb991c -> 
  custom:scripting/monoscript/fileName/ReadOnlyDrawer.cs: 1c0aa6472b8e40c24f66a5805d818994 -> 
  custom:audio-decoder-ogg-vorbis: bf7c407c2cedff20999df2af8eb42d56 -> 
  custom:scripting/monoscript/fileName/FancyGridView.cs: 849ed7f5b11c9db237ef61b01c5a5104 -> 
  custom:scripting/monoscript/fileName/CableCurve.cs: 1ed0592bfc80d3ca3db7b55e9a6e9d9a -> 
  custom:scripting/monoscript/fileName/PaginationManager.cs: b5c7a38e1c9bde92ca052679632bc9f1 -> 
  custom:scripting/monoscript/fileName/UILineTextureRenderer.cs: f3042185c83712ad42b2d6694b56f8d3 -> 
  custom:scripting/monoscript/fileName/MenuManager.cs: 8e71de17d45faf11b5ca3e63d3867170 -> 
  custom:scripting/monoscript/fileName/ColorPickerPresetsEditor.cs: 57bebb34d006d8305e8cd353ea00f28b -> 
  custom:scripting/monoscript/fileName/UI_MagneticInfiniteScroll.cs: 7f0db092e1c52c826e7ccbefe21fe7ce -> 
  custom:scripting/monoscript/fileName/ToolTip.cs: 2f05f936126a769ca9a98ef6920928a7 -> 
  custom:scripting/monoscript/fileName/TextPicRenameEditor.cs: b67a1588d964fe3ac177da9872e96689 -> 
  custom:scripting/monoscript/fileName/TestCompression.cs: 2a18178f72c1b3979b9006483863f20e -> 
  custom:scripting/monoscript/fileName/IFancyScrollRectContext.cs: 9c4dee0aef526d67eb0a668a1c9b910a -> 
  custom:scripting/monoscript/fileName/ColorChangedEvent.cs: bafb161b451089e6c72bcae877e0ba66 -> 
  custom:scripting/monoscript/fileName/BestFitOutline.cs: 2ec1c68346f5b721e3d92092cd60b278 -> 
  custom:scripting/monoscript/fileName/NonDrawingGraphicEditor.cs: 1e7abd1e1a4d3da38de70c6d38c19118 -> 
  custom:scripting/monoscript/fileName/HSVChangedEvent.cs: 8a0d7f505f4db7e267a03264293f54eb -> 
  custom:scripting/monoscript/fileName/CUIImageEditor.cs: 0be5a4365a8d65680f88c4d192e5254c -> 
  custom:scripting/monoscript/fileName/HorizontalScrollSnap.cs: 624447835d67a70d90ed2b7f69117316 -> 
  custom:scripting/monoscript/fileName/UI_TweenScale.cs: 50a18c41daf615d82dc37ef0e9dcea31 -> 
  custom:scripting/monoscript/fileName/BoundTooltipItem.cs: 12dc26af634677e40fd7840809357e6c -> 
  custom:scripting/monoscript/fileName/AccordionElement.cs: 69f1a7e537099cc57de9b6eaa86cef32 -> 
  custom:scripting/monoscript/fileName/UI_ScrollRectOcclusion.cs: 491f1c2592ac821eb8de9e533fddd4a9 -> 
  custom:scripting/monoscript/fileName/CUIBezierCurveEditor.cs: be4462c6de2387d5f99ef9d0e93b91ee -> 
  custom:scripting/monoscript/fileName/ColorSliderImage.cs: bbcbfbf23dc2f9fc5450db8f36b24487 -> 
  custom:scripting/monoscript/fileName/Accordion.cs: c31898dc7ffd6f7b32be5689419229bc -> 
  custom:scripting/monoscript/fileName/FancyCell.cs: 0cdf409b5aa8d4c25876d72b5c6a3b60 -> 
  custom:scripting/monoscript/fileName/ShineEffect.cs: 61d233269c4ea687efa548adef5d6e13 -> 
  custom:audio-encoder-webm-vorbis: bf7c407c2cedff20999df2af8eb42d56 -> 
  custom:scripting/monoscript/fileName/ScrollRectTweener.cs: 3437a8fb18bed84a45865e36e83e332f -> 
  custom:scripting/monoscript/fileName/MeshCreator.cs: a2506ad04bac2e5a6d6d50e0d7978d92 -> 
  custom:scripting/monoscript/fileName/UIPolygon.cs: ef7b3e02606f58c56a27e65db10bc7f3 -> 
  custom:scripting/monoscript/fileName/switchToRectTransform.cs: 0ef297259b7f2ab26defc1d718ad1e0a -> 
  custom:scripting/monoscript/fileName/UILineRendererList.cs: efbf4ff76c31aa3e4f61c8b26734d929 -> 
  custom:scripting/monoscript/fileName/CLZF2.cs: 40ef7bf6191a1a5e5b0f37e092e1b271 -> 
  custom:scripting/monoscript/fileName/SimpleMenu.cs: 90647cc400823b41df847a6cbfc29026 -> 
  custom:scripting/monoscript/fileName/RescalePanel.cs: a379a55181438e3b7a29019da8a3c82c -> 
  custom:scripting/monoscript/fileName/DragCorrector.cs: 89ab4a0369eecb75be2277a80a08c1e7 -> 
  custom:scripting/monoscript/fileName/RangeSliderEditor.cs: 1c09cdb4e75bc10f834bbae9a7b54e1e -> 
  custom:scripting/monoscript/fileName/FancyScrollRect.cs: 0cdf409b5aa8d4c25876d72b5c6a3b60 -> 
  custom:scripting/monoscript/fileName/ReorderableList.cs: 944c8e214787d07461c711b29546f976 -> 
  custom:scripting/monoscript/fileName/RadialLayout.cs: 170f31c5fdb54a9fe7ba926effdfd7d4 -> 
  custom:scripting/monoscript/fileName/ColorSlider.cs: a91d06b853e0bf2d5df3ea61a67d5c83 -> 
  custom:scripting/monoscript/fileName/IFancyGridViewContext.cs: be7addf49e5950ebb654fec55c2afa8b -> 
  custom:scripting/precompiled-assembly-types:UnityUIExtensions: c0991a7eaf90618746e467e9e018bd04 -> 
  custom:scripting/monoscript/fileName/CUIGraphic.cs: 4f47fad340418bff51fe6171e2259e7f -> 
  custom:scripting/monoscript/fileName/IFancyCellGroupContext.cs: 323b5f49cc2011b3d2d9088e528ed161 -> 
  custom:scripting/monoscript/fileName/MinMaxSlider.cs: e7d98a511e8b98df33f72f37935821e5 -> 
  custom:scripting/monoscript/fileName/ColorPickerTester.cs: 63b6c03c009a94721b9d41c8d5e5e6ed -> 
========================================================================
Received Prepare
Caller must complete domain reload
Begin MonoManager ReloadAssembly
- Loaded All Assemblies, in  0.533 seconds
Native extension for WindowsStandalone target not found
Native extension for WebGL target not found
Mono: successfully reloaded assembly
- Finished resetting the current domain, in  1.035 seconds
Domain Reload Profiling: 1567ms
	BeginReloadAssembly (166ms)
		ExecutionOrderSort (0ms)
		DisableScriptedObjects (12ms)
		BackupInstance (0ms)
		ReleaseScriptingObjects (0ms)
		CreateAndSetChildDomain (35ms)
	RebuildCommonClasses (37ms)
	RebuildNativeTypeToScriptingClass (12ms)
	initialDomainReloadingComplete (30ms)
	LoadAllAssembliesAndSetupDomain (286ms)
		LoadAssemblies (340ms)
		RebuildTransferFunctionScriptingTraits (0ms)
		AnalyzeDomain (34ms)
			TypeCache.Refresh (10ms)
				TypeCache.ScanAssembly (0ms)
			ScanForSourceGeneratedMonoScriptInfo (14ms)
			ResolveRequiredComponents (10ms)
	FinalizeReload (1035ms)
		ReleaseScriptCaches (0ms)
		RebuildScriptCaches (0ms)
		SetupLoadedEditorAssemblies (436ms)
			LogAssemblyErrors (0ms)
			InitializePlatformSupportModulesInManaged (7ms)
			SetLoadedEditorAssemblies (5ms)
			RefreshPlugins (0ms)
			BeforeProcessingInitializeOnLoad (72ms)
			ProcessInitializeOnLoadAttributes (313ms)
			ProcessInitializeOnLoadMethodAttributes (36ms)
			AfterProcessingInitializeOnLoad (3ms)
			EditorAssembliesLoaded (0ms)
		ExecutionOrderSort2 (0ms)
		AwakeInstancesAfterBackupRestoration (15ms)
Refreshing native plugins compatible for Editor in 9.36 ms, found 7 plugins.
Preloading 0 native plugins for Editor in 0.00 ms.
Unloading 4456 Unused Serialized files (Serialized files now loaded: 0)
Unloading 44 unused Assets / (0.7 MB). Loaded Objects now: 5255.
Memory consumption went from 158.2 MB to 157.6 MB.
Total: 7.062200 ms (FindLiveObjects: 0.535500 ms CreateObjectMapping: 0.256700 ms MarkObjects: 5.436900 ms  DeleteObjects: 0.831100 ms)

Prepare: number of updated asset objects reloaded= 0
AssetImportParameters requested are different than current active one (requested -> active):
  custom:scripting/monoscript/fileName/CardStack2D.cs: 52f7ac406c04f320c1cc31b32fc945ec -> 
  custom:scripting/monoscript/fileName/UILineRendererFIFO.cs: 1a840d7d842445f62c20beee85a5bbc5 -> 
  custom:scripting/monoscript/fileName/FlowLayoutGroup.cs: 4f8c51e99186127173631d5ea0b848a8 -> 
  custom:scripting/monoscript/fileName/UIParticleSystem.cs: 6cef203566a0c9333597e4e233613614 -> 
  custom:scripting/monoscript/fileName/UILineRenderer.cs: 673f1b621ab4781ac78770b1b3c45207 -> 
  custom:scripting/monoscript/fileName/TableLayoutGroup.cs: 9697d88a99d4c91003d206b86eed3a61 -> 
  custom:scripting/monoscript/fileName/Segment.cs: 823b994f6bbb6e32f73e9807948df6b3 -> 
  custom:container-demuxer-ogg: 62fdf1f143b41e24485cea50d1cbac27 -> 
  custom:scripting/monoscript/fileName/SelectionBox.cs: 9eabc2822607d24d284c5c0d720d4a01 -> 
  custom:scripting/monoscript/fileName/ReorderableListContent.cs: a630238339e5f198f723ac29a2329f6d -> 
  custom:scripting/monoscript/fileName/Menu.cs: d0a2652908e797d4064ef9b772450cc8 -> 
  custom:scripting/monoscript/fileName/SetPropertyUtility.cs: 02aade692758e5563210cc05829e9851 -> f604b4b9e6b0979bdfc1e2b40426dd19
  custom:scripting/monoscript/fileName/HSVUtil.cs: 2f204c7a89b046fae714aadbcda42851 -> 
  custom:scripting/monoscript/fileName/FancyCellGroup.cs: 90647cc400823b41df847a6cbfc29026 -> 
  custom:scripting/monoscript/fileName/RescaleDragPanel.cs: 428e5a10a21f2d3fc3805557487d591e -> 
  custom:scripting/monoscript/fileName/ExtensionsToggleGroup.cs: 93967f93faef61aecdca9232fa42b062 -> 
  custom:scripting/monoscript/fileName/ResizePanel.cs: 0a2d1269c62cba913a254b515f8b6020 -> 
  custom:scripting/monoscript/fileName/Circle.cs: cfc2369c92dd039be7c3f572f769fdcf -> 
  custom:scripting/monoscript/fileName/ShaderLibrary.cs: 7a09676978959734a6827051c965f749 -> 
  custom:scripting/monoscript/fileName/CurvedText.cs: c86aabacdca275700720e919fc8a8b52 -> 
  custom:scripting/monoscript/fileName/FancyScrollRectCell.cs: 0cdf409b5aa8d4c25876d72b5c6a3b60 -> 
  custom:scripting/monoscript/fileName/Gradient.cs: a4c2a5a25440c543cd82653fda832632 -> 
  custom:scripting/monoscript/fileName/ScrollSnapBase.cs: 3682088473625968e7b4647a6b4213f6 -> 
  custom:scripting/monoscript/fileName/CUIText.cs: 0be1a405bc9388e4813a74aad6018bec -> 
  custom:scripting/monoscript/fileName/BoundTooltipTrigger.cs: e78e2ee612ba85e075ab794a5cb95e73 -> 
  custom:scripting/monoscript/fileName/UIHighlightable.cs: fd305ad78204cb75a66ce809c3f50e6a -> 
  custom:video-codec-MediaFoundation-h265: 746d11721c4dcdbdad8f713fa42b33f4 -> 
  custom:scripting/monoscript/fileName/UIExtensionsInputManager.cs: 6f468ddae971c3bcce0288549c1beabd -> 
  custom:scripting/monoscript/fileName/Gradient2.cs: 9c1fd6257924e43a80b8fccb859d3828 -> 
  custom:scripting/monoscript/fileName/CooldownButton.cs: 72bd21b90ac71f29908a36179176f8fc -> 
  custom:video-decoder-ogg-theora: a1e56fd34408186e4bbccfd4996cb3dc -> 
  custom:scripting/monoscript/fileName/TileSizeFitter.cs: ba6326e335b6f177a627b992c444832c -> 
  custom:scripting/monoscript/fileName/SelectableScaler.cs: 3ebe175d64b38a572f8dbe8fd345f0c3 -> 
  custom:scripting/monoscript/fileName/AccordionElementEditor.cs: db5ee9b2cff22578a12a4d141614d665 -> 
  custom:scripting/monoscript/fileName/ExtensionsToggle.cs: e0b44aa7e1ff973d74b4857a34a48879 -> 
  custom:scripting/monoscript/fileName/ReorderableListElement.cs: 788a31431a1c95dc9a9a52767f8e812f -> 
  custom:scripting/monoscript/fileName/ShineEffector.cs: 52ed4eb6c7ed8f674a18d2a4db6eba86 -> 
  custom:scripting/monoscript/fileName/UISelectableExtension.cs: b6766007d8a2236e23d4749da2d8cdd2 -> 
  custom:framework-win-MediaFoundation: 216162199b28c13a410421893ffa2e32 -> 
  custom:scripting/monoscript/fileName/UISoftAdditiveEffect.cs: 30a825933c907dec19605ff2f58a292f -> 
  custom:scripting/monoscript/fileName/HexColorField.cs: 425eeca1ce4159bc649962b2337061a4 -> 
  custom:scripting/monoscript/fileName/ColorPickerControl.cs: 97231f899ae243cc634f34e048c22095 -> 
  custom:scripting/monoscript/fileName/ReorderableListDebug.cs: 51cf5a188c464deb681bea16cb795b61 -> 
  custom:scripting/monoscript/fileName/TextPic.cs: 9dbd7bc654cbf19eee33ac6fc452bfb1 -> 
  custom:scripting/monoscript/fileName/CUIImage.cs: 41f29f650aa507f802cd9793d91f3211 -> 
  custom:scripting/monoscript/fileName/DropDownListButton.cs: 71d533f2602e0e099d09a556ef8e4414 -> 
  custom:scripting/monoscript/fileName/ScrollSnap.cs: c5ae67ed5cc8c0ab1f7496803acc2648 -> 
  custom:scripting/monoscript/fileName/TextPicIconListCopier.cs: a564a2a474c019b98650cff2383ccfca -> 
  custom:scripting/monoscript/fileName/UICornerCut.cs: 69b0dfb485aa2b1afa65fcf30028125b -> 
  custom:scripting/monoscript/fileName/ScrollerEditor.cs: 478519b80ad2bc62d4a4b80ae078e694 -> 
  custom:scripting/monoscript/fileName/IBoxSelectable.cs: a5bf39a694cf2b84c65e7bec998d4941 -> 
  custom:scripting/monoscript/fileName/TiltWindow.cs: 7c3356d1b5bc9c6e9fe98345b0be7c30 -> 
  custom:scripting/monoscript/fileName/ExtensionMethods.cs: 943bd8dac5ce9467ce7deb0856dc6b0a -> 
  custom:scripting/monoscript/fileName/ComboBox.cs: a6ca48dde827ff07a9093f3624d58e62 -> 
  custom:scripting/monoscript/fileName/ScrollRectLinker.cs: 0316116e17d192ca2ef7c97539dff50f -> 
  custom:scripting/monoscript/fileName/SVBoxSlider.cs: 1d22c9c16d63e1cf38ad19bbcec9a0da -> 
  custom:scripting/monoscript/fileName/VerticalScrollSnap.cs: a7ebcf1fac8331e70ee01e540cbe484b -> 
  custom:scripting/monoscript/fileName/UILineConnector.cs: ea5f69a32957fe35ae7b512ef3f758ef -> 
  custom:scripting/monoscript/fileName/UIScreenEffect.cs: c36542c529d1f733362556ab22c18bf9 -> 
  custom:scripting/monoscript/fileName/SoftMaskScript.cs: 867049fb2647c9983fb1391409f93d30 -> 
  custom:scripting/monoscript/fileName/DiamondGraph.cs: a01b647a54847840428a395cc0d6fc16 -> 
  custom:scripting/monoscript/fileName/ScrollRectEx.cs: 3f6a881a34055e182fee3ab0baaee0c3 -> 
  custom:scripting/monoscript/fileName/UIGridRenderer.cs: 04c0062f4b7cdd6963fdba9ae03d9c72 -> 
  custom:scripting/monoscript/fileName/NicerOutline.cs: 571a7c7c4af4ebadc9fed23f0c3b0b46 -> 
  custom:CustomObjectIndexerAttribute: 9a22284fe3817be447336de3de66b15e -> 
  custom:scripting/monoscript/fileName/ScrollRectExtensions.cs: c76cb840404ffa9bc24248639e9da4ee -> 
  custom:scripting/monoscript/fileName/FancyGridViewContext.cs: 8738476657d4a33c34bc82bed7ce8bc9 -> 
  custom:scripting/monoscript/fileName/MinMaxValues.cs: 4aa11a61e640749f4ea5f947f86be5ba -> 
  custom:scripting/monoscript/fileName/CardExpanding3D.cs: d8b2b9924677ad2b445b05edbed7f0e3 -> 
  custom:scripting/monoscript/fileName/MinMaxSliderEditor.cs: e0496a7f76fc8934af2a763a7289ad36 -> 
  custom:scripting/monoscript/fileName/StepperSide.cs: 34d9a35c8c2622f327b140f18a7398a7 -> 
  custom:scripting/monoscript/fileName/CUIGraphicEditor.cs: a618262d3e77d462c5a0cd2e608e8a53 -> 
  custom:scripting/monoscript/fileName/DropDownList.cs: 3d51ab81e9571c9027b59874b2c78567 -> 
  custom:scripting/monoscript/fileName/ITweenValue.cs: 1d0eaa4b435fa135e18af6b5fa57e92e -> 
  custom:container-demuxer-webm: 4f35f7cbe854078d1ac9338744f61a02 -> 
  custom:scripting/monoscript/fileName/CardExpanding2D.cs: e0950b450275cb3936a581f286a6b471 -> 
  custom:scripting/monoscript/fileName/ResetSelectableHighlight.cs: 3ea63487fd77e7b22731770a86b4f8b9 -> 
  custom:scripting/monoscript/fileName/UIScrollToSelection.cs: d89fc8e36bdc19715e3104a5f857d175 -> 
  custom:scripting/monoscript/fileName/IScrollSnap.cs: 80b4110dac6695d630b8e7501d8e5aa8 -> 
  custom:scripting/monoscript/fileName/SegmentedControl.cs: 3a6e53207de58cf304ab520e0638e2df -> 
  custom:scripting/monoscript/fileName/ColorSampler.cs: 617678b91f4adc7b3146f51bed3fc4b1 -> 
  custom:scripting/monoscript/fileName/TabNavigationHelper.cs: 43f45dc623750048d2fbac24931c8ac8 -> 
  custom:scripting/monoscript/fileName/AutoCompleteComboBox.cs: 6e2e6cf33d4f5ca4ad3c05ff8f254467 -> 
  custom:scripting/monoscript/fileName/TextPicEditor.cs: c23216fe996c314d4c496ad837485981 -> 
  custom:scripting/monoscript/fileName/CUIMisc.cs: bc26c7f132f5cd28304cbc88070ca4dc -> 
  custom:scripting/monoscript/fileName/UIAdditiveEffect.cs: 50386f7d7d76f5c5e155dbf56c5e5fdd -> 
  custom:scripting/monoscript/fileName/MonoSpacing.cs: 45ba6bf376dd125375a8906a7d8b8b4b -> 
  custom:scripting/monoscript/fileName/FloatTween.cs: c51b551f6abec506d0db9945f7aa25cc -> 
  custom:scripting/monoscript/fileName/BoxSlider.cs: 662335e935a62641f6cb14e99e25e994 -> 
  custom:scripting/monoscript/fileName/BezierLineRendererEditor.cs: 2a50098be424d999e43b888ace13278c -> 
  custom:scripting/monoscript/fileName/NonDrawingGraphic.cs: a309796f6d67e4c1c110ec62b4572b4e -> 
  custom:scripting/monoscript/fileName/ScrollPositionController.cs: 30c392a65a277a4a74b1a6f1a3417601 -> 
  custom:scripting/monoscript/fileName/ContentScrollSnapHorizontal.cs: cb0bf043572062ce08b48904f46c98c8 -> 
  custom:scripting/monoscript/fileName/Triangulator.cs: 4ee9f09ca55767568ee94c9eaaed7244 -> d867a9a7a8385ef82ff357feb70c59d4
  custom:scripting/monoscript/fileName/UIImageCrop.cs: 1ec5d1f18ccf3bbe8ea319cda00ecfbc -> 
  custom:scripting/monoscript/fileName/BoxSliderEditor.cs: 9c680a5a338924fb176605eed0f68a75 -> 
  custom:scripting/monoscript/fileName/FancyScrollView.cs: c5f9c64ec4b4e183b17919204bc381a9 -> 
  custom:scripting/monoscript/fileName/BezierPath.cs: 90cbb6f823f7a03c69c93b3e1653c45e -> 
  custom:scripting/monoscript/fileName/SuperellipsePoints.cs: db2a1c9698f2dea478e1d6bfece554ae -> 
  custom:scripting/monoscript/fileName/UI_Knob.cs: 00244fb2be3e9e1f5ec3a07f175066a9 -> 
  custom:container-muxer-webm: aa71ff27fc2769a1b78a27578f13a17b -> 
  custom:scripting/monoscript/fileName/RaycastMask.cs: b13971e6a124c25b886c6703ae2aab24 -> 
  custom:scripting/monoscript/fileName/MultiTouchScrollRect.cs: 3a778993ea01435b2502c14ea2b2ff98 -> 
  custom:video-decoder-webm-vp8: 9c59270c3fd7afecdb556c50c9e8de78 -> 
  custom:scripting/monoscript/fileName/InputFieldEnterSubmit.cs: cdd5149b8afb8dc59ad57cc53ad8fb3b -> 
  custom:scripting/monoscript/fileName/ExampleSelectable.cs: 8dc7a8cd606154e7d10bb507e235c1f8 -> 
  custom:scripting/monoscript/fileName/uGUITools.cs: aa32797d8a9cdcd2167b6be114b0d5ec -> 
  custom:scripting/monoscript/fileName/UILinearDodgeEffect.cs: f5508d2f3f6addba614d4c08275f4546 -> 
  custom:SearchIndexIgnoredProperties: e643bd26f0fe6173181afceb89e7c659 -> 
  custom:scripting/monoscript/fileName/EasingCore.cs: 0bad7e894488e9b67256d892a478aab1 -> 
  custom:scripting/monoscript/fileName/Stepper.cs: 3ee1a56034750815f9c567b6c54fbbb8 -> 
  custom:scripting/monoscript/fileName/UIPrimitiveBase.cs: 80a945e915822efd5c887ee28f76aa9f -> 
  custom:AudioImporter_EditorPlatform: d09bf68614088b80899f8185d706f6e7 -> 
  custom:scripting/monoscript/fileName/LetterSpacing.cs: c4f4c504ac9c0b708c438c8a0faf6a96 -> 
  custom:scripting/monoscript/fileName/UISquircle.cs: faaa67841792f2c90a13db82841ac6e3 -> 
  custom:scripting/monoscript/fileName/RangeSlider.cs: 026cea0882c5bbc90f7cedc5111cfeb2 -> 
  custom:scripting/monoscript/fileName/UIExtensionMethods.cs: 2621bff24acfb4ddb3b264b7553588d8 -> 
  custom:scripting/monoscript/fileName/UIVerticalScroller.cs: 3532ae0d4ba5f6e2c310cfec2c655a8c -> 
  custom:scripting/monoscript/fileName/ColorLabel.cs: 9a2d62e5e8f65400e4abc881023f36f7 -> 
  custom:scripting/monoscript/fileName/TooltipTrigger.cs: 546a7d73bc42b9e6f1fd03a7e07d7f29 -> 
  custom:scripting/monoscript/fileName/UIMultiplyEffect.cs: 29b6f1f4d98d9b61292d829c0030af4b -> 
  custom:scripting/monoscript/fileName/CardPopup2D.cs: ac929914b8675b3ff1238ddb1cc99789 -> 
  custom:scripting/monoscript/fileName/ScrollSnapScrollbarHelper.cs: d6b043fd7048156ea2ef4da9da4a0a51 -> 
  custom:scripting/monoscript/fileName/HoverTooltip.cs: abdf0400bdf15bb8fdc0bc4d5ecc993f -> 
  custom:scripting/monoscript/fileName/ColorImage.cs: 87dea3e9bf43c94e295d4fa411046c66 -> 
  custom:scripting/monoscript/fileName/FancyScrollRectContext.cs: 9e5d4d8665c04a1190a3fc52908244b0 -> 
  custom:scripting/monoscript/fileName/TextPicIconEditor.cs: 1f41560011fcb93d03be374d10238c0c -> 
  custom:scripting/monoscript/fileName/UI_InfiniteScroll.cs: f7518bdb5ccbb5518282b9c860eef985 -> 
  custom:scripting/monoscript/fileName/UIExtensionsMenuOptions.cs: 25d3bc76bdcc7be45d732e8f064ec6a7 -> 
  custom:scripting/monoscript/fileName/ReadOnlyAttribute.cs: 604ae8fbc27d6402b88ac08f1987318f -> 
  custom:scripting/monoscript/fileName/UICircle.cs: e40253d6117a9fbea82cc285a7e8a36e -> 
  custom:scripting/monoscript/fileName/UIScrollToSelectionXY.cs: 8145d21a6ef6f8610242d2ba291595b9 -> 
  custom:scripting/monoscript/fileName/CUITextEditor.cs: 966cced0a631446b9484c2fe777a7f5b -> 
  custom:scripting/precompiled-assembly-types:UnityUIExtensions.editor: e002030e6fc012878af160bb334541ad -> 
  custom:scripting/monoscript/fileName/TweenRunner.cs: 90647cc400823b41df847a6cbfc29026 -> 
  custom:scripting/monoscript/fileName/UIHorizontalScroller.cs: 758f016ad67e22eff0f26468f408f006 -> 
  custom:scripting/monoscript/fileName/ReturnKeyTriggersButton.cs: 622f27a1a5fce3f8fe14f0fe6c6b39b5 -> 
  custom:scripting/monoscript/fileName/FancyGridViewCell.cs: 0cdf409b5aa8d4c25876d72b5c6a3b60 -> 
  custom:scripting/monoscript/fileName/Scroller.cs: 94938ad1cd7c20206a0339e3bd7f3330 -> 
  custom:scripting/monoscript/fileName/CylinderText.cs: 86c073c10ed890f8e108be86fb350e35 -> 
  custom:scripting/monoscript/fileName/ColorPickerPresets.cs: d20309ac183a87fd46c2e0a03ba5bdef -> 
  custom:scripting/monoscript/fileName/RadialSlider.cs: 24542b53b379116a4f98bb53a64e13b8 -> 
  custom:scripting/monoscript/fileName/PPIViewer.cs: 5269fbe050022d597b2ceba1b1d4cbae -> 
  custom:scripting/monoscript/fileName/InputFocus.cs: 6a5a3b184038cb5e7dbe4882c96bc91b -> 
  custom:scripting/monoscript/fileName/CUIBezierCurve.cs: 32214df0cb137de9f4967269deffb6f3 -> 
  custom:scripting/monoscript/fileName/DropDownListItem.cs: 91c61fd79335f34fb81e114553bf8888 -> 
  custom:scripting/monoscript/fileName/UIFlippable.cs: 9c843e180ea4b6afe9c1ba071336e124 -> 
  custom:scripting/monoscript/fileName/CanvasGroupActivator.cs: f743e9c6e47b0eb8c0b7b2fbf9f7de19 -> 
  custom:scripting/monoscript/fileName/UIWindowBase.cs: 776e605614a77fffd4e0147c8e684e94 -> 
  custom:video-encoder-webm-vp8: eb34c28f22e8b96e1ab97ce403110664 -> 
  custom:scripting/monoscript/fileName/ScrollPositionControllerEditor.cs: fb86570a90d8d5b779234b7f103e1b51 -> 
  custom:scripting/monoscript/fileName/CurvedLayout.cs: 46917779e317aa4a214ea430689de312 -> 
  custom:scripting/monoscript/fileName/ScrollConflictManager.cs: 1a474b2432b80a8b7211f13c79bb991c -> 
  custom:scripting/monoscript/fileName/ReadOnlyDrawer.cs: 1c0aa6472b8e40c24f66a5805d818994 -> 
  custom:audio-decoder-ogg-vorbis: bf7c407c2cedff20999df2af8eb42d56 -> 
  custom:scripting/monoscript/fileName/FancyGridView.cs: 849ed7f5b11c9db237ef61b01c5a5104 -> 
  custom:scripting/monoscript/fileName/CableCurve.cs: 1ed0592bfc80d3ca3db7b55e9a6e9d9a -> 
  custom:scripting/monoscript/fileName/PaginationManager.cs: b5c7a38e1c9bde92ca052679632bc9f1 -> 
  custom:scripting/monoscript/fileName/UILineTextureRenderer.cs: f3042185c83712ad42b2d6694b56f8d3 -> 
  custom:scripting/monoscript/fileName/MenuManager.cs: 8e71de17d45faf11b5ca3e63d3867170 -> 
  custom:scripting/monoscript/fileName/ColorPickerPresetsEditor.cs: 57bebb34d006d8305e8cd353ea00f28b -> 
  custom:scripting/monoscript/fileName/UI_MagneticInfiniteScroll.cs: 7f0db092e1c52c826e7ccbefe21fe7ce -> 
  custom:scripting/monoscript/fileName/ToolTip.cs: 2f05f936126a769ca9a98ef6920928a7 -> 
  custom:scripting/monoscript/fileName/TextPicRenameEditor.cs: b67a1588d964fe3ac177da9872e96689 -> 
  custom:scripting/monoscript/fileName/TestCompression.cs: 2a18178f72c1b3979b9006483863f20e -> 
  custom:scripting/monoscript/fileName/IFancyScrollRectContext.cs: 9c4dee0aef526d67eb0a668a1c9b910a -> 
  custom:scripting/monoscript/fileName/ColorChangedEvent.cs: bafb161b451089e6c72bcae877e0ba66 -> 
  custom:scripting/monoscript/fileName/BestFitOutline.cs: 2ec1c68346f5b721e3d92092cd60b278 -> 
  custom:scripting/monoscript/fileName/NonDrawingGraphicEditor.cs: 1e7abd1e1a4d3da38de70c6d38c19118 -> 
  custom:scripting/monoscript/fileName/HSVChangedEvent.cs: 8a0d7f505f4db7e267a03264293f54eb -> 
  custom:scripting/monoscript/fileName/CUIImageEditor.cs: 0be5a4365a8d65680f88c4d192e5254c -> 
  custom:scripting/monoscript/fileName/HorizontalScrollSnap.cs: 624447835d67a70d90ed2b7f69117316 -> 
  custom:scripting/monoscript/fileName/UI_TweenScale.cs: 50a18c41daf615d82dc37ef0e9dcea31 -> 
  custom:scripting/monoscript/fileName/BoundTooltipItem.cs: 12dc26af634677e40fd7840809357e6c -> 
  custom:scripting/monoscript/fileName/AccordionElement.cs: 69f1a7e537099cc57de9b6eaa86cef32 -> 
  custom:scripting/monoscript/fileName/UI_ScrollRectOcclusion.cs: 491f1c2592ac821eb8de9e533fddd4a9 -> 
  custom:scripting/monoscript/fileName/CUIBezierCurveEditor.cs: be4462c6de2387d5f99ef9d0e93b91ee -> 
  custom:scripting/monoscript/fileName/ColorSliderImage.cs: bbcbfbf23dc2f9fc5450db8f36b24487 -> 
  custom:scripting/monoscript/fileName/Accordion.cs: c31898dc7ffd6f7b32be5689419229bc -> 
  custom:scripting/monoscript/fileName/FancyCell.cs: 0cdf409b5aa8d4c25876d72b5c6a3b60 -> 
  custom:scripting/monoscript/fileName/ShineEffect.cs: 61d233269c4ea687efa548adef5d6e13 -> 
  custom:audio-encoder-webm-vorbis: bf7c407c2cedff20999df2af8eb42d56 -> 
  custom:scripting/monoscript/fileName/ScrollRectTweener.cs: 3437a8fb18bed84a45865e36e83e332f -> 
  custom:scripting/monoscript/fileName/MeshCreator.cs: a2506ad04bac2e5a6d6d50e0d7978d92 -> 
  custom:scripting/monoscript/fileName/UIPolygon.cs: ef7b3e02606f58c56a27e65db10bc7f3 -> 
  custom:scripting/monoscript/fileName/switchToRectTransform.cs: 0ef297259b7f2ab26defc1d718ad1e0a -> 
  custom:scripting/monoscript/fileName/UILineRendererList.cs: efbf4ff76c31aa3e4f61c8b26734d929 -> 
  custom:scripting/monoscript/fileName/CLZF2.cs: 40ef7bf6191a1a5e5b0f37e092e1b271 -> 
  custom:scripting/monoscript/fileName/SimpleMenu.cs: 90647cc400823b41df847a6cbfc29026 -> 
  custom:scripting/monoscript/fileName/RescalePanel.cs: a379a55181438e3b7a29019da8a3c82c -> 
  custom:scripting/monoscript/fileName/DragCorrector.cs: 89ab4a0369eecb75be2277a80a08c1e7 -> 
  custom:scripting/monoscript/fileName/RangeSliderEditor.cs: 1c09cdb4e75bc10f834bbae9a7b54e1e -> 
  custom:scripting/monoscript/fileName/FancyScrollRect.cs: 0cdf409b5aa8d4c25876d72b5c6a3b60 -> 
  custom:scripting/monoscript/fileName/ReorderableList.cs: 944c8e214787d07461c711b29546f976 -> 
  custom:scripting/monoscript/fileName/RadialLayout.cs: 170f31c5fdb54a9fe7ba926effdfd7d4 -> 
  custom:scripting/monoscript/fileName/ColorSlider.cs: a91d06b853e0bf2d5df3ea61a67d5c83 -> 
  custom:scripting/monoscript/fileName/IFancyGridViewContext.cs: be7addf49e5950ebb654fec55c2afa8b -> 
  custom:scripting/precompiled-assembly-types:UnityUIExtensions: c0991a7eaf90618746e467e9e018bd04 -> 
  custom:scripting/monoscript/fileName/CUIGraphic.cs: 4f47fad340418bff51fe6171e2259e7f -> 
  custom:scripting/monoscript/fileName/IFancyCellGroupContext.cs: 323b5f49cc2011b3d2d9088e528ed161 -> 
  custom:scripting/monoscript/fileName/MinMaxSlider.cs: e7d98a511e8b98df33f72f37935821e5 -> 
  custom:scripting/monoscript/fileName/ColorPickerTester.cs: 63b6c03c009a94721b9d41c8d5e5e6ed -> 
========================================================================
Received Prepare
Caller must complete domain reload
Begin MonoManager ReloadAssembly
- Loaded All Assemblies, in  0.497 seconds
Native extension for WindowsStandalone target not found
Native extension for WebGL target not found
Mono: successfully reloaded assembly
- Finished resetting the current domain, in  1.097 seconds
Domain Reload Profiling: 1594ms
	BeginReloadAssembly (157ms)
		ExecutionOrderSort (0ms)
		DisableScriptedObjects (12ms)
		BackupInstance (0ms)
		ReleaseScriptingObjects (0ms)
		CreateAndSetChildDomain (33ms)
	RebuildCommonClasses (36ms)
	RebuildNativeTypeToScriptingClass (12ms)
	initialDomainReloadingComplete (29ms)
	LoadAllAssembliesAndSetupDomain (263ms)
		LoadAssemblies (329ms)
		RebuildTransferFunctionScriptingTraits (0ms)
		AnalyzeDomain (17ms)
			TypeCache.Refresh (6ms)
				TypeCache.ScanAssembly (0ms)
			ScanForSourceGeneratedMonoScriptInfo (0ms)
			ResolveRequiredComponents (10ms)
	FinalizeReload (1098ms)
		ReleaseScriptCaches (0ms)
		RebuildScriptCaches (0ms)
		SetupLoadedEditorAssemblies (462ms)
			LogAssemblyErrors (0ms)
			InitializePlatformSupportModulesInManaged (6ms)
			SetLoadedEditorAssemblies (6ms)
			RefreshPlugins (0ms)
			BeforeProcessingInitializeOnLoad (76ms)
			ProcessInitializeOnLoadAttributes (334ms)
			ProcessInitializeOnLoadMethodAttributes (37ms)
			AfterProcessingInitializeOnLoad (3ms)
			EditorAssembliesLoaded (0ms)
		ExecutionOrderSort2 (0ms)
		AwakeInstancesAfterBackupRestoration (16ms)
Refreshing native plugins compatible for Editor in 9.05 ms, found 7 plugins.
Preloading 0 native plugins for Editor in 0.00 ms.
Unloading 4456 Unused Serialized files (Serialized files now loaded: 0)
Unloading 44 unused Assets / (0.7 MB). Loaded Objects now: 5259.
Memory consumption went from 158.2 MB to 157.6 MB.
Total: 4.706100 ms (FindLiveObjects: 0.486300 ms CreateObjectMapping: 0.112400 ms MarkObjects: 3.303500 ms  DeleteObjects: 0.800400 ms)

Prepare: number of updated asset objects reloaded= 0
AssetImportParameters requested are different than current active one (requested -> active):
  custom:scripting/monoscript/fileName/CardStack2D.cs: 52f7ac406c04f320c1cc31b32fc945ec -> 
  custom:scripting/monoscript/fileName/UILineRendererFIFO.cs: 1a840d7d842445f62c20beee85a5bbc5 -> 
  custom:scripting/monoscript/fileName/FlowLayoutGroup.cs: 4f8c51e99186127173631d5ea0b848a8 -> 
  custom:scripting/monoscript/fileName/UIParticleSystem.cs: 6cef203566a0c9333597e4e233613614 -> 
  custom:scripting/monoscript/fileName/UILineRenderer.cs: 673f1b621ab4781ac78770b1b3c45207 -> 
  custom:scripting/monoscript/fileName/TableLayoutGroup.cs: 9697d88a99d4c91003d206b86eed3a61 -> 
  custom:scripting/monoscript/fileName/Segment.cs: 823b994f6bbb6e32f73e9807948df6b3 -> 
  custom:container-demuxer-ogg: 62fdf1f143b41e24485cea50d1cbac27 -> 
  custom:scripting/monoscript/fileName/SelectionBox.cs: 9eabc2822607d24d284c5c0d720d4a01 -> 
  custom:scripting/monoscript/fileName/ReorderableListContent.cs: a630238339e5f198f723ac29a2329f6d -> 
  custom:scripting/monoscript/fileName/Menu.cs: d0a2652908e797d4064ef9b772450cc8 -> 
  custom:scripting/monoscript/fileName/SetPropertyUtility.cs: 02aade692758e5563210cc05829e9851 -> f604b4b9e6b0979bdfc1e2b40426dd19
  custom:scripting/monoscript/fileName/HSVUtil.cs: 2f204c7a89b046fae714aadbcda42851 -> 
  custom:scripting/monoscript/fileName/FancyCellGroup.cs: 90647cc400823b41df847a6cbfc29026 -> 
  custom:scripting/monoscript/fileName/RescaleDragPanel.cs: 428e5a10a21f2d3fc3805557487d591e -> 
  custom:scripting/monoscript/fileName/ExtensionsToggleGroup.cs: 93967f93faef61aecdca9232fa42b062 -> 
  custom:scripting/monoscript/fileName/ResizePanel.cs: 0a2d1269c62cba913a254b515f8b6020 -> 
  custom:scripting/monoscript/fileName/Circle.cs: cfc2369c92dd039be7c3f572f769fdcf -> 
  custom:scripting/monoscript/fileName/ShaderLibrary.cs: 7a09676978959734a6827051c965f749 -> 
  custom:scripting/monoscript/fileName/CurvedText.cs: c86aabacdca275700720e919fc8a8b52 -> 
  custom:scripting/monoscript/fileName/FancyScrollRectCell.cs: 0cdf409b5aa8d4c25876d72b5c6a3b60 -> 
  custom:scripting/monoscript/fileName/Gradient.cs: a4c2a5a25440c543cd82653fda832632 -> 
  custom:scripting/monoscript/fileName/ScrollSnapBase.cs: 3682088473625968e7b4647a6b4213f6 -> 
  custom:scripting/monoscript/fileName/CUIText.cs: 0be1a405bc9388e4813a74aad6018bec -> 
  custom:scripting/monoscript/fileName/BoundTooltipTrigger.cs: e78e2ee612ba85e075ab794a5cb95e73 -> 
  custom:scripting/monoscript/fileName/UIHighlightable.cs: fd305ad78204cb75a66ce809c3f50e6a -> 
  custom:video-codec-MediaFoundation-h265: 746d11721c4dcdbdad8f713fa42b33f4 -> 
  custom:scripting/monoscript/fileName/UIExtensionsInputManager.cs: 6f468ddae971c3bcce0288549c1beabd -> 
  custom:scripting/monoscript/fileName/Gradient2.cs: 9c1fd6257924e43a80b8fccb859d3828 -> 
  custom:scripting/monoscript/fileName/CooldownButton.cs: 72bd21b90ac71f29908a36179176f8fc -> 
  custom:video-decoder-ogg-theora: a1e56fd34408186e4bbccfd4996cb3dc -> 
  custom:scripting/monoscript/fileName/TileSizeFitter.cs: ba6326e335b6f177a627b992c444832c -> 
  custom:scripting/monoscript/fileName/SelectableScaler.cs: 3ebe175d64b38a572f8dbe8fd345f0c3 -> 
  custom:scripting/monoscript/fileName/AccordionElementEditor.cs: db5ee9b2cff22578a12a4d141614d665 -> 
  custom:scripting/monoscript/fileName/ExtensionsToggle.cs: e0b44aa7e1ff973d74b4857a34a48879 -> 
  custom:scripting/monoscript/fileName/ReorderableListElement.cs: 788a31431a1c95dc9a9a52767f8e812f -> 
  custom:scripting/monoscript/fileName/ShineEffector.cs: 52ed4eb6c7ed8f674a18d2a4db6eba86 -> 
  custom:scripting/monoscript/fileName/UISelectableExtension.cs: b6766007d8a2236e23d4749da2d8cdd2 -> 
  custom:framework-win-MediaFoundation: 216162199b28c13a410421893ffa2e32 -> 
  custom:scripting/monoscript/fileName/UISoftAdditiveEffect.cs: 30a825933c907dec19605ff2f58a292f -> 
  custom:scripting/monoscript/fileName/HexColorField.cs: 425eeca1ce4159bc649962b2337061a4 -> 
  custom:scripting/monoscript/fileName/ColorPickerControl.cs: 97231f899ae243cc634f34e048c22095 -> 
  custom:scripting/monoscript/fileName/ReorderableListDebug.cs: 51cf5a188c464deb681bea16cb795b61 -> 
  custom:scripting/monoscript/fileName/TextPic.cs: 9dbd7bc654cbf19eee33ac6fc452bfb1 -> 
  custom:scripting/monoscript/fileName/CUIImage.cs: 41f29f650aa507f802cd9793d91f3211 -> 
  custom:scripting/monoscript/fileName/DropDownListButton.cs: 71d533f2602e0e099d09a556ef8e4414 -> 
  custom:scripting/monoscript/fileName/ScrollSnap.cs: c5ae67ed5cc8c0ab1f7496803acc2648 -> 
  custom:scripting/monoscript/fileName/TextPicIconListCopier.cs: a564a2a474c019b98650cff2383ccfca -> 
  custom:scripting/monoscript/fileName/UICornerCut.cs: 69b0dfb485aa2b1afa65fcf30028125b -> 
  custom:scripting/monoscript/fileName/ScrollerEditor.cs: 478519b80ad2bc62d4a4b80ae078e694 -> 
  custom:scripting/monoscript/fileName/IBoxSelectable.cs: a5bf39a694cf2b84c65e7bec998d4941 -> 
  custom:scripting/monoscript/fileName/TiltWindow.cs: 7c3356d1b5bc9c6e9fe98345b0be7c30 -> 
  custom:scripting/monoscript/fileName/ExtensionMethods.cs: 943bd8dac5ce9467ce7deb0856dc6b0a -> 
  custom:scripting/monoscript/fileName/ComboBox.cs: a6ca48dde827ff07a9093f3624d58e62 -> 
  custom:scripting/monoscript/fileName/ScrollRectLinker.cs: 0316116e17d192ca2ef7c97539dff50f -> 
  custom:scripting/monoscript/fileName/SVBoxSlider.cs: 1d22c9c16d63e1cf38ad19bbcec9a0da -> 
  custom:scripting/monoscript/fileName/VerticalScrollSnap.cs: a7ebcf1fac8331e70ee01e540cbe484b -> 
  custom:scripting/monoscript/fileName/UILineConnector.cs: ea5f69a32957fe35ae7b512ef3f758ef -> 
  custom:scripting/monoscript/fileName/UIScreenEffect.cs: c36542c529d1f733362556ab22c18bf9 -> 
  custom:scripting/monoscript/fileName/SoftMaskScript.cs: 867049fb2647c9983fb1391409f93d30 -> 
  custom:scripting/monoscript/fileName/DiamondGraph.cs: a01b647a54847840428a395cc0d6fc16 -> 
  custom:scripting/monoscript/fileName/ScrollRectEx.cs: 3f6a881a34055e182fee3ab0baaee0c3 -> 
  custom:scripting/monoscript/fileName/UIGridRenderer.cs: 04c0062f4b7cdd6963fdba9ae03d9c72 -> 
  custom:scripting/monoscript/fileName/NicerOutline.cs: 571a7c7c4af4ebadc9fed23f0c3b0b46 -> 
  custom:CustomObjectIndexerAttribute: 9a22284fe3817be447336de3de66b15e -> 
  custom:scripting/monoscript/fileName/ScrollRectExtensions.cs: c76cb840404ffa9bc24248639e9da4ee -> 
  custom:scripting/monoscript/fileName/FancyGridViewContext.cs: 8738476657d4a33c34bc82bed7ce8bc9 -> 
  custom:scripting/monoscript/fileName/MinMaxValues.cs: 4aa11a61e640749f4ea5f947f86be5ba -> 
  custom:scripting/monoscript/fileName/CardExpanding3D.cs: d8b2b9924677ad2b445b05edbed7f0e3 -> 
  custom:scripting/monoscript/fileName/MinMaxSliderEditor.cs: e0496a7f76fc8934af2a763a7289ad36 -> 
  custom:scripting/monoscript/fileName/StepperSide.cs: 34d9a35c8c2622f327b140f18a7398a7 -> 
  custom:scripting/monoscript/fileName/CUIGraphicEditor.cs: a618262d3e77d462c5a0cd2e608e8a53 -> 
  custom:scripting/monoscript/fileName/DropDownList.cs: 3d51ab81e9571c9027b59874b2c78567 -> 
  custom:scripting/monoscript/fileName/ITweenValue.cs: 1d0eaa4b435fa135e18af6b5fa57e92e -> 
  custom:container-demuxer-webm: 4f35f7cbe854078d1ac9338744f61a02 -> 
  custom:scripting/monoscript/fileName/CardExpanding2D.cs: e0950b450275cb3936a581f286a6b471 -> 
  custom:scripting/monoscript/fileName/ResetSelectableHighlight.cs: 3ea63487fd77e7b22731770a86b4f8b9 -> 
  custom:scripting/monoscript/fileName/UIScrollToSelection.cs: d89fc8e36bdc19715e3104a5f857d175 -> 
  custom:scripting/monoscript/fileName/IScrollSnap.cs: 80b4110dac6695d630b8e7501d8e5aa8 -> 
  custom:scripting/monoscript/fileName/SegmentedControl.cs: 3a6e53207de58cf304ab520e0638e2df -> 
  custom:scripting/monoscript/fileName/ColorSampler.cs: 617678b91f4adc7b3146f51bed3fc4b1 -> 
  custom:scripting/monoscript/fileName/TabNavigationHelper.cs: 43f45dc623750048d2fbac24931c8ac8 -> 
  custom:scripting/monoscript/fileName/AutoCompleteComboBox.cs: 6e2e6cf33d4f5ca4ad3c05ff8f254467 -> 
  custom:scripting/monoscript/fileName/TextPicEditor.cs: c23216fe996c314d4c496ad837485981 -> 
  custom:scripting/monoscript/fileName/CUIMisc.cs: bc26c7f132f5cd28304cbc88070ca4dc -> 
  custom:scripting/monoscript/fileName/UIAdditiveEffect.cs: 50386f7d7d76f5c5e155dbf56c5e5fdd -> 
  custom:scripting/monoscript/fileName/MonoSpacing.cs: 45ba6bf376dd125375a8906a7d8b8b4b -> 
  custom:scripting/monoscript/fileName/FloatTween.cs: c51b551f6abec506d0db9945f7aa25cc -> 
  custom:scripting/monoscript/fileName/BoxSlider.cs: 662335e935a62641f6cb14e99e25e994 -> 
  custom:scripting/monoscript/fileName/BezierLineRendererEditor.cs: 2a50098be424d999e43b888ace13278c -> 
  custom:scripting/monoscript/fileName/NonDrawingGraphic.cs: a309796f6d67e4c1c110ec62b4572b4e -> 
  custom:scripting/monoscript/fileName/ScrollPositionController.cs: 30c392a65a277a4a74b1a6f1a3417601 -> 
  custom:scripting/monoscript/fileName/ContentScrollSnapHorizontal.cs: cb0bf043572062ce08b48904f46c98c8 -> 
  custom:scripting/monoscript/fileName/Triangulator.cs: 4ee9f09ca55767568ee94c9eaaed7244 -> d867a9a7a8385ef82ff357feb70c59d4
  custom:scripting/monoscript/fileName/UIImageCrop.cs: 1ec5d1f18ccf3bbe8ea319cda00ecfbc -> 
  custom:scripting/monoscript/fileName/BoxSliderEditor.cs: 9c680a5a338924fb176605eed0f68a75 -> 
  custom:scripting/monoscript/fileName/FancyScrollView.cs: c5f9c64ec4b4e183b17919204bc381a9 -> 
  custom:scripting/monoscript/fileName/BezierPath.cs: 90cbb6f823f7a03c69c93b3e1653c45e -> 
  custom:scripting/monoscript/fileName/SuperellipsePoints.cs: db2a1c9698f2dea478e1d6bfece554ae -> 
  custom:scripting/monoscript/fileName/UI_Knob.cs: 00244fb2be3e9e1f5ec3a07f175066a9 -> 
  custom:container-muxer-webm: aa71ff27fc2769a1b78a27578f13a17b -> 
  custom:scripting/monoscript/fileName/RaycastMask.cs: b13971e6a124c25b886c6703ae2aab24 -> 
  custom:scripting/monoscript/fileName/MultiTouchScrollRect.cs: 3a778993ea01435b2502c14ea2b2ff98 -> 
  custom:video-decoder-webm-vp8: 9c59270c3fd7afecdb556c50c9e8de78 -> 
  custom:scripting/monoscript/fileName/InputFieldEnterSubmit.cs: cdd5149b8afb8dc59ad57cc53ad8fb3b -> 
  custom:scripting/monoscript/fileName/ExampleSelectable.cs: 8dc7a8cd606154e7d10bb507e235c1f8 -> 
  custom:scripting/monoscript/fileName/uGUITools.cs: aa32797d8a9cdcd2167b6be114b0d5ec -> 
  custom:scripting/monoscript/fileName/UILinearDodgeEffect.cs: f5508d2f3f6addba614d4c08275f4546 -> 
  custom:SearchIndexIgnoredProperties: e643bd26f0fe6173181afceb89e7c659 -> 
  custom:scripting/monoscript/fileName/EasingCore.cs: 0bad7e894488e9b67256d892a478aab1 -> 
  custom:scripting/monoscript/fileName/Stepper.cs: 3ee1a56034750815f9c567b6c54fbbb8 -> 
  custom:scripting/monoscript/fileName/UIPrimitiveBase.cs: 80a945e915822efd5c887ee28f76aa9f -> 
  custom:AudioImporter_EditorPlatform: d09bf68614088b80899f8185d706f6e7 -> 
  custom:scripting/monoscript/fileName/LetterSpacing.cs: c4f4c504ac9c0b708c438c8a0faf6a96 -> 
  custom:scripting/monoscript/fileName/UISquircle.cs: faaa67841792f2c90a13db82841ac6e3 -> 
  custom:scripting/monoscript/fileName/RangeSlider.cs: 026cea0882c5bbc90f7cedc5111cfeb2 -> 
  custom:scripting/monoscript/fileName/UIExtensionMethods.cs: 2621bff24acfb4ddb3b264b7553588d8 -> 
  custom:scripting/monoscript/fileName/UIVerticalScroller.cs: 3532ae0d4ba5f6e2c310cfec2c655a8c -> 
  custom:scripting/monoscript/fileName/ColorLabel.cs: 9a2d62e5e8f65400e4abc881023f36f7 -> 
  custom:scripting/monoscript/fileName/TooltipTrigger.cs: 546a7d73bc42b9e6f1fd03a7e07d7f29 -> 
  custom:scripting/monoscript/fileName/UIMultiplyEffect.cs: 29b6f1f4d98d9b61292d829c0030af4b -> 
  custom:scripting/monoscript/fileName/CardPopup2D.cs: ac929914b8675b3ff1238ddb1cc99789 -> 
  custom:scripting/monoscript/fileName/ScrollSnapScrollbarHelper.cs: d6b043fd7048156ea2ef4da9da4a0a51 -> 
  custom:scripting/monoscript/fileName/HoverTooltip.cs: abdf0400bdf15bb8fdc0bc4d5ecc993f -> 
  custom:scripting/monoscript/fileName/ColorImage.cs: 87dea3e9bf43c94e295d4fa411046c66 -> 
  custom:scripting/monoscript/fileName/FancyScrollRectContext.cs: 9e5d4d8665c04a1190a3fc52908244b0 -> 
  custom:scripting/monoscript/fileName/TextPicIconEditor.cs: 1f41560011fcb93d03be374d10238c0c -> 
  custom:scripting/monoscript/fileName/UI_InfiniteScroll.cs: f7518bdb5ccbb5518282b9c860eef985 -> 
  custom:scripting/monoscript/fileName/UIExtensionsMenuOptions.cs: 25d3bc76bdcc7be45d732e8f064ec6a7 -> 
  custom:scripting/monoscript/fileName/ReadOnlyAttribute.cs: 604ae8fbc27d6402b88ac08f1987318f -> 
  custom:scripting/monoscript/fileName/UICircle.cs: e40253d6117a9fbea82cc285a7e8a36e -> 
  custom:scripting/monoscript/fileName/UIScrollToSelectionXY.cs: 8145d21a6ef6f8610242d2ba291595b9 -> 
  custom:scripting/monoscript/fileName/CUITextEditor.cs: 966cced0a631446b9484c2fe777a7f5b -> 
  custom:scripting/precompiled-assembly-types:UnityUIExtensions.editor: e002030e6fc012878af160bb334541ad -> 
  custom:scripting/monoscript/fileName/TweenRunner.cs: 90647cc400823b41df847a6cbfc29026 -> 
  custom:scripting/monoscript/fileName/UIHorizontalScroller.cs: 758f016ad67e22eff0f26468f408f006 -> 
  custom:scripting/monoscript/fileName/ReturnKeyTriggersButton.cs: 622f27a1a5fce3f8fe14f0fe6c6b39b5 -> 
  custom:scripting/monoscript/fileName/FancyGridViewCell.cs: 0cdf409b5aa8d4c25876d72b5c6a3b60 -> 
  custom:scripting/monoscript/fileName/Scroller.cs: 94938ad1cd7c20206a0339e3bd7f3330 -> 
  custom:scripting/monoscript/fileName/CylinderText.cs: 86c073c10ed890f8e108be86fb350e35 -> 
  custom:scripting/monoscript/fileName/ColorPickerPresets.cs: d20309ac183a87fd46c2e0a03ba5bdef -> 
  custom:scripting/monoscript/fileName/RadialSlider.cs: 24542b53b379116a4f98bb53a64e13b8 -> 
  custom:scripting/monoscript/fileName/PPIViewer.cs: 5269fbe050022d597b2ceba1b1d4cbae -> 
  custom:scripting/monoscript/fileName/InputFocus.cs: 6a5a3b184038cb5e7dbe4882c96bc91b -> 
  custom:scripting/monoscript/fileName/CUIBezierCurve.cs: 32214df0cb137de9f4967269deffb6f3 -> 
  custom:scripting/monoscript/fileName/DropDownListItem.cs: 91c61fd79335f34fb81e114553bf8888 -> 
  custom:scripting/monoscript/fileName/UIFlippable.cs: 9c843e180ea4b6afe9c1ba071336e124 -> 
  custom:scripting/monoscript/fileName/CanvasGroupActivator.cs: f743e9c6e47b0eb8c0b7b2fbf9f7de19 -> 
  custom:scripting/monoscript/fileName/UIWindowBase.cs: 776e605614a77fffd4e0147c8e684e94 -> 
  custom:video-encoder-webm-vp8: eb34c28f22e8b96e1ab97ce403110664 -> 
  custom:scripting/monoscript/fileName/ScrollPositionControllerEditor.cs: fb86570a90d8d5b779234b7f103e1b51 -> 
  custom:scripting/monoscript/fileName/CurvedLayout.cs: 46917779e317aa4a214ea430689de312 -> 
  custom:scripting/monoscript/fileName/ScrollConflictManager.cs: 1a474b2432b80a8b7211f13c79bb991c -> 
  custom:scripting/monoscript/fileName/ReadOnlyDrawer.cs: 1c0aa6472b8e40c24f66a5805d818994 -> 
  custom:audio-decoder-ogg-vorbis: bf7c407c2cedff20999df2af8eb42d56 -> 
  custom:scripting/monoscript/fileName/FancyGridView.cs: 849ed7f5b11c9db237ef61b01c5a5104 -> 
  custom:scripting/monoscript/fileName/CableCurve.cs: 1ed0592bfc80d3ca3db7b55e9a6e9d9a -> 
  custom:scripting/monoscript/fileName/PaginationManager.cs: b5c7a38e1c9bde92ca052679632bc9f1 -> 
  custom:scripting/monoscript/fileName/UILineTextureRenderer.cs: f3042185c83712ad42b2d6694b56f8d3 -> 
  custom:scripting/monoscript/fileName/MenuManager.cs: 8e71de17d45faf11b5ca3e63d3867170 -> 
  custom:scripting/monoscript/fileName/ColorPickerPresetsEditor.cs: 57bebb34d006d8305e8cd353ea00f28b -> 
  custom:scripting/monoscript/fileName/UI_MagneticInfiniteScroll.cs: 7f0db092e1c52c826e7ccbefe21fe7ce -> 
  custom:scripting/monoscript/fileName/ToolTip.cs: 2f05f936126a769ca9a98ef6920928a7 -> 
  custom:scripting/monoscript/fileName/TextPicRenameEditor.cs: b67a1588d964fe3ac177da9872e96689 -> 
  custom:scripting/monoscript/fileName/TestCompression.cs: 2a18178f72c1b3979b9006483863f20e -> 
  custom:scripting/monoscript/fileName/IFancyScrollRectContext.cs: 9c4dee0aef526d67eb0a668a1c9b910a -> 
  custom:scripting/monoscript/fileName/ColorChangedEvent.cs: bafb161b451089e6c72bcae877e0ba66 -> 
  custom:scripting/monoscript/fileName/BestFitOutline.cs: 2ec1c68346f5b721e3d92092cd60b278 -> 
  custom:scripting/monoscript/fileName/NonDrawingGraphicEditor.cs: 1e7abd1e1a4d3da38de70c6d38c19118 -> 
  custom:scripting/monoscript/fileName/HSVChangedEvent.cs: 8a0d7f505f4db7e267a03264293f54eb -> 
  custom:scripting/monoscript/fileName/CUIImageEditor.cs: 0be5a4365a8d65680f88c4d192e5254c -> 
  custom:scripting/monoscript/fileName/HorizontalScrollSnap.cs: 624447835d67a70d90ed2b7f69117316 -> 
  custom:scripting/monoscript/fileName/UI_TweenScale.cs: 50a18c41daf615d82dc37ef0e9dcea31 -> 
  custom:scripting/monoscript/fileName/BoundTooltipItem.cs: 12dc26af634677e40fd7840809357e6c -> 
  custom:scripting/monoscript/fileName/AccordionElement.cs: 69f1a7e537099cc57de9b6eaa86cef32 -> 
  custom:scripting/monoscript/fileName/UI_ScrollRectOcclusion.cs: 491f1c2592ac821eb8de9e533fddd4a9 -> 
  custom:scripting/monoscript/fileName/CUIBezierCurveEditor.cs: be4462c6de2387d5f99ef9d0e93b91ee -> 
  custom:scripting/monoscript/fileName/ColorSliderImage.cs: bbcbfbf23dc2f9fc5450db8f36b24487 -> 
  custom:scripting/monoscript/fileName/Accordion.cs: c31898dc7ffd6f7b32be5689419229bc -> 
  custom:scripting/monoscript/fileName/FancyCell.cs: 0cdf409b5aa8d4c25876d72b5c6a3b60 -> 
  custom:scripting/monoscript/fileName/ShineEffect.cs: 61d233269c4ea687efa548adef5d6e13 -> 
  custom:audio-encoder-webm-vorbis: bf7c407c2cedff20999df2af8eb42d56 -> 
  custom:scripting/monoscript/fileName/ScrollRectTweener.cs: 3437a8fb18bed84a45865e36e83e332f -> 
  custom:scripting/monoscript/fileName/MeshCreator.cs: a2506ad04bac2e5a6d6d50e0d7978d92 -> 
  custom:scripting/monoscript/fileName/UIPolygon.cs: ef7b3e02606f58c56a27e65db10bc7f3 -> 
  custom:scripting/monoscript/fileName/switchToRectTransform.cs: 0ef297259b7f2ab26defc1d718ad1e0a -> 
  custom:scripting/monoscript/fileName/UILineRendererList.cs: efbf4ff76c31aa3e4f61c8b26734d929 -> 
  custom:scripting/monoscript/fileName/CLZF2.cs: 40ef7bf6191a1a5e5b0f37e092e1b271 -> 
  custom:scripting/monoscript/fileName/SimpleMenu.cs: 90647cc400823b41df847a6cbfc29026 -> 
  custom:scripting/monoscript/fileName/RescalePanel.cs: a379a55181438e3b7a29019da8a3c82c -> 
  custom:scripting/monoscript/fileName/DragCorrector.cs: 89ab4a0369eecb75be2277a80a08c1e7 -> 
  custom:scripting/monoscript/fileName/RangeSliderEditor.cs: 1c09cdb4e75bc10f834bbae9a7b54e1e -> 
  custom:scripting/monoscript/fileName/FancyScrollRect.cs: 0cdf409b5aa8d4c25876d72b5c6a3b60 -> 
  custom:scripting/monoscript/fileName/ReorderableList.cs: 944c8e214787d07461c711b29546f976 -> 
  custom:scripting/monoscript/fileName/RadialLayout.cs: 170f31c5fdb54a9fe7ba926effdfd7d4 -> 
  custom:scripting/monoscript/fileName/ColorSlider.cs: a91d06b853e0bf2d5df3ea61a67d5c83 -> 
  custom:scripting/monoscript/fileName/IFancyGridViewContext.cs: be7addf49e5950ebb654fec55c2afa8b -> 
  custom:scripting/precompiled-assembly-types:UnityUIExtensions: c0991a7eaf90618746e467e9e018bd04 -> 
  custom:scripting/monoscript/fileName/CUIGraphic.cs: 4f47fad340418bff51fe6171e2259e7f -> 
  custom:scripting/monoscript/fileName/IFancyCellGroupContext.cs: 323b5f49cc2011b3d2d9088e528ed161 -> 
  custom:scripting/monoscript/fileName/MinMaxSlider.cs: e7d98a511e8b98df33f72f37935821e5 -> 
  custom:scripting/monoscript/fileName/ColorPickerTester.cs: 63b6c03c009a94721b9d41c8d5e5e6ed -> 
========================================================================
Received Prepare
Caller must complete domain reload
Begin MonoManager ReloadAssembly
- Loaded All Assemblies, in  0.660 seconds
Native extension for WindowsStandalone target not found
Native extension for WebGL target not found
Mono: successfully reloaded assembly
- Finished resetting the current domain, in  1.323 seconds
Domain Reload Profiling: 1983ms
	BeginReloadAssembly (191ms)
		ExecutionOrderSort (0ms)
		DisableScriptedObjects (13ms)
		BackupInstance (0ms)
		ReleaseScriptingObjects (0ms)
		CreateAndSetChildDomain (43ms)
	RebuildCommonClasses (39ms)
	RebuildNativeTypeToScriptingClass (13ms)
	initialDomainReloadingComplete (35ms)
	LoadAllAssembliesAndSetupDomain (381ms)
		LoadAssemblies (453ms)
		RebuildTransferFunctionScriptingTraits (0ms)
		AnalyzeDomain (31ms)
			TypeCache.Refresh (10ms)
				TypeCache.ScanAssembly (0ms)
			ScanForSourceGeneratedMonoScriptInfo (0ms)
			ResolveRequiredComponents (19ms)
	FinalizeReload (1324ms)
		ReleaseScriptCaches (0ms)
		RebuildScriptCaches (0ms)
		SetupLoadedEditorAssemblies (517ms)
			LogAssemblyErrors (0ms)
			InitializePlatformSupportModulesInManaged (9ms)
			SetLoadedEditorAssemblies (10ms)
			RefreshPlugins (0ms)
			BeforeProcessingInitializeOnLoad (88ms)
			ProcessInitializeOnLoadAttributes (369ms)
			ProcessInitializeOnLoadMethodAttributes (39ms)
			AfterProcessingInitializeOnLoad (3ms)
			EditorAssembliesLoaded (0ms)
		ExecutionOrderSort2 (0ms)
		AwakeInstancesAfterBackupRestoration (17ms)
Refreshing native plugins compatible for Editor in 10.02 ms, found 7 plugins.
Preloading 0 native plugins for Editor in 0.00 ms.
Unloading 4456 Unused Serialized files (Serialized files now loaded: 0)
Unloading 44 unused Assets / (0.7 MB). Loaded Objects now: 5263.
Memory consumption went from 158.2 MB to 157.6 MB.
Total: 7.531300 ms (FindLiveObjects: 0.571700 ms CreateObjectMapping: 0.399900 ms MarkObjects: 5.493600 ms  DeleteObjects: 1.062500 ms)

Prepare: number of updated asset objects reloaded= 0
AssetImportParameters requested are different than current active one (requested -> active):
  custom:scripting/monoscript/fileName/CardStack2D.cs: 52f7ac406c04f320c1cc31b32fc945ec -> 
  custom:scripting/monoscript/fileName/UILineRendererFIFO.cs: 1a840d7d842445f62c20beee85a5bbc5 -> 
  custom:scripting/monoscript/fileName/FlowLayoutGroup.cs: 4f8c51e99186127173631d5ea0b848a8 -> 
  custom:scripting/monoscript/fileName/UIParticleSystem.cs: 6cef203566a0c9333597e4e233613614 -> 
  custom:scripting/monoscript/fileName/UILineRenderer.cs: 673f1b621ab4781ac78770b1b3c45207 -> 
  custom:scripting/monoscript/fileName/TableLayoutGroup.cs: 9697d88a99d4c91003d206b86eed3a61 -> 
  custom:scripting/monoscript/fileName/Segment.cs: 823b994f6bbb6e32f73e9807948df6b3 -> 
  custom:container-demuxer-ogg: 62fdf1f143b41e24485cea50d1cbac27 -> 
  custom:scripting/monoscript/fileName/SelectionBox.cs: 9eabc2822607d24d284c5c0d720d4a01 -> 
  custom:scripting/monoscript/fileName/ReorderableListContent.cs: a630238339e5f198f723ac29a2329f6d -> 
  custom:scripting/monoscript/fileName/Menu.cs: d0a2652908e797d4064ef9b772450cc8 -> 
  custom:scripting/monoscript/fileName/SetPropertyUtility.cs: 02aade692758e5563210cc05829e9851 -> f604b4b9e6b0979bdfc1e2b40426dd19
  custom:scripting/monoscript/fileName/HSVUtil.cs: 2f204c7a89b046fae714aadbcda42851 -> 
  custom:scripting/monoscript/fileName/FancyCellGroup.cs: 90647cc400823b41df847a6cbfc29026 -> 
  custom:scripting/monoscript/fileName/RescaleDragPanel.cs: 428e5a10a21f2d3fc3805557487d591e -> 
  custom:scripting/monoscript/fileName/ExtensionsToggleGroup.cs: 93967f93faef61aecdca9232fa42b062 -> 
  custom:scripting/monoscript/fileName/ResizePanel.cs: 0a2d1269c62cba913a254b515f8b6020 -> 
  custom:scripting/monoscript/fileName/Circle.cs: cfc2369c92dd039be7c3f572f769fdcf -> 
  custom:scripting/monoscript/fileName/ShaderLibrary.cs: 7a09676978959734a6827051c965f749 -> 
  custom:scripting/monoscript/fileName/CurvedText.cs: c86aabacdca275700720e919fc8a8b52 -> 
  custom:scripting/monoscript/fileName/FancyScrollRectCell.cs: 0cdf409b5aa8d4c25876d72b5c6a3b60 -> 
  custom:scripting/monoscript/fileName/Gradient.cs: a4c2a5a25440c543cd82653fda832632 -> 
  custom:scripting/monoscript/fileName/ScrollSnapBase.cs: 3682088473625968e7b4647a6b4213f6 -> 
  custom:scripting/monoscript/fileName/CUIText.cs: 0be1a405bc9388e4813a74aad6018bec -> 
  custom:scripting/monoscript/fileName/BoundTooltipTrigger.cs: e78e2ee612ba85e075ab794a5cb95e73 -> 
  custom:scripting/monoscript/fileName/UIHighlightable.cs: fd305ad78204cb75a66ce809c3f50e6a -> 
  custom:video-codec-MediaFoundation-h265: 746d11721c4dcdbdad8f713fa42b33f4 -> 
  custom:scripting/monoscript/fileName/UIExtensionsInputManager.cs: 6f468ddae971c3bcce0288549c1beabd -> 
  custom:scripting/monoscript/fileName/Gradient2.cs: 9c1fd6257924e43a80b8fccb859d3828 -> 
  custom:scripting/monoscript/fileName/CooldownButton.cs: 72bd21b90ac71f29908a36179176f8fc -> 
  custom:video-decoder-ogg-theora: a1e56fd34408186e4bbccfd4996cb3dc -> 
  custom:scripting/monoscript/fileName/TileSizeFitter.cs: ba6326e335b6f177a627b992c444832c -> 
  custom:scripting/monoscript/fileName/SelectableScaler.cs: 3ebe175d64b38a572f8dbe8fd345f0c3 -> 
  custom:scripting/monoscript/fileName/AccordionElementEditor.cs: db5ee9b2cff22578a12a4d141614d665 -> 
  custom:scripting/monoscript/fileName/ExtensionsToggle.cs: e0b44aa7e1ff973d74b4857a34a48879 -> 
  custom:scripting/monoscript/fileName/ReorderableListElement.cs: 788a31431a1c95dc9a9a52767f8e812f -> 
  custom:scripting/monoscript/fileName/ShineEffector.cs: 52ed4eb6c7ed8f674a18d2a4db6eba86 -> 
  custom:scripting/monoscript/fileName/UISelectableExtension.cs: b6766007d8a2236e23d4749da2d8cdd2 -> 
  custom:framework-win-MediaFoundation: 216162199b28c13a410421893ffa2e32 -> 
  custom:scripting/monoscript/fileName/UISoftAdditiveEffect.cs: 30a825933c907dec19605ff2f58a292f -> 
  custom:scripting/monoscript/fileName/HexColorField.cs: 425eeca1ce4159bc649962b2337061a4 -> 
  custom:scripting/monoscript/fileName/ColorPickerControl.cs: 97231f899ae243cc634f34e048c22095 -> 
  custom:scripting/monoscript/fileName/ReorderableListDebug.cs: 51cf5a188c464deb681bea16cb795b61 -> 
  custom:scripting/monoscript/fileName/TextPic.cs: 9dbd7bc654cbf19eee33ac6fc452bfb1 -> 
  custom:scripting/monoscript/fileName/CUIImage.cs: 41f29f650aa507f802cd9793d91f3211 -> 
  custom:scripting/monoscript/fileName/DropDownListButton.cs: 71d533f2602e0e099d09a556ef8e4414 -> 
  custom:scripting/monoscript/fileName/ScrollSnap.cs: c5ae67ed5cc8c0ab1f7496803acc2648 -> 
  custom:scripting/monoscript/fileName/TextPicIconListCopier.cs: a564a2a474c019b98650cff2383ccfca -> 
  custom:scripting/monoscript/fileName/UICornerCut.cs: 69b0dfb485aa2b1afa65fcf30028125b -> 
  custom:scripting/monoscript/fileName/ScrollerEditor.cs: 478519b80ad2bc62d4a4b80ae078e694 -> 
  custom:scripting/monoscript/fileName/IBoxSelectable.cs: a5bf39a694cf2b84c65e7bec998d4941 -> 
  custom:scripting/monoscript/fileName/TiltWindow.cs: 7c3356d1b5bc9c6e9fe98345b0be7c30 -> 
  custom:scripting/monoscript/fileName/ExtensionMethods.cs: 943bd8dac5ce9467ce7deb0856dc6b0a -> 
  custom:scripting/monoscript/fileName/ComboBox.cs: a6ca48dde827ff07a9093f3624d58e62 -> 
  custom:scripting/monoscript/fileName/ScrollRectLinker.cs: 0316116e17d192ca2ef7c97539dff50f -> 
  custom:scripting/monoscript/fileName/SVBoxSlider.cs: 1d22c9c16d63e1cf38ad19bbcec9a0da -> 
  custom:scripting/monoscript/fileName/VerticalScrollSnap.cs: a7ebcf1fac8331e70ee01e540cbe484b -> 
  custom:scripting/monoscript/fileName/UILineConnector.cs: ea5f69a32957fe35ae7b512ef3f758ef -> 
  custom:scripting/monoscript/fileName/UIScreenEffect.cs: c36542c529d1f733362556ab22c18bf9 -> 
  custom:scripting/monoscript/fileName/SoftMaskScript.cs: 867049fb2647c9983fb1391409f93d30 -> 
  custom:scripting/monoscript/fileName/DiamondGraph.cs: a01b647a54847840428a395cc0d6fc16 -> 
  custom:scripting/monoscript/fileName/ScrollRectEx.cs: 3f6a881a34055e182fee3ab0baaee0c3 -> 
  custom:scripting/monoscript/fileName/UIGridRenderer.cs: 04c0062f4b7cdd6963fdba9ae03d9c72 -> 
  custom:scripting/monoscript/fileName/NicerOutline.cs: 571a7c7c4af4ebadc9fed23f0c3b0b46 -> 
  custom:CustomObjectIndexerAttribute: 9a22284fe3817be447336de3de66b15e -> 
  custom:scripting/monoscript/fileName/ScrollRectExtensions.cs: c76cb840404ffa9bc24248639e9da4ee -> 
  custom:scripting/monoscript/fileName/FancyGridViewContext.cs: 8738476657d4a33c34bc82bed7ce8bc9 -> 
  custom:scripting/monoscript/fileName/MinMaxValues.cs: 4aa11a61e640749f4ea5f947f86be5ba -> 
  custom:scripting/monoscript/fileName/CardExpanding3D.cs: d8b2b9924677ad2b445b05edbed7f0e3 -> 
  custom:scripting/monoscript/fileName/MinMaxSliderEditor.cs: e0496a7f76fc8934af2a763a7289ad36 -> 
  custom:scripting/monoscript/fileName/StepperSide.cs: 34d9a35c8c2622f327b140f18a7398a7 -> 
  custom:scripting/monoscript/fileName/CUIGraphicEditor.cs: a618262d3e77d462c5a0cd2e608e8a53 -> 
  custom:scripting/monoscript/fileName/DropDownList.cs: 3d51ab81e9571c9027b59874b2c78567 -> 
  custom:scripting/monoscript/fileName/ITweenValue.cs: 1d0eaa4b435fa135e18af6b5fa57e92e -> 
  custom:container-demuxer-webm: 4f35f7cbe854078d1ac9338744f61a02 -> 
  custom:scripting/monoscript/fileName/CardExpanding2D.cs: e0950b450275cb3936a581f286a6b471 -> 
  custom:scripting/monoscript/fileName/ResetSelectableHighlight.cs: 3ea63487fd77e7b22731770a86b4f8b9 -> 
  custom:scripting/monoscript/fileName/UIScrollToSelection.cs: d89fc8e36bdc19715e3104a5f857d175 -> 
  custom:scripting/monoscript/fileName/IScrollSnap.cs: 80b4110dac6695d630b8e7501d8e5aa8 -> 
  custom:scripting/monoscript/fileName/SegmentedControl.cs: 3a6e53207de58cf304ab520e0638e2df -> 
  custom:scripting/monoscript/fileName/ColorSampler.cs: 617678b91f4adc7b3146f51bed3fc4b1 -> 
  custom:scripting/monoscript/fileName/TabNavigationHelper.cs: 43f45dc623750048d2fbac24931c8ac8 -> 
  custom:scripting/monoscript/fileName/AutoCompleteComboBox.cs: 6e2e6cf33d4f5ca4ad3c05ff8f254467 -> 
  custom:scripting/monoscript/fileName/TextPicEditor.cs: c23216fe996c314d4c496ad837485981 -> 
  custom:scripting/monoscript/fileName/CUIMisc.cs: bc26c7f132f5cd28304cbc88070ca4dc -> 
  custom:scripting/monoscript/fileName/UIAdditiveEffect.cs: 50386f7d7d76f5c5e155dbf56c5e5fdd -> 
  custom:scripting/monoscript/fileName/MonoSpacing.cs: 45ba6bf376dd125375a8906a7d8b8b4b -> 
  custom:scripting/monoscript/fileName/FloatTween.cs: c51b551f6abec506d0db9945f7aa25cc -> 
  custom:scripting/monoscript/fileName/BoxSlider.cs: 662335e935a62641f6cb14e99e25e994 -> 
  custom:scripting/monoscript/fileName/BezierLineRendererEditor.cs: 2a50098be424d999e43b888ace13278c -> 
  custom:scripting/monoscript/fileName/NonDrawingGraphic.cs: a309796f6d67e4c1c110ec62b4572b4e -> 
  custom:scripting/monoscript/fileName/ScrollPositionController.cs: 30c392a65a277a4a74b1a6f1a3417601 -> 
  custom:scripting/monoscript/fileName/ContentScrollSnapHorizontal.cs: cb0bf043572062ce08b48904f46c98c8 -> 
  custom:scripting/monoscript/fileName/Triangulator.cs: 4ee9f09ca55767568ee94c9eaaed7244 -> d867a9a7a8385ef82ff357feb70c59d4
  custom:scripting/monoscript/fileName/UIImageCrop.cs: 1ec5d1f18ccf3bbe8ea319cda00ecfbc -> 
  custom:scripting/monoscript/fileName/BoxSliderEditor.cs: 9c680a5a338924fb176605eed0f68a75 -> 
  custom:scripting/monoscript/fileName/FancyScrollView.cs: c5f9c64ec4b4e183b17919204bc381a9 -> 
  custom:scripting/monoscript/fileName/BezierPath.cs: 90cbb6f823f7a03c69c93b3e1653c45e -> 
  custom:scripting/monoscript/fileName/SuperellipsePoints.cs: db2a1c9698f2dea478e1d6bfece554ae -> 
  custom:scripting/monoscript/fileName/UI_Knob.cs: 00244fb2be3e9e1f5ec3a07f175066a9 -> 
  custom:container-muxer-webm: aa71ff27fc2769a1b78a27578f13a17b -> 
  custom:scripting/monoscript/fileName/RaycastMask.cs: b13971e6a124c25b886c6703ae2aab24 -> 
  custom:scripting/monoscript/fileName/MultiTouchScrollRect.cs: 3a778993ea01435b2502c14ea2b2ff98 -> 
  custom:video-decoder-webm-vp8: 9c59270c3fd7afecdb556c50c9e8de78 -> 
  custom:scripting/monoscript/fileName/InputFieldEnterSubmit.cs: cdd5149b8afb8dc59ad57cc53ad8fb3b -> 
  custom:scripting/monoscript/fileName/ExampleSelectable.cs: 8dc7a8cd606154e7d10bb507e235c1f8 -> 
  custom:scripting/monoscript/fileName/uGUITools.cs: aa32797d8a9cdcd2167b6be114b0d5ec -> 
  custom:scripting/monoscript/fileName/UILinearDodgeEffect.cs: f5508d2f3f6addba614d4c08275f4546 -> 
  custom:SearchIndexIgnoredProperties: e643bd26f0fe6173181afceb89e7c659 -> 
  custom:scripting/monoscript/fileName/EasingCore.cs: 0bad7e894488e9b67256d892a478aab1 -> 
  custom:scripting/monoscript/fileName/Stepper.cs: 3ee1a56034750815f9c567b6c54fbbb8 -> 
  custom:scripting/monoscript/fileName/UIPrimitiveBase.cs: 80a945e915822efd5c887ee28f76aa9f -> 
  custom:AudioImporter_EditorPlatform: d09bf68614088b80899f8185d706f6e7 -> 
  custom:scripting/monoscript/fileName/LetterSpacing.cs: c4f4c504ac9c0b708c438c8a0faf6a96 -> 
  custom:scripting/monoscript/fileName/UISquircle.cs: faaa67841792f2c90a13db82841ac6e3 -> 
  custom:scripting/monoscript/fileName/RangeSlider.cs: 026cea0882c5bbc90f7cedc5111cfeb2 -> 
  custom:scripting/monoscript/fileName/UIExtensionMethods.cs: 2621bff24acfb4ddb3b264b7553588d8 -> 
  custom:scripting/monoscript/fileName/UIVerticalScroller.cs: 3532ae0d4ba5f6e2c310cfec2c655a8c -> 
  custom:scripting/monoscript/fileName/ColorLabel.cs: 9a2d62e5e8f65400e4abc881023f36f7 -> 
  custom:scripting/monoscript/fileName/TooltipTrigger.cs: 546a7d73bc42b9e6f1fd03a7e07d7f29 -> 
  custom:scripting/monoscript/fileName/UIMultiplyEffect.cs: 29b6f1f4d98d9b61292d829c0030af4b -> 
  custom:scripting/monoscript/fileName/CardPopup2D.cs: ac929914b8675b3ff1238ddb1cc99789 -> 
  custom:scripting/monoscript/fileName/ScrollSnapScrollbarHelper.cs: d6b043fd7048156ea2ef4da9da4a0a51 -> 
  custom:scripting/monoscript/fileName/HoverTooltip.cs: abdf0400bdf15bb8fdc0bc4d5ecc993f -> 
  custom:scripting/monoscript/fileName/ColorImage.cs: 87dea3e9bf43c94e295d4fa411046c66 -> 
  custom:scripting/monoscript/fileName/FancyScrollRectContext.cs: 9e5d4d8665c04a1190a3fc52908244b0 -> 
  custom:scripting/monoscript/fileName/TextPicIconEditor.cs: 1f41560011fcb93d03be374d10238c0c -> 
  custom:scripting/monoscript/fileName/UI_InfiniteScroll.cs: f7518bdb5ccbb5518282b9c860eef985 -> 
  custom:scripting/monoscript/fileName/UIExtensionsMenuOptions.cs: 25d3bc76bdcc7be45d732e8f064ec6a7 -> 
  custom:scripting/monoscript/fileName/ReadOnlyAttribute.cs: 604ae8fbc27d6402b88ac08f1987318f -> 
  custom:scripting/monoscript/fileName/UICircle.cs: e40253d6117a9fbea82cc285a7e8a36e -> 
  custom:scripting/monoscript/fileName/UIScrollToSelectionXY.cs: 8145d21a6ef6f8610242d2ba291595b9 -> 
  custom:scripting/monoscript/fileName/CUITextEditor.cs: 966cced0a631446b9484c2fe777a7f5b -> 
  custom:scripting/precompiled-assembly-types:UnityUIExtensions.editor: e002030e6fc012878af160bb334541ad -> 
  custom:scripting/monoscript/fileName/TweenRunner.cs: 90647cc400823b41df847a6cbfc29026 -> 
  custom:scripting/monoscript/fileName/UIHorizontalScroller.cs: 758f016ad67e22eff0f26468f408f006 -> 
  custom:scripting/monoscript/fileName/ReturnKeyTriggersButton.cs: 622f27a1a5fce3f8fe14f0fe6c6b39b5 -> 
  custom:scripting/monoscript/fileName/FancyGridViewCell.cs: 0cdf409b5aa8d4c25876d72b5c6a3b60 -> 
  custom:scripting/monoscript/fileName/Scroller.cs: 94938ad1cd7c20206a0339e3bd7f3330 -> 
  custom:scripting/monoscript/fileName/CylinderText.cs: 86c073c10ed890f8e108be86fb350e35 -> 
  custom:scripting/monoscript/fileName/ColorPickerPresets.cs: d20309ac183a87fd46c2e0a03ba5bdef -> 
  custom:scripting/monoscript/fileName/RadialSlider.cs: 24542b53b379116a4f98bb53a64e13b8 -> 
  custom:scripting/monoscript/fileName/PPIViewer.cs: 5269fbe050022d597b2ceba1b1d4cbae -> 
  custom:scripting/monoscript/fileName/InputFocus.cs: 6a5a3b184038cb5e7dbe4882c96bc91b -> 
  custom:scripting/monoscript/fileName/CUIBezierCurve.cs: 32214df0cb137de9f4967269deffb6f3 -> 
  custom:scripting/monoscript/fileName/DropDownListItem.cs: 91c61fd79335f34fb81e114553bf8888 -> 
  custom:scripting/monoscript/fileName/UIFlippable.cs: 9c843e180ea4b6afe9c1ba071336e124 -> 
  custom:scripting/monoscript/fileName/CanvasGroupActivator.cs: f743e9c6e47b0eb8c0b7b2fbf9f7de19 -> 
  custom:scripting/monoscript/fileName/UIWindowBase.cs: 776e605614a77fffd4e0147c8e684e94 -> 
  custom:video-encoder-webm-vp8: eb34c28f22e8b96e1ab97ce403110664 -> 
  custom:scripting/monoscript/fileName/ScrollPositionControllerEditor.cs: fb86570a90d8d5b779234b7f103e1b51 -> 
  custom:scripting/monoscript/fileName/CurvedLayout.cs: 46917779e317aa4a214ea430689de312 -> 
  custom:scripting/monoscript/fileName/ScrollConflictManager.cs: 1a474b2432b80a8b7211f13c79bb991c -> 
  custom:scripting/monoscript/fileName/ReadOnlyDrawer.cs: 1c0aa6472b8e40c24f66a5805d818994 -> 
  custom:audio-decoder-ogg-vorbis: bf7c407c2cedff20999df2af8eb42d56 -> 
  custom:scripting/monoscript/fileName/FancyGridView.cs: 849ed7f5b11c9db237ef61b01c5a5104 -> 
  custom:scripting/monoscript/fileName/CableCurve.cs: 1ed0592bfc80d3ca3db7b55e9a6e9d9a -> 
  custom:scripting/monoscript/fileName/PaginationManager.cs: b5c7a38e1c9bde92ca052679632bc9f1 -> 
  custom:scripting/monoscript/fileName/UILineTextureRenderer.cs: f3042185c83712ad42b2d6694b56f8d3 -> 
  custom:scripting/monoscript/fileName/MenuManager.cs: 8e71de17d45faf11b5ca3e63d3867170 -> 
  custom:scripting/monoscript/fileName/ColorPickerPresetsEditor.cs: 57bebb34d006d8305e8cd353ea00f28b -> 
  custom:scripting/monoscript/fileName/UI_MagneticInfiniteScroll.cs: 7f0db092e1c52c826e7ccbefe21fe7ce -> 
  custom:scripting/monoscript/fileName/ToolTip.cs: 2f05f936126a769ca9a98ef6920928a7 -> 
  custom:scripting/monoscript/fileName/TextPicRenameEditor.cs: b67a1588d964fe3ac177da9872e96689 -> 
  custom:scripting/monoscript/fileName/TestCompression.cs: 2a18178f72c1b3979b9006483863f20e -> 
  custom:scripting/monoscript/fileName/IFancyScrollRectContext.cs: 9c4dee0aef526d67eb0a668a1c9b910a -> 
  custom:scripting/monoscript/fileName/ColorChangedEvent.cs: bafb161b451089e6c72bcae877e0ba66 -> 
  custom:scripting/monoscript/fileName/BestFitOutline.cs: 2ec1c68346f5b721e3d92092cd60b278 -> 
  custom:scripting/monoscript/fileName/NonDrawingGraphicEditor.cs: 1e7abd1e1a4d3da38de70c6d38c19118 -> 
  custom:scripting/monoscript/fileName/HSVChangedEvent.cs: 8a0d7f505f4db7e267a03264293f54eb -> 
  custom:scripting/monoscript/fileName/CUIImageEditor.cs: 0be5a4365a8d65680f88c4d192e5254c -> 
  custom:scripting/monoscript/fileName/HorizontalScrollSnap.cs: 624447835d67a70d90ed2b7f69117316 -> 
  custom:scripting/monoscript/fileName/UI_TweenScale.cs: 50a18c41daf615d82dc37ef0e9dcea31 -> 
  custom:scripting/monoscript/fileName/BoundTooltipItem.cs: 12dc26af634677e40fd7840809357e6c -> 
  custom:scripting/monoscript/fileName/AccordionElement.cs: 69f1a7e537099cc57de9b6eaa86cef32 -> 
  custom:scripting/monoscript/fileName/UI_ScrollRectOcclusion.cs: 491f1c2592ac821eb8de9e533fddd4a9 -> 
  custom:scripting/monoscript/fileName/CUIBezierCurveEditor.cs: be4462c6de2387d5f99ef9d0e93b91ee -> 
  custom:scripting/monoscript/fileName/ColorSliderImage.cs: bbcbfbf23dc2f9fc5450db8f36b24487 -> 
  custom:scripting/monoscript/fileName/Accordion.cs: c31898dc7ffd6f7b32be5689419229bc -> 
  custom:scripting/monoscript/fileName/FancyCell.cs: 0cdf409b5aa8d4c25876d72b5c6a3b60 -> 
  custom:scripting/monoscript/fileName/ShineEffect.cs: 61d233269c4ea687efa548adef5d6e13 -> 
  custom:audio-encoder-webm-vorbis: bf7c407c2cedff20999df2af8eb42d56 -> 
  custom:scripting/monoscript/fileName/ScrollRectTweener.cs: 3437a8fb18bed84a45865e36e83e332f -> 
  custom:scripting/monoscript/fileName/MeshCreator.cs: a2506ad04bac2e5a6d6d50e0d7978d92 -> 
  custom:scripting/monoscript/fileName/UIPolygon.cs: ef7b3e02606f58c56a27e65db10bc7f3 -> 
  custom:scripting/monoscript/fileName/switchToRectTransform.cs: 0ef297259b7f2ab26defc1d718ad1e0a -> 
  custom:scripting/monoscript/fileName/UILineRendererList.cs: efbf4ff76c31aa3e4f61c8b26734d929 -> 
  custom:scripting/monoscript/fileName/CLZF2.cs: 40ef7bf6191a1a5e5b0f37e092e1b271 -> 
  custom:scripting/monoscript/fileName/SimpleMenu.cs: 90647cc400823b41df847a6cbfc29026 -> 
  custom:scripting/monoscript/fileName/RescalePanel.cs: a379a55181438e3b7a29019da8a3c82c -> 
  custom:scripting/monoscript/fileName/DragCorrector.cs: 89ab4a0369eecb75be2277a80a08c1e7 -> 
  custom:scripting/monoscript/fileName/RangeSliderEditor.cs: 1c09cdb4e75bc10f834bbae9a7b54e1e -> 
  custom:scripting/monoscript/fileName/FancyScrollRect.cs: 0cdf409b5aa8d4c25876d72b5c6a3b60 -> 
  custom:scripting/monoscript/fileName/ReorderableList.cs: 944c8e214787d07461c711b29546f976 -> 
  custom:scripting/monoscript/fileName/RadialLayout.cs: 170f31c5fdb54a9fe7ba926effdfd7d4 -> 
  custom:scripting/monoscript/fileName/ColorSlider.cs: a91d06b853e0bf2d5df3ea61a67d5c83 -> 
  custom:scripting/monoscript/fileName/IFancyGridViewContext.cs: be7addf49e5950ebb654fec55c2afa8b -> 
  custom:scripting/precompiled-assembly-types:UnityUIExtensions: c0991a7eaf90618746e467e9e018bd04 -> 
  custom:scripting/monoscript/fileName/CUIGraphic.cs: 4f47fad340418bff51fe6171e2259e7f -> 
  custom:scripting/monoscript/fileName/IFancyCellGroupContext.cs: 323b5f49cc2011b3d2d9088e528ed161 -> 
  custom:scripting/monoscript/fileName/MinMaxSlider.cs: e7d98a511e8b98df33f72f37935821e5 -> 
  custom:scripting/monoscript/fileName/ColorPickerTester.cs: 63b6c03c009a94721b9d41c8d5e5e6ed -> 
========================================================================
Received Prepare
Caller must complete domain reload
Begin MonoManager ReloadAssembly
- Loaded All Assemblies, in  0.581 seconds
Native extension for WindowsStandalone target not found
Native extension for WebGL target not found
Mono: successfully reloaded assembly
- Finished resetting the current domain, in  1.201 seconds
Domain Reload Profiling: 1780ms
	BeginReloadAssembly (193ms)
		ExecutionOrderSort (0ms)
		DisableScriptedObjects (14ms)
		BackupInstance (0ms)
		ReleaseScriptingObjects (0ms)
		CreateAndSetChildDomain (46ms)
	RebuildCommonClasses (39ms)
	RebuildNativeTypeToScriptingClass (12ms)
	initialDomainReloadingComplete (29ms)
	LoadAllAssembliesAndSetupDomain (307ms)
		LoadAssemblies (390ms)
		RebuildTransferFunctionScriptingTraits (0ms)
		AnalyzeDomain (18ms)
			TypeCache.Refresh (6ms)
				TypeCache.ScanAssembly (0ms)
			ScanForSourceGeneratedMonoScriptInfo (0ms)
			ResolveRequiredComponents (10ms)
	FinalizeReload (1201ms)
		ReleaseScriptCaches (0ms)
		RebuildScriptCaches (0ms)
		SetupLoadedEditorAssemblies (483ms)
			LogAssemblyErrors (0ms)
			InitializePlatformSupportModulesInManaged (7ms)
			SetLoadedEditorAssemblies (5ms)
			RefreshPlugins (0ms)
			BeforeProcessingInitializeOnLoad (83ms)
			ProcessInitializeOnLoadAttributes (348ms)
			ProcessInitializeOnLoadMethodAttributes (37ms)
			AfterProcessingInitializeOnLoad (3ms)
			EditorAssembliesLoaded (0ms)
		ExecutionOrderSort2 (0ms)
		AwakeInstancesAfterBackupRestoration (15ms)
Refreshing native plugins compatible for Editor in 7.49 ms, found 7 plugins.
Preloading 0 native plugins for Editor in 0.00 ms.
Unloading 4456 Unused Serialized files (Serialized files now loaded: 0)
Unloading 44 unused Assets / (0.7 MB). Loaded Objects now: 5267.
Memory consumption went from 158.2 MB to 157.5 MB.
Total: 4.258500 ms (FindLiveObjects: 0.512800 ms CreateObjectMapping: 0.114900 ms MarkObjects: 3.072100 ms  DeleteObjects: 0.557000 ms)

Prepare: number of updated asset objects reloaded= 0
AssetImportParameters requested are different than current active one (requested -> active):
  custom:scripting/monoscript/fileName/CardStack2D.cs: 52f7ac406c04f320c1cc31b32fc945ec -> 
  custom:scripting/monoscript/fileName/UILineRendererFIFO.cs: 1a840d7d842445f62c20beee85a5bbc5 -> 
  custom:scripting/monoscript/fileName/FlowLayoutGroup.cs: 4f8c51e99186127173631d5ea0b848a8 -> 
  custom:scripting/monoscript/fileName/UIParticleSystem.cs: 6cef203566a0c9333597e4e233613614 -> 
  custom:scripting/monoscript/fileName/UILineRenderer.cs: 673f1b621ab4781ac78770b1b3c45207 -> 
  custom:scripting/monoscript/fileName/TableLayoutGroup.cs: 9697d88a99d4c91003d206b86eed3a61 -> 
  custom:scripting/monoscript/fileName/Segment.cs: 823b994f6bbb6e32f73e9807948df6b3 -> 
  custom:container-demuxer-ogg: 62fdf1f143b41e24485cea50d1cbac27 -> 
  custom:scripting/monoscript/fileName/SelectionBox.cs: 9eabc2822607d24d284c5c0d720d4a01 -> 
  custom:scripting/monoscript/fileName/ReorderableListContent.cs: a630238339e5f198f723ac29a2329f6d -> 
  custom:scripting/monoscript/fileName/Menu.cs: d0a2652908e797d4064ef9b772450cc8 -> 
  custom:scripting/monoscript/fileName/SetPropertyUtility.cs: 02aade692758e5563210cc05829e9851 -> f604b4b9e6b0979bdfc1e2b40426dd19
  custom:scripting/monoscript/fileName/HSVUtil.cs: 2f204c7a89b046fae714aadbcda42851 -> 
  custom:scripting/monoscript/fileName/FancyCellGroup.cs: 90647cc400823b41df847a6cbfc29026 -> 
  custom:scripting/monoscript/fileName/RescaleDragPanel.cs: 428e5a10a21f2d3fc3805557487d591e -> 
  custom:scripting/monoscript/fileName/ExtensionsToggleGroup.cs: 93967f93faef61aecdca9232fa42b062 -> 
  custom:scripting/monoscript/fileName/ResizePanel.cs: 0a2d1269c62cba913a254b515f8b6020 -> 
  custom:scripting/monoscript/fileName/Circle.cs: cfc2369c92dd039be7c3f572f769fdcf -> 
  custom:scripting/monoscript/fileName/ShaderLibrary.cs: 7a09676978959734a6827051c965f749 -> 
  custom:scripting/monoscript/fileName/CurvedText.cs: c86aabacdca275700720e919fc8a8b52 -> 
  custom:scripting/monoscript/fileName/FancyScrollRectCell.cs: 0cdf409b5aa8d4c25876d72b5c6a3b60 -> 
  custom:scripting/monoscript/fileName/Gradient.cs: a4c2a5a25440c543cd82653fda832632 -> 
  custom:scripting/monoscript/fileName/ScrollSnapBase.cs: 3682088473625968e7b4647a6b4213f6 -> 
  custom:scripting/monoscript/fileName/CUIText.cs: 0be1a405bc9388e4813a74aad6018bec -> 
  custom:scripting/monoscript/fileName/BoundTooltipTrigger.cs: e78e2ee612ba85e075ab794a5cb95e73 -> 
  custom:scripting/monoscript/fileName/UIHighlightable.cs: fd305ad78204cb75a66ce809c3f50e6a -> 
  custom:video-codec-MediaFoundation-h265: 746d11721c4dcdbdad8f713fa42b33f4 -> 
  custom:scripting/monoscript/fileName/UIExtensionsInputManager.cs: 6f468ddae971c3bcce0288549c1beabd -> 
  custom:scripting/monoscript/fileName/Gradient2.cs: 9c1fd6257924e43a80b8fccb859d3828 -> 
  custom:scripting/monoscript/fileName/CooldownButton.cs: 72bd21b90ac71f29908a36179176f8fc -> 
  custom:video-decoder-ogg-theora: a1e56fd34408186e4bbccfd4996cb3dc -> 
  custom:scripting/monoscript/fileName/TileSizeFitter.cs: ba6326e335b6f177a627b992c444832c -> 
  custom:scripting/monoscript/fileName/SelectableScaler.cs: 3ebe175d64b38a572f8dbe8fd345f0c3 -> 
  custom:scripting/monoscript/fileName/AccordionElementEditor.cs: db5ee9b2cff22578a12a4d141614d665 -> 
  custom:scripting/monoscript/fileName/ExtensionsToggle.cs: e0b44aa7e1ff973d74b4857a34a48879 -> 
  custom:scripting/monoscript/fileName/ReorderableListElement.cs: 788a31431a1c95dc9a9a52767f8e812f -> 
  custom:scripting/monoscript/fileName/ShineEffector.cs: 52ed4eb6c7ed8f674a18d2a4db6eba86 -> 
  custom:scripting/monoscript/fileName/UISelectableExtension.cs: b6766007d8a2236e23d4749da2d8cdd2 -> 
  custom:framework-win-MediaFoundation: 216162199b28c13a410421893ffa2e32 -> 
  custom:scripting/monoscript/fileName/UISoftAdditiveEffect.cs: 30a825933c907dec19605ff2f58a292f -> 
  custom:scripting/monoscript/fileName/HexColorField.cs: 425eeca1ce4159bc649962b2337061a4 -> 
  custom:scripting/monoscript/fileName/ColorPickerControl.cs: 97231f899ae243cc634f34e048c22095 -> 
  custom:scripting/monoscript/fileName/ReorderableListDebug.cs: 51cf5a188c464deb681bea16cb795b61 -> 
  custom:scripting/monoscript/fileName/TextPic.cs: 9dbd7bc654cbf19eee33ac6fc452bfb1 -> 
  custom:scripting/monoscript/fileName/CUIImage.cs: 41f29f650aa507f802cd9793d91f3211 -> 
  custom:scripting/monoscript/fileName/DropDownListButton.cs: 71d533f2602e0e099d09a556ef8e4414 -> 
  custom:scripting/monoscript/fileName/ScrollSnap.cs: c5ae67ed5cc8c0ab1f7496803acc2648 -> 
  custom:scripting/monoscript/fileName/TextPicIconListCopier.cs: a564a2a474c019b98650cff2383ccfca -> 
  custom:scripting/monoscript/fileName/UICornerCut.cs: 69b0dfb485aa2b1afa65fcf30028125b -> 
  custom:scripting/monoscript/fileName/ScrollerEditor.cs: 478519b80ad2bc62d4a4b80ae078e694 -> 
  custom:scripting/monoscript/fileName/IBoxSelectable.cs: a5bf39a694cf2b84c65e7bec998d4941 -> 
  custom:scripting/monoscript/fileName/TiltWindow.cs: 7c3356d1b5bc9c6e9fe98345b0be7c30 -> 
  custom:scripting/monoscript/fileName/ExtensionMethods.cs: 943bd8dac5ce9467ce7deb0856dc6b0a -> 
  custom:scripting/monoscript/fileName/ComboBox.cs: a6ca48dde827ff07a9093f3624d58e62 -> 
  custom:scripting/monoscript/fileName/ScrollRectLinker.cs: 0316116e17d192ca2ef7c97539dff50f -> 
  custom:scripting/monoscript/fileName/SVBoxSlider.cs: 1d22c9c16d63e1cf38ad19bbcec9a0da -> 
  custom:scripting/monoscript/fileName/VerticalScrollSnap.cs: a7ebcf1fac8331e70ee01e540cbe484b -> 
  custom:scripting/monoscript/fileName/UILineConnector.cs: ea5f69a32957fe35ae7b512ef3f758ef -> 
  custom:scripting/monoscript/fileName/UIScreenEffect.cs: c36542c529d1f733362556ab22c18bf9 -> 
  custom:scripting/monoscript/fileName/SoftMaskScript.cs: 867049fb2647c9983fb1391409f93d30 -> 
  custom:scripting/monoscript/fileName/DiamondGraph.cs: a01b647a54847840428a395cc0d6fc16 -> 
  custom:scripting/monoscript/fileName/ScrollRectEx.cs: 3f6a881a34055e182fee3ab0baaee0c3 -> 
  custom:scripting/monoscript/fileName/UIGridRenderer.cs: 04c0062f4b7cdd6963fdba9ae03d9c72 -> 
  custom:scripting/monoscript/fileName/NicerOutline.cs: 571a7c7c4af4ebadc9fed23f0c3b0b46 -> 
  custom:CustomObjectIndexerAttribute: 9a22284fe3817be447336de3de66b15e -> 
  custom:scripting/monoscript/fileName/ScrollRectExtensions.cs: c76cb840404ffa9bc24248639e9da4ee -> 
  custom:scripting/monoscript/fileName/FancyGridViewContext.cs: 8738476657d4a33c34bc82bed7ce8bc9 -> 
  custom:scripting/monoscript/fileName/MinMaxValues.cs: 4aa11a61e640749f4ea5f947f86be5ba -> 
  custom:scripting/monoscript/fileName/CardExpanding3D.cs: d8b2b9924677ad2b445b05edbed7f0e3 -> 
  custom:scripting/monoscript/fileName/MinMaxSliderEditor.cs: e0496a7f76fc8934af2a763a7289ad36 -> 
  custom:scripting/monoscript/fileName/StepperSide.cs: 34d9a35c8c2622f327b140f18a7398a7 -> 
  custom:scripting/monoscript/fileName/CUIGraphicEditor.cs: a618262d3e77d462c5a0cd2e608e8a53 -> 
  custom:scripting/monoscript/fileName/DropDownList.cs: 3d51ab81e9571c9027b59874b2c78567 -> 
  custom:scripting/monoscript/fileName/ITweenValue.cs: 1d0eaa4b435fa135e18af6b5fa57e92e -> 
  custom:container-demuxer-webm: 4f35f7cbe854078d1ac9338744f61a02 -> 
  custom:scripting/monoscript/fileName/CardExpanding2D.cs: e0950b450275cb3936a581f286a6b471 -> 
  custom:scripting/monoscript/fileName/ResetSelectableHighlight.cs: 3ea63487fd77e7b22731770a86b4f8b9 -> 
  custom:scripting/monoscript/fileName/UIScrollToSelection.cs: d89fc8e36bdc19715e3104a5f857d175 -> 
  custom:scripting/monoscript/fileName/IScrollSnap.cs: 80b4110dac6695d630b8e7501d8e5aa8 -> 
  custom:scripting/monoscript/fileName/SegmentedControl.cs: 3a6e53207de58cf304ab520e0638e2df -> 
  custom:scripting/monoscript/fileName/ColorSampler.cs: 617678b91f4adc7b3146f51bed3fc4b1 -> 
  custom:scripting/monoscript/fileName/TabNavigationHelper.cs: 43f45dc623750048d2fbac24931c8ac8 -> 
  custom:scripting/monoscript/fileName/AutoCompleteComboBox.cs: 6e2e6cf33d4f5ca4ad3c05ff8f254467 -> 
  custom:scripting/monoscript/fileName/TextPicEditor.cs: c23216fe996c314d4c496ad837485981 -> 
  custom:scripting/monoscript/fileName/CUIMisc.cs: bc26c7f132f5cd28304cbc88070ca4dc -> 
  custom:scripting/monoscript/fileName/UIAdditiveEffect.cs: 50386f7d7d76f5c5e155dbf56c5e5fdd -> 
  custom:scripting/monoscript/fileName/MonoSpacing.cs: 45ba6bf376dd125375a8906a7d8b8b4b -> 
  custom:scripting/monoscript/fileName/FloatTween.cs: c51b551f6abec506d0db9945f7aa25cc -> 
  custom:scripting/monoscript/fileName/BoxSlider.cs: 662335e935a62641f6cb14e99e25e994 -> 
  custom:scripting/monoscript/fileName/BezierLineRendererEditor.cs: 2a50098be424d999e43b888ace13278c -> 
  custom:scripting/monoscript/fileName/NonDrawingGraphic.cs: a309796f6d67e4c1c110ec62b4572b4e -> 
  custom:scripting/monoscript/fileName/ScrollPositionController.cs: 30c392a65a277a4a74b1a6f1a3417601 -> 
  custom:scripting/monoscript/fileName/ContentScrollSnapHorizontal.cs: cb0bf043572062ce08b48904f46c98c8 -> 
  custom:scripting/monoscript/fileName/Triangulator.cs: 4ee9f09ca55767568ee94c9eaaed7244 -> d867a9a7a8385ef82ff357feb70c59d4
  custom:scripting/monoscript/fileName/UIImageCrop.cs: 1ec5d1f18ccf3bbe8ea319cda00ecfbc -> 
  custom:scripting/monoscript/fileName/BoxSliderEditor.cs: 9c680a5a338924fb176605eed0f68a75 -> 
  custom:scripting/monoscript/fileName/FancyScrollView.cs: c5f9c64ec4b4e183b17919204bc381a9 -> 
  custom:scripting/monoscript/fileName/BezierPath.cs: 90cbb6f823f7a03c69c93b3e1653c45e -> 
  custom:scripting/monoscript/fileName/SuperellipsePoints.cs: db2a1c9698f2dea478e1d6bfece554ae -> 
  custom:scripting/monoscript/fileName/UI_Knob.cs: 00244fb2be3e9e1f5ec3a07f175066a9 -> 
  custom:container-muxer-webm: aa71ff27fc2769a1b78a27578f13a17b -> 
  custom:scripting/monoscript/fileName/RaycastMask.cs: b13971e6a124c25b886c6703ae2aab24 -> 
  custom:scripting/monoscript/fileName/MultiTouchScrollRect.cs: 3a778993ea01435b2502c14ea2b2ff98 -> 
  custom:video-decoder-webm-vp8: 9c59270c3fd7afecdb556c50c9e8de78 -> 
  custom:scripting/monoscript/fileName/InputFieldEnterSubmit.cs: cdd5149b8afb8dc59ad57cc53ad8fb3b -> 
  custom:scripting/monoscript/fileName/ExampleSelectable.cs: 8dc7a8cd606154e7d10bb507e235c1f8 -> 
  custom:scripting/monoscript/fileName/uGUITools.cs: aa32797d8a9cdcd2167b6be114b0d5ec -> 
  custom:scripting/monoscript/fileName/UILinearDodgeEffect.cs: f5508d2f3f6addba614d4c08275f4546 -> 
  custom:SearchIndexIgnoredProperties: e643bd26f0fe6173181afceb89e7c659 -> 
  custom:scripting/monoscript/fileName/EasingCore.cs: 0bad7e894488e9b67256d892a478aab1 -> 
  custom:scripting/monoscript/fileName/Stepper.cs: 3ee1a56034750815f9c567b6c54fbbb8 -> 
  custom:scripting/monoscript/fileName/UIPrimitiveBase.cs: 80a945e915822efd5c887ee28f76aa9f -> 
  custom:AudioImporter_EditorPlatform: d09bf68614088b80899f8185d706f6e7 -> 
  custom:scripting/monoscript/fileName/LetterSpacing.cs: c4f4c504ac9c0b708c438c8a0faf6a96 -> 
  custom:scripting/monoscript/fileName/UISquircle.cs: faaa67841792f2c90a13db82841ac6e3 -> 
  custom:scripting/monoscript/fileName/RangeSlider.cs: 026cea0882c5bbc90f7cedc5111cfeb2 -> 
  custom:scripting/monoscript/fileName/UIExtensionMethods.cs: 2621bff24acfb4ddb3b264b7553588d8 -> 
  custom:scripting/monoscript/fileName/UIVerticalScroller.cs: 3532ae0d4ba5f6e2c310cfec2c655a8c -> 
  custom:scripting/monoscript/fileName/ColorLabel.cs: 9a2d62e5e8f65400e4abc881023f36f7 -> 
  custom:scripting/monoscript/fileName/TooltipTrigger.cs: 546a7d73bc42b9e6f1fd03a7e07d7f29 -> 
  custom:scripting/monoscript/fileName/UIMultiplyEffect.cs: 29b6f1f4d98d9b61292d829c0030af4b -> 
  custom:scripting/monoscript/fileName/CardPopup2D.cs: ac929914b8675b3ff1238ddb1cc99789 -> 
  custom:scripting/monoscript/fileName/ScrollSnapScrollbarHelper.cs: d6b043fd7048156ea2ef4da9da4a0a51 -> 
  custom:scripting/monoscript/fileName/HoverTooltip.cs: abdf0400bdf15bb8fdc0bc4d5ecc993f -> 
  custom:scripting/monoscript/fileName/ColorImage.cs: 87dea3e9bf43c94e295d4fa411046c66 -> 
  custom:scripting/monoscript/fileName/FancyScrollRectContext.cs: 9e5d4d8665c04a1190a3fc52908244b0 -> 
  custom:scripting/monoscript/fileName/TextPicIconEditor.cs: 1f41560011fcb93d03be374d10238c0c -> 
  custom:scripting/monoscript/fileName/UI_InfiniteScroll.cs: f7518bdb5ccbb5518282b9c860eef985 -> 
  custom:scripting/monoscript/fileName/UIExtensionsMenuOptions.cs: 25d3bc76bdcc7be45d732e8f064ec6a7 -> 
  custom:scripting/monoscript/fileName/ReadOnlyAttribute.cs: 604ae8fbc27d6402b88ac08f1987318f -> 
  custom:scripting/monoscript/fileName/UICircle.cs: e40253d6117a9fbea82cc285a7e8a36e -> 
  custom:scripting/monoscript/fileName/UIScrollToSelectionXY.cs: 8145d21a6ef6f8610242d2ba291595b9 -> 
  custom:scripting/monoscript/fileName/CUITextEditor.cs: 966cced0a631446b9484c2fe777a7f5b -> 
  custom:scripting/precompiled-assembly-types:UnityUIExtensions.editor: e002030e6fc012878af160bb334541ad -> 
  custom:scripting/monoscript/fileName/TweenRunner.cs: 90647cc400823b41df847a6cbfc29026 -> 
  custom:scripting/monoscript/fileName/UIHorizontalScroller.cs: 758f016ad67e22eff0f26468f408f006 -> 
  custom:scripting/monoscript/fileName/ReturnKeyTriggersButton.cs: 622f27a1a5fce3f8fe14f0fe6c6b39b5 -> 
  custom:scripting/monoscript/fileName/FancyGridViewCell.cs: 0cdf409b5aa8d4c25876d72b5c6a3b60 -> 
  custom:scripting/monoscript/fileName/Scroller.cs: 94938ad1cd7c20206a0339e3bd7f3330 -> 
  custom:scripting/monoscript/fileName/CylinderText.cs: 86c073c10ed890f8e108be86fb350e35 -> 
  custom:scripting/monoscript/fileName/ColorPickerPresets.cs: d20309ac183a87fd46c2e0a03ba5bdef -> 
  custom:scripting/monoscript/fileName/RadialSlider.cs: 24542b53b379116a4f98bb53a64e13b8 -> 
  custom:scripting/monoscript/fileName/PPIViewer.cs: 5269fbe050022d597b2ceba1b1d4cbae -> 
  custom:scripting/monoscript/fileName/InputFocus.cs: 6a5a3b184038cb5e7dbe4882c96bc91b -> 
  custom:scripting/monoscript/fileName/CUIBezierCurve.cs: 32214df0cb137de9f4967269deffb6f3 -> 
  custom:scripting/monoscript/fileName/DropDownListItem.cs: 91c61fd79335f34fb81e114553bf8888 -> 
  custom:scripting/monoscript/fileName/UIFlippable.cs: 9c843e180ea4b6afe9c1ba071336e124 -> 
  custom:scripting/monoscript/fileName/CanvasGroupActivator.cs: f743e9c6e47b0eb8c0b7b2fbf9f7de19 -> 
  custom:scripting/monoscript/fileName/UIWindowBase.cs: 776e605614a77fffd4e0147c8e684e94 -> 
  custom:video-encoder-webm-vp8: eb34c28f22e8b96e1ab97ce403110664 -> 
  custom:scripting/monoscript/fileName/ScrollPositionControllerEditor.cs: fb86570a90d8d5b779234b7f103e1b51 -> 
  custom:scripting/monoscript/fileName/CurvedLayout.cs: 46917779e317aa4a214ea430689de312 -> 
  custom:scripting/monoscript/fileName/ScrollConflictManager.cs: 1a474b2432b80a8b7211f13c79bb991c -> 
  custom:scripting/monoscript/fileName/ReadOnlyDrawer.cs: 1c0aa6472b8e40c24f66a5805d818994 -> 
  custom:audio-decoder-ogg-vorbis: bf7c407c2cedff20999df2af8eb42d56 -> 
  custom:scripting/monoscript/fileName/FancyGridView.cs: 849ed7f5b11c9db237ef61b01c5a5104 -> 
  custom:scripting/monoscript/fileName/CableCurve.cs: 1ed0592bfc80d3ca3db7b55e9a6e9d9a -> 
  custom:scripting/monoscript/fileName/PaginationManager.cs: b5c7a38e1c9bde92ca052679632bc9f1 -> 
  custom:scripting/monoscript/fileName/UILineTextureRenderer.cs: f3042185c83712ad42b2d6694b56f8d3 -> 
  custom:scripting/monoscript/fileName/MenuManager.cs: 8e71de17d45faf11b5ca3e63d3867170 -> 
  custom:scripting/monoscript/fileName/ColorPickerPresetsEditor.cs: 57bebb34d006d8305e8cd353ea00f28b -> 
  custom:scripting/monoscript/fileName/UI_MagneticInfiniteScroll.cs: 7f0db092e1c52c826e7ccbefe21fe7ce -> 
  custom:scripting/monoscript/fileName/ToolTip.cs: 2f05f936126a769ca9a98ef6920928a7 -> 
  custom:scripting/monoscript/fileName/TextPicRenameEditor.cs: b67a1588d964fe3ac177da9872e96689 -> 
  custom:scripting/monoscript/fileName/TestCompression.cs: 2a18178f72c1b3979b9006483863f20e -> 
  custom:scripting/monoscript/fileName/IFancyScrollRectContext.cs: 9c4dee0aef526d67eb0a668a1c9b910a -> 
  custom:scripting/monoscript/fileName/ColorChangedEvent.cs: bafb161b451089e6c72bcae877e0ba66 -> 
  custom:scripting/monoscript/fileName/BestFitOutline.cs: 2ec1c68346f5b721e3d92092cd60b278 -> 
  custom:scripting/monoscript/fileName/NonDrawingGraphicEditor.cs: 1e7abd1e1a4d3da38de70c6d38c19118 -> 
  custom:scripting/monoscript/fileName/HSVChangedEvent.cs: 8a0d7f505f4db7e267a03264293f54eb -> 
  custom:scripting/monoscript/fileName/CUIImageEditor.cs: 0be5a4365a8d65680f88c4d192e5254c -> 
  custom:scripting/monoscript/fileName/HorizontalScrollSnap.cs: 624447835d67a70d90ed2b7f69117316 -> 
  custom:scripting/monoscript/fileName/UI_TweenScale.cs: 50a18c41daf615d82dc37ef0e9dcea31 -> 
  custom:scripting/monoscript/fileName/BoundTooltipItem.cs: 12dc26af634677e40fd7840809357e6c -> 
  custom:scripting/monoscript/fileName/AccordionElement.cs: 69f1a7e537099cc57de9b6eaa86cef32 -> 
  custom:scripting/monoscript/fileName/UI_ScrollRectOcclusion.cs: 491f1c2592ac821eb8de9e533fddd4a9 -> 
  custom:scripting/monoscript/fileName/CUIBezierCurveEditor.cs: be4462c6de2387d5f99ef9d0e93b91ee -> 
  custom:scripting/monoscript/fileName/ColorSliderImage.cs: bbcbfbf23dc2f9fc5450db8f36b24487 -> 
  custom:scripting/monoscript/fileName/Accordion.cs: c31898dc7ffd6f7b32be5689419229bc -> 
  custom:scripting/monoscript/fileName/FancyCell.cs: 0cdf409b5aa8d4c25876d72b5c6a3b60 -> 
  custom:scripting/monoscript/fileName/ShineEffect.cs: 61d233269c4ea687efa548adef5d6e13 -> 
  custom:audio-encoder-webm-vorbis: bf7c407c2cedff20999df2af8eb42d56 -> 
  custom:scripting/monoscript/fileName/ScrollRectTweener.cs: 3437a8fb18bed84a45865e36e83e332f -> 
  custom:scripting/monoscript/fileName/MeshCreator.cs: a2506ad04bac2e5a6d6d50e0d7978d92 -> 
  custom:scripting/monoscript/fileName/UIPolygon.cs: ef7b3e02606f58c56a27e65db10bc7f3 -> 
  custom:scripting/monoscript/fileName/switchToRectTransform.cs: 0ef297259b7f2ab26defc1d718ad1e0a -> 
  custom:scripting/monoscript/fileName/UILineRendererList.cs: efbf4ff76c31aa3e4f61c8b26734d929 -> 
  custom:scripting/monoscript/fileName/CLZF2.cs: 40ef7bf6191a1a5e5b0f37e092e1b271 -> 
  custom:scripting/monoscript/fileName/SimpleMenu.cs: 90647cc400823b41df847a6cbfc29026 -> 
  custom:scripting/monoscript/fileName/RescalePanel.cs: a379a55181438e3b7a29019da8a3c82c -> 
  custom:scripting/monoscript/fileName/DragCorrector.cs: 89ab4a0369eecb75be2277a80a08c1e7 -> 
  custom:scripting/monoscript/fileName/RangeSliderEditor.cs: 1c09cdb4e75bc10f834bbae9a7b54e1e -> 
  custom:scripting/monoscript/fileName/FancyScrollRect.cs: 0cdf409b5aa8d4c25876d72b5c6a3b60 -> 
  custom:scripting/monoscript/fileName/ReorderableList.cs: 944c8e214787d07461c711b29546f976 -> 
  custom:scripting/monoscript/fileName/RadialLayout.cs: 170f31c5fdb54a9fe7ba926effdfd7d4 -> 
  custom:scripting/monoscript/fileName/ColorSlider.cs: a91d06b853e0bf2d5df3ea61a67d5c83 -> 
  custom:scripting/monoscript/fileName/IFancyGridViewContext.cs: be7addf49e5950ebb654fec55c2afa8b -> 
  custom:scripting/precompiled-assembly-types:UnityUIExtensions: c0991a7eaf90618746e467e9e018bd04 -> 
  custom:scripting/monoscript/fileName/CUIGraphic.cs: 4f47fad340418bff51fe6171e2259e7f -> 
  custom:scripting/monoscript/fileName/IFancyCellGroupContext.cs: 323b5f49cc2011b3d2d9088e528ed161 -> 
  custom:scripting/monoscript/fileName/MinMaxSlider.cs: e7d98a511e8b98df33f72f37935821e5 -> 
  custom:scripting/monoscript/fileName/ColorPickerTester.cs: 63b6c03c009a94721b9d41c8d5e5e6ed -> 
========================================================================
Received Prepare
Caller must complete domain reload
Begin MonoManager ReloadAssembly
- Loaded All Assemblies, in  0.518 seconds
Native extension for WindowsStandalone target not found
Native extension for WebGL target not found
Mono: successfully reloaded assembly
- Finished resetting the current domain, in  1.225 seconds
Domain Reload Profiling: 1743ms
	BeginReloadAssembly (163ms)
		ExecutionOrderSort (0ms)
		DisableScriptedObjects (13ms)
		BackupInstance (0ms)
		ReleaseScriptingObjects (0ms)
		CreateAndSetChildDomain (34ms)
	RebuildCommonClasses (35ms)
	RebuildNativeTypeToScriptingClass (13ms)
	initialDomainReloadingComplete (26ms)
	LoadAllAssembliesAndSetupDomain (281ms)
		LoadAssemblies (348ms)
		RebuildTransferFunctionScriptingTraits (0ms)
		AnalyzeDomain (18ms)
			TypeCache.Refresh (6ms)
				TypeCache.ScanAssembly (0ms)
			ScanForSourceGeneratedMonoScriptInfo (0ms)
			ResolveRequiredComponents (10ms)
	FinalizeReload (1226ms)
		ReleaseScriptCaches (0ms)
		RebuildScriptCaches (0ms)
		SetupLoadedEditorAssemblies (484ms)
			LogAssemblyErrors (0ms)
			InitializePlatformSupportModulesInManaged (9ms)
			SetLoadedEditorAssemblies (6ms)
			RefreshPlugins (0ms)
			BeforeProcessingInitializeOnLoad (93ms)
			ProcessInitializeOnLoadAttributes (335ms)
			ProcessInitializeOnLoadMethodAttributes (39ms)
			AfterProcessingInitializeOnLoad (3ms)
			EditorAssembliesLoaded (0ms)
		ExecutionOrderSort2 (0ms)
		AwakeInstancesAfterBackupRestoration (16ms)
Refreshing native plugins compatible for Editor in 8.24 ms, found 7 plugins.
Preloading 0 native plugins for Editor in 0.00 ms.
Unloading 4456 Unused Serialized files (Serialized files now loaded: 0)
Unloading 44 unused Assets / (0.7 MB). Loaded Objects now: 5271.
Memory consumption went from 158.3 MB to 157.6 MB.
Total: 4.748500 ms (FindLiveObjects: 0.553300 ms CreateObjectMapping: 0.325800 ms MarkObjects: 3.201000 ms  DeleteObjects: 0.667000 ms)

Prepare: number of updated asset objects reloaded= 0
AssetImportParameters requested are different than current active one (requested -> active):
  custom:scripting/monoscript/fileName/CardStack2D.cs: 52f7ac406c04f320c1cc31b32fc945ec -> 
  custom:scripting/monoscript/fileName/UILineRendererFIFO.cs: 1a840d7d842445f62c20beee85a5bbc5 -> 
  custom:scripting/monoscript/fileName/FlowLayoutGroup.cs: 4f8c51e99186127173631d5ea0b848a8 -> 
  custom:scripting/monoscript/fileName/UIParticleSystem.cs: 6cef203566a0c9333597e4e233613614 -> 
  custom:scripting/monoscript/fileName/UILineRenderer.cs: 673f1b621ab4781ac78770b1b3c45207 -> 
  custom:scripting/monoscript/fileName/TableLayoutGroup.cs: 9697d88a99d4c91003d206b86eed3a61 -> 
  custom:scripting/monoscript/fileName/Segment.cs: 823b994f6bbb6e32f73e9807948df6b3 -> 
  custom:container-demuxer-ogg: 62fdf1f143b41e24485cea50d1cbac27 -> 
  custom:scripting/monoscript/fileName/SelectionBox.cs: 9eabc2822607d24d284c5c0d720d4a01 -> 
  custom:scripting/monoscript/fileName/ReorderableListContent.cs: a630238339e5f198f723ac29a2329f6d -> 
  custom:scripting/monoscript/fileName/Menu.cs: d0a2652908e797d4064ef9b772450cc8 -> 
  custom:scripting/monoscript/fileName/SetPropertyUtility.cs: 02aade692758e5563210cc05829e9851 -> f604b4b9e6b0979bdfc1e2b40426dd19
  custom:scripting/monoscript/fileName/HSVUtil.cs: 2f204c7a89b046fae714aadbcda42851 -> 
  custom:scripting/monoscript/fileName/FancyCellGroup.cs: 90647cc400823b41df847a6cbfc29026 -> 
  custom:scripting/monoscript/fileName/RescaleDragPanel.cs: 428e5a10a21f2d3fc3805557487d591e -> 
  custom:scripting/monoscript/fileName/ExtensionsToggleGroup.cs: 93967f93faef61aecdca9232fa42b062 -> 
  custom:scripting/monoscript/fileName/ResizePanel.cs: 0a2d1269c62cba913a254b515f8b6020 -> 
  custom:scripting/monoscript/fileName/Circle.cs: cfc2369c92dd039be7c3f572f769fdcf -> 
  custom:scripting/monoscript/fileName/ShaderLibrary.cs: 7a09676978959734a6827051c965f749 -> 
  custom:scripting/monoscript/fileName/CurvedText.cs: c86aabacdca275700720e919fc8a8b52 -> 
  custom:scripting/monoscript/fileName/FancyScrollRectCell.cs: 0cdf409b5aa8d4c25876d72b5c6a3b60 -> 
  custom:scripting/monoscript/fileName/Gradient.cs: a4c2a5a25440c543cd82653fda832632 -> 
  custom:scripting/monoscript/fileName/ScrollSnapBase.cs: 3682088473625968e7b4647a6b4213f6 -> 
  custom:scripting/monoscript/fileName/CUIText.cs: 0be1a405bc9388e4813a74aad6018bec -> 
  custom:scripting/monoscript/fileName/BoundTooltipTrigger.cs: e78e2ee612ba85e075ab794a5cb95e73 -> 
  custom:scripting/monoscript/fileName/UIHighlightable.cs: fd305ad78204cb75a66ce809c3f50e6a -> 
  custom:video-codec-MediaFoundation-h265: 746d11721c4dcdbdad8f713fa42b33f4 -> 
  custom:scripting/monoscript/fileName/UIExtensionsInputManager.cs: 6f468ddae971c3bcce0288549c1beabd -> 
  custom:scripting/monoscript/fileName/Gradient2.cs: 9c1fd6257924e43a80b8fccb859d3828 -> 
  custom:scripting/monoscript/fileName/CooldownButton.cs: 72bd21b90ac71f29908a36179176f8fc -> 
  custom:video-decoder-ogg-theora: a1e56fd34408186e4bbccfd4996cb3dc -> 
  custom:scripting/monoscript/fileName/TileSizeFitter.cs: ba6326e335b6f177a627b992c444832c -> 
  custom:scripting/monoscript/fileName/SelectableScaler.cs: 3ebe175d64b38a572f8dbe8fd345f0c3 -> 
  custom:scripting/monoscript/fileName/AccordionElementEditor.cs: db5ee9b2cff22578a12a4d141614d665 -> 
  custom:scripting/monoscript/fileName/ExtensionsToggle.cs: e0b44aa7e1ff973d74b4857a34a48879 -> 
  custom:scripting/monoscript/fileName/ReorderableListElement.cs: 788a31431a1c95dc9a9a52767f8e812f -> 
  custom:scripting/monoscript/fileName/ShineEffector.cs: 52ed4eb6c7ed8f674a18d2a4db6eba86 -> 
  custom:scripting/monoscript/fileName/UISelectableExtension.cs: b6766007d8a2236e23d4749da2d8cdd2 -> 
  custom:framework-win-MediaFoundation: 216162199b28c13a410421893ffa2e32 -> 
  custom:scripting/monoscript/fileName/UISoftAdditiveEffect.cs: 30a825933c907dec19605ff2f58a292f -> 
  custom:scripting/monoscript/fileName/HexColorField.cs: 425eeca1ce4159bc649962b2337061a4 -> 
  custom:scripting/monoscript/fileName/ColorPickerControl.cs: 97231f899ae243cc634f34e048c22095 -> 
  custom:scripting/monoscript/fileName/ReorderableListDebug.cs: 51cf5a188c464deb681bea16cb795b61 -> 
  custom:scripting/monoscript/fileName/TextPic.cs: 9dbd7bc654cbf19eee33ac6fc452bfb1 -> 
  custom:scripting/monoscript/fileName/CUIImage.cs: 41f29f650aa507f802cd9793d91f3211 -> 
  custom:scripting/monoscript/fileName/DropDownListButton.cs: 71d533f2602e0e099d09a556ef8e4414 -> 
  custom:scripting/monoscript/fileName/ScrollSnap.cs: c5ae67ed5cc8c0ab1f7496803acc2648 -> 
  custom:scripting/monoscript/fileName/TextPicIconListCopier.cs: a564a2a474c019b98650cff2383ccfca -> 
  custom:scripting/monoscript/fileName/UICornerCut.cs: 69b0dfb485aa2b1afa65fcf30028125b -> 
  custom:scripting/monoscript/fileName/ScrollerEditor.cs: 478519b80ad2bc62d4a4b80ae078e694 -> 
  custom:scripting/monoscript/fileName/IBoxSelectable.cs: a5bf39a694cf2b84c65e7bec998d4941 -> 
  custom:scripting/monoscript/fileName/TiltWindow.cs: 7c3356d1b5bc9c6e9fe98345b0be7c30 -> 
  custom:scripting/monoscript/fileName/ExtensionMethods.cs: 943bd8dac5ce9467ce7deb0856dc6b0a -> 
  custom:scripting/monoscript/fileName/ComboBox.cs: a6ca48dde827ff07a9093f3624d58e62 -> 
  custom:scripting/monoscript/fileName/ScrollRectLinker.cs: 0316116e17d192ca2ef7c97539dff50f -> 
  custom:scripting/monoscript/fileName/SVBoxSlider.cs: 1d22c9c16d63e1cf38ad19bbcec9a0da -> 
  custom:scripting/monoscript/fileName/VerticalScrollSnap.cs: a7ebcf1fac8331e70ee01e540cbe484b -> 
  custom:scripting/monoscript/fileName/UILineConnector.cs: ea5f69a32957fe35ae7b512ef3f758ef -> 
  custom:scripting/monoscript/fileName/UIScreenEffect.cs: c36542c529d1f733362556ab22c18bf9 -> 
  custom:scripting/monoscript/fileName/SoftMaskScript.cs: 867049fb2647c9983fb1391409f93d30 -> 
  custom:scripting/monoscript/fileName/DiamondGraph.cs: a01b647a54847840428a395cc0d6fc16 -> 
  custom:scripting/monoscript/fileName/ScrollRectEx.cs: 3f6a881a34055e182fee3ab0baaee0c3 -> 
  custom:scripting/monoscript/fileName/UIGridRenderer.cs: 04c0062f4b7cdd6963fdba9ae03d9c72 -> 
  custom:scripting/monoscript/fileName/NicerOutline.cs: 571a7c7c4af4ebadc9fed23f0c3b0b46 -> 
  custom:CustomObjectIndexerAttribute: 9a22284fe3817be447336de3de66b15e -> 
  custom:scripting/monoscript/fileName/ScrollRectExtensions.cs: c76cb840404ffa9bc24248639e9da4ee -> 
  custom:scripting/monoscript/fileName/FancyGridViewContext.cs: 8738476657d4a33c34bc82bed7ce8bc9 -> 
  custom:scripting/monoscript/fileName/MinMaxValues.cs: 4aa11a61e640749f4ea5f947f86be5ba -> 
  custom:scripting/monoscript/fileName/CardExpanding3D.cs: d8b2b9924677ad2b445b05edbed7f0e3 -> 
  custom:scripting/monoscript/fileName/MinMaxSliderEditor.cs: e0496a7f76fc8934af2a763a7289ad36 -> 
  custom:scripting/monoscript/fileName/StepperSide.cs: 34d9a35c8c2622f327b140f18a7398a7 -> 
  custom:scripting/monoscript/fileName/CUIGraphicEditor.cs: a618262d3e77d462c5a0cd2e608e8a53 -> 
  custom:scripting/monoscript/fileName/DropDownList.cs: 3d51ab81e9571c9027b59874b2c78567 -> 
  custom:scripting/monoscript/fileName/ITweenValue.cs: 1d0eaa4b435fa135e18af6b5fa57e92e -> 
  custom:container-demuxer-webm: 4f35f7cbe854078d1ac9338744f61a02 -> 
  custom:scripting/monoscript/fileName/CardExpanding2D.cs: e0950b450275cb3936a581f286a6b471 -> 
  custom:scripting/monoscript/fileName/ResetSelectableHighlight.cs: 3ea63487fd77e7b22731770a86b4f8b9 -> 
  custom:scripting/monoscript/fileName/UIScrollToSelection.cs: d89fc8e36bdc19715e3104a5f857d175 -> 
  custom:scripting/monoscript/fileName/IScrollSnap.cs: 80b4110dac6695d630b8e7501d8e5aa8 -> 
  custom:scripting/monoscript/fileName/SegmentedControl.cs: 3a6e53207de58cf304ab520e0638e2df -> 
  custom:scripting/monoscript/fileName/ColorSampler.cs: 617678b91f4adc7b3146f51bed3fc4b1 -> 
  custom:scripting/monoscript/fileName/TabNavigationHelper.cs: 43f45dc623750048d2fbac24931c8ac8 -> 
  custom:scripting/monoscript/fileName/AutoCompleteComboBox.cs: 6e2e6cf33d4f5ca4ad3c05ff8f254467 -> 
  custom:scripting/monoscript/fileName/TextPicEditor.cs: c23216fe996c314d4c496ad837485981 -> 
  custom:scripting/monoscript/fileName/CUIMisc.cs: bc26c7f132f5cd28304cbc88070ca4dc -> 
  custom:scripting/monoscript/fileName/UIAdditiveEffect.cs: 50386f7d7d76f5c5e155dbf56c5e5fdd -> 
  custom:scripting/monoscript/fileName/MonoSpacing.cs: 45ba6bf376dd125375a8906a7d8b8b4b -> 
  custom:scripting/monoscript/fileName/FloatTween.cs: c51b551f6abec506d0db9945f7aa25cc -> 
  custom:scripting/monoscript/fileName/BoxSlider.cs: 662335e935a62641f6cb14e99e25e994 -> 
  custom:scripting/monoscript/fileName/BezierLineRendererEditor.cs: 2a50098be424d999e43b888ace13278c -> 
  custom:scripting/monoscript/fileName/NonDrawingGraphic.cs: a309796f6d67e4c1c110ec62b4572b4e -> 
  custom:scripting/monoscript/fileName/ScrollPositionController.cs: 30c392a65a277a4a74b1a6f1a3417601 -> 
  custom:scripting/monoscript/fileName/ContentScrollSnapHorizontal.cs: cb0bf043572062ce08b48904f46c98c8 -> 
  custom:scripting/monoscript/fileName/Triangulator.cs: 4ee9f09ca55767568ee94c9eaaed7244 -> d867a9a7a8385ef82ff357feb70c59d4
  custom:scripting/monoscript/fileName/UIImageCrop.cs: 1ec5d1f18ccf3bbe8ea319cda00ecfbc -> 
  custom:scripting/monoscript/fileName/BoxSliderEditor.cs: 9c680a5a338924fb176605eed0f68a75 -> 
  custom:scripting/monoscript/fileName/FancyScrollView.cs: c5f9c64ec4b4e183b17919204bc381a9 -> 
  custom:scripting/monoscript/fileName/BezierPath.cs: 90cbb6f823f7a03c69c93b3e1653c45e -> 
  custom:scripting/monoscript/fileName/SuperellipsePoints.cs: db2a1c9698f2dea478e1d6bfece554ae -> 
  custom:scripting/monoscript/fileName/UI_Knob.cs: 00244fb2be3e9e1f5ec3a07f175066a9 -> 
  custom:container-muxer-webm: aa71ff27fc2769a1b78a27578f13a17b -> 
  custom:scripting/monoscript/fileName/RaycastMask.cs: b13971e6a124c25b886c6703ae2aab24 -> 
  custom:scripting/monoscript/fileName/MultiTouchScrollRect.cs: 3a778993ea01435b2502c14ea2b2ff98 -> 
  custom:video-decoder-webm-vp8: 9c59270c3fd7afecdb556c50c9e8de78 -> 
  custom:scripting/monoscript/fileName/InputFieldEnterSubmit.cs: cdd5149b8afb8dc59ad57cc53ad8fb3b -> 
  custom:scripting/monoscript/fileName/ExampleSelectable.cs: 8dc7a8cd606154e7d10bb507e235c1f8 -> 
  custom:scripting/monoscript/fileName/uGUITools.cs: aa32797d8a9cdcd2167b6be114b0d5ec -> 
  custom:scripting/monoscript/fileName/UILinearDodgeEffect.cs: f5508d2f3f6addba614d4c08275f4546 -> 
  custom:SearchIndexIgnoredProperties: e643bd26f0fe6173181afceb89e7c659 -> 
  custom:scripting/monoscript/fileName/EasingCore.cs: 0bad7e894488e9b67256d892a478aab1 -> 
  custom:scripting/monoscript/fileName/Stepper.cs: 3ee1a56034750815f9c567b6c54fbbb8 -> 
  custom:scripting/monoscript/fileName/UIPrimitiveBase.cs: 80a945e915822efd5c887ee28f76aa9f -> 
  custom:AudioImporter_EditorPlatform: d09bf68614088b80899f8185d706f6e7 -> 
  custom:scripting/monoscript/fileName/LetterSpacing.cs: c4f4c504ac9c0b708c438c8a0faf6a96 -> 
  custom:scripting/monoscript/fileName/UISquircle.cs: faaa67841792f2c90a13db82841ac6e3 -> 
  custom:scripting/monoscript/fileName/RangeSlider.cs: 026cea0882c5bbc90f7cedc5111cfeb2 -> 
  custom:scripting/monoscript/fileName/UIExtensionMethods.cs: 2621bff24acfb4ddb3b264b7553588d8 -> 
  custom:scripting/monoscript/fileName/UIVerticalScroller.cs: 3532ae0d4ba5f6e2c310cfec2c655a8c -> 
  custom:scripting/monoscript/fileName/ColorLabel.cs: 9a2d62e5e8f65400e4abc881023f36f7 -> 
  custom:scripting/monoscript/fileName/TooltipTrigger.cs: 546a7d73bc42b9e6f1fd03a7e07d7f29 -> 
  custom:scripting/monoscript/fileName/UIMultiplyEffect.cs: 29b6f1f4d98d9b61292d829c0030af4b -> 
  custom:scripting/monoscript/fileName/CardPopup2D.cs: ac929914b8675b3ff1238ddb1cc99789 -> 
  custom:scripting/monoscript/fileName/ScrollSnapScrollbarHelper.cs: d6b043fd7048156ea2ef4da9da4a0a51 -> 
  custom:scripting/monoscript/fileName/HoverTooltip.cs: abdf0400bdf15bb8fdc0bc4d5ecc993f -> 
  custom:scripting/monoscript/fileName/ColorImage.cs: 87dea3e9bf43c94e295d4fa411046c66 -> 
  custom:scripting/monoscript/fileName/FancyScrollRectContext.cs: 9e5d4d8665c04a1190a3fc52908244b0 -> 
  custom:scripting/monoscript/fileName/TextPicIconEditor.cs: 1f41560011fcb93d03be374d10238c0c -> 
  custom:scripting/monoscript/fileName/UI_InfiniteScroll.cs: f7518bdb5ccbb5518282b9c860eef985 -> 
  custom:scripting/monoscript/fileName/UIExtensionsMenuOptions.cs: 25d3bc76bdcc7be45d732e8f064ec6a7 -> 
  custom:scripting/monoscript/fileName/ReadOnlyAttribute.cs: 604ae8fbc27d6402b88ac08f1987318f -> 
  custom:scripting/monoscript/fileName/UICircle.cs: e40253d6117a9fbea82cc285a7e8a36e -> 
  custom:scripting/monoscript/fileName/UIScrollToSelectionXY.cs: 8145d21a6ef6f8610242d2ba291595b9 -> 
  custom:scripting/monoscript/fileName/CUITextEditor.cs: 966cced0a631446b9484c2fe777a7f5b -> 
  custom:scripting/precompiled-assembly-types:UnityUIExtensions.editor: e002030e6fc012878af160bb334541ad -> 
  custom:scripting/monoscript/fileName/TweenRunner.cs: 90647cc400823b41df847a6cbfc29026 -> 
  custom:scripting/monoscript/fileName/UIHorizontalScroller.cs: 758f016ad67e22eff0f26468f408f006 -> 
  custom:scripting/monoscript/fileName/ReturnKeyTriggersButton.cs: 622f27a1a5fce3f8fe14f0fe6c6b39b5 -> 
  custom:scripting/monoscript/fileName/FancyGridViewCell.cs: 0cdf409b5aa8d4c25876d72b5c6a3b60 -> 
  custom:scripting/monoscript/fileName/Scroller.cs: 94938ad1cd7c20206a0339e3bd7f3330 -> 
  custom:scripting/monoscript/fileName/CylinderText.cs: 86c073c10ed890f8e108be86fb350e35 -> 
  custom:scripting/monoscript/fileName/ColorPickerPresets.cs: d20309ac183a87fd46c2e0a03ba5bdef -> 
  custom:scripting/monoscript/fileName/RadialSlider.cs: 24542b53b379116a4f98bb53a64e13b8 -> 
  custom:scripting/monoscript/fileName/PPIViewer.cs: 5269fbe050022d597b2ceba1b1d4cbae -> 
  custom:scripting/monoscript/fileName/InputFocus.cs: 6a5a3b184038cb5e7dbe4882c96bc91b -> 
  custom:scripting/monoscript/fileName/CUIBezierCurve.cs: 32214df0cb137de9f4967269deffb6f3 -> 
  custom:scripting/monoscript/fileName/DropDownListItem.cs: 91c61fd79335f34fb81e114553bf8888 -> 
  custom:scripting/monoscript/fileName/UIFlippable.cs: 9c843e180ea4b6afe9c1ba071336e124 -> 
  custom:scripting/monoscript/fileName/CanvasGroupActivator.cs: f743e9c6e47b0eb8c0b7b2fbf9f7de19 -> 
  custom:scripting/monoscript/fileName/UIWindowBase.cs: 776e605614a77fffd4e0147c8e684e94 -> 
  custom:video-encoder-webm-vp8: eb34c28f22e8b96e1ab97ce403110664 -> 
  custom:scripting/monoscript/fileName/ScrollPositionControllerEditor.cs: fb86570a90d8d5b779234b7f103e1b51 -> 
  custom:scripting/monoscript/fileName/CurvedLayout.cs: 46917779e317aa4a214ea430689de312 -> 
  custom:scripting/monoscript/fileName/ScrollConflictManager.cs: 1a474b2432b80a8b7211f13c79bb991c -> 
  custom:scripting/monoscript/fileName/ReadOnlyDrawer.cs: 1c0aa6472b8e40c24f66a5805d818994 -> 
  custom:audio-decoder-ogg-vorbis: bf7c407c2cedff20999df2af8eb42d56 -> 
  custom:scripting/monoscript/fileName/FancyGridView.cs: 849ed7f5b11c9db237ef61b01c5a5104 -> 
  custom:scripting/monoscript/fileName/CableCurve.cs: 1ed0592bfc80d3ca3db7b55e9a6e9d9a -> 
  custom:scripting/monoscript/fileName/PaginationManager.cs: b5c7a38e1c9bde92ca052679632bc9f1 -> 
  custom:scripting/monoscript/fileName/UILineTextureRenderer.cs: f3042185c83712ad42b2d6694b56f8d3 -> 
  custom:scripting/monoscript/fileName/MenuManager.cs: 8e71de17d45faf11b5ca3e63d3867170 -> 
  custom:scripting/monoscript/fileName/ColorPickerPresetsEditor.cs: 57bebb34d006d8305e8cd353ea00f28b -> 
  custom:scripting/monoscript/fileName/UI_MagneticInfiniteScroll.cs: 7f0db092e1c52c826e7ccbefe21fe7ce -> 
  custom:scripting/monoscript/fileName/ToolTip.cs: 2f05f936126a769ca9a98ef6920928a7 -> 
  custom:scripting/monoscript/fileName/TextPicRenameEditor.cs: b67a1588d964fe3ac177da9872e96689 -> 
  custom:scripting/monoscript/fileName/TestCompression.cs: 2a18178f72c1b3979b9006483863f20e -> 
  custom:scripting/monoscript/fileName/IFancyScrollRectContext.cs: 9c4dee0aef526d67eb0a668a1c9b910a -> 
  custom:scripting/monoscript/fileName/ColorChangedEvent.cs: bafb161b451089e6c72bcae877e0ba66 -> 
  custom:scripting/monoscript/fileName/BestFitOutline.cs: 2ec1c68346f5b721e3d92092cd60b278 -> 
  custom:scripting/monoscript/fileName/NonDrawingGraphicEditor.cs: 1e7abd1e1a4d3da38de70c6d38c19118 -> 
  custom:scripting/monoscript/fileName/HSVChangedEvent.cs: 8a0d7f505f4db7e267a03264293f54eb -> 
  custom:scripting/monoscript/fileName/CUIImageEditor.cs: 0be5a4365a8d65680f88c4d192e5254c -> 
  custom:scripting/monoscript/fileName/HorizontalScrollSnap.cs: 624447835d67a70d90ed2b7f69117316 -> 
  custom:scripting/monoscript/fileName/UI_TweenScale.cs: 50a18c41daf615d82dc37ef0e9dcea31 -> 
  custom:scripting/monoscript/fileName/BoundTooltipItem.cs: 12dc26af634677e40fd7840809357e6c -> 
  custom:scripting/monoscript/fileName/AccordionElement.cs: 69f1a7e537099cc57de9b6eaa86cef32 -> 
  custom:scripting/monoscript/fileName/UI_ScrollRectOcclusion.cs: 491f1c2592ac821eb8de9e533fddd4a9 -> 
  custom:scripting/monoscript/fileName/CUIBezierCurveEditor.cs: be4462c6de2387d5f99ef9d0e93b91ee -> 
  custom:scripting/monoscript/fileName/ColorSliderImage.cs: bbcbfbf23dc2f9fc5450db8f36b24487 -> 
  custom:scripting/monoscript/fileName/Accordion.cs: c31898dc7ffd6f7b32be5689419229bc -> 
  custom:scripting/monoscript/fileName/FancyCell.cs: 0cdf409b5aa8d4c25876d72b5c6a3b60 -> 
  custom:scripting/monoscript/fileName/ShineEffect.cs: 61d233269c4ea687efa548adef5d6e13 -> 
  custom:audio-encoder-webm-vorbis: bf7c407c2cedff20999df2af8eb42d56 -> 
  custom:scripting/monoscript/fileName/ScrollRectTweener.cs: 3437a8fb18bed84a45865e36e83e332f -> 
  custom:scripting/monoscript/fileName/MeshCreator.cs: a2506ad04bac2e5a6d6d50e0d7978d92 -> 
  custom:scripting/monoscript/fileName/UIPolygon.cs: ef7b3e02606f58c56a27e65db10bc7f3 -> 
  custom:scripting/monoscript/fileName/switchToRectTransform.cs: 0ef297259b7f2ab26defc1d718ad1e0a -> 
  custom:scripting/monoscript/fileName/UILineRendererList.cs: efbf4ff76c31aa3e4f61c8b26734d929 -> 
  custom:scripting/monoscript/fileName/CLZF2.cs: 40ef7bf6191a1a5e5b0f37e092e1b271 -> 
  custom:scripting/monoscript/fileName/SimpleMenu.cs: 90647cc400823b41df847a6cbfc29026 -> 
  custom:scripting/monoscript/fileName/RescalePanel.cs: a379a55181438e3b7a29019da8a3c82c -> 
  custom:scripting/monoscript/fileName/DragCorrector.cs: 89ab4a0369eecb75be2277a80a08c1e7 -> 
  custom:scripting/monoscript/fileName/RangeSliderEditor.cs: 1c09cdb4e75bc10f834bbae9a7b54e1e -> 
  custom:scripting/monoscript/fileName/FancyScrollRect.cs: 0cdf409b5aa8d4c25876d72b5c6a3b60 -> 
  custom:scripting/monoscript/fileName/ReorderableList.cs: 944c8e214787d07461c711b29546f976 -> 
  custom:scripting/monoscript/fileName/RadialLayout.cs: 170f31c5fdb54a9fe7ba926effdfd7d4 -> 
  custom:scripting/monoscript/fileName/ColorSlider.cs: a91d06b853e0bf2d5df3ea61a67d5c83 -> 
  custom:scripting/monoscript/fileName/IFancyGridViewContext.cs: be7addf49e5950ebb654fec55c2afa8b -> 
  custom:scripting/precompiled-assembly-types:UnityUIExtensions: c0991a7eaf90618746e467e9e018bd04 -> 
  custom:scripting/monoscript/fileName/CUIGraphic.cs: 4f47fad340418bff51fe6171e2259e7f -> 
  custom:scripting/monoscript/fileName/IFancyCellGroupContext.cs: 323b5f49cc2011b3d2d9088e528ed161 -> 
  custom:scripting/monoscript/fileName/MinMaxSlider.cs: e7d98a511e8b98df33f72f37935821e5 -> 
  custom:scripting/monoscript/fileName/ColorPickerTester.cs: 63b6c03c009a94721b9d41c8d5e5e6ed -> 
========================================================================
Received Prepare
Caller must complete domain reload
Begin MonoManager ReloadAssembly
- Loaded All Assemblies, in  0.517 seconds
Native extension for WindowsStandalone target not found
Native extension for WebGL target not found
Mono: successfully reloaded assembly
- Finished resetting the current domain, in  1.153 seconds
Domain Reload Profiling: 1670ms
	BeginReloadAssembly (166ms)
		ExecutionOrderSort (0ms)
		DisableScriptedObjects (12ms)
		BackupInstance (0ms)
		ReleaseScriptingObjects (0ms)
		CreateAndSetChildDomain (35ms)
	RebuildCommonClasses (35ms)
	RebuildNativeTypeToScriptingClass (11ms)
	initialDomainReloadingComplete (28ms)
	LoadAllAssembliesAndSetupDomain (275ms)
		LoadAssemblies (346ms)
		RebuildTransferFunctionScriptingTraits (0ms)
		AnalyzeDomain (18ms)
			TypeCache.Refresh (6ms)
				TypeCache.ScanAssembly (0ms)
			ScanForSourceGeneratedMonoScriptInfo (0ms)
			ResolveRequiredComponents (11ms)
	FinalizeReload (1154ms)
		ReleaseScriptCaches (0ms)
		RebuildScriptCaches (0ms)
		SetupLoadedEditorAssemblies (473ms)
			LogAssemblyErrors (0ms)
			InitializePlatformSupportModulesInManaged (7ms)
			SetLoadedEditorAssemblies (6ms)
			RefreshPlugins (0ms)
			BeforeProcessingInitializeOnLoad (75ms)
			ProcessInitializeOnLoadAttributes (348ms)
			ProcessInitializeOnLoadMethodAttributes (34ms)
			AfterProcessingInitializeOnLoad (3ms)
			EditorAssembliesLoaded (0ms)
		ExecutionOrderSort2 (0ms)
		AwakeInstancesAfterBackupRestoration (15ms)
Refreshing native plugins compatible for Editor in 8.64 ms, found 7 plugins.
Preloading 0 native plugins for Editor in 0.00 ms.
Unloading 4456 Unused Serialized files (Serialized files now loaded: 0)
Unloading 44 unused Assets / (0.7 MB). Loaded Objects now: 5275.
Memory consumption went from 158.3 MB to 157.6 MB.
Total: 4.576100 ms (FindLiveObjects: 0.494800 ms CreateObjectMapping: 0.340300 ms MarkObjects: 3.252200 ms  DeleteObjects: 0.487700 ms)

Prepare: number of updated asset objects reloaded= 0
AssetImportParameters requested are different than current active one (requested -> active):
  custom:scripting/monoscript/fileName/CardStack2D.cs: 52f7ac406c04f320c1cc31b32fc945ec -> 
  custom:scripting/monoscript/fileName/UILineRendererFIFO.cs: 1a840d7d842445f62c20beee85a5bbc5 -> 
  custom:scripting/monoscript/fileName/FlowLayoutGroup.cs: 4f8c51e99186127173631d5ea0b848a8 -> 
  custom:scripting/monoscript/fileName/UIParticleSystem.cs: 6cef203566a0c9333597e4e233613614 -> 
  custom:scripting/monoscript/fileName/UILineRenderer.cs: 673f1b621ab4781ac78770b1b3c45207 -> 
  custom:scripting/monoscript/fileName/TableLayoutGroup.cs: 9697d88a99d4c91003d206b86eed3a61 -> 
  custom:scripting/monoscript/fileName/Segment.cs: 823b994f6bbb6e32f73e9807948df6b3 -> 
  custom:container-demuxer-ogg: 62fdf1f143b41e24485cea50d1cbac27 -> 
  custom:scripting/monoscript/fileName/SelectionBox.cs: 9eabc2822607d24d284c5c0d720d4a01 -> 
  custom:scripting/monoscript/fileName/ReorderableListContent.cs: a630238339e5f198f723ac29a2329f6d -> 
  custom:scripting/monoscript/fileName/Menu.cs: d0a2652908e797d4064ef9b772450cc8 -> 
  custom:scripting/monoscript/fileName/SetPropertyUtility.cs: 02aade692758e5563210cc05829e9851 -> f604b4b9e6b0979bdfc1e2b40426dd19
  custom:scripting/monoscript/fileName/HSVUtil.cs: 2f204c7a89b046fae714aadbcda42851 -> 
  custom:scripting/monoscript/fileName/FancyCellGroup.cs: 90647cc400823b41df847a6cbfc29026 -> 
  custom:scripting/monoscript/fileName/RescaleDragPanel.cs: 428e5a10a21f2d3fc3805557487d591e -> 
  custom:scripting/monoscript/fileName/ExtensionsToggleGroup.cs: 93967f93faef61aecdca9232fa42b062 -> 
  custom:scripting/monoscript/fileName/ResizePanel.cs: 0a2d1269c62cba913a254b515f8b6020 -> 
  custom:scripting/monoscript/fileName/Circle.cs: cfc2369c92dd039be7c3f572f769fdcf -> 
  custom:scripting/monoscript/fileName/ShaderLibrary.cs: 7a09676978959734a6827051c965f749 -> 
  custom:scripting/monoscript/fileName/CurvedText.cs: c86aabacdca275700720e919fc8a8b52 -> 
  custom:scripting/monoscript/fileName/FancyScrollRectCell.cs: 0cdf409b5aa8d4c25876d72b5c6a3b60 -> 
  custom:scripting/monoscript/fileName/Gradient.cs: a4c2a5a25440c543cd82653fda832632 -> 
  custom:scripting/monoscript/fileName/ScrollSnapBase.cs: 3682088473625968e7b4647a6b4213f6 -> 
  custom:scripting/monoscript/fileName/CUIText.cs: 0be1a405bc9388e4813a74aad6018bec -> 
  custom:scripting/monoscript/fileName/BoundTooltipTrigger.cs: e78e2ee612ba85e075ab794a5cb95e73 -> 
  custom:scripting/monoscript/fileName/UIHighlightable.cs: fd305ad78204cb75a66ce809c3f50e6a -> 
  custom:video-codec-MediaFoundation-h265: 746d11721c4dcdbdad8f713fa42b33f4 -> 
  custom:scripting/monoscript/fileName/UIExtensionsInputManager.cs: 6f468ddae971c3bcce0288549c1beabd -> 
  custom:scripting/monoscript/fileName/Gradient2.cs: 9c1fd6257924e43a80b8fccb859d3828 -> 
  custom:scripting/monoscript/fileName/CooldownButton.cs: 72bd21b90ac71f29908a36179176f8fc -> 
  custom:video-decoder-ogg-theora: a1e56fd34408186e4bbccfd4996cb3dc -> 
  custom:scripting/monoscript/fileName/TileSizeFitter.cs: ba6326e335b6f177a627b992c444832c -> 
  custom:scripting/monoscript/fileName/SelectableScaler.cs: 3ebe175d64b38a572f8dbe8fd345f0c3 -> 
  custom:scripting/monoscript/fileName/AccordionElementEditor.cs: db5ee9b2cff22578a12a4d141614d665 -> 
  custom:scripting/monoscript/fileName/ExtensionsToggle.cs: e0b44aa7e1ff973d74b4857a34a48879 -> 
  custom:scripting/monoscript/fileName/ReorderableListElement.cs: 788a31431a1c95dc9a9a52767f8e812f -> 
  custom:scripting/monoscript/fileName/ShineEffector.cs: 52ed4eb6c7ed8f674a18d2a4db6eba86 -> 
  custom:scripting/monoscript/fileName/UISelectableExtension.cs: b6766007d8a2236e23d4749da2d8cdd2 -> 
  custom:framework-win-MediaFoundation: 216162199b28c13a410421893ffa2e32 -> 
  custom:scripting/monoscript/fileName/UISoftAdditiveEffect.cs: 30a825933c907dec19605ff2f58a292f -> 
  custom:scripting/monoscript/fileName/HexColorField.cs: 425eeca1ce4159bc649962b2337061a4 -> 
  custom:scripting/monoscript/fileName/ColorPickerControl.cs: 97231f899ae243cc634f34e048c22095 -> 
  custom:scripting/monoscript/fileName/ReorderableListDebug.cs: 51cf5a188c464deb681bea16cb795b61 -> 
  custom:scripting/monoscript/fileName/TextPic.cs: 9dbd7bc654cbf19eee33ac6fc452bfb1 -> 
  custom:scripting/monoscript/fileName/CUIImage.cs: 41f29f650aa507f802cd9793d91f3211 -> 
  custom:scripting/monoscript/fileName/DropDownListButton.cs: 71d533f2602e0e099d09a556ef8e4414 -> 
  custom:scripting/monoscript/fileName/ScrollSnap.cs: c5ae67ed5cc8c0ab1f7496803acc2648 -> 
  custom:scripting/monoscript/fileName/TextPicIconListCopier.cs: a564a2a474c019b98650cff2383ccfca -> 
  custom:scripting/monoscript/fileName/UICornerCut.cs: 69b0dfb485aa2b1afa65fcf30028125b -> 
  custom:scripting/monoscript/fileName/ScrollerEditor.cs: 478519b80ad2bc62d4a4b80ae078e694 -> 
  custom:scripting/monoscript/fileName/IBoxSelectable.cs: a5bf39a694cf2b84c65e7bec998d4941 -> 
  custom:scripting/monoscript/fileName/TiltWindow.cs: 7c3356d1b5bc9c6e9fe98345b0be7c30 -> 
  custom:scripting/monoscript/fileName/ExtensionMethods.cs: 943bd8dac5ce9467ce7deb0856dc6b0a -> 
  custom:scripting/monoscript/fileName/ComboBox.cs: a6ca48dde827ff07a9093f3624d58e62 -> 
  custom:scripting/monoscript/fileName/ScrollRectLinker.cs: 0316116e17d192ca2ef7c97539dff50f -> 
  custom:scripting/monoscript/fileName/SVBoxSlider.cs: 1d22c9c16d63e1cf38ad19bbcec9a0da -> 
  custom:scripting/monoscript/fileName/VerticalScrollSnap.cs: a7ebcf1fac8331e70ee01e540cbe484b -> 
  custom:scripting/monoscript/fileName/UILineConnector.cs: ea5f69a32957fe35ae7b512ef3f758ef -> 
  custom:scripting/monoscript/fileName/UIScreenEffect.cs: c36542c529d1f733362556ab22c18bf9 -> 
  custom:scripting/monoscript/fileName/SoftMaskScript.cs: 867049fb2647c9983fb1391409f93d30 -> 
  custom:scripting/monoscript/fileName/DiamondGraph.cs: a01b647a54847840428a395cc0d6fc16 -> 
  custom:scripting/monoscript/fileName/ScrollRectEx.cs: 3f6a881a34055e182fee3ab0baaee0c3 -> 
  custom:scripting/monoscript/fileName/UIGridRenderer.cs: 04c0062f4b7cdd6963fdba9ae03d9c72 -> 
  custom:scripting/monoscript/fileName/NicerOutline.cs: 571a7c7c4af4ebadc9fed23f0c3b0b46 -> 
  custom:CustomObjectIndexerAttribute: 9a22284fe3817be447336de3de66b15e -> 
  custom:scripting/monoscript/fileName/ScrollRectExtensions.cs: c76cb840404ffa9bc24248639e9da4ee -> 
  custom:scripting/monoscript/fileName/FancyGridViewContext.cs: 8738476657d4a33c34bc82bed7ce8bc9 -> 
  custom:scripting/monoscript/fileName/MinMaxValues.cs: 4aa11a61e640749f4ea5f947f86be5ba -> 
  custom:scripting/monoscript/fileName/CardExpanding3D.cs: d8b2b9924677ad2b445b05edbed7f0e3 -> 
  custom:scripting/monoscript/fileName/MinMaxSliderEditor.cs: e0496a7f76fc8934af2a763a7289ad36 -> 
  custom:scripting/monoscript/fileName/StepperSide.cs: 34d9a35c8c2622f327b140f18a7398a7 -> 
  custom:scripting/monoscript/fileName/CUIGraphicEditor.cs: a618262d3e77d462c5a0cd2e608e8a53 -> 
  custom:scripting/monoscript/fileName/DropDownList.cs: 3d51ab81e9571c9027b59874b2c78567 -> 
  custom:scripting/monoscript/fileName/ITweenValue.cs: 1d0eaa4b435fa135e18af6b5fa57e92e -> 
  custom:container-demuxer-webm: 4f35f7cbe854078d1ac9338744f61a02 -> 
  custom:scripting/monoscript/fileName/CardExpanding2D.cs: e0950b450275cb3936a581f286a6b471 -> 
  custom:scripting/monoscript/fileName/ResetSelectableHighlight.cs: 3ea63487fd77e7b22731770a86b4f8b9 -> 
  custom:scripting/monoscript/fileName/UIScrollToSelection.cs: d89fc8e36bdc19715e3104a5f857d175 -> 
  custom:scripting/monoscript/fileName/IScrollSnap.cs: 80b4110dac6695d630b8e7501d8e5aa8 -> 
  custom:scripting/monoscript/fileName/SegmentedControl.cs: 3a6e53207de58cf304ab520e0638e2df -> 
  custom:scripting/monoscript/fileName/ColorSampler.cs: 617678b91f4adc7b3146f51bed3fc4b1 -> 
  custom:scripting/monoscript/fileName/TabNavigationHelper.cs: 43f45dc623750048d2fbac24931c8ac8 -> 
  custom:scripting/monoscript/fileName/AutoCompleteComboBox.cs: 6e2e6cf33d4f5ca4ad3c05ff8f254467 -> 
  custom:scripting/monoscript/fileName/TextPicEditor.cs: c23216fe996c314d4c496ad837485981 -> 
  custom:scripting/monoscript/fileName/CUIMisc.cs: bc26c7f132f5cd28304cbc88070ca4dc -> 
  custom:scripting/monoscript/fileName/UIAdditiveEffect.cs: 50386f7d7d76f5c5e155dbf56c5e5fdd -> 
  custom:scripting/monoscript/fileName/MonoSpacing.cs: 45ba6bf376dd125375a8906a7d8b8b4b -> 
  custom:scripting/monoscript/fileName/FloatTween.cs: c51b551f6abec506d0db9945f7aa25cc -> 
  custom:scripting/monoscript/fileName/BoxSlider.cs: 662335e935a62641f6cb14e99e25e994 -> 
  custom:scripting/monoscript/fileName/BezierLineRendererEditor.cs: 2a50098be424d999e43b888ace13278c -> 
  custom:scripting/monoscript/fileName/NonDrawingGraphic.cs: a309796f6d67e4c1c110ec62b4572b4e -> 
  custom:scripting/monoscript/fileName/ScrollPositionController.cs: 30c392a65a277a4a74b1a6f1a3417601 -> 
  custom:scripting/monoscript/fileName/ContentScrollSnapHorizontal.cs: cb0bf043572062ce08b48904f46c98c8 -> 
  custom:scripting/monoscript/fileName/Triangulator.cs: 4ee9f09ca55767568ee94c9eaaed7244 -> d867a9a7a8385ef82ff357feb70c59d4
  custom:scripting/monoscript/fileName/UIImageCrop.cs: 1ec5d1f18ccf3bbe8ea319cda00ecfbc -> 
  custom:scripting/monoscript/fileName/BoxSliderEditor.cs: 9c680a5a338924fb176605eed0f68a75 -> 
  custom:scripting/monoscript/fileName/FancyScrollView.cs: c5f9c64ec4b4e183b17919204bc381a9 -> 
  custom:scripting/monoscript/fileName/BezierPath.cs: 90cbb6f823f7a03c69c93b3e1653c45e -> 
  custom:scripting/monoscript/fileName/SuperellipsePoints.cs: db2a1c9698f2dea478e1d6bfece554ae -> 
  custom:scripting/monoscript/fileName/UI_Knob.cs: 00244fb2be3e9e1f5ec3a07f175066a9 -> 
  custom:container-muxer-webm: aa71ff27fc2769a1b78a27578f13a17b -> 
  custom:scripting/monoscript/fileName/RaycastMask.cs: b13971e6a124c25b886c6703ae2aab24 -> 
  custom:scripting/monoscript/fileName/MultiTouchScrollRect.cs: 3a778993ea01435b2502c14ea2b2ff98 -> 
  custom:video-decoder-webm-vp8: 9c59270c3fd7afecdb556c50c9e8de78 -> 
  custom:scripting/monoscript/fileName/InputFieldEnterSubmit.cs: cdd5149b8afb8dc59ad57cc53ad8fb3b -> 
  custom:scripting/monoscript/fileName/ExampleSelectable.cs: 8dc7a8cd606154e7d10bb507e235c1f8 -> 
  custom:scripting/monoscript/fileName/uGUITools.cs: aa32797d8a9cdcd2167b6be114b0d5ec -> 
  custom:scripting/monoscript/fileName/UILinearDodgeEffect.cs: f5508d2f3f6addba614d4c08275f4546 -> 
  custom:SearchIndexIgnoredProperties: e643bd26f0fe6173181afceb89e7c659 -> 
  custom:scripting/monoscript/fileName/EasingCore.cs: 0bad7e894488e9b67256d892a478aab1 -> 
  custom:scripting/monoscript/fileName/Stepper.cs: 3ee1a56034750815f9c567b6c54fbbb8 -> 
  custom:scripting/monoscript/fileName/UIPrimitiveBase.cs: 80a945e915822efd5c887ee28f76aa9f -> 
  custom:AudioImporter_EditorPlatform: d09bf68614088b80899f8185d706f6e7 -> 
  custom:scripting/monoscript/fileName/LetterSpacing.cs: c4f4c504ac9c0b708c438c8a0faf6a96 -> 
  custom:scripting/monoscript/fileName/UISquircle.cs: faaa67841792f2c90a13db82841ac6e3 -> 
  custom:scripting/monoscript/fileName/RangeSlider.cs: 026cea0882c5bbc90f7cedc5111cfeb2 -> 
  custom:scripting/monoscript/fileName/UIExtensionMethods.cs: 2621bff24acfb4ddb3b264b7553588d8 -> 
  custom:scripting/monoscript/fileName/UIVerticalScroller.cs: 3532ae0d4ba5f6e2c310cfec2c655a8c -> 
  custom:scripting/monoscript/fileName/ColorLabel.cs: 9a2d62e5e8f65400e4abc881023f36f7 -> 
  custom:scripting/monoscript/fileName/TooltipTrigger.cs: 546a7d73bc42b9e6f1fd03a7e07d7f29 -> 
  custom:scripting/monoscript/fileName/UIMultiplyEffect.cs: 29b6f1f4d98d9b61292d829c0030af4b -> 
  custom:scripting/monoscript/fileName/CardPopup2D.cs: ac929914b8675b3ff1238ddb1cc99789 -> 
  custom:scripting/monoscript/fileName/ScrollSnapScrollbarHelper.cs: d6b043fd7048156ea2ef4da9da4a0a51 -> 
  custom:scripting/monoscript/fileName/HoverTooltip.cs: abdf0400bdf15bb8fdc0bc4d5ecc993f -> 
  custom:scripting/monoscript/fileName/ColorImage.cs: 87dea3e9bf43c94e295d4fa411046c66 -> 
  custom:scripting/monoscript/fileName/FancyScrollRectContext.cs: 9e5d4d8665c04a1190a3fc52908244b0 -> 
  custom:scripting/monoscript/fileName/TextPicIconEditor.cs: 1f41560011fcb93d03be374d10238c0c -> 
  custom:scripting/monoscript/fileName/UI_InfiniteScroll.cs: f7518bdb5ccbb5518282b9c860eef985 -> 
  custom:scripting/monoscript/fileName/UIExtensionsMenuOptions.cs: 25d3bc76bdcc7be45d732e8f064ec6a7 -> 
  custom:scripting/monoscript/fileName/ReadOnlyAttribute.cs: 604ae8fbc27d6402b88ac08f1987318f -> 
  custom:scripting/monoscript/fileName/UICircle.cs: e40253d6117a9fbea82cc285a7e8a36e -> 
  custom:scripting/monoscript/fileName/UIScrollToSelectionXY.cs: 8145d21a6ef6f8610242d2ba291595b9 -> 
  custom:scripting/monoscript/fileName/CUITextEditor.cs: 966cced0a631446b9484c2fe777a7f5b -> 
  custom:scripting/precompiled-assembly-types:UnityUIExtensions.editor: e002030e6fc012878af160bb334541ad -> 
  custom:scripting/monoscript/fileName/TweenRunner.cs: 90647cc400823b41df847a6cbfc29026 -> 
  custom:scripting/monoscript/fileName/UIHorizontalScroller.cs: 758f016ad67e22eff0f26468f408f006 -> 
  custom:scripting/monoscript/fileName/ReturnKeyTriggersButton.cs: 622f27a1a5fce3f8fe14f0fe6c6b39b5 -> 
  custom:scripting/monoscript/fileName/FancyGridViewCell.cs: 0cdf409b5aa8d4c25876d72b5c6a3b60 -> 
  custom:scripting/monoscript/fileName/Scroller.cs: 94938ad1cd7c20206a0339e3bd7f3330 -> 
  custom:scripting/monoscript/fileName/CylinderText.cs: 86c073c10ed890f8e108be86fb350e35 -> 
  custom:scripting/monoscript/fileName/ColorPickerPresets.cs: d20309ac183a87fd46c2e0a03ba5bdef -> 
  custom:scripting/monoscript/fileName/RadialSlider.cs: 24542b53b379116a4f98bb53a64e13b8 -> 
  custom:scripting/monoscript/fileName/PPIViewer.cs: 5269fbe050022d597b2ceba1b1d4cbae -> 
  custom:scripting/monoscript/fileName/InputFocus.cs: 6a5a3b184038cb5e7dbe4882c96bc91b -> 
  custom:scripting/monoscript/fileName/CUIBezierCurve.cs: 32214df0cb137de9f4967269deffb6f3 -> 
  custom:scripting/monoscript/fileName/DropDownListItem.cs: 91c61fd79335f34fb81e114553bf8888 -> 
  custom:scripting/monoscript/fileName/UIFlippable.cs: 9c843e180ea4b6afe9c1ba071336e124 -> 
  custom:scripting/monoscript/fileName/CanvasGroupActivator.cs: f743e9c6e47b0eb8c0b7b2fbf9f7de19 -> 
  custom:scripting/monoscript/fileName/UIWindowBase.cs: 776e605614a77fffd4e0147c8e684e94 -> 
  custom:video-encoder-webm-vp8: eb34c28f22e8b96e1ab97ce403110664 -> 
  custom:scripting/monoscript/fileName/ScrollPositionControllerEditor.cs: fb86570a90d8d5b779234b7f103e1b51 -> 
  custom:scripting/monoscript/fileName/CurvedLayout.cs: 46917779e317aa4a214ea430689de312 -> 
  custom:scripting/monoscript/fileName/ScrollConflictManager.cs: 1a474b2432b80a8b7211f13c79bb991c -> 
  custom:scripting/monoscript/fileName/ReadOnlyDrawer.cs: 1c0aa6472b8e40c24f66a5805d818994 -> 
  custom:audio-decoder-ogg-vorbis: bf7c407c2cedff20999df2af8eb42d56 -> 
  custom:scripting/monoscript/fileName/FancyGridView.cs: 849ed7f5b11c9db237ef61b01c5a5104 -> 
  custom:scripting/monoscript/fileName/CableCurve.cs: 1ed0592bfc80d3ca3db7b55e9a6e9d9a -> 
  custom:scripting/monoscript/fileName/PaginationManager.cs: b5c7a38e1c9bde92ca052679632bc9f1 -> 
  custom:scripting/monoscript/fileName/UILineTextureRenderer.cs: f3042185c83712ad42b2d6694b56f8d3 -> 
  custom:scripting/monoscript/fileName/MenuManager.cs: 8e71de17d45faf11b5ca3e63d3867170 -> 
  custom:scripting/monoscript/fileName/ColorPickerPresetsEditor.cs: 57bebb34d006d8305e8cd353ea00f28b -> 
  custom:scripting/monoscript/fileName/UI_MagneticInfiniteScroll.cs: 7f0db092e1c52c826e7ccbefe21fe7ce -> 
  custom:scripting/monoscript/fileName/ToolTip.cs: 2f05f936126a769ca9a98ef6920928a7 -> 
  custom:scripting/monoscript/fileName/TextPicRenameEditor.cs: b67a1588d964fe3ac177da9872e96689 -> 
  custom:scripting/monoscript/fileName/TestCompression.cs: 2a18178f72c1b3979b9006483863f20e -> 
  custom:scripting/monoscript/fileName/IFancyScrollRectContext.cs: 9c4dee0aef526d67eb0a668a1c9b910a -> 
  custom:scripting/monoscript/fileName/ColorChangedEvent.cs: bafb161b451089e6c72bcae877e0ba66 -> 
  custom:scripting/monoscript/fileName/BestFitOutline.cs: 2ec1c68346f5b721e3d92092cd60b278 -> 
  custom:scripting/monoscript/fileName/NonDrawingGraphicEditor.cs: 1e7abd1e1a4d3da38de70c6d38c19118 -> 
  custom:scripting/monoscript/fileName/HSVChangedEvent.cs: 8a0d7f505f4db7e267a03264293f54eb -> 
  custom:scripting/monoscript/fileName/CUIImageEditor.cs: 0be5a4365a8d65680f88c4d192e5254c -> 
  custom:scripting/monoscript/fileName/HorizontalScrollSnap.cs: 624447835d67a70d90ed2b7f69117316 -> 
  custom:scripting/monoscript/fileName/UI_TweenScale.cs: 50a18c41daf615d82dc37ef0e9dcea31 -> 
  custom:scripting/monoscript/fileName/BoundTooltipItem.cs: 12dc26af634677e40fd7840809357e6c -> 
  custom:scripting/monoscript/fileName/AccordionElement.cs: 69f1a7e537099cc57de9b6eaa86cef32 -> 
  custom:scripting/monoscript/fileName/UI_ScrollRectOcclusion.cs: 491f1c2592ac821eb8de9e533fddd4a9 -> 
  custom:scripting/monoscript/fileName/CUIBezierCurveEditor.cs: be4462c6de2387d5f99ef9d0e93b91ee -> 
  custom:scripting/monoscript/fileName/ColorSliderImage.cs: bbcbfbf23dc2f9fc5450db8f36b24487 -> 
  custom:scripting/monoscript/fileName/Accordion.cs: c31898dc7ffd6f7b32be5689419229bc -> 
  custom:scripting/monoscript/fileName/FancyCell.cs: 0cdf409b5aa8d4c25876d72b5c6a3b60 -> 
  custom:scripting/monoscript/fileName/ShineEffect.cs: 61d233269c4ea687efa548adef5d6e13 -> 
  custom:audio-encoder-webm-vorbis: bf7c407c2cedff20999df2af8eb42d56 -> 
  custom:scripting/monoscript/fileName/ScrollRectTweener.cs: 3437a8fb18bed84a45865e36e83e332f -> 
  custom:scripting/monoscript/fileName/MeshCreator.cs: a2506ad04bac2e5a6d6d50e0d7978d92 -> 
  custom:scripting/monoscript/fileName/UIPolygon.cs: ef7b3e02606f58c56a27e65db10bc7f3 -> 
  custom:scripting/monoscript/fileName/switchToRectTransform.cs: 0ef297259b7f2ab26defc1d718ad1e0a -> 
  custom:scripting/monoscript/fileName/UILineRendererList.cs: efbf4ff76c31aa3e4f61c8b26734d929 -> 
  custom:scripting/monoscript/fileName/CLZF2.cs: 40ef7bf6191a1a5e5b0f37e092e1b271 -> 
  custom:scripting/monoscript/fileName/SimpleMenu.cs: 90647cc400823b41df847a6cbfc29026 -> 
  custom:scripting/monoscript/fileName/RescalePanel.cs: a379a55181438e3b7a29019da8a3c82c -> 
  custom:scripting/monoscript/fileName/DragCorrector.cs: 89ab4a0369eecb75be2277a80a08c1e7 -> 
  custom:scripting/monoscript/fileName/RangeSliderEditor.cs: 1c09cdb4e75bc10f834bbae9a7b54e1e -> 
  custom:scripting/monoscript/fileName/FancyScrollRect.cs: 0cdf409b5aa8d4c25876d72b5c6a3b60 -> 
  custom:scripting/monoscript/fileName/ReorderableList.cs: 944c8e214787d07461c711b29546f976 -> 
  custom:scripting/monoscript/fileName/RadialLayout.cs: 170f31c5fdb54a9fe7ba926effdfd7d4 -> 
  custom:scripting/monoscript/fileName/ColorSlider.cs: a91d06b853e0bf2d5df3ea61a67d5c83 -> 
  custom:scripting/monoscript/fileName/IFancyGridViewContext.cs: be7addf49e5950ebb654fec55c2afa8b -> 
  custom:scripting/precompiled-assembly-types:UnityUIExtensions: c0991a7eaf90618746e467e9e018bd04 -> 
  custom:scripting/monoscript/fileName/CUIGraphic.cs: 4f47fad340418bff51fe6171e2259e7f -> 
  custom:scripting/monoscript/fileName/IFancyCellGroupContext.cs: 323b5f49cc2011b3d2d9088e528ed161 -> 
  custom:scripting/monoscript/fileName/MinMaxSlider.cs: e7d98a511e8b98df33f72f37935821e5 -> 
  custom:scripting/monoscript/fileName/ColorPickerTester.cs: 63b6c03c009a94721b9d41c8d5e5e6ed -> 
========================================================================
Received Prepare
Caller must complete domain reload
Begin MonoManager ReloadAssembly
- Loaded All Assemblies, in  0.515 seconds
Native extension for WindowsStandalone target not found
Native extension for WebGL target not found
Mono: successfully reloaded assembly
- Finished resetting the current domain, in  1.122 seconds
Domain Reload Profiling: 1636ms
	BeginReloadAssembly (163ms)
		ExecutionOrderSort (0ms)
		DisableScriptedObjects (15ms)
		BackupInstance (0ms)
		ReleaseScriptingObjects (0ms)
		CreateAndSetChildDomain (36ms)
	RebuildCommonClasses (37ms)
	RebuildNativeTypeToScriptingClass (13ms)
	initialDomainReloadingComplete (28ms)
	LoadAllAssembliesAndSetupDomain (273ms)
		LoadAssemblies (338ms)
		RebuildTransferFunctionScriptingTraits (0ms)
		AnalyzeDomain (18ms)
			TypeCache.Refresh (7ms)
				TypeCache.ScanAssembly (0ms)
			ScanForSourceGeneratedMonoScriptInfo (0ms)
			ResolveRequiredComponents (10ms)
	FinalizeReload (1122ms)
		ReleaseScriptCaches (0ms)
		RebuildScriptCaches (0ms)
		SetupLoadedEditorAssemblies (477ms)
			LogAssemblyErrors (0ms)
			InitializePlatformSupportModulesInManaged (6ms)
			SetLoadedEditorAssemblies (6ms)
			RefreshPlugins (0ms)
			BeforeProcessingInitializeOnLoad (79ms)
			ProcessInitializeOnLoadAttributes (346ms)
			ProcessInitializeOnLoadMethodAttributes (37ms)
			AfterProcessingInitializeOnLoad (3ms)
			EditorAssembliesLoaded (0ms)
		ExecutionOrderSort2 (0ms)
		AwakeInstancesAfterBackupRestoration (15ms)
Refreshing native plugins compatible for Editor in 9.35 ms, found 7 plugins.
Preloading 0 native plugins for Editor in 0.00 ms.
Unloading 4456 Unused Serialized files (Serialized files now loaded: 0)
Unloading 44 unused Assets / (0.7 MB). Loaded Objects now: 5279.
Memory consumption went from 158.3 MB to 157.6 MB.
Total: 7.290600 ms (FindLiveObjects: 0.749800 ms CreateObjectMapping: 0.301300 ms MarkObjects: 5.465600 ms  DeleteObjects: 0.771600 ms)

Prepare: number of updated asset objects reloaded= 0
AssetImportParameters requested are different than current active one (requested -> active):
  custom:scripting/monoscript/fileName/CardStack2D.cs: 52f7ac406c04f320c1cc31b32fc945ec -> 
  custom:scripting/monoscript/fileName/UILineRendererFIFO.cs: 1a840d7d842445f62c20beee85a5bbc5 -> 
  custom:scripting/monoscript/fileName/FlowLayoutGroup.cs: 4f8c51e99186127173631d5ea0b848a8 -> 
  custom:scripting/monoscript/fileName/UIParticleSystem.cs: 6cef203566a0c9333597e4e233613614 -> 
  custom:scripting/monoscript/fileName/UILineRenderer.cs: 673f1b621ab4781ac78770b1b3c45207 -> 
  custom:scripting/monoscript/fileName/TableLayoutGroup.cs: 9697d88a99d4c91003d206b86eed3a61 -> 
  custom:scripting/monoscript/fileName/Segment.cs: 823b994f6bbb6e32f73e9807948df6b3 -> 
  custom:container-demuxer-ogg: 62fdf1f143b41e24485cea50d1cbac27 -> 
  custom:scripting/monoscript/fileName/SelectionBox.cs: 9eabc2822607d24d284c5c0d720d4a01 -> 
  custom:scripting/monoscript/fileName/ReorderableListContent.cs: a630238339e5f198f723ac29a2329f6d -> 
  custom:scripting/monoscript/fileName/Menu.cs: d0a2652908e797d4064ef9b772450cc8 -> 
  custom:scripting/monoscript/fileName/SetPropertyUtility.cs: 02aade692758e5563210cc05829e9851 -> f604b4b9e6b0979bdfc1e2b40426dd19
  custom:scripting/monoscript/fileName/HSVUtil.cs: 2f204c7a89b046fae714aadbcda42851 -> 
  custom:scripting/monoscript/fileName/FancyCellGroup.cs: 90647cc400823b41df847a6cbfc29026 -> 
  custom:scripting/monoscript/fileName/RescaleDragPanel.cs: 428e5a10a21f2d3fc3805557487d591e -> 
  custom:scripting/monoscript/fileName/ExtensionsToggleGroup.cs: 93967f93faef61aecdca9232fa42b062 -> 
  custom:scripting/monoscript/fileName/ResizePanel.cs: 0a2d1269c62cba913a254b515f8b6020 -> 
  custom:scripting/monoscript/fileName/Circle.cs: cfc2369c92dd039be7c3f572f769fdcf -> 
  custom:scripting/monoscript/fileName/ShaderLibrary.cs: 7a09676978959734a6827051c965f749 -> 
  custom:scripting/monoscript/fileName/CurvedText.cs: c86aabacdca275700720e919fc8a8b52 -> 
  custom:scripting/monoscript/fileName/FancyScrollRectCell.cs: 0cdf409b5aa8d4c25876d72b5c6a3b60 -> 
  custom:scripting/monoscript/fileName/Gradient.cs: a4c2a5a25440c543cd82653fda832632 -> 
  custom:scripting/monoscript/fileName/ScrollSnapBase.cs: 3682088473625968e7b4647a6b4213f6 -> 
  custom:scripting/monoscript/fileName/CUIText.cs: 0be1a405bc9388e4813a74aad6018bec -> 
  custom:scripting/monoscript/fileName/BoundTooltipTrigger.cs: e78e2ee612ba85e075ab794a5cb95e73 -> 
  custom:scripting/monoscript/fileName/UIHighlightable.cs: fd305ad78204cb75a66ce809c3f50e6a -> 
  custom:video-codec-MediaFoundation-h265: 746d11721c4dcdbdad8f713fa42b33f4 -> 
  custom:scripting/monoscript/fileName/UIExtensionsInputManager.cs: 6f468ddae971c3bcce0288549c1beabd -> 
  custom:scripting/monoscript/fileName/Gradient2.cs: 9c1fd6257924e43a80b8fccb859d3828 -> 
  custom:scripting/monoscript/fileName/CooldownButton.cs: 72bd21b90ac71f29908a36179176f8fc -> 
  custom:video-decoder-ogg-theora: a1e56fd34408186e4bbccfd4996cb3dc -> 
  custom:scripting/monoscript/fileName/TileSizeFitter.cs: ba6326e335b6f177a627b992c444832c -> 
  custom:scripting/monoscript/fileName/SelectableScaler.cs: 3ebe175d64b38a572f8dbe8fd345f0c3 -> 
  custom:scripting/monoscript/fileName/AccordionElementEditor.cs: db5ee9b2cff22578a12a4d141614d665 -> 
  custom:scripting/monoscript/fileName/ExtensionsToggle.cs: e0b44aa7e1ff973d74b4857a34a48879 -> 
  custom:scripting/monoscript/fileName/ReorderableListElement.cs: 788a31431a1c95dc9a9a52767f8e812f -> 
  custom:scripting/monoscript/fileName/ShineEffector.cs: 52ed4eb6c7ed8f674a18d2a4db6eba86 -> 
  custom:scripting/monoscript/fileName/UISelectableExtension.cs: b6766007d8a2236e23d4749da2d8cdd2 -> 
  custom:framework-win-MediaFoundation: 216162199b28c13a410421893ffa2e32 -> 
  custom:scripting/monoscript/fileName/UISoftAdditiveEffect.cs: 30a825933c907dec19605ff2f58a292f -> 
  custom:scripting/monoscript/fileName/HexColorField.cs: 425eeca1ce4159bc649962b2337061a4 -> 
  custom:scripting/monoscript/fileName/ColorPickerControl.cs: 97231f899ae243cc634f34e048c22095 -> 
  custom:scripting/monoscript/fileName/ReorderableListDebug.cs: 51cf5a188c464deb681bea16cb795b61 -> 
  custom:scripting/monoscript/fileName/TextPic.cs: 9dbd7bc654cbf19eee33ac6fc452bfb1 -> 
  custom:scripting/monoscript/fileName/CUIImage.cs: 41f29f650aa507f802cd9793d91f3211 -> 
  custom:scripting/monoscript/fileName/DropDownListButton.cs: 71d533f2602e0e099d09a556ef8e4414 -> 
  custom:scripting/monoscript/fileName/ScrollSnap.cs: c5ae67ed5cc8c0ab1f7496803acc2648 -> 
  custom:scripting/monoscript/fileName/TextPicIconListCopier.cs: a564a2a474c019b98650cff2383ccfca -> 
  custom:scripting/monoscript/fileName/UICornerCut.cs: 69b0dfb485aa2b1afa65fcf30028125b -> 
  custom:scripting/monoscript/fileName/ScrollerEditor.cs: 478519b80ad2bc62d4a4b80ae078e694 -> 
  custom:scripting/monoscript/fileName/IBoxSelectable.cs: a5bf39a694cf2b84c65e7bec998d4941 -> 
  custom:scripting/monoscript/fileName/TiltWindow.cs: 7c3356d1b5bc9c6e9fe98345b0be7c30 -> 
  custom:scripting/monoscript/fileName/ExtensionMethods.cs: 943bd8dac5ce9467ce7deb0856dc6b0a -> 
  custom:scripting/monoscript/fileName/ComboBox.cs: a6ca48dde827ff07a9093f3624d58e62 -> 
  custom:scripting/monoscript/fileName/ScrollRectLinker.cs: 0316116e17d192ca2ef7c97539dff50f -> 
  custom:scripting/monoscript/fileName/SVBoxSlider.cs: 1d22c9c16d63e1cf38ad19bbcec9a0da -> 
  custom:scripting/monoscript/fileName/VerticalScrollSnap.cs: a7ebcf1fac8331e70ee01e540cbe484b -> 
  custom:scripting/monoscript/fileName/UILineConnector.cs: ea5f69a32957fe35ae7b512ef3f758ef -> 
  custom:scripting/monoscript/fileName/UIScreenEffect.cs: c36542c529d1f733362556ab22c18bf9 -> 
  custom:scripting/monoscript/fileName/SoftMaskScript.cs: 867049fb2647c9983fb1391409f93d30 -> 
  custom:scripting/monoscript/fileName/DiamondGraph.cs: a01b647a54847840428a395cc0d6fc16 -> 
  custom:scripting/monoscript/fileName/ScrollRectEx.cs: 3f6a881a34055e182fee3ab0baaee0c3 -> 
  custom:scripting/monoscript/fileName/UIGridRenderer.cs: 04c0062f4b7cdd6963fdba9ae03d9c72 -> 
  custom:scripting/monoscript/fileName/NicerOutline.cs: 571a7c7c4af4ebadc9fed23f0c3b0b46 -> 
  custom:CustomObjectIndexerAttribute: 9a22284fe3817be447336de3de66b15e -> 
  custom:scripting/monoscript/fileName/ScrollRectExtensions.cs: c76cb840404ffa9bc24248639e9da4ee -> 
  custom:scripting/monoscript/fileName/FancyGridViewContext.cs: 8738476657d4a33c34bc82bed7ce8bc9 -> 
  custom:scripting/monoscript/fileName/MinMaxValues.cs: 4aa11a61e640749f4ea5f947f86be5ba -> 
  custom:scripting/monoscript/fileName/CardExpanding3D.cs: d8b2b9924677ad2b445b05edbed7f0e3 -> 
  custom:scripting/monoscript/fileName/MinMaxSliderEditor.cs: e0496a7f76fc8934af2a763a7289ad36 -> 
  custom:scripting/monoscript/fileName/StepperSide.cs: 34d9a35c8c2622f327b140f18a7398a7 -> 
  custom:scripting/monoscript/fileName/CUIGraphicEditor.cs: a618262d3e77d462c5a0cd2e608e8a53 -> 
  custom:scripting/monoscript/fileName/DropDownList.cs: 3d51ab81e9571c9027b59874b2c78567 -> 
  custom:scripting/monoscript/fileName/ITweenValue.cs: 1d0eaa4b435fa135e18af6b5fa57e92e -> 
  custom:container-demuxer-webm: 4f35f7cbe854078d1ac9338744f61a02 -> 
  custom:scripting/monoscript/fileName/CardExpanding2D.cs: e0950b450275cb3936a581f286a6b471 -> 
  custom:scripting/monoscript/fileName/ResetSelectableHighlight.cs: 3ea63487fd77e7b22731770a86b4f8b9 -> 
  custom:scripting/monoscript/fileName/UIScrollToSelection.cs: d89fc8e36bdc19715e3104a5f857d175 -> 
  custom:scripting/monoscript/fileName/IScrollSnap.cs: 80b4110dac6695d630b8e7501d8e5aa8 -> 
  custom:scripting/monoscript/fileName/SegmentedControl.cs: 3a6e53207de58cf304ab520e0638e2df -> 
  custom:scripting/monoscript/fileName/ColorSampler.cs: 617678b91f4adc7b3146f51bed3fc4b1 -> 
  custom:scripting/monoscript/fileName/TabNavigationHelper.cs: 43f45dc623750048d2fbac24931c8ac8 -> 
  custom:scripting/monoscript/fileName/AutoCompleteComboBox.cs: 6e2e6cf33d4f5ca4ad3c05ff8f254467 -> 
  custom:scripting/monoscript/fileName/TextPicEditor.cs: c23216fe996c314d4c496ad837485981 -> 
  custom:scripting/monoscript/fileName/CUIMisc.cs: bc26c7f132f5cd28304cbc88070ca4dc -> 
  custom:scripting/monoscript/fileName/UIAdditiveEffect.cs: 50386f7d7d76f5c5e155dbf56c5e5fdd -> 
  custom:scripting/monoscript/fileName/MonoSpacing.cs: 45ba6bf376dd125375a8906a7d8b8b4b -> 
  custom:scripting/monoscript/fileName/FloatTween.cs: c51b551f6abec506d0db9945f7aa25cc -> 
  custom:scripting/monoscript/fileName/BoxSlider.cs: 662335e935a62641f6cb14e99e25e994 -> 
  custom:scripting/monoscript/fileName/BezierLineRendererEditor.cs: 2a50098be424d999e43b888ace13278c -> 
  custom:scripting/monoscript/fileName/NonDrawingGraphic.cs: a309796f6d67e4c1c110ec62b4572b4e -> 
  custom:scripting/monoscript/fileName/ScrollPositionController.cs: 30c392a65a277a4a74b1a6f1a3417601 -> 
  custom:scripting/monoscript/fileName/ContentScrollSnapHorizontal.cs: cb0bf043572062ce08b48904f46c98c8 -> 
  custom:scripting/monoscript/fileName/Triangulator.cs: 4ee9f09ca55767568ee94c9eaaed7244 -> d867a9a7a8385ef82ff357feb70c59d4
  custom:scripting/monoscript/fileName/UIImageCrop.cs: 1ec5d1f18ccf3bbe8ea319cda00ecfbc -> 
  custom:scripting/monoscript/fileName/BoxSliderEditor.cs: 9c680a5a338924fb176605eed0f68a75 -> 
  custom:scripting/monoscript/fileName/FancyScrollView.cs: c5f9c64ec4b4e183b17919204bc381a9 -> 
  custom:scripting/monoscript/fileName/BezierPath.cs: 90cbb6f823f7a03c69c93b3e1653c45e -> 
  custom:scripting/monoscript/fileName/SuperellipsePoints.cs: db2a1c9698f2dea478e1d6bfece554ae -> 
  custom:scripting/monoscript/fileName/UI_Knob.cs: 00244fb2be3e9e1f5ec3a07f175066a9 -> 
  custom:container-muxer-webm: aa71ff27fc2769a1b78a27578f13a17b -> 
  custom:scripting/monoscript/fileName/RaycastMask.cs: b13971e6a124c25b886c6703ae2aab24 -> 
  custom:scripting/monoscript/fileName/MultiTouchScrollRect.cs: 3a778993ea01435b2502c14ea2b2ff98 -> 
  custom:video-decoder-webm-vp8: 9c59270c3fd7afecdb556c50c9e8de78 -> 
  custom:scripting/monoscript/fileName/InputFieldEnterSubmit.cs: cdd5149b8afb8dc59ad57cc53ad8fb3b -> 
  custom:scripting/monoscript/fileName/ExampleSelectable.cs: 8dc7a8cd606154e7d10bb507e235c1f8 -> 
  custom:scripting/monoscript/fileName/uGUITools.cs: aa32797d8a9cdcd2167b6be114b0d5ec -> 
  custom:scripting/monoscript/fileName/UILinearDodgeEffect.cs: f5508d2f3f6addba614d4c08275f4546 -> 
  custom:SearchIndexIgnoredProperties: e643bd26f0fe6173181afceb89e7c659 -> 
  custom:scripting/monoscript/fileName/EasingCore.cs: 0bad7e894488e9b67256d892a478aab1 -> 
  custom:scripting/monoscript/fileName/Stepper.cs: 3ee1a56034750815f9c567b6c54fbbb8 -> 
  custom:scripting/monoscript/fileName/UIPrimitiveBase.cs: 80a945e915822efd5c887ee28f76aa9f -> 
  custom:AudioImporter_EditorPlatform: d09bf68614088b80899f8185d706f6e7 -> 
  custom:scripting/monoscript/fileName/LetterSpacing.cs: c4f4c504ac9c0b708c438c8a0faf6a96 -> 
  custom:scripting/monoscript/fileName/UISquircle.cs: faaa67841792f2c90a13db82841ac6e3 -> 
  custom:scripting/monoscript/fileName/RangeSlider.cs: 026cea0882c5bbc90f7cedc5111cfeb2 -> 
  custom:scripting/monoscript/fileName/UIExtensionMethods.cs: 2621bff24acfb4ddb3b264b7553588d8 -> 
  custom:scripting/monoscript/fileName/UIVerticalScroller.cs: 3532ae0d4ba5f6e2c310cfec2c655a8c -> 
  custom:scripting/monoscript/fileName/ColorLabel.cs: 9a2d62e5e8f65400e4abc881023f36f7 -> 
  custom:scripting/monoscript/fileName/TooltipTrigger.cs: 546a7d73bc42b9e6f1fd03a7e07d7f29 -> 
  custom:scripting/monoscript/fileName/UIMultiplyEffect.cs: 29b6f1f4d98d9b61292d829c0030af4b -> 
  custom:scripting/monoscript/fileName/CardPopup2D.cs: ac929914b8675b3ff1238ddb1cc99789 -> 
  custom:scripting/monoscript/fileName/ScrollSnapScrollbarHelper.cs: d6b043fd7048156ea2ef4da9da4a0a51 -> 
  custom:scripting/monoscript/fileName/HoverTooltip.cs: abdf0400bdf15bb8fdc0bc4d5ecc993f -> 
  custom:scripting/monoscript/fileName/ColorImage.cs: 87dea3e9bf43c94e295d4fa411046c66 -> 
  custom:scripting/monoscript/fileName/FancyScrollRectContext.cs: 9e5d4d8665c04a1190a3fc52908244b0 -> 
  custom:scripting/monoscript/fileName/TextPicIconEditor.cs: 1f41560011fcb93d03be374d10238c0c -> 
  custom:scripting/monoscript/fileName/UI_InfiniteScroll.cs: f7518bdb5ccbb5518282b9c860eef985 -> 
  custom:scripting/monoscript/fileName/UIExtensionsMenuOptions.cs: 25d3bc76bdcc7be45d732e8f064ec6a7 -> 
  custom:scripting/monoscript/fileName/ReadOnlyAttribute.cs: 604ae8fbc27d6402b88ac08f1987318f -> 
  custom:scripting/monoscript/fileName/UICircle.cs: e40253d6117a9fbea82cc285a7e8a36e -> 
  custom:scripting/monoscript/fileName/UIScrollToSelectionXY.cs: 8145d21a6ef6f8610242d2ba291595b9 -> 
  custom:scripting/monoscript/fileName/CUITextEditor.cs: 966cced0a631446b9484c2fe777a7f5b -> 
  custom:scripting/precompiled-assembly-types:UnityUIExtensions.editor: e002030e6fc012878af160bb334541ad -> 
  custom:scripting/monoscript/fileName/TweenRunner.cs: 90647cc400823b41df847a6cbfc29026 -> 
  custom:scripting/monoscript/fileName/UIHorizontalScroller.cs: 758f016ad67e22eff0f26468f408f006 -> 
  custom:scripting/monoscript/fileName/ReturnKeyTriggersButton.cs: 622f27a1a5fce3f8fe14f0fe6c6b39b5 -> 
  custom:scripting/monoscript/fileName/FancyGridViewCell.cs: 0cdf409b5aa8d4c25876d72b5c6a3b60 -> 
  custom:scripting/monoscript/fileName/Scroller.cs: 94938ad1cd7c20206a0339e3bd7f3330 -> 
  custom:scripting/monoscript/fileName/CylinderText.cs: 86c073c10ed890f8e108be86fb350e35 -> 
  custom:scripting/monoscript/fileName/ColorPickerPresets.cs: d20309ac183a87fd46c2e0a03ba5bdef -> 
  custom:scripting/monoscript/fileName/RadialSlider.cs: 24542b53b379116a4f98bb53a64e13b8 -> 
  custom:scripting/monoscript/fileName/PPIViewer.cs: 5269fbe050022d597b2ceba1b1d4cbae -> 
  custom:scripting/monoscript/fileName/InputFocus.cs: 6a5a3b184038cb5e7dbe4882c96bc91b -> 
  custom:scripting/monoscript/fileName/CUIBezierCurve.cs: 32214df0cb137de9f4967269deffb6f3 -> 
  custom:scripting/monoscript/fileName/DropDownListItem.cs: 91c61fd79335f34fb81e114553bf8888 -> 
  custom:scripting/monoscript/fileName/UIFlippable.cs: 9c843e180ea4b6afe9c1ba071336e124 -> 
  custom:scripting/monoscript/fileName/CanvasGroupActivator.cs: f743e9c6e47b0eb8c0b7b2fbf9f7de19 -> 
  custom:scripting/monoscript/fileName/UIWindowBase.cs: 776e605614a77fffd4e0147c8e684e94 -> 
  custom:video-encoder-webm-vp8: eb34c28f22e8b96e1ab97ce403110664 -> 
  custom:scripting/monoscript/fileName/ScrollPositionControllerEditor.cs: fb86570a90d8d5b779234b7f103e1b51 -> 
  custom:scripting/monoscript/fileName/CurvedLayout.cs: 46917779e317aa4a214ea430689de312 -> 
  custom:scripting/monoscript/fileName/ScrollConflictManager.cs: 1a474b2432b80a8b7211f13c79bb991c -> 
  custom:scripting/monoscript/fileName/ReadOnlyDrawer.cs: 1c0aa6472b8e40c24f66a5805d818994 -> 
  custom:audio-decoder-ogg-vorbis: bf7c407c2cedff20999df2af8eb42d56 -> 
  custom:scripting/monoscript/fileName/FancyGridView.cs: 849ed7f5b11c9db237ef61b01c5a5104 -> 
  custom:scripting/monoscript/fileName/CableCurve.cs: 1ed0592bfc80d3ca3db7b55e9a6e9d9a -> 
  custom:scripting/monoscript/fileName/PaginationManager.cs: b5c7a38e1c9bde92ca052679632bc9f1 -> 
  custom:scripting/monoscript/fileName/UILineTextureRenderer.cs: f3042185c83712ad42b2d6694b56f8d3 -> 
  custom:scripting/monoscript/fileName/MenuManager.cs: 8e71de17d45faf11b5ca3e63d3867170 -> 
  custom:scripting/monoscript/fileName/ColorPickerPresetsEditor.cs: 57bebb34d006d8305e8cd353ea00f28b -> 
  custom:scripting/monoscript/fileName/UI_MagneticInfiniteScroll.cs: 7f0db092e1c52c826e7ccbefe21fe7ce -> 
  custom:scripting/monoscript/fileName/ToolTip.cs: 2f05f936126a769ca9a98ef6920928a7 -> 
  custom:scripting/monoscript/fileName/TextPicRenameEditor.cs: b67a1588d964fe3ac177da9872e96689 -> 
  custom:scripting/monoscript/fileName/TestCompression.cs: 2a18178f72c1b3979b9006483863f20e -> 
  custom:scripting/monoscript/fileName/IFancyScrollRectContext.cs: 9c4dee0aef526d67eb0a668a1c9b910a -> 
  custom:scripting/monoscript/fileName/ColorChangedEvent.cs: bafb161b451089e6c72bcae877e0ba66 -> 
  custom:scripting/monoscript/fileName/BestFitOutline.cs: 2ec1c68346f5b721e3d92092cd60b278 -> 
  custom:scripting/monoscript/fileName/NonDrawingGraphicEditor.cs: 1e7abd1e1a4d3da38de70c6d38c19118 -> 
  custom:scripting/monoscript/fileName/HSVChangedEvent.cs: 8a0d7f505f4db7e267a03264293f54eb -> 
  custom:scripting/monoscript/fileName/CUIImageEditor.cs: 0be5a4365a8d65680f88c4d192e5254c -> 
  custom:scripting/monoscript/fileName/HorizontalScrollSnap.cs: 624447835d67a70d90ed2b7f69117316 -> 
  custom:scripting/monoscript/fileName/UI_TweenScale.cs: 50a18c41daf615d82dc37ef0e9dcea31 -> 
  custom:scripting/monoscript/fileName/BoundTooltipItem.cs: 12dc26af634677e40fd7840809357e6c -> 
  custom:scripting/monoscript/fileName/AccordionElement.cs: 69f1a7e537099cc57de9b6eaa86cef32 -> 
  custom:scripting/monoscript/fileName/UI_ScrollRectOcclusion.cs: 491f1c2592ac821eb8de9e533fddd4a9 -> 
  custom:scripting/monoscript/fileName/CUIBezierCurveEditor.cs: be4462c6de2387d5f99ef9d0e93b91ee -> 
  custom:scripting/monoscript/fileName/ColorSliderImage.cs: bbcbfbf23dc2f9fc5450db8f36b24487 -> 
  custom:scripting/monoscript/fileName/Accordion.cs: c31898dc7ffd6f7b32be5689419229bc -> 
  custom:scripting/monoscript/fileName/FancyCell.cs: 0cdf409b5aa8d4c25876d72b5c6a3b60 -> 
  custom:scripting/monoscript/fileName/ShineEffect.cs: 61d233269c4ea687efa548adef5d6e13 -> 
  custom:audio-encoder-webm-vorbis: bf7c407c2cedff20999df2af8eb42d56 -> 
  custom:scripting/monoscript/fileName/ScrollRectTweener.cs: 3437a8fb18bed84a45865e36e83e332f -> 
  custom:scripting/monoscript/fileName/MeshCreator.cs: a2506ad04bac2e5a6d6d50e0d7978d92 -> 
  custom:scripting/monoscript/fileName/UIPolygon.cs: ef7b3e02606f58c56a27e65db10bc7f3 -> 
  custom:scripting/monoscript/fileName/switchToRectTransform.cs: 0ef297259b7f2ab26defc1d718ad1e0a -> 
  custom:scripting/monoscript/fileName/UILineRendererList.cs: efbf4ff76c31aa3e4f61c8b26734d929 -> 
  custom:scripting/monoscript/fileName/CLZF2.cs: 40ef7bf6191a1a5e5b0f37e092e1b271 -> 
  custom:scripting/monoscript/fileName/SimpleMenu.cs: 90647cc400823b41df847a6cbfc29026 -> 
  custom:scripting/monoscript/fileName/RescalePanel.cs: a379a55181438e3b7a29019da8a3c82c -> 
  custom:scripting/monoscript/fileName/DragCorrector.cs: 89ab4a0369eecb75be2277a80a08c1e7 -> 
  custom:scripting/monoscript/fileName/RangeSliderEditor.cs: 1c09cdb4e75bc10f834bbae9a7b54e1e -> 
  custom:scripting/monoscript/fileName/FancyScrollRect.cs: 0cdf409b5aa8d4c25876d72b5c6a3b60 -> 
  custom:scripting/monoscript/fileName/ReorderableList.cs: 944c8e214787d07461c711b29546f976 -> 
  custom:scripting/monoscript/fileName/RadialLayout.cs: 170f31c5fdb54a9fe7ba926effdfd7d4 -> 
  custom:scripting/monoscript/fileName/ColorSlider.cs: a91d06b853e0bf2d5df3ea61a67d5c83 -> 
  custom:scripting/monoscript/fileName/IFancyGridViewContext.cs: be7addf49e5950ebb654fec55c2afa8b -> 
  custom:scripting/precompiled-assembly-types:UnityUIExtensions: c0991a7eaf90618746e467e9e018bd04 -> 
  custom:scripting/monoscript/fileName/CUIGraphic.cs: 4f47fad340418bff51fe6171e2259e7f -> 
  custom:scripting/monoscript/fileName/IFancyCellGroupContext.cs: 323b5f49cc2011b3d2d9088e528ed161 -> 
  custom:scripting/monoscript/fileName/MinMaxSlider.cs: e7d98a511e8b98df33f72f37935821e5 -> 
  custom:scripting/monoscript/fileName/ColorPickerTester.cs: 63b6c03c009a94721b9d41c8d5e5e6ed -> 
========================================================================
Received Prepare
Caller must complete domain reload
Begin MonoManager ReloadAssembly
- Loaded All Assemblies, in  0.528 seconds
Native extension for WindowsStandalone target not found
Native extension for WebGL target not found
Mono: successfully reloaded assembly
- Finished resetting the current domain, in  1.118 seconds
Domain Reload Profiling: 1646ms
	BeginReloadAssembly (169ms)
		ExecutionOrderSort (0ms)
		DisableScriptedObjects (13ms)
		BackupInstance (0ms)
		ReleaseScriptingObjects (0ms)
		CreateAndSetChildDomain (35ms)
	RebuildCommonClasses (45ms)
	RebuildNativeTypeToScriptingClass (12ms)
	initialDomainReloadingComplete (28ms)
	LoadAllAssembliesAndSetupDomain (273ms)
		LoadAssemblies (347ms)
		RebuildTransferFunctionScriptingTraits (0ms)
		AnalyzeDomain (17ms)
			TypeCache.Refresh (6ms)
				TypeCache.ScanAssembly (0ms)
			ScanForSourceGeneratedMonoScriptInfo (0ms)
			ResolveRequiredComponents (10ms)
	FinalizeReload (1118ms)
		ReleaseScriptCaches (0ms)
		RebuildScriptCaches (0ms)
		SetupLoadedEditorAssemblies (460ms)
			LogAssemblyErrors (0ms)
			InitializePlatformSupportModulesInManaged (6ms)
			SetLoadedEditorAssemblies (6ms)
			RefreshPlugins (0ms)
			BeforeProcessingInitializeOnLoad (80ms)
			ProcessInitializeOnLoadAttributes (331ms)
			ProcessInitializeOnLoadMethodAttributes (32ms)
			AfterProcessingInitializeOnLoad (3ms)
			EditorAssembliesLoaded (0ms)
		ExecutionOrderSort2 (0ms)
		AwakeInstancesAfterBackupRestoration (16ms)
Refreshing native plugins compatible for Editor in 8.58 ms, found 7 plugins.
Preloading 0 native plugins for Editor in 0.00 ms.
Unloading 4456 Unused Serialized files (Serialized files now loaded: 0)
Unloading 44 unused Assets / (0.7 MB). Loaded Objects now: 5283.
Memory consumption went from 158.3 MB to 157.6 MB.
Total: 4.790000 ms (FindLiveObjects: 0.442800 ms CreateObjectMapping: 0.246700 ms MarkObjects: 3.399400 ms  DeleteObjects: 0.699600 ms)

Prepare: number of updated asset objects reloaded= 0
AssetImportParameters requested are different than current active one (requested -> active):
  custom:scripting/monoscript/fileName/CardStack2D.cs: 52f7ac406c04f320c1cc31b32fc945ec -> 
  custom:scripting/monoscript/fileName/UILineRendererFIFO.cs: 1a840d7d842445f62c20beee85a5bbc5 -> 
  custom:scripting/monoscript/fileName/FlowLayoutGroup.cs: 4f8c51e99186127173631d5ea0b848a8 -> 
  custom:scripting/monoscript/fileName/UIParticleSystem.cs: 6cef203566a0c9333597e4e233613614 -> 
  custom:scripting/monoscript/fileName/UILineRenderer.cs: 673f1b621ab4781ac78770b1b3c45207 -> 
  custom:scripting/monoscript/fileName/TableLayoutGroup.cs: 9697d88a99d4c91003d206b86eed3a61 -> 
  custom:scripting/monoscript/fileName/Segment.cs: 823b994f6bbb6e32f73e9807948df6b3 -> 
  custom:container-demuxer-ogg: 62fdf1f143b41e24485cea50d1cbac27 -> 
  custom:scripting/monoscript/fileName/SelectionBox.cs: 9eabc2822607d24d284c5c0d720d4a01 -> 
  custom:scripting/monoscript/fileName/ReorderableListContent.cs: a630238339e5f198f723ac29a2329f6d -> 
  custom:scripting/monoscript/fileName/Menu.cs: d0a2652908e797d4064ef9b772450cc8 -> 
  custom:scripting/monoscript/fileName/SetPropertyUtility.cs: 02aade692758e5563210cc05829e9851 -> f604b4b9e6b0979bdfc1e2b40426dd19
  custom:scripting/monoscript/fileName/HSVUtil.cs: 2f204c7a89b046fae714aadbcda42851 -> 
  custom:scripting/monoscript/fileName/FancyCellGroup.cs: 90647cc400823b41df847a6cbfc29026 -> 
  custom:scripting/monoscript/fileName/RescaleDragPanel.cs: 428e5a10a21f2d3fc3805557487d591e -> 
  custom:scripting/monoscript/fileName/ExtensionsToggleGroup.cs: 93967f93faef61aecdca9232fa42b062 -> 
  custom:scripting/monoscript/fileName/ResizePanel.cs: 0a2d1269c62cba913a254b515f8b6020 -> 
  custom:scripting/monoscript/fileName/Circle.cs: cfc2369c92dd039be7c3f572f769fdcf -> 
  custom:scripting/monoscript/fileName/ShaderLibrary.cs: 7a09676978959734a6827051c965f749 -> 
  custom:scripting/monoscript/fileName/CurvedText.cs: c86aabacdca275700720e919fc8a8b52 -> 
  custom:scripting/monoscript/fileName/FancyScrollRectCell.cs: 0cdf409b5aa8d4c25876d72b5c6a3b60 -> 
  custom:scripting/monoscript/fileName/Gradient.cs: a4c2a5a25440c543cd82653fda832632 -> 
  custom:scripting/monoscript/fileName/ScrollSnapBase.cs: 3682088473625968e7b4647a6b4213f6 -> 
  custom:scripting/monoscript/fileName/CUIText.cs: 0be1a405bc9388e4813a74aad6018bec -> 
  custom:scripting/monoscript/fileName/BoundTooltipTrigger.cs: e78e2ee612ba85e075ab794a5cb95e73 -> 
  custom:scripting/monoscript/fileName/UIHighlightable.cs: fd305ad78204cb75a66ce809c3f50e6a -> 
  custom:video-codec-MediaFoundation-h265: 746d11721c4dcdbdad8f713fa42b33f4 -> 
  custom:scripting/monoscript/fileName/UIExtensionsInputManager.cs: 6f468ddae971c3bcce0288549c1beabd -> 
  custom:scripting/monoscript/fileName/Gradient2.cs: 9c1fd6257924e43a80b8fccb859d3828 -> 
  custom:scripting/monoscript/fileName/CooldownButton.cs: 72bd21b90ac71f29908a36179176f8fc -> 
  custom:video-decoder-ogg-theora: a1e56fd34408186e4bbccfd4996cb3dc -> 
  custom:scripting/monoscript/fileName/TileSizeFitter.cs: ba6326e335b6f177a627b992c444832c -> 
  custom:scripting/monoscript/fileName/SelectableScaler.cs: 3ebe175d64b38a572f8dbe8fd345f0c3 -> 
  custom:scripting/monoscript/fileName/AccordionElementEditor.cs: db5ee9b2cff22578a12a4d141614d665 -> 
  custom:scripting/monoscript/fileName/ExtensionsToggle.cs: e0b44aa7e1ff973d74b4857a34a48879 -> 
  custom:scripting/monoscript/fileName/ReorderableListElement.cs: 788a31431a1c95dc9a9a52767f8e812f -> 
  custom:scripting/monoscript/fileName/ShineEffector.cs: 52ed4eb6c7ed8f674a18d2a4db6eba86 -> 
  custom:scripting/monoscript/fileName/UISelectableExtension.cs: b6766007d8a2236e23d4749da2d8cdd2 -> 
  custom:framework-win-MediaFoundation: 216162199b28c13a410421893ffa2e32 -> 
  custom:scripting/monoscript/fileName/UISoftAdditiveEffect.cs: 30a825933c907dec19605ff2f58a292f -> 
  custom:scripting/monoscript/fileName/HexColorField.cs: 425eeca1ce4159bc649962b2337061a4 -> 
  custom:scripting/monoscript/fileName/ColorPickerControl.cs: 97231f899ae243cc634f34e048c22095 -> 
  custom:scripting/monoscript/fileName/ReorderableListDebug.cs: 51cf5a188c464deb681bea16cb795b61 -> 
  custom:scripting/monoscript/fileName/TextPic.cs: 9dbd7bc654cbf19eee33ac6fc452bfb1 -> 
  custom:scripting/monoscript/fileName/CUIImage.cs: 41f29f650aa507f802cd9793d91f3211 -> 
  custom:scripting/monoscript/fileName/DropDownListButton.cs: 71d533f2602e0e099d09a556ef8e4414 -> 
  custom:scripting/monoscript/fileName/ScrollSnap.cs: c5ae67ed5cc8c0ab1f7496803acc2648 -> 
  custom:scripting/monoscript/fileName/TextPicIconListCopier.cs: a564a2a474c019b98650cff2383ccfca -> 
  custom:scripting/monoscript/fileName/UICornerCut.cs: 69b0dfb485aa2b1afa65fcf30028125b -> 
  custom:scripting/monoscript/fileName/ScrollerEditor.cs: 478519b80ad2bc62d4a4b80ae078e694 -> 
  custom:scripting/monoscript/fileName/IBoxSelectable.cs: a5bf39a694cf2b84c65e7bec998d4941 -> 
  custom:scripting/monoscript/fileName/TiltWindow.cs: 7c3356d1b5bc9c6e9fe98345b0be7c30 -> 
  custom:scripting/monoscript/fileName/ExtensionMethods.cs: 943bd8dac5ce9467ce7deb0856dc6b0a -> 
  custom:scripting/monoscript/fileName/ComboBox.cs: a6ca48dde827ff07a9093f3624d58e62 -> 
  custom:scripting/monoscript/fileName/ScrollRectLinker.cs: 0316116e17d192ca2ef7c97539dff50f -> 
  custom:scripting/monoscript/fileName/SVBoxSlider.cs: 1d22c9c16d63e1cf38ad19bbcec9a0da -> 
  custom:scripting/monoscript/fileName/VerticalScrollSnap.cs: a7ebcf1fac8331e70ee01e540cbe484b -> 
  custom:scripting/monoscript/fileName/UILineConnector.cs: ea5f69a32957fe35ae7b512ef3f758ef -> 
  custom:scripting/monoscript/fileName/UIScreenEffect.cs: c36542c529d1f733362556ab22c18bf9 -> 
  custom:scripting/monoscript/fileName/SoftMaskScript.cs: 867049fb2647c9983fb1391409f93d30 -> 
  custom:scripting/monoscript/fileName/DiamondGraph.cs: a01b647a54847840428a395cc0d6fc16 -> 
  custom:scripting/monoscript/fileName/ScrollRectEx.cs: 3f6a881a34055e182fee3ab0baaee0c3 -> 
  custom:scripting/monoscript/fileName/UIGridRenderer.cs: 04c0062f4b7cdd6963fdba9ae03d9c72 -> 
  custom:scripting/monoscript/fileName/NicerOutline.cs: 571a7c7c4af4ebadc9fed23f0c3b0b46 -> 
  custom:CustomObjectIndexerAttribute: 9a22284fe3817be447336de3de66b15e -> 
  custom:scripting/monoscript/fileName/ScrollRectExtensions.cs: c76cb840404ffa9bc24248639e9da4ee -> 
  custom:scripting/monoscript/fileName/FancyGridViewContext.cs: 8738476657d4a33c34bc82bed7ce8bc9 -> 
  custom:scripting/monoscript/fileName/MinMaxValues.cs: 4aa11a61e640749f4ea5f947f86be5ba -> 
  custom:scripting/monoscript/fileName/CardExpanding3D.cs: d8b2b9924677ad2b445b05edbed7f0e3 -> 
  custom:scripting/monoscript/fileName/MinMaxSliderEditor.cs: e0496a7f76fc8934af2a763a7289ad36 -> 
  custom:scripting/monoscript/fileName/StepperSide.cs: 34d9a35c8c2622f327b140f18a7398a7 -> 
  custom:scripting/monoscript/fileName/CUIGraphicEditor.cs: a618262d3e77d462c5a0cd2e608e8a53 -> 
  custom:scripting/monoscript/fileName/DropDownList.cs: 3d51ab81e9571c9027b59874b2c78567 -> 
  custom:scripting/monoscript/fileName/ITweenValue.cs: 1d0eaa4b435fa135e18af6b5fa57e92e -> 
  custom:container-demuxer-webm: 4f35f7cbe854078d1ac9338744f61a02 -> 
  custom:scripting/monoscript/fileName/CardExpanding2D.cs: e0950b450275cb3936a581f286a6b471 -> 
  custom:scripting/monoscript/fileName/ResetSelectableHighlight.cs: 3ea63487fd77e7b22731770a86b4f8b9 -> 
  custom:scripting/monoscript/fileName/UIScrollToSelection.cs: d89fc8e36bdc19715e3104a5f857d175 -> 
  custom:scripting/monoscript/fileName/IScrollSnap.cs: 80b4110dac6695d630b8e7501d8e5aa8 -> 
  custom:scripting/monoscript/fileName/SegmentedControl.cs: 3a6e53207de58cf304ab520e0638e2df -> 
  custom:scripting/monoscript/fileName/ColorSampler.cs: 617678b91f4adc7b3146f51bed3fc4b1 -> 
  custom:scripting/monoscript/fileName/TabNavigationHelper.cs: 43f45dc623750048d2fbac24931c8ac8 -> 
  custom:scripting/monoscript/fileName/AutoCompleteComboBox.cs: 6e2e6cf33d4f5ca4ad3c05ff8f254467 -> 
  custom:scripting/monoscript/fileName/TextPicEditor.cs: c23216fe996c314d4c496ad837485981 -> 
  custom:scripting/monoscript/fileName/CUIMisc.cs: bc26c7f132f5cd28304cbc88070ca4dc -> 
  custom:scripting/monoscript/fileName/UIAdditiveEffect.cs: 50386f7d7d76f5c5e155dbf56c5e5fdd -> 
  custom:scripting/monoscript/fileName/MonoSpacing.cs: 45ba6bf376dd125375a8906a7d8b8b4b -> 
  custom:scripting/monoscript/fileName/FloatTween.cs: c51b551f6abec506d0db9945f7aa25cc -> 
  custom:scripting/monoscript/fileName/BoxSlider.cs: 662335e935a62641f6cb14e99e25e994 -> 
  custom:scripting/monoscript/fileName/BezierLineRendererEditor.cs: 2a50098be424d999e43b888ace13278c -> 
  custom:scripting/monoscript/fileName/NonDrawingGraphic.cs: a309796f6d67e4c1c110ec62b4572b4e -> 
  custom:scripting/monoscript/fileName/ScrollPositionController.cs: 30c392a65a277a4a74b1a6f1a3417601 -> 
  custom:scripting/monoscript/fileName/ContentScrollSnapHorizontal.cs: cb0bf043572062ce08b48904f46c98c8 -> 
  custom:scripting/monoscript/fileName/Triangulator.cs: 4ee9f09ca55767568ee94c9eaaed7244 -> d867a9a7a8385ef82ff357feb70c59d4
  custom:scripting/monoscript/fileName/UIImageCrop.cs: 1ec5d1f18ccf3bbe8ea319cda00ecfbc -> 
  custom:scripting/monoscript/fileName/BoxSliderEditor.cs: 9c680a5a338924fb176605eed0f68a75 -> 
  custom:scripting/monoscript/fileName/FancyScrollView.cs: c5f9c64ec4b4e183b17919204bc381a9 -> 
  custom:scripting/monoscript/fileName/BezierPath.cs: 90cbb6f823f7a03c69c93b3e1653c45e -> 
  custom:scripting/monoscript/fileName/SuperellipsePoints.cs: db2a1c9698f2dea478e1d6bfece554ae -> 
  custom:scripting/monoscript/fileName/UI_Knob.cs: 00244fb2be3e9e1f5ec3a07f175066a9 -> 
  custom:container-muxer-webm: aa71ff27fc2769a1b78a27578f13a17b -> 
  custom:scripting/monoscript/fileName/RaycastMask.cs: b13971e6a124c25b886c6703ae2aab24 -> 
  custom:scripting/monoscript/fileName/MultiTouchScrollRect.cs: 3a778993ea01435b2502c14ea2b2ff98 -> 
  custom:video-decoder-webm-vp8: 9c59270c3fd7afecdb556c50c9e8de78 -> 
  custom:scripting/monoscript/fileName/InputFieldEnterSubmit.cs: cdd5149b8afb8dc59ad57cc53ad8fb3b -> 
  custom:scripting/monoscript/fileName/ExampleSelectable.cs: 8dc7a8cd606154e7d10bb507e235c1f8 -> 
  custom:scripting/monoscript/fileName/uGUITools.cs: aa32797d8a9cdcd2167b6be114b0d5ec -> 
  custom:scripting/monoscript/fileName/UILinearDodgeEffect.cs: f5508d2f3f6addba614d4c08275f4546 -> 
  custom:SearchIndexIgnoredProperties: e643bd26f0fe6173181afceb89e7c659 -> 
  custom:scripting/monoscript/fileName/EasingCore.cs: 0bad7e894488e9b67256d892a478aab1 -> 
  custom:scripting/monoscript/fileName/Stepper.cs: 3ee1a56034750815f9c567b6c54fbbb8 -> 
  custom:scripting/monoscript/fileName/UIPrimitiveBase.cs: 80a945e915822efd5c887ee28f76aa9f -> 
  custom:AudioImporter_EditorPlatform: d09bf68614088b80899f8185d706f6e7 -> 
  custom:scripting/monoscript/fileName/LetterSpacing.cs: c4f4c504ac9c0b708c438c8a0faf6a96 -> 
  custom:scripting/monoscript/fileName/UISquircle.cs: faaa67841792f2c90a13db82841ac6e3 -> 
  custom:scripting/monoscript/fileName/RangeSlider.cs: 026cea0882c5bbc90f7cedc5111cfeb2 -> 
  custom:scripting/monoscript/fileName/UIExtensionMethods.cs: 2621bff24acfb4ddb3b264b7553588d8 -> 
  custom:scripting/monoscript/fileName/UIVerticalScroller.cs: 3532ae0d4ba5f6e2c310cfec2c655a8c -> 
  custom:scripting/monoscript/fileName/ColorLabel.cs: 9a2d62e5e8f65400e4abc881023f36f7 -> 
  custom:scripting/monoscript/fileName/TooltipTrigger.cs: 546a7d73bc42b9e6f1fd03a7e07d7f29 -> 
  custom:scripting/monoscript/fileName/UIMultiplyEffect.cs: 29b6f1f4d98d9b61292d829c0030af4b -> 
  custom:scripting/monoscript/fileName/CardPopup2D.cs: ac929914b8675b3ff1238ddb1cc99789 -> 
  custom:scripting/monoscript/fileName/ScrollSnapScrollbarHelper.cs: d6b043fd7048156ea2ef4da9da4a0a51 -> 
  custom:scripting/monoscript/fileName/HoverTooltip.cs: abdf0400bdf15bb8fdc0bc4d5ecc993f -> 
  custom:scripting/monoscript/fileName/ColorImage.cs: 87dea3e9bf43c94e295d4fa411046c66 -> 
  custom:scripting/monoscript/fileName/FancyScrollRectContext.cs: 9e5d4d8665c04a1190a3fc52908244b0 -> 
  custom:scripting/monoscript/fileName/TextPicIconEditor.cs: 1f41560011fcb93d03be374d10238c0c -> 
  custom:scripting/monoscript/fileName/UI_InfiniteScroll.cs: f7518bdb5ccbb5518282b9c860eef985 -> 
  custom:scripting/monoscript/fileName/UIExtensionsMenuOptions.cs: 25d3bc76bdcc7be45d732e8f064ec6a7 -> 
  custom:scripting/monoscript/fileName/ReadOnlyAttribute.cs: 604ae8fbc27d6402b88ac08f1987318f -> 
  custom:scripting/monoscript/fileName/UICircle.cs: e40253d6117a9fbea82cc285a7e8a36e -> 
  custom:scripting/monoscript/fileName/UIScrollToSelectionXY.cs: 8145d21a6ef6f8610242d2ba291595b9 -> 
  custom:scripting/monoscript/fileName/CUITextEditor.cs: 966cced0a631446b9484c2fe777a7f5b -> 
  custom:scripting/precompiled-assembly-types:UnityUIExtensions.editor: e002030e6fc012878af160bb334541ad -> 
  custom:scripting/monoscript/fileName/TweenRunner.cs: 90647cc400823b41df847a6cbfc29026 -> 
  custom:scripting/monoscript/fileName/UIHorizontalScroller.cs: 758f016ad67e22eff0f26468f408f006 -> 
  custom:scripting/monoscript/fileName/ReturnKeyTriggersButton.cs: 622f27a1a5fce3f8fe14f0fe6c6b39b5 -> 
  custom:scripting/monoscript/fileName/FancyGridViewCell.cs: 0cdf409b5aa8d4c25876d72b5c6a3b60 -> 
  custom:scripting/monoscript/fileName/Scroller.cs: 94938ad1cd7c20206a0339e3bd7f3330 -> 
  custom:scripting/monoscript/fileName/CylinderText.cs: 86c073c10ed890f8e108be86fb350e35 -> 
  custom:scripting/monoscript/fileName/ColorPickerPresets.cs: d20309ac183a87fd46c2e0a03ba5bdef -> 
  custom:scripting/monoscript/fileName/RadialSlider.cs: 24542b53b379116a4f98bb53a64e13b8 -> 
  custom:scripting/monoscript/fileName/PPIViewer.cs: 5269fbe050022d597b2ceba1b1d4cbae -> 
  custom:scripting/monoscript/fileName/InputFocus.cs: 6a5a3b184038cb5e7dbe4882c96bc91b -> 
  custom:scripting/monoscript/fileName/CUIBezierCurve.cs: 32214df0cb137de9f4967269deffb6f3 -> 
  custom:scripting/monoscript/fileName/DropDownListItem.cs: 91c61fd79335f34fb81e114553bf8888 -> 
  custom:scripting/monoscript/fileName/UIFlippable.cs: 9c843e180ea4b6afe9c1ba071336e124 -> 
  custom:scripting/monoscript/fileName/CanvasGroupActivator.cs: f743e9c6e47b0eb8c0b7b2fbf9f7de19 -> 
  custom:scripting/monoscript/fileName/UIWindowBase.cs: 776e605614a77fffd4e0147c8e684e94 -> 
  custom:video-encoder-webm-vp8: eb34c28f22e8b96e1ab97ce403110664 -> 
  custom:scripting/monoscript/fileName/ScrollPositionControllerEditor.cs: fb86570a90d8d5b779234b7f103e1b51 -> 
  custom:scripting/monoscript/fileName/CurvedLayout.cs: 46917779e317aa4a214ea430689de312 -> 
  custom:scripting/monoscript/fileName/ScrollConflictManager.cs: 1a474b2432b80a8b7211f13c79bb991c -> 
  custom:scripting/monoscript/fileName/ReadOnlyDrawer.cs: 1c0aa6472b8e40c24f66a5805d818994 -> 
  custom:audio-decoder-ogg-vorbis: bf7c407c2cedff20999df2af8eb42d56 -> 
  custom:scripting/monoscript/fileName/FancyGridView.cs: 849ed7f5b11c9db237ef61b01c5a5104 -> 
  custom:scripting/monoscript/fileName/CableCurve.cs: 1ed0592bfc80d3ca3db7b55e9a6e9d9a -> 
  custom:scripting/monoscript/fileName/PaginationManager.cs: b5c7a38e1c9bde92ca052679632bc9f1 -> 
  custom:scripting/monoscript/fileName/UILineTextureRenderer.cs: f3042185c83712ad42b2d6694b56f8d3 -> 
  custom:scripting/monoscript/fileName/MenuManager.cs: 8e71de17d45faf11b5ca3e63d3867170 -> 
  custom:scripting/monoscript/fileName/ColorPickerPresetsEditor.cs: 57bebb34d006d8305e8cd353ea00f28b -> 
  custom:scripting/monoscript/fileName/UI_MagneticInfiniteScroll.cs: 7f0db092e1c52c826e7ccbefe21fe7ce -> 
  custom:scripting/monoscript/fileName/ToolTip.cs: 2f05f936126a769ca9a98ef6920928a7 -> 
  custom:scripting/monoscript/fileName/TextPicRenameEditor.cs: b67a1588d964fe3ac177da9872e96689 -> 
  custom:scripting/monoscript/fileName/TestCompression.cs: 2a18178f72c1b3979b9006483863f20e -> 
  custom:scripting/monoscript/fileName/IFancyScrollRectContext.cs: 9c4dee0aef526d67eb0a668a1c9b910a -> 
  custom:scripting/monoscript/fileName/ColorChangedEvent.cs: bafb161b451089e6c72bcae877e0ba66 -> 
  custom:scripting/monoscript/fileName/BestFitOutline.cs: 2ec1c68346f5b721e3d92092cd60b278 -> 
  custom:scripting/monoscript/fileName/NonDrawingGraphicEditor.cs: 1e7abd1e1a4d3da38de70c6d38c19118 -> 
  custom:scripting/monoscript/fileName/HSVChangedEvent.cs: 8a0d7f505f4db7e267a03264293f54eb -> 
  custom:scripting/monoscript/fileName/CUIImageEditor.cs: 0be5a4365a8d65680f88c4d192e5254c -> 
  custom:scripting/monoscript/fileName/HorizontalScrollSnap.cs: 624447835d67a70d90ed2b7f69117316 -> 
  custom:scripting/monoscript/fileName/UI_TweenScale.cs: 50a18c41daf615d82dc37ef0e9dcea31 -> 
  custom:scripting/monoscript/fileName/BoundTooltipItem.cs: 12dc26af634677e40fd7840809357e6c -> 
  custom:scripting/monoscript/fileName/AccordionElement.cs: 69f1a7e537099cc57de9b6eaa86cef32 -> 
  custom:scripting/monoscript/fileName/UI_ScrollRectOcclusion.cs: 491f1c2592ac821eb8de9e533fddd4a9 -> 
  custom:scripting/monoscript/fileName/CUIBezierCurveEditor.cs: be4462c6de2387d5f99ef9d0e93b91ee -> 
  custom:scripting/monoscript/fileName/ColorSliderImage.cs: bbcbfbf23dc2f9fc5450db8f36b24487 -> 
  custom:scripting/monoscript/fileName/Accordion.cs: c31898dc7ffd6f7b32be5689419229bc -> 
  custom:scripting/monoscript/fileName/FancyCell.cs: 0cdf409b5aa8d4c25876d72b5c6a3b60 -> 
  custom:scripting/monoscript/fileName/ShineEffect.cs: 61d233269c4ea687efa548adef5d6e13 -> 
  custom:audio-encoder-webm-vorbis: bf7c407c2cedff20999df2af8eb42d56 -> 
  custom:scripting/monoscript/fileName/ScrollRectTweener.cs: 3437a8fb18bed84a45865e36e83e332f -> 
  custom:scripting/monoscript/fileName/MeshCreator.cs: a2506ad04bac2e5a6d6d50e0d7978d92 -> 
  custom:scripting/monoscript/fileName/UIPolygon.cs: ef7b3e02606f58c56a27e65db10bc7f3 -> 
  custom:scripting/monoscript/fileName/switchToRectTransform.cs: 0ef297259b7f2ab26defc1d718ad1e0a -> 
  custom:scripting/monoscript/fileName/UILineRendererList.cs: efbf4ff76c31aa3e4f61c8b26734d929 -> 
  custom:scripting/monoscript/fileName/CLZF2.cs: 40ef7bf6191a1a5e5b0f37e092e1b271 -> 
  custom:scripting/monoscript/fileName/SimpleMenu.cs: 90647cc400823b41df847a6cbfc29026 -> 
  custom:scripting/monoscript/fileName/RescalePanel.cs: a379a55181438e3b7a29019da8a3c82c -> 
  custom:scripting/monoscript/fileName/DragCorrector.cs: 89ab4a0369eecb75be2277a80a08c1e7 -> 
  custom:scripting/monoscript/fileName/RangeSliderEditor.cs: 1c09cdb4e75bc10f834bbae9a7b54e1e -> 
  custom:scripting/monoscript/fileName/FancyScrollRect.cs: 0cdf409b5aa8d4c25876d72b5c6a3b60 -> 
  custom:scripting/monoscript/fileName/ReorderableList.cs: 944c8e214787d07461c711b29546f976 -> 
  custom:scripting/monoscript/fileName/RadialLayout.cs: 170f31c5fdb54a9fe7ba926effdfd7d4 -> 
  custom:scripting/monoscript/fileName/ColorSlider.cs: a91d06b853e0bf2d5df3ea61a67d5c83 -> 
  custom:scripting/monoscript/fileName/IFancyGridViewContext.cs: be7addf49e5950ebb654fec55c2afa8b -> 
  custom:scripting/precompiled-assembly-types:UnityUIExtensions: c0991a7eaf90618746e467e9e018bd04 -> 
  custom:scripting/monoscript/fileName/CUIGraphic.cs: 4f47fad340418bff51fe6171e2259e7f -> 
  custom:scripting/monoscript/fileName/IFancyCellGroupContext.cs: 323b5f49cc2011b3d2d9088e528ed161 -> 
  custom:scripting/monoscript/fileName/MinMaxSlider.cs: e7d98a511e8b98df33f72f37935821e5 -> 
  custom:scripting/monoscript/fileName/ColorPickerTester.cs: 63b6c03c009a94721b9d41c8d5e5e6ed -> 
========================================================================
Received Prepare
Caller must complete domain reload
Begin MonoManager ReloadAssembly
- Loaded All Assemblies, in  0.511 seconds
Native extension for WindowsStandalone target not found
Native extension for WebGL target not found
Mono: successfully reloaded assembly
- Finished resetting the current domain, in  1.111 seconds
Domain Reload Profiling: 1621ms
	BeginReloadAssembly (162ms)
		ExecutionOrderSort (0ms)
		DisableScriptedObjects (12ms)
		BackupInstance (0ms)
		ReleaseScriptingObjects (0ms)
		CreateAndSetChildDomain (36ms)
	RebuildCommonClasses (36ms)
	RebuildNativeTypeToScriptingClass (12ms)
	initialDomainReloadingComplete (27ms)
	LoadAllAssembliesAndSetupDomain (274ms)
		LoadAssemblies (341ms)
		RebuildTransferFunctionScriptingTraits (0ms)
		AnalyzeDomain (19ms)
			TypeCache.Refresh (7ms)
				TypeCache.ScanAssembly (0ms)
			ScanForSourceGeneratedMonoScriptInfo (0ms)
			ResolveRequiredComponents (10ms)
	FinalizeReload (1111ms)
		ReleaseScriptCaches (0ms)
		RebuildScriptCaches (0ms)
		SetupLoadedEditorAssemblies (468ms)
			LogAssemblyErrors (0ms)
			InitializePlatformSupportModulesInManaged (7ms)
			SetLoadedEditorAssemblies (6ms)
			RefreshPlugins (0ms)
			BeforeProcessingInitializeOnLoad (74ms)
			ProcessInitializeOnLoadAttributes (345ms)
			ProcessInitializeOnLoadMethodAttributes (33ms)
			AfterProcessingInitializeOnLoad (3ms)
			EditorAssembliesLoaded (0ms)
		ExecutionOrderSort2 (0ms)
		AwakeInstancesAfterBackupRestoration (15ms)
Refreshing native plugins compatible for Editor in 6.90 ms, found 7 plugins.
Preloading 0 native plugins for Editor in 0.00 ms.
Unloading 4456 Unused Serialized files (Serialized files now loaded: 0)
Unloading 44 unused Assets / (0.7 MB). Loaded Objects now: 5287.
Memory consumption went from 158.2 MB to 157.5 MB.
Total: 4.856800 ms (FindLiveObjects: 0.460000 ms CreateObjectMapping: 0.248400 ms MarkObjects: 3.634200 ms  DeleteObjects: 0.512600 ms)

Prepare: number of updated asset objects reloaded= 0
AssetImportParameters requested are different than current active one (requested -> active):
  custom:scripting/monoscript/fileName/CardStack2D.cs: 52f7ac406c04f320c1cc31b32fc945ec -> 
  custom:scripting/monoscript/fileName/UILineRendererFIFO.cs: 1a840d7d842445f62c20beee85a5bbc5 -> 
  custom:scripting/monoscript/fileName/FlowLayoutGroup.cs: 4f8c51e99186127173631d5ea0b848a8 -> 
  custom:scripting/monoscript/fileName/UIParticleSystem.cs: 6cef203566a0c9333597e4e233613614 -> 
  custom:scripting/monoscript/fileName/UILineRenderer.cs: 673f1b621ab4781ac78770b1b3c45207 -> 
  custom:scripting/monoscript/fileName/TableLayoutGroup.cs: 9697d88a99d4c91003d206b86eed3a61 -> 
  custom:scripting/monoscript/fileName/Segment.cs: 823b994f6bbb6e32f73e9807948df6b3 -> 
  custom:container-demuxer-ogg: 62fdf1f143b41e24485cea50d1cbac27 -> 
  custom:scripting/monoscript/fileName/SelectionBox.cs: 9eabc2822607d24d284c5c0d720d4a01 -> 
  custom:scripting/monoscript/fileName/ReorderableListContent.cs: a630238339e5f198f723ac29a2329f6d -> 
  custom:scripting/monoscript/fileName/Menu.cs: d0a2652908e797d4064ef9b772450cc8 -> 
  custom:scripting/monoscript/fileName/SetPropertyUtility.cs: 02aade692758e5563210cc05829e9851 -> f604b4b9e6b0979bdfc1e2b40426dd19
  custom:scripting/monoscript/fileName/HSVUtil.cs: 2f204c7a89b046fae714aadbcda42851 -> 
  custom:scripting/monoscript/fileName/FancyCellGroup.cs: 90647cc400823b41df847a6cbfc29026 -> 
  custom:scripting/monoscript/fileName/RescaleDragPanel.cs: 428e5a10a21f2d3fc3805557487d591e -> 
  custom:scripting/monoscript/fileName/ExtensionsToggleGroup.cs: 93967f93faef61aecdca9232fa42b062 -> 
  custom:scripting/monoscript/fileName/ResizePanel.cs: 0a2d1269c62cba913a254b515f8b6020 -> 
  custom:scripting/monoscript/fileName/Circle.cs: cfc2369c92dd039be7c3f572f769fdcf -> 
  custom:scripting/monoscript/fileName/ShaderLibrary.cs: 7a09676978959734a6827051c965f749 -> 
  custom:scripting/monoscript/fileName/CurvedText.cs: c86aabacdca275700720e919fc8a8b52 -> 
  custom:scripting/monoscript/fileName/FancyScrollRectCell.cs: 0cdf409b5aa8d4c25876d72b5c6a3b60 -> 
  custom:scripting/monoscript/fileName/Gradient.cs: a4c2a5a25440c543cd82653fda832632 -> 
  custom:scripting/monoscript/fileName/ScrollSnapBase.cs: 3682088473625968e7b4647a6b4213f6 -> 
  custom:scripting/monoscript/fileName/CUIText.cs: 0be1a405bc9388e4813a74aad6018bec -> 
  custom:scripting/monoscript/fileName/BoundTooltipTrigger.cs: e78e2ee612ba85e075ab794a5cb95e73 -> 
  custom:scripting/monoscript/fileName/UIHighlightable.cs: fd305ad78204cb75a66ce809c3f50e6a -> 
  custom:video-codec-MediaFoundation-h265: 746d11721c4dcdbdad8f713fa42b33f4 -> 
  custom:scripting/monoscript/fileName/UIExtensionsInputManager.cs: 6f468ddae971c3bcce0288549c1beabd -> 
  custom:scripting/monoscript/fileName/Gradient2.cs: 9c1fd6257924e43a80b8fccb859d3828 -> 
  custom:scripting/monoscript/fileName/CooldownButton.cs: 72bd21b90ac71f29908a36179176f8fc -> 
  custom:video-decoder-ogg-theora: a1e56fd34408186e4bbccfd4996cb3dc -> 
  custom:scripting/monoscript/fileName/TileSizeFitter.cs: ba6326e335b6f177a627b992c444832c -> 
  custom:scripting/monoscript/fileName/SelectableScaler.cs: 3ebe175d64b38a572f8dbe8fd345f0c3 -> 
  custom:scripting/monoscript/fileName/AccordionElementEditor.cs: db5ee9b2cff22578a12a4d141614d665 -> 
  custom:scripting/monoscript/fileName/ExtensionsToggle.cs: e0b44aa7e1ff973d74b4857a34a48879 -> 
  custom:scripting/monoscript/fileName/ReorderableListElement.cs: 788a31431a1c95dc9a9a52767f8e812f -> 
  custom:scripting/monoscript/fileName/ShineEffector.cs: 52ed4eb6c7ed8f674a18d2a4db6eba86 -> 
  custom:scripting/monoscript/fileName/UISelectableExtension.cs: b6766007d8a2236e23d4749da2d8cdd2 -> 
  custom:framework-win-MediaFoundation: 216162199b28c13a410421893ffa2e32 -> 
  custom:scripting/monoscript/fileName/UISoftAdditiveEffect.cs: 30a825933c907dec19605ff2f58a292f -> 
  custom:scripting/monoscript/fileName/HexColorField.cs: 425eeca1ce4159bc649962b2337061a4 -> 
  custom:scripting/monoscript/fileName/ColorPickerControl.cs: 97231f899ae243cc634f34e048c22095 -> 
  custom:scripting/monoscript/fileName/ReorderableListDebug.cs: 51cf5a188c464deb681bea16cb795b61 -> 
  custom:scripting/monoscript/fileName/TextPic.cs: 9dbd7bc654cbf19eee33ac6fc452bfb1 -> 
  custom:scripting/monoscript/fileName/CUIImage.cs: 41f29f650aa507f802cd9793d91f3211 -> 
  custom:scripting/monoscript/fileName/DropDownListButton.cs: 71d533f2602e0e099d09a556ef8e4414 -> 
  custom:scripting/monoscript/fileName/ScrollSnap.cs: c5ae67ed5cc8c0ab1f7496803acc2648 -> 
  custom:scripting/monoscript/fileName/TextPicIconListCopier.cs: a564a2a474c019b98650cff2383ccfca -> 
  custom:scripting/monoscript/fileName/UICornerCut.cs: 69b0dfb485aa2b1afa65fcf30028125b -> 
  custom:scripting/monoscript/fileName/ScrollerEditor.cs: 478519b80ad2bc62d4a4b80ae078e694 -> 
  custom:scripting/monoscript/fileName/IBoxSelectable.cs: a5bf39a694cf2b84c65e7bec998d4941 -> 
  custom:scripting/monoscript/fileName/TiltWindow.cs: 7c3356d1b5bc9c6e9fe98345b0be7c30 -> 
  custom:scripting/monoscript/fileName/ExtensionMethods.cs: 943bd8dac5ce9467ce7deb0856dc6b0a -> 
  custom:scripting/monoscript/fileName/ComboBox.cs: a6ca48dde827ff07a9093f3624d58e62 -> 
  custom:scripting/monoscript/fileName/ScrollRectLinker.cs: 0316116e17d192ca2ef7c97539dff50f -> 
  custom:scripting/monoscript/fileName/SVBoxSlider.cs: 1d22c9c16d63e1cf38ad19bbcec9a0da -> 
  custom:scripting/monoscript/fileName/VerticalScrollSnap.cs: a7ebcf1fac8331e70ee01e540cbe484b -> 
  custom:scripting/monoscript/fileName/UILineConnector.cs: ea5f69a32957fe35ae7b512ef3f758ef -> 
  custom:scripting/monoscript/fileName/UIScreenEffect.cs: c36542c529d1f733362556ab22c18bf9 -> 
  custom:scripting/monoscript/fileName/SoftMaskScript.cs: 867049fb2647c9983fb1391409f93d30 -> 
  custom:scripting/monoscript/fileName/DiamondGraph.cs: a01b647a54847840428a395cc0d6fc16 -> 
  custom:scripting/monoscript/fileName/ScrollRectEx.cs: 3f6a881a34055e182fee3ab0baaee0c3 -> 
  custom:scripting/monoscript/fileName/UIGridRenderer.cs: 04c0062f4b7cdd6963fdba9ae03d9c72 -> 
  custom:scripting/monoscript/fileName/NicerOutline.cs: 571a7c7c4af4ebadc9fed23f0c3b0b46 -> 
  custom:CustomObjectIndexerAttribute: 9a22284fe3817be447336de3de66b15e -> 
  custom:scripting/monoscript/fileName/ScrollRectExtensions.cs: c76cb840404ffa9bc24248639e9da4ee -> 
  custom:scripting/monoscript/fileName/FancyGridViewContext.cs: 8738476657d4a33c34bc82bed7ce8bc9 -> 
  custom:scripting/monoscript/fileName/MinMaxValues.cs: 4aa11a61e640749f4ea5f947f86be5ba -> 
  custom:scripting/monoscript/fileName/CardExpanding3D.cs: d8b2b9924677ad2b445b05edbed7f0e3 -> 
  custom:scripting/monoscript/fileName/MinMaxSliderEditor.cs: e0496a7f76fc8934af2a763a7289ad36 -> 
  custom:scripting/monoscript/fileName/StepperSide.cs: 34d9a35c8c2622f327b140f18a7398a7 -> 
  custom:scripting/monoscript/fileName/CUIGraphicEditor.cs: a618262d3e77d462c5a0cd2e608e8a53 -> 
  custom:scripting/monoscript/fileName/DropDownList.cs: 3d51ab81e9571c9027b59874b2c78567 -> 
  custom:scripting/monoscript/fileName/ITweenValue.cs: 1d0eaa4b435fa135e18af6b5fa57e92e -> 
  custom:container-demuxer-webm: 4f35f7cbe854078d1ac9338744f61a02 -> 
  custom:scripting/monoscript/fileName/CardExpanding2D.cs: e0950b450275cb3936a581f286a6b471 -> 
  custom:scripting/monoscript/fileName/ResetSelectableHighlight.cs: 3ea63487fd77e7b22731770a86b4f8b9 -> 
  custom:scripting/monoscript/fileName/UIScrollToSelection.cs: d89fc8e36bdc19715e3104a5f857d175 -> 
  custom:scripting/monoscript/fileName/IScrollSnap.cs: 80b4110dac6695d630b8e7501d8e5aa8 -> 
  custom:scripting/monoscript/fileName/SegmentedControl.cs: 3a6e53207de58cf304ab520e0638e2df -> 
  custom:scripting/monoscript/fileName/ColorSampler.cs: 617678b91f4adc7b3146f51bed3fc4b1 -> 
  custom:scripting/monoscript/fileName/TabNavigationHelper.cs: 43f45dc623750048d2fbac24931c8ac8 -> 
  custom:scripting/monoscript/fileName/AutoCompleteComboBox.cs: 6e2e6cf33d4f5ca4ad3c05ff8f254467 -> 
  custom:scripting/monoscript/fileName/TextPicEditor.cs: c23216fe996c314d4c496ad837485981 -> 
  custom:scripting/monoscript/fileName/CUIMisc.cs: bc26c7f132f5cd28304cbc88070ca4dc -> 
  custom:scripting/monoscript/fileName/UIAdditiveEffect.cs: 50386f7d7d76f5c5e155dbf56c5e5fdd -> 
  custom:scripting/monoscript/fileName/MonoSpacing.cs: 45ba6bf376dd125375a8906a7d8b8b4b -> 
  custom:scripting/monoscript/fileName/FloatTween.cs: c51b551f6abec506d0db9945f7aa25cc -> 
  custom:scripting/monoscript/fileName/BoxSlider.cs: 662335e935a62641f6cb14e99e25e994 -> 
  custom:scripting/monoscript/fileName/BezierLineRendererEditor.cs: 2a50098be424d999e43b888ace13278c -> 
  custom:scripting/monoscript/fileName/NonDrawingGraphic.cs: a309796f6d67e4c1c110ec62b4572b4e -> 
  custom:scripting/monoscript/fileName/ScrollPositionController.cs: 30c392a65a277a4a74b1a6f1a3417601 -> 
  custom:scripting/monoscript/fileName/ContentScrollSnapHorizontal.cs: cb0bf043572062ce08b48904f46c98c8 -> 
  custom:scripting/monoscript/fileName/Triangulator.cs: 4ee9f09ca55767568ee94c9eaaed7244 -> d867a9a7a8385ef82ff357feb70c59d4
  custom:scripting/monoscript/fileName/UIImageCrop.cs: 1ec5d1f18ccf3bbe8ea319cda00ecfbc -> 
  custom:scripting/monoscript/fileName/BoxSliderEditor.cs: 9c680a5a338924fb176605eed0f68a75 -> 
  custom:scripting/monoscript/fileName/FancyScrollView.cs: c5f9c64ec4b4e183b17919204bc381a9 -> 
  custom:scripting/monoscript/fileName/BezierPath.cs: 90cbb6f823f7a03c69c93b3e1653c45e -> 
  custom:scripting/monoscript/fileName/SuperellipsePoints.cs: db2a1c9698f2dea478e1d6bfece554ae -> 
  custom:scripting/monoscript/fileName/UI_Knob.cs: 00244fb2be3e9e1f5ec3a07f175066a9 -> 
  custom:container-muxer-webm: aa71ff27fc2769a1b78a27578f13a17b -> 
  custom:scripting/monoscript/fileName/RaycastMask.cs: b13971e6a124c25b886c6703ae2aab24 -> 
  custom:scripting/monoscript/fileName/MultiTouchScrollRect.cs: 3a778993ea01435b2502c14ea2b2ff98 -> 
  custom:video-decoder-webm-vp8: 9c59270c3fd7afecdb556c50c9e8de78 -> 
  custom:scripting/monoscript/fileName/InputFieldEnterSubmit.cs: cdd5149b8afb8dc59ad57cc53ad8fb3b -> 
  custom:scripting/monoscript/fileName/ExampleSelectable.cs: 8dc7a8cd606154e7d10bb507e235c1f8 -> 
  custom:scripting/monoscript/fileName/uGUITools.cs: aa32797d8a9cdcd2167b6be114b0d5ec -> 
  custom:scripting/monoscript/fileName/UILinearDodgeEffect.cs: f5508d2f3f6addba614d4c08275f4546 -> 
  custom:SearchIndexIgnoredProperties: e643bd26f0fe6173181afceb89e7c659 -> 
  custom:scripting/monoscript/fileName/EasingCore.cs: 0bad7e894488e9b67256d892a478aab1 -> 
  custom:scripting/monoscript/fileName/Stepper.cs: 3ee1a56034750815f9c567b6c54fbbb8 -> 
  custom:scripting/monoscript/fileName/UIPrimitiveBase.cs: 80a945e915822efd5c887ee28f76aa9f -> 
  custom:AudioImporter_EditorPlatform: d09bf68614088b80899f8185d706f6e7 -> 
  custom:scripting/monoscript/fileName/LetterSpacing.cs: c4f4c504ac9c0b708c438c8a0faf6a96 -> 
  custom:scripting/monoscript/fileName/UISquircle.cs: faaa67841792f2c90a13db82841ac6e3 -> 
  custom:scripting/monoscript/fileName/RangeSlider.cs: 026cea0882c5bbc90f7cedc5111cfeb2 -> 
  custom:scripting/monoscript/fileName/UIExtensionMethods.cs: 2621bff24acfb4ddb3b264b7553588d8 -> 
  custom:scripting/monoscript/fileName/UIVerticalScroller.cs: 3532ae0d4ba5f6e2c310cfec2c655a8c -> 
  custom:scripting/monoscript/fileName/ColorLabel.cs: 9a2d62e5e8f65400e4abc881023f36f7 -> 
  custom:scripting/monoscript/fileName/TooltipTrigger.cs: 546a7d73bc42b9e6f1fd03a7e07d7f29 -> 
  custom:scripting/monoscript/fileName/UIMultiplyEffect.cs: 29b6f1f4d98d9b61292d829c0030af4b -> 
  custom:scripting/monoscript/fileName/CardPopup2D.cs: ac929914b8675b3ff1238ddb1cc99789 -> 
  custom:scripting/monoscript/fileName/ScrollSnapScrollbarHelper.cs: d6b043fd7048156ea2ef4da9da4a0a51 -> 
  custom:scripting/monoscript/fileName/HoverTooltip.cs: abdf0400bdf15bb8fdc0bc4d5ecc993f -> 
  custom:scripting/monoscript/fileName/ColorImage.cs: 87dea3e9bf43c94e295d4fa411046c66 -> 
  custom:scripting/monoscript/fileName/FancyScrollRectContext.cs: 9e5d4d8665c04a1190a3fc52908244b0 -> 
  custom:scripting/monoscript/fileName/TextPicIconEditor.cs: 1f41560011fcb93d03be374d10238c0c -> 
  custom:scripting/monoscript/fileName/UI_InfiniteScroll.cs: f7518bdb5ccbb5518282b9c860eef985 -> 
  custom:scripting/monoscript/fileName/UIExtensionsMenuOptions.cs: 25d3bc76bdcc7be45d732e8f064ec6a7 -> 
  custom:scripting/monoscript/fileName/ReadOnlyAttribute.cs: 604ae8fbc27d6402b88ac08f1987318f -> 
  custom:scripting/monoscript/fileName/UICircle.cs: e40253d6117a9fbea82cc285a7e8a36e -> 
  custom:scripting/monoscript/fileName/UIScrollToSelectionXY.cs: 8145d21a6ef6f8610242d2ba291595b9 -> 
  custom:scripting/monoscript/fileName/CUITextEditor.cs: 966cced0a631446b9484c2fe777a7f5b -> 
  custom:scripting/precompiled-assembly-types:UnityUIExtensions.editor: e002030e6fc012878af160bb334541ad -> 
  custom:scripting/monoscript/fileName/TweenRunner.cs: 90647cc400823b41df847a6cbfc29026 -> 
  custom:scripting/monoscript/fileName/UIHorizontalScroller.cs: 758f016ad67e22eff0f26468f408f006 -> 
  custom:scripting/monoscript/fileName/ReturnKeyTriggersButton.cs: 622f27a1a5fce3f8fe14f0fe6c6b39b5 -> 
  custom:scripting/monoscript/fileName/FancyGridViewCell.cs: 0cdf409b5aa8d4c25876d72b5c6a3b60 -> 
  custom:scripting/monoscript/fileName/Scroller.cs: 94938ad1cd7c20206a0339e3bd7f3330 -> 
  custom:scripting/monoscript/fileName/CylinderText.cs: 86c073c10ed890f8e108be86fb350e35 -> 
  custom:scripting/monoscript/fileName/ColorPickerPresets.cs: d20309ac183a87fd46c2e0a03ba5bdef -> 
  custom:scripting/monoscript/fileName/RadialSlider.cs: 24542b53b379116a4f98bb53a64e13b8 -> 
  custom:scripting/monoscript/fileName/PPIViewer.cs: 5269fbe050022d597b2ceba1b1d4cbae -> 
  custom:scripting/monoscript/fileName/InputFocus.cs: 6a5a3b184038cb5e7dbe4882c96bc91b -> 
  custom:scripting/monoscript/fileName/CUIBezierCurve.cs: 32214df0cb137de9f4967269deffb6f3 -> 
  custom:scripting/monoscript/fileName/DropDownListItem.cs: 91c61fd79335f34fb81e114553bf8888 -> 
  custom:scripting/monoscript/fileName/UIFlippable.cs: 9c843e180ea4b6afe9c1ba071336e124 -> 
  custom:scripting/monoscript/fileName/CanvasGroupActivator.cs: f743e9c6e47b0eb8c0b7b2fbf9f7de19 -> 
  custom:scripting/monoscript/fileName/UIWindowBase.cs: 776e605614a77fffd4e0147c8e684e94 -> 
  custom:video-encoder-webm-vp8: eb34c28f22e8b96e1ab97ce403110664 -> 
  custom:scripting/monoscript/fileName/ScrollPositionControllerEditor.cs: fb86570a90d8d5b779234b7f103e1b51 -> 
  custom:scripting/monoscript/fileName/CurvedLayout.cs: 46917779e317aa4a214ea430689de312 -> 
  custom:scripting/monoscript/fileName/ScrollConflictManager.cs: 1a474b2432b80a8b7211f13c79bb991c -> 
  custom:scripting/monoscript/fileName/ReadOnlyDrawer.cs: 1c0aa6472b8e40c24f66a5805d818994 -> 
  custom:audio-decoder-ogg-vorbis: bf7c407c2cedff20999df2af8eb42d56 -> 
  custom:scripting/monoscript/fileName/FancyGridView.cs: 849ed7f5b11c9db237ef61b01c5a5104 -> 
  custom:scripting/monoscript/fileName/CableCurve.cs: 1ed0592bfc80d3ca3db7b55e9a6e9d9a -> 
  custom:scripting/monoscript/fileName/PaginationManager.cs: b5c7a38e1c9bde92ca052679632bc9f1 -> 
  custom:scripting/monoscript/fileName/UILineTextureRenderer.cs: f3042185c83712ad42b2d6694b56f8d3 -> 
  custom:scripting/monoscript/fileName/MenuManager.cs: 8e71de17d45faf11b5ca3e63d3867170 -> 
  custom:scripting/monoscript/fileName/ColorPickerPresetsEditor.cs: 57bebb34d006d8305e8cd353ea00f28b -> 
  custom:scripting/monoscript/fileName/UI_MagneticInfiniteScroll.cs: 7f0db092e1c52c826e7ccbefe21fe7ce -> 
  custom:scripting/monoscript/fileName/ToolTip.cs: 2f05f936126a769ca9a98ef6920928a7 -> 
  custom:scripting/monoscript/fileName/TextPicRenameEditor.cs: b67a1588d964fe3ac177da9872e96689 -> 
  custom:scripting/monoscript/fileName/TestCompression.cs: 2a18178f72c1b3979b9006483863f20e -> 
  custom:scripting/monoscript/fileName/IFancyScrollRectContext.cs: 9c4dee0aef526d67eb0a668a1c9b910a -> 
  custom:scripting/monoscript/fileName/ColorChangedEvent.cs: bafb161b451089e6c72bcae877e0ba66 -> 
  custom:scripting/monoscript/fileName/BestFitOutline.cs: 2ec1c68346f5b721e3d92092cd60b278 -> 
  custom:scripting/monoscript/fileName/NonDrawingGraphicEditor.cs: 1e7abd1e1a4d3da38de70c6d38c19118 -> 
  custom:scripting/monoscript/fileName/HSVChangedEvent.cs: 8a0d7f505f4db7e267a03264293f54eb -> 
  custom:scripting/monoscript/fileName/CUIImageEditor.cs: 0be5a4365a8d65680f88c4d192e5254c -> 
  custom:scripting/monoscript/fileName/HorizontalScrollSnap.cs: 624447835d67a70d90ed2b7f69117316 -> 
  custom:scripting/monoscript/fileName/UI_TweenScale.cs: 50a18c41daf615d82dc37ef0e9dcea31 -> 
  custom:scripting/monoscript/fileName/BoundTooltipItem.cs: 12dc26af634677e40fd7840809357e6c -> 
  custom:scripting/monoscript/fileName/AccordionElement.cs: 69f1a7e537099cc57de9b6eaa86cef32 -> 
  custom:scripting/monoscript/fileName/UI_ScrollRectOcclusion.cs: 491f1c2592ac821eb8de9e533fddd4a9 -> 
  custom:scripting/monoscript/fileName/CUIBezierCurveEditor.cs: be4462c6de2387d5f99ef9d0e93b91ee -> 
  custom:scripting/monoscript/fileName/ColorSliderImage.cs: bbcbfbf23dc2f9fc5450db8f36b24487 -> 
  custom:scripting/monoscript/fileName/Accordion.cs: c31898dc7ffd6f7b32be5689419229bc -> 
  custom:scripting/monoscript/fileName/FancyCell.cs: 0cdf409b5aa8d4c25876d72b5c6a3b60 -> 
  custom:scripting/monoscript/fileName/ShineEffect.cs: 61d233269c4ea687efa548adef5d6e13 -> 
  custom:audio-encoder-webm-vorbis: bf7c407c2cedff20999df2af8eb42d56 -> 
  custom:scripting/monoscript/fileName/ScrollRectTweener.cs: 3437a8fb18bed84a45865e36e83e332f -> 
  custom:scripting/monoscript/fileName/MeshCreator.cs: a2506ad04bac2e5a6d6d50e0d7978d92 -> 
  custom:scripting/monoscript/fileName/UIPolygon.cs: ef7b3e02606f58c56a27e65db10bc7f3 -> 
  custom:scripting/monoscript/fileName/switchToRectTransform.cs: 0ef297259b7f2ab26defc1d718ad1e0a -> 
  custom:scripting/monoscript/fileName/UILineRendererList.cs: efbf4ff76c31aa3e4f61c8b26734d929 -> 
  custom:scripting/monoscript/fileName/CLZF2.cs: 40ef7bf6191a1a5e5b0f37e092e1b271 -> 
  custom:scripting/monoscript/fileName/SimpleMenu.cs: 90647cc400823b41df847a6cbfc29026 -> 
  custom:scripting/monoscript/fileName/RescalePanel.cs: a379a55181438e3b7a29019da8a3c82c -> 
  custom:scripting/monoscript/fileName/DragCorrector.cs: 89ab4a0369eecb75be2277a80a08c1e7 -> 
  custom:scripting/monoscript/fileName/RangeSliderEditor.cs: 1c09cdb4e75bc10f834bbae9a7b54e1e -> 
  custom:scripting/monoscript/fileName/FancyScrollRect.cs: 0cdf409b5aa8d4c25876d72b5c6a3b60 -> 
  custom:scripting/monoscript/fileName/ReorderableList.cs: 944c8e214787d07461c711b29546f976 -> 
  custom:scripting/monoscript/fileName/RadialLayout.cs: 170f31c5fdb54a9fe7ba926effdfd7d4 -> 
  custom:scripting/monoscript/fileName/ColorSlider.cs: a91d06b853e0bf2d5df3ea61a67d5c83 -> 
  custom:scripting/monoscript/fileName/IFancyGridViewContext.cs: be7addf49e5950ebb654fec55c2afa8b -> 
  custom:scripting/precompiled-assembly-types:UnityUIExtensions: c0991a7eaf90618746e467e9e018bd04 -> 
  custom:scripting/monoscript/fileName/CUIGraphic.cs: 4f47fad340418bff51fe6171e2259e7f -> 
  custom:scripting/monoscript/fileName/IFancyCellGroupContext.cs: 323b5f49cc2011b3d2d9088e528ed161 -> 
  custom:scripting/monoscript/fileName/MinMaxSlider.cs: e7d98a511e8b98df33f72f37935821e5 -> 
  custom:scripting/monoscript/fileName/ColorPickerTester.cs: 63b6c03c009a94721b9d41c8d5e5e6ed -> 
========================================================================
Received Prepare
Caller must complete domain reload
Begin MonoManager ReloadAssembly
- Loaded All Assemblies, in  0.601 seconds
Native extension for WindowsStandalone target not found
Native extension for WebGL target not found
Mono: successfully reloaded assembly
- Finished resetting the current domain, in  1.542 seconds
Domain Reload Profiling: 2144ms
	BeginReloadAssembly (176ms)
		ExecutionOrderSort (0ms)
		DisableScriptedObjects (14ms)
		BackupInstance (0ms)
		ReleaseScriptingObjects (0ms)
		CreateAndSetChildDomain (38ms)
	RebuildCommonClasses (36ms)
	RebuildNativeTypeToScriptingClass (12ms)
	initialDomainReloadingComplete (29ms)
	LoadAllAssembliesAndSetupDomain (348ms)
		LoadAssemblies (403ms)
		RebuildTransferFunctionScriptingTraits (0ms)
		AnalyzeDomain (40ms)
			TypeCache.Refresh (12ms)
				TypeCache.ScanAssembly (0ms)
			ScanForSourceGeneratedMonoScriptInfo (15ms)
			ResolveRequiredComponents (11ms)
	FinalizeReload (1543ms)
		ReleaseScriptCaches (0ms)
		RebuildScriptCaches (0ms)
		SetupLoadedEditorAssemblies (437ms)
			LogAssemblyErrors (0ms)
			InitializePlatformSupportModulesInManaged (7ms)
			SetLoadedEditorAssemblies (5ms)
			RefreshPlugins (0ms)
			BeforeProcessingInitializeOnLoad (75ms)
			ProcessInitializeOnLoadAttributes (314ms)
			ProcessInitializeOnLoadMethodAttributes (33ms)
			AfterProcessingInitializeOnLoad (3ms)
			EditorAssembliesLoaded (0ms)
		ExecutionOrderSort2 (0ms)
		AwakeInstancesAfterBackupRestoration (14ms)
Refreshing native plugins compatible for Editor in 5.11 ms, found 7 plugins.
Preloading 0 native plugins for Editor in 0.00 ms.
Unloading 4456 Unused Serialized files (Serialized files now loaded: 0)
Unloading 44 unused Assets / (0.7 MB). Loaded Objects now: 5291.
Memory consumption went from 158.3 MB to 157.6 MB.
Total: 4.652500 ms (FindLiveObjects: 0.552200 ms CreateObjectMapping: 0.277500 ms MarkObjects: 3.335000 ms  DeleteObjects: 0.486000 ms)

Prepare: number of updated asset objects reloaded= 0
AssetImportParameters requested are different than current active one (requested -> active):
  custom:scripting/monoscript/fileName/CardStack2D.cs: 52f7ac406c04f320c1cc31b32fc945ec -> 
  custom:scripting/monoscript/fileName/UILineRendererFIFO.cs: 1a840d7d842445f62c20beee85a5bbc5 -> 
  custom:scripting/monoscript/fileName/FlowLayoutGroup.cs: 4f8c51e99186127173631d5ea0b848a8 -> 
  custom:scripting/monoscript/fileName/UIParticleSystem.cs: 6cef203566a0c9333597e4e233613614 -> 
  custom:scripting/monoscript/fileName/UILineRenderer.cs: 673f1b621ab4781ac78770b1b3c45207 -> 
  custom:scripting/monoscript/fileName/TableLayoutGroup.cs: 9697d88a99d4c91003d206b86eed3a61 -> 
  custom:scripting/monoscript/fileName/Segment.cs: 823b994f6bbb6e32f73e9807948df6b3 -> 
  custom:container-demuxer-ogg: 62fdf1f143b41e24485cea50d1cbac27 -> 
  custom:scripting/monoscript/fileName/SelectionBox.cs: 9eabc2822607d24d284c5c0d720d4a01 -> 
  custom:scripting/monoscript/fileName/ReorderableListContent.cs: a630238339e5f198f723ac29a2329f6d -> 
  custom:scripting/monoscript/fileName/Menu.cs: d0a2652908e797d4064ef9b772450cc8 -> 
  custom:scripting/monoscript/fileName/SetPropertyUtility.cs: 02aade692758e5563210cc05829e9851 -> f604b4b9e6b0979bdfc1e2b40426dd19
  custom:scripting/monoscript/fileName/HSVUtil.cs: 2f204c7a89b046fae714aadbcda42851 -> 
  custom:scripting/monoscript/fileName/FancyCellGroup.cs: 90647cc400823b41df847a6cbfc29026 -> 
  custom:scripting/monoscript/fileName/RescaleDragPanel.cs: 428e5a10a21f2d3fc3805557487d591e -> 
  custom:scripting/monoscript/fileName/ExtensionsToggleGroup.cs: 93967f93faef61aecdca9232fa42b062 -> 
  custom:scripting/monoscript/fileName/ResizePanel.cs: 0a2d1269c62cba913a254b515f8b6020 -> 
  custom:scripting/monoscript/fileName/Circle.cs: cfc2369c92dd039be7c3f572f769fdcf -> 
  custom:scripting/monoscript/fileName/ShaderLibrary.cs: 7a09676978959734a6827051c965f749 -> 
  custom:scripting/monoscript/fileName/CurvedText.cs: c86aabacdca275700720e919fc8a8b52 -> 
  custom:scripting/monoscript/fileName/FancyScrollRectCell.cs: 0cdf409b5aa8d4c25876d72b5c6a3b60 -> 
  custom:scripting/monoscript/fileName/Gradient.cs: a4c2a5a25440c543cd82653fda832632 -> 
  custom:scripting/monoscript/fileName/ScrollSnapBase.cs: 3682088473625968e7b4647a6b4213f6 -> 
  custom:scripting/monoscript/fileName/CUIText.cs: 0be1a405bc9388e4813a74aad6018bec -> 
  custom:scripting/monoscript/fileName/BoundTooltipTrigger.cs: e78e2ee612ba85e075ab794a5cb95e73 -> 
  custom:scripting/monoscript/fileName/UIHighlightable.cs: fd305ad78204cb75a66ce809c3f50e6a -> 
  custom:video-codec-MediaFoundation-h265: 746d11721c4dcdbdad8f713fa42b33f4 -> 
  custom:scripting/monoscript/fileName/UIExtensionsInputManager.cs: 6f468ddae971c3bcce0288549c1beabd -> 
  custom:scripting/monoscript/fileName/Gradient2.cs: 9c1fd6257924e43a80b8fccb859d3828 -> 
  custom:scripting/monoscript/fileName/CooldownButton.cs: 72bd21b90ac71f29908a36179176f8fc -> 
  custom:video-decoder-ogg-theora: a1e56fd34408186e4bbccfd4996cb3dc -> 
  custom:scripting/monoscript/fileName/TileSizeFitter.cs: ba6326e335b6f177a627b992c444832c -> 
  custom:scripting/monoscript/fileName/SelectableScaler.cs: 3ebe175d64b38a572f8dbe8fd345f0c3 -> 
  custom:scripting/monoscript/fileName/AccordionElementEditor.cs: db5ee9b2cff22578a12a4d141614d665 -> 
  custom:scripting/monoscript/fileName/ExtensionsToggle.cs: e0b44aa7e1ff973d74b4857a34a48879 -> 
  custom:scripting/monoscript/fileName/ReorderableListElement.cs: 788a31431a1c95dc9a9a52767f8e812f -> 
  custom:scripting/monoscript/fileName/ShineEffector.cs: 52ed4eb6c7ed8f674a18d2a4db6eba86 -> 
  custom:scripting/monoscript/fileName/UISelectableExtension.cs: b6766007d8a2236e23d4749da2d8cdd2 -> 
  custom:framework-win-MediaFoundation: 216162199b28c13a410421893ffa2e32 -> 
  custom:scripting/monoscript/fileName/UISoftAdditiveEffect.cs: 30a825933c907dec19605ff2f58a292f -> 
  custom:scripting/monoscript/fileName/HexColorField.cs: 425eeca1ce4159bc649962b2337061a4 -> 
  custom:scripting/monoscript/fileName/ColorPickerControl.cs: 97231f899ae243cc634f34e048c22095 -> 
  custom:scripting/monoscript/fileName/ReorderableListDebug.cs: 51cf5a188c464deb681bea16cb795b61 -> 
  custom:scripting/monoscript/fileName/TextPic.cs: 9dbd7bc654cbf19eee33ac6fc452bfb1 -> 
  custom:scripting/monoscript/fileName/CUIImage.cs: 41f29f650aa507f802cd9793d91f3211 -> 
  custom:scripting/monoscript/fileName/DropDownListButton.cs: 71d533f2602e0e099d09a556ef8e4414 -> 
  custom:scripting/monoscript/fileName/ScrollSnap.cs: c5ae67ed5cc8c0ab1f7496803acc2648 -> 
  custom:scripting/monoscript/fileName/TextPicIconListCopier.cs: a564a2a474c019b98650cff2383ccfca -> 
  custom:scripting/monoscript/fileName/UICornerCut.cs: 69b0dfb485aa2b1afa65fcf30028125b -> 
  custom:scripting/monoscript/fileName/ScrollerEditor.cs: 478519b80ad2bc62d4a4b80ae078e694 -> 
  custom:scripting/monoscript/fileName/IBoxSelectable.cs: a5bf39a694cf2b84c65e7bec998d4941 -> 
  custom:scripting/monoscript/fileName/TiltWindow.cs: 7c3356d1b5bc9c6e9fe98345b0be7c30 -> 
  custom:scripting/monoscript/fileName/ExtensionMethods.cs: 943bd8dac5ce9467ce7deb0856dc6b0a -> 
  custom:scripting/monoscript/fileName/ComboBox.cs: a6ca48dde827ff07a9093f3624d58e62 -> 
  custom:scripting/monoscript/fileName/ScrollRectLinker.cs: 0316116e17d192ca2ef7c97539dff50f -> 
  custom:scripting/monoscript/fileName/SVBoxSlider.cs: 1d22c9c16d63e1cf38ad19bbcec9a0da -> 
  custom:scripting/monoscript/fileName/VerticalScrollSnap.cs: a7ebcf1fac8331e70ee01e540cbe484b -> 
  custom:scripting/monoscript/fileName/UILineConnector.cs: ea5f69a32957fe35ae7b512ef3f758ef -> 
  custom:scripting/monoscript/fileName/UIScreenEffect.cs: c36542c529d1f733362556ab22c18bf9 -> 
  custom:scripting/monoscript/fileName/SoftMaskScript.cs: 867049fb2647c9983fb1391409f93d30 -> 
  custom:scripting/monoscript/fileName/DiamondGraph.cs: a01b647a54847840428a395cc0d6fc16 -> 
  custom:scripting/monoscript/fileName/ScrollRectEx.cs: 3f6a881a34055e182fee3ab0baaee0c3 -> 
  custom:scripting/monoscript/fileName/UIGridRenderer.cs: 04c0062f4b7cdd6963fdba9ae03d9c72 -> 
  custom:scripting/monoscript/fileName/NicerOutline.cs: 571a7c7c4af4ebadc9fed23f0c3b0b46 -> 
  custom:CustomObjectIndexerAttribute: 9a22284fe3817be447336de3de66b15e -> 
  custom:scripting/monoscript/fileName/ScrollRectExtensions.cs: c76cb840404ffa9bc24248639e9da4ee -> 
  custom:scripting/monoscript/fileName/FancyGridViewContext.cs: 8738476657d4a33c34bc82bed7ce8bc9 -> 
  custom:scripting/monoscript/fileName/MinMaxValues.cs: 4aa11a61e640749f4ea5f947f86be5ba -> 
  custom:scripting/monoscript/fileName/CardExpanding3D.cs: d8b2b9924677ad2b445b05edbed7f0e3 -> 
  custom:scripting/monoscript/fileName/MinMaxSliderEditor.cs: e0496a7f76fc8934af2a763a7289ad36 -> 
  custom:scripting/monoscript/fileName/StepperSide.cs: 34d9a35c8c2622f327b140f18a7398a7 -> 
  custom:scripting/monoscript/fileName/CUIGraphicEditor.cs: a618262d3e77d462c5a0cd2e608e8a53 -> 
  custom:scripting/monoscript/fileName/DropDownList.cs: 3d51ab81e9571c9027b59874b2c78567 -> 
  custom:scripting/monoscript/fileName/ITweenValue.cs: 1d0eaa4b435fa135e18af6b5fa57e92e -> 
  custom:container-demuxer-webm: 4f35f7cbe854078d1ac9338744f61a02 -> 
  custom:scripting/monoscript/fileName/CardExpanding2D.cs: e0950b450275cb3936a581f286a6b471 -> 
  custom:scripting/monoscript/fileName/ResetSelectableHighlight.cs: 3ea63487fd77e7b22731770a86b4f8b9 -> 
  custom:scripting/monoscript/fileName/UIScrollToSelection.cs: d89fc8e36bdc19715e3104a5f857d175 -> 
  custom:scripting/monoscript/fileName/IScrollSnap.cs: 80b4110dac6695d630b8e7501d8e5aa8 -> 
  custom:scripting/monoscript/fileName/SegmentedControl.cs: 3a6e53207de58cf304ab520e0638e2df -> 
  custom:scripting/monoscript/fileName/ColorSampler.cs: 617678b91f4adc7b3146f51bed3fc4b1 -> 
  custom:scripting/monoscript/fileName/TabNavigationHelper.cs: 43f45dc623750048d2fbac24931c8ac8 -> 
  custom:scripting/monoscript/fileName/AutoCompleteComboBox.cs: 6e2e6cf33d4f5ca4ad3c05ff8f254467 -> 
  custom:scripting/monoscript/fileName/TextPicEditor.cs: c23216fe996c314d4c496ad837485981 -> 
  custom:scripting/monoscript/fileName/CUIMisc.cs: bc26c7f132f5cd28304cbc88070ca4dc -> 
  custom:scripting/monoscript/fileName/UIAdditiveEffect.cs: 50386f7d7d76f5c5e155dbf56c5e5fdd -> 
  custom:scripting/monoscript/fileName/MonoSpacing.cs: 45ba6bf376dd125375a8906a7d8b8b4b -> 
  custom:scripting/monoscript/fileName/FloatTween.cs: c51b551f6abec506d0db9945f7aa25cc -> 
  custom:scripting/monoscript/fileName/BoxSlider.cs: 662335e935a62641f6cb14e99e25e994 -> 
  custom:scripting/monoscript/fileName/BezierLineRendererEditor.cs: 2a50098be424d999e43b888ace13278c -> 
  custom:scripting/monoscript/fileName/NonDrawingGraphic.cs: a309796f6d67e4c1c110ec62b4572b4e -> 
  custom:scripting/monoscript/fileName/ScrollPositionController.cs: 30c392a65a277a4a74b1a6f1a3417601 -> 
  custom:scripting/monoscript/fileName/ContentScrollSnapHorizontal.cs: cb0bf043572062ce08b48904f46c98c8 -> 
  custom:scripting/monoscript/fileName/Triangulator.cs: 4ee9f09ca55767568ee94c9eaaed7244 -> d867a9a7a8385ef82ff357feb70c59d4
  custom:scripting/monoscript/fileName/UIImageCrop.cs: 1ec5d1f18ccf3bbe8ea319cda00ecfbc -> 
  custom:scripting/monoscript/fileName/BoxSliderEditor.cs: 9c680a5a338924fb176605eed0f68a75 -> 
  custom:scripting/monoscript/fileName/FancyScrollView.cs: c5f9c64ec4b4e183b17919204bc381a9 -> 
  custom:scripting/monoscript/fileName/BezierPath.cs: 90cbb6f823f7a03c69c93b3e1653c45e -> 
  custom:scripting/monoscript/fileName/SuperellipsePoints.cs: db2a1c9698f2dea478e1d6bfece554ae -> 
  custom:scripting/monoscript/fileName/UI_Knob.cs: 00244fb2be3e9e1f5ec3a07f175066a9 -> 
  custom:container-muxer-webm: aa71ff27fc2769a1b78a27578f13a17b -> 
  custom:scripting/monoscript/fileName/RaycastMask.cs: b13971e6a124c25b886c6703ae2aab24 -> 
  custom:scripting/monoscript/fileName/MultiTouchScrollRect.cs: 3a778993ea01435b2502c14ea2b2ff98 -> 
  custom:video-decoder-webm-vp8: 9c59270c3fd7afecdb556c50c9e8de78 -> 
  custom:scripting/monoscript/fileName/InputFieldEnterSubmit.cs: cdd5149b8afb8dc59ad57cc53ad8fb3b -> 
  custom:scripting/monoscript/fileName/ExampleSelectable.cs: 8dc7a8cd606154e7d10bb507e235c1f8 -> 
  custom:scripting/monoscript/fileName/uGUITools.cs: aa32797d8a9cdcd2167b6be114b0d5ec -> 
  custom:scripting/monoscript/fileName/UILinearDodgeEffect.cs: f5508d2f3f6addba614d4c08275f4546 -> 
  custom:SearchIndexIgnoredProperties: e643bd26f0fe6173181afceb89e7c659 -> 
  custom:scripting/monoscript/fileName/EasingCore.cs: 0bad7e894488e9b67256d892a478aab1 -> 
  custom:scripting/monoscript/fileName/Stepper.cs: 3ee1a56034750815f9c567b6c54fbbb8 -> 
  custom:scripting/monoscript/fileName/UIPrimitiveBase.cs: 80a945e915822efd5c887ee28f76aa9f -> 
  custom:AudioImporter_EditorPlatform: d09bf68614088b80899f8185d706f6e7 -> 
  custom:scripting/monoscript/fileName/LetterSpacing.cs: c4f4c504ac9c0b708c438c8a0faf6a96 -> 
  custom:scripting/monoscript/fileName/UISquircle.cs: faaa67841792f2c90a13db82841ac6e3 -> 
  custom:scripting/monoscript/fileName/RangeSlider.cs: 026cea0882c5bbc90f7cedc5111cfeb2 -> 
  custom:scripting/monoscript/fileName/UIExtensionMethods.cs: 2621bff24acfb4ddb3b264b7553588d8 -> 
  custom:scripting/monoscript/fileName/UIVerticalScroller.cs: 3532ae0d4ba5f6e2c310cfec2c655a8c -> 
  custom:scripting/monoscript/fileName/ColorLabel.cs: 9a2d62e5e8f65400e4abc881023f36f7 -> 
  custom:scripting/monoscript/fileName/TooltipTrigger.cs: 546a7d73bc42b9e6f1fd03a7e07d7f29 -> 
  custom:scripting/monoscript/fileName/UIMultiplyEffect.cs: 29b6f1f4d98d9b61292d829c0030af4b -> 
  custom:scripting/monoscript/fileName/CardPopup2D.cs: ac929914b8675b3ff1238ddb1cc99789 -> 
  custom:scripting/monoscript/fileName/ScrollSnapScrollbarHelper.cs: d6b043fd7048156ea2ef4da9da4a0a51 -> 
  custom:scripting/monoscript/fileName/HoverTooltip.cs: abdf0400bdf15bb8fdc0bc4d5ecc993f -> 
  custom:scripting/monoscript/fileName/ColorImage.cs: 87dea3e9bf43c94e295d4fa411046c66 -> 
  custom:scripting/monoscript/fileName/FancyScrollRectContext.cs: 9e5d4d8665c04a1190a3fc52908244b0 -> 
  custom:scripting/monoscript/fileName/TextPicIconEditor.cs: 1f41560011fcb93d03be374d10238c0c -> 
  custom:scripting/monoscript/fileName/UI_InfiniteScroll.cs: f7518bdb5ccbb5518282b9c860eef985 -> 
  custom:scripting/monoscript/fileName/UIExtensionsMenuOptions.cs: 25d3bc76bdcc7be45d732e8f064ec6a7 -> 
  custom:scripting/monoscript/fileName/ReadOnlyAttribute.cs: 604ae8fbc27d6402b88ac08f1987318f -> 
  custom:scripting/monoscript/fileName/UICircle.cs: e40253d6117a9fbea82cc285a7e8a36e -> 
  custom:scripting/monoscript/fileName/UIScrollToSelectionXY.cs: 8145d21a6ef6f8610242d2ba291595b9 -> 
  custom:scripting/monoscript/fileName/CUITextEditor.cs: 966cced0a631446b9484c2fe777a7f5b -> 
  custom:scripting/precompiled-assembly-types:UnityUIExtensions.editor: e002030e6fc012878af160bb334541ad -> 
  custom:scripting/monoscript/fileName/TweenRunner.cs: 90647cc400823b41df847a6cbfc29026 -> 
  custom:scripting/monoscript/fileName/UIHorizontalScroller.cs: 758f016ad67e22eff0f26468f408f006 -> 
  custom:scripting/monoscript/fileName/ReturnKeyTriggersButton.cs: 622f27a1a5fce3f8fe14f0fe6c6b39b5 -> 
  custom:scripting/monoscript/fileName/FancyGridViewCell.cs: 0cdf409b5aa8d4c25876d72b5c6a3b60 -> 
  custom:scripting/monoscript/fileName/Scroller.cs: 94938ad1cd7c20206a0339e3bd7f3330 -> 
  custom:scripting/monoscript/fileName/CylinderText.cs: 86c073c10ed890f8e108be86fb350e35 -> 
  custom:scripting/monoscript/fileName/ColorPickerPresets.cs: d20309ac183a87fd46c2e0a03ba5bdef -> 
  custom:scripting/monoscript/fileName/RadialSlider.cs: 24542b53b379116a4f98bb53a64e13b8 -> 
  custom:scripting/monoscript/fileName/PPIViewer.cs: 5269fbe050022d597b2ceba1b1d4cbae -> 
  custom:scripting/monoscript/fileName/InputFocus.cs: 6a5a3b184038cb5e7dbe4882c96bc91b -> 
  custom:scripting/monoscript/fileName/CUIBezierCurve.cs: 32214df0cb137de9f4967269deffb6f3 -> 
  custom:scripting/monoscript/fileName/DropDownListItem.cs: 91c61fd79335f34fb81e114553bf8888 -> 
  custom:scripting/monoscript/fileName/UIFlippable.cs: 9c843e180ea4b6afe9c1ba071336e124 -> 
  custom:scripting/monoscript/fileName/CanvasGroupActivator.cs: f743e9c6e47b0eb8c0b7b2fbf9f7de19 -> 
  custom:scripting/monoscript/fileName/UIWindowBase.cs: 776e605614a77fffd4e0147c8e684e94 -> 
  custom:video-encoder-webm-vp8: eb34c28f22e8b96e1ab97ce403110664 -> 
  custom:scripting/monoscript/fileName/ScrollPositionControllerEditor.cs: fb86570a90d8d5b779234b7f103e1b51 -> 
  custom:scripting/monoscript/fileName/CurvedLayout.cs: 46917779e317aa4a214ea430689de312 -> 
  custom:scripting/monoscript/fileName/ScrollConflictManager.cs: 1a474b2432b80a8b7211f13c79bb991c -> 
  custom:scripting/monoscript/fileName/ReadOnlyDrawer.cs: 1c0aa6472b8e40c24f66a5805d818994 -> 
  custom:audio-decoder-ogg-vorbis: bf7c407c2cedff20999df2af8eb42d56 -> 
  custom:scripting/monoscript/fileName/FancyGridView.cs: 849ed7f5b11c9db237ef61b01c5a5104 -> 
  custom:scripting/monoscript/fileName/CableCurve.cs: 1ed0592bfc80d3ca3db7b55e9a6e9d9a -> 
  custom:scripting/monoscript/fileName/PaginationManager.cs: b5c7a38e1c9bde92ca052679632bc9f1 -> 
  custom:scripting/monoscript/fileName/UILineTextureRenderer.cs: f3042185c83712ad42b2d6694b56f8d3 -> 
  custom:scripting/monoscript/fileName/MenuManager.cs: 8e71de17d45faf11b5ca3e63d3867170 -> 
  custom:scripting/monoscript/fileName/ColorPickerPresetsEditor.cs: 57bebb34d006d8305e8cd353ea00f28b -> 
  custom:scripting/monoscript/fileName/UI_MagneticInfiniteScroll.cs: 7f0db092e1c52c826e7ccbefe21fe7ce -> 
  custom:scripting/monoscript/fileName/ToolTip.cs: 2f05f936126a769ca9a98ef6920928a7 -> 
  custom:scripting/monoscript/fileName/TextPicRenameEditor.cs: b67a1588d964fe3ac177da9872e96689 -> 
  custom:scripting/monoscript/fileName/TestCompression.cs: 2a18178f72c1b3979b9006483863f20e -> 
  custom:scripting/monoscript/fileName/IFancyScrollRectContext.cs: 9c4dee0aef526d67eb0a668a1c9b910a -> 
  custom:scripting/monoscript/fileName/ColorChangedEvent.cs: bafb161b451089e6c72bcae877e0ba66 -> 
  custom:scripting/monoscript/fileName/BestFitOutline.cs: 2ec1c68346f5b721e3d92092cd60b278 -> 
  custom:scripting/monoscript/fileName/NonDrawingGraphicEditor.cs: 1e7abd1e1a4d3da38de70c6d38c19118 -> 
  custom:scripting/monoscript/fileName/HSVChangedEvent.cs: 8a0d7f505f4db7e267a03264293f54eb -> 
  custom:scripting/monoscript/fileName/CUIImageEditor.cs: 0be5a4365a8d65680f88c4d192e5254c -> 
  custom:scripting/monoscript/fileName/HorizontalScrollSnap.cs: 624447835d67a70d90ed2b7f69117316 -> 
  custom:scripting/monoscript/fileName/UI_TweenScale.cs: 50a18c41daf615d82dc37ef0e9dcea31 -> 
  custom:scripting/monoscript/fileName/BoundTooltipItem.cs: 12dc26af634677e40fd7840809357e6c -> 
  custom:scripting/monoscript/fileName/AccordionElement.cs: 69f1a7e537099cc57de9b6eaa86cef32 -> 
  custom:scripting/monoscript/fileName/UI_ScrollRectOcclusion.cs: 491f1c2592ac821eb8de9e533fddd4a9 -> 
  custom:scripting/monoscript/fileName/CUIBezierCurveEditor.cs: be4462c6de2387d5f99ef9d0e93b91ee -> 
  custom:scripting/monoscript/fileName/ColorSliderImage.cs: bbcbfbf23dc2f9fc5450db8f36b24487 -> 
  custom:scripting/monoscript/fileName/Accordion.cs: c31898dc7ffd6f7b32be5689419229bc -> 
  custom:scripting/monoscript/fileName/FancyCell.cs: 0cdf409b5aa8d4c25876d72b5c6a3b60 -> 
  custom:scripting/monoscript/fileName/ShineEffect.cs: 61d233269c4ea687efa548adef5d6e13 -> 
  custom:audio-encoder-webm-vorbis: bf7c407c2cedff20999df2af8eb42d56 -> 
  custom:scripting/monoscript/fileName/ScrollRectTweener.cs: 3437a8fb18bed84a45865e36e83e332f -> 
  custom:scripting/monoscript/fileName/MeshCreator.cs: a2506ad04bac2e5a6d6d50e0d7978d92 -> 
  custom:scripting/monoscript/fileName/UIPolygon.cs: ef7b3e02606f58c56a27e65db10bc7f3 -> 
  custom:scripting/monoscript/fileName/switchToRectTransform.cs: 0ef297259b7f2ab26defc1d718ad1e0a -> 
  custom:scripting/monoscript/fileName/UILineRendererList.cs: efbf4ff76c31aa3e4f61c8b26734d929 -> 
  custom:scripting/monoscript/fileName/CLZF2.cs: 40ef7bf6191a1a5e5b0f37e092e1b271 -> 
  custom:scripting/monoscript/fileName/SimpleMenu.cs: 90647cc400823b41df847a6cbfc29026 -> 
  custom:scripting/monoscript/fileName/RescalePanel.cs: a379a55181438e3b7a29019da8a3c82c -> 
  custom:scripting/monoscript/fileName/DragCorrector.cs: 89ab4a0369eecb75be2277a80a08c1e7 -> 
  custom:scripting/monoscript/fileName/RangeSliderEditor.cs: 1c09cdb4e75bc10f834bbae9a7b54e1e -> 
  custom:scripting/monoscript/fileName/FancyScrollRect.cs: 0cdf409b5aa8d4c25876d72b5c6a3b60 -> 
  custom:scripting/precompiled-assembly-types:Assembly-CSharp: b9b5c9d3acc78c4055756d16036d66ad -> d9898b08f7aa15a36c94fc52d0b7440b
  custom:scripting/monoscript/fileName/ReorderableList.cs: 944c8e214787d07461c711b29546f976 -> 
  custom:scripting/monoscript/fileName/RadialLayout.cs: 170f31c5fdb54a9fe7ba926effdfd7d4 -> 
  custom:scripting/monoscript/fileName/ColorSlider.cs: a91d06b853e0bf2d5df3ea61a67d5c83 -> 
  custom:scripting/monoscript/fileName/IFancyGridViewContext.cs: be7addf49e5950ebb654fec55c2afa8b -> 
  custom:scripting/precompiled-assembly-types:UnityUIExtensions: c0991a7eaf90618746e467e9e018bd04 -> 
  custom:scripting/monoscript/fileName/CUIGraphic.cs: 4f47fad340418bff51fe6171e2259e7f -> 
  custom:scripting/monoscript/fileName/IFancyCellGroupContext.cs: 323b5f49cc2011b3d2d9088e528ed161 -> 
  custom:scripting/monoscript/fileName/MinMaxSlider.cs: e7d98a511e8b98df33f72f37935821e5 -> 
  custom:scripting/monoscript/fileName/ColorPickerTester.cs: 63b6c03c009a94721b9d41c8d5e5e6ed -> 
========================================================================
Received Prepare
Caller must complete domain reload
Begin MonoManager ReloadAssembly
- Loaded All Assemblies, in  0.511 seconds
Native extension for WindowsStandalone target not found
Native extension for WebGL target not found
Mono: successfully reloaded assembly
- Finished resetting the current domain, in  1.110 seconds
Domain Reload Profiling: 1622ms
	BeginReloadAssembly (157ms)
		ExecutionOrderSort (0ms)
		DisableScriptedObjects (13ms)
		BackupInstance (0ms)
		ReleaseScriptingObjects (0ms)
		CreateAndSetChildDomain (33ms)
	RebuildCommonClasses (34ms)
	RebuildNativeTypeToScriptingClass (12ms)
	initialDomainReloadingComplete (30ms)
	LoadAllAssembliesAndSetupDomain (277ms)
		LoadAssemblies (339ms)
		RebuildTransferFunctionScriptingTraits (0ms)
		AnalyzeDomain (20ms)
			TypeCache.Refresh (7ms)
				TypeCache.ScanAssembly (0ms)
			ScanForSourceGeneratedMonoScriptInfo (0ms)
			ResolveRequiredComponents (12ms)
	FinalizeReload (1111ms)
		ReleaseScriptCaches (0ms)
		RebuildScriptCaches (0ms)
		SetupLoadedEditorAssemblies (455ms)
			LogAssemblyErrors (0ms)
			InitializePlatformSupportModulesInManaged (6ms)
			SetLoadedEditorAssemblies (6ms)
			RefreshPlugins (0ms)
			BeforeProcessingInitializeOnLoad (76ms)
			ProcessInitializeOnLoadAttributes (332ms)
			ProcessInitializeOnLoadMethodAttributes (32ms)
			AfterProcessingInitializeOnLoad (3ms)
			EditorAssembliesLoaded (0ms)
		ExecutionOrderSort2 (0ms)
		AwakeInstancesAfterBackupRestoration (14ms)
Refreshing native plugins compatible for Editor in 9.70 ms, found 7 plugins.
Preloading 0 native plugins for Editor in 0.00 ms.
Unloading 4456 Unused Serialized files (Serialized files now loaded: 0)
Unloading 44 unused Assets / (0.7 MB). Loaded Objects now: 5295.
Memory consumption went from 158.3 MB to 157.6 MB.
Total: 4.007600 ms (FindLiveObjects: 0.423100 ms CreateObjectMapping: 0.158400 ms MarkObjects: 2.869300 ms  DeleteObjects: 0.555700 ms)

Prepare: number of updated asset objects reloaded= 0
AssetImportParameters requested are different than current active one (requested -> active):
  custom:scripting/monoscript/fileName/CardStack2D.cs: 52f7ac406c04f320c1cc31b32fc945ec -> 
  custom:scripting/monoscript/fileName/UILineRendererFIFO.cs: 1a840d7d842445f62c20beee85a5bbc5 -> 
  custom:scripting/monoscript/fileName/FlowLayoutGroup.cs: 4f8c51e99186127173631d5ea0b848a8 -> 
  custom:scripting/monoscript/fileName/UIParticleSystem.cs: 6cef203566a0c9333597e4e233613614 -> 
  custom:scripting/monoscript/fileName/UILineRenderer.cs: 673f1b621ab4781ac78770b1b3c45207 -> 
  custom:scripting/monoscript/fileName/TableLayoutGroup.cs: 9697d88a99d4c91003d206b86eed3a61 -> 
  custom:scripting/monoscript/fileName/Segment.cs: 823b994f6bbb6e32f73e9807948df6b3 -> 
  custom:container-demuxer-ogg: 62fdf1f143b41e24485cea50d1cbac27 -> 
  custom:scripting/monoscript/fileName/SelectionBox.cs: 9eabc2822607d24d284c5c0d720d4a01 -> 
  custom:scripting/monoscript/fileName/ReorderableListContent.cs: a630238339e5f198f723ac29a2329f6d -> 
  custom:scripting/monoscript/fileName/Menu.cs: d0a2652908e797d4064ef9b772450cc8 -> 
  custom:scripting/monoscript/fileName/SetPropertyUtility.cs: 02aade692758e5563210cc05829e9851 -> f604b4b9e6b0979bdfc1e2b40426dd19
  custom:scripting/monoscript/fileName/HSVUtil.cs: 2f204c7a89b046fae714aadbcda42851 -> 
  custom:scripting/monoscript/fileName/FancyCellGroup.cs: 90647cc400823b41df847a6cbfc29026 -> 
  custom:scripting/monoscript/fileName/RescaleDragPanel.cs: 428e5a10a21f2d3fc3805557487d591e -> 
  custom:scripting/monoscript/fileName/ExtensionsToggleGroup.cs: 93967f93faef61aecdca9232fa42b062 -> 
  custom:scripting/monoscript/fileName/ResizePanel.cs: 0a2d1269c62cba913a254b515f8b6020 -> 
  custom:scripting/monoscript/fileName/Circle.cs: cfc2369c92dd039be7c3f572f769fdcf -> 
  custom:scripting/monoscript/fileName/ShaderLibrary.cs: 7a09676978959734a6827051c965f749 -> 
  custom:scripting/monoscript/fileName/CurvedText.cs: c86aabacdca275700720e919fc8a8b52 -> 
  custom:scripting/monoscript/fileName/FancyScrollRectCell.cs: 0cdf409b5aa8d4c25876d72b5c6a3b60 -> 
  custom:scripting/monoscript/fileName/Gradient.cs: a4c2a5a25440c543cd82653fda832632 -> 
  custom:scripting/monoscript/fileName/ScrollSnapBase.cs: 3682088473625968e7b4647a6b4213f6 -> 
  custom:scripting/monoscript/fileName/CUIText.cs: 0be1a405bc9388e4813a74aad6018bec -> 
  custom:scripting/monoscript/fileName/BoundTooltipTrigger.cs: e78e2ee612ba85e075ab794a5cb95e73 -> 
  custom:scripting/monoscript/fileName/UIHighlightable.cs: fd305ad78204cb75a66ce809c3f50e6a -> 
  custom:video-codec-MediaFoundation-h265: 746d11721c4dcdbdad8f713fa42b33f4 -> 
  custom:scripting/monoscript/fileName/UIExtensionsInputManager.cs: 6f468ddae971c3bcce0288549c1beabd -> 
  custom:scripting/monoscript/fileName/Gradient2.cs: 9c1fd6257924e43a80b8fccb859d3828 -> 
  custom:scripting/monoscript/fileName/CooldownButton.cs: 72bd21b90ac71f29908a36179176f8fc -> 
  custom:video-decoder-ogg-theora: a1e56fd34408186e4bbccfd4996cb3dc -> 
  custom:scripting/monoscript/fileName/TileSizeFitter.cs: ba6326e335b6f177a627b992c444832c -> 
  custom:scripting/monoscript/fileName/SelectableScaler.cs: 3ebe175d64b38a572f8dbe8fd345f0c3 -> 
  custom:scripting/monoscript/fileName/AccordionElementEditor.cs: db5ee9b2cff22578a12a4d141614d665 -> 
  custom:scripting/monoscript/fileName/ExtensionsToggle.cs: e0b44aa7e1ff973d74b4857a34a48879 -> 
  custom:scripting/monoscript/fileName/ReorderableListElement.cs: 788a31431a1c95dc9a9a52767f8e812f -> 
  custom:scripting/monoscript/fileName/ShineEffector.cs: 52ed4eb6c7ed8f674a18d2a4db6eba86 -> 
  custom:scripting/monoscript/fileName/UISelectableExtension.cs: b6766007d8a2236e23d4749da2d8cdd2 -> 
  custom:framework-win-MediaFoundation: 216162199b28c13a410421893ffa2e32 -> 
  custom:scripting/monoscript/fileName/UISoftAdditiveEffect.cs: 30a825933c907dec19605ff2f58a292f -> 
  custom:scripting/monoscript/fileName/HexColorField.cs: 425eeca1ce4159bc649962b2337061a4 -> 
  custom:scripting/monoscript/fileName/ColorPickerControl.cs: 97231f899ae243cc634f34e048c22095 -> 
  custom:scripting/monoscript/fileName/ReorderableListDebug.cs: 51cf5a188c464deb681bea16cb795b61 -> 
  custom:scripting/monoscript/fileName/TextPic.cs: 9dbd7bc654cbf19eee33ac6fc452bfb1 -> 
  custom:scripting/monoscript/fileName/CUIImage.cs: 41f29f650aa507f802cd9793d91f3211 -> 
  custom:scripting/monoscript/fileName/DropDownListButton.cs: 71d533f2602e0e099d09a556ef8e4414 -> 
  custom:scripting/monoscript/fileName/ScrollSnap.cs: c5ae67ed5cc8c0ab1f7496803acc2648 -> 
  custom:scripting/monoscript/fileName/TextPicIconListCopier.cs: a564a2a474c019b98650cff2383ccfca -> 
  custom:scripting/monoscript/fileName/UICornerCut.cs: 69b0dfb485aa2b1afa65fcf30028125b -> 
  custom:scripting/monoscript/fileName/ScrollerEditor.cs: 478519b80ad2bc62d4a4b80ae078e694 -> 
  custom:scripting/monoscript/fileName/IBoxSelectable.cs: a5bf39a694cf2b84c65e7bec998d4941 -> 
  custom:scripting/monoscript/fileName/TiltWindow.cs: 7c3356d1b5bc9c6e9fe98345b0be7c30 -> 
  custom:scripting/monoscript/fileName/ExtensionMethods.cs: 943bd8dac5ce9467ce7deb0856dc6b0a -> 
  custom:scripting/monoscript/fileName/ComboBox.cs: a6ca48dde827ff07a9093f3624d58e62 -> 
  custom:scripting/monoscript/fileName/ScrollRectLinker.cs: 0316116e17d192ca2ef7c97539dff50f -> 
  custom:scripting/monoscript/fileName/SVBoxSlider.cs: 1d22c9c16d63e1cf38ad19bbcec9a0da -> 
  custom:scripting/monoscript/fileName/VerticalScrollSnap.cs: a7ebcf1fac8331e70ee01e540cbe484b -> 
  custom:scripting/monoscript/fileName/UILineConnector.cs: ea5f69a32957fe35ae7b512ef3f758ef -> 
  custom:scripting/monoscript/fileName/UIScreenEffect.cs: c36542c529d1f733362556ab22c18bf9 -> 
  custom:scripting/monoscript/fileName/SoftMaskScript.cs: 867049fb2647c9983fb1391409f93d30 -> 
  custom:scripting/monoscript/fileName/DiamondGraph.cs: a01b647a54847840428a395cc0d6fc16 -> 
  custom:scripting/monoscript/fileName/ScrollRectEx.cs: 3f6a881a34055e182fee3ab0baaee0c3 -> 
  custom:scripting/monoscript/fileName/UIGridRenderer.cs: 04c0062f4b7cdd6963fdba9ae03d9c72 -> 
  custom:scripting/monoscript/fileName/NicerOutline.cs: 571a7c7c4af4ebadc9fed23f0c3b0b46 -> 
  custom:CustomObjectIndexerAttribute: 9a22284fe3817be447336de3de66b15e -> 
  custom:scripting/monoscript/fileName/ScrollRectExtensions.cs: c76cb840404ffa9bc24248639e9da4ee -> 
  custom:scripting/monoscript/fileName/FancyGridViewContext.cs: 8738476657d4a33c34bc82bed7ce8bc9 -> 
  custom:scripting/monoscript/fileName/MinMaxValues.cs: 4aa11a61e640749f4ea5f947f86be5ba -> 
  custom:scripting/monoscript/fileName/CardExpanding3D.cs: d8b2b9924677ad2b445b05edbed7f0e3 -> 
  custom:scripting/monoscript/fileName/MinMaxSliderEditor.cs: e0496a7f76fc8934af2a763a7289ad36 -> 
  custom:scripting/monoscript/fileName/StepperSide.cs: 34d9a35c8c2622f327b140f18a7398a7 -> 
  custom:scripting/monoscript/fileName/CUIGraphicEditor.cs: a618262d3e77d462c5a0cd2e608e8a53 -> 
  custom:scripting/monoscript/fileName/DropDownList.cs: 3d51ab81e9571c9027b59874b2c78567 -> 
  custom:scripting/monoscript/fileName/ITweenValue.cs: 1d0eaa4b435fa135e18af6b5fa57e92e -> 
  custom:container-demuxer-webm: 4f35f7cbe854078d1ac9338744f61a02 -> 
  custom:scripting/monoscript/fileName/CardExpanding2D.cs: e0950b450275cb3936a581f286a6b471 -> 
  custom:scripting/monoscript/fileName/ResetSelectableHighlight.cs: 3ea63487fd77e7b22731770a86b4f8b9 -> 
  custom:scripting/monoscript/fileName/UIScrollToSelection.cs: d89fc8e36bdc19715e3104a5f857d175 -> 
  custom:scripting/monoscript/fileName/IScrollSnap.cs: 80b4110dac6695d630b8e7501d8e5aa8 -> 
  custom:scripting/monoscript/fileName/SegmentedControl.cs: 3a6e53207de58cf304ab520e0638e2df -> 
  custom:scripting/monoscript/fileName/ColorSampler.cs: 617678b91f4adc7b3146f51bed3fc4b1 -> 
  custom:scripting/monoscript/fileName/TabNavigationHelper.cs: 43f45dc623750048d2fbac24931c8ac8 -> 
  custom:scripting/monoscript/fileName/AutoCompleteComboBox.cs: 6e2e6cf33d4f5ca4ad3c05ff8f254467 -> 
  custom:scripting/monoscript/fileName/TextPicEditor.cs: c23216fe996c314d4c496ad837485981 -> 
  custom:scripting/monoscript/fileName/CUIMisc.cs: bc26c7f132f5cd28304cbc88070ca4dc -> 
  custom:scripting/monoscript/fileName/UIAdditiveEffect.cs: 50386f7d7d76f5c5e155dbf56c5e5fdd -> 
  custom:scripting/monoscript/fileName/MonoSpacing.cs: 45ba6bf376dd125375a8906a7d8b8b4b -> 
  custom:scripting/monoscript/fileName/FloatTween.cs: c51b551f6abec506d0db9945f7aa25cc -> 
  custom:scripting/monoscript/fileName/BoxSlider.cs: 662335e935a62641f6cb14e99e25e994 -> 
  custom:scripting/monoscript/fileName/BezierLineRendererEditor.cs: 2a50098be424d999e43b888ace13278c -> 
  custom:scripting/monoscript/fileName/NonDrawingGraphic.cs: a309796f6d67e4c1c110ec62b4572b4e -> 
  custom:scripting/monoscript/fileName/ScrollPositionController.cs: 30c392a65a277a4a74b1a6f1a3417601 -> 
  custom:scripting/monoscript/fileName/ContentScrollSnapHorizontal.cs: cb0bf043572062ce08b48904f46c98c8 -> 
  custom:scripting/monoscript/fileName/Triangulator.cs: 4ee9f09ca55767568ee94c9eaaed7244 -> d867a9a7a8385ef82ff357feb70c59d4
  custom:scripting/monoscript/fileName/UIImageCrop.cs: 1ec5d1f18ccf3bbe8ea319cda00ecfbc -> 
  custom:scripting/monoscript/fileName/BoxSliderEditor.cs: 9c680a5a338924fb176605eed0f68a75 -> 
  custom:scripting/monoscript/fileName/FancyScrollView.cs: c5f9c64ec4b4e183b17919204bc381a9 -> 
  custom:scripting/monoscript/fileName/BezierPath.cs: 90cbb6f823f7a03c69c93b3e1653c45e -> 
  custom:scripting/monoscript/fileName/SuperellipsePoints.cs: db2a1c9698f2dea478e1d6bfece554ae -> 
  custom:scripting/monoscript/fileName/UI_Knob.cs: 00244fb2be3e9e1f5ec3a07f175066a9 -> 
  custom:container-muxer-webm: aa71ff27fc2769a1b78a27578f13a17b -> 
  custom:scripting/monoscript/fileName/RaycastMask.cs: b13971e6a124c25b886c6703ae2aab24 -> 
  custom:scripting/monoscript/fileName/MultiTouchScrollRect.cs: 3a778993ea01435b2502c14ea2b2ff98 -> 
  custom:video-decoder-webm-vp8: 9c59270c3fd7afecdb556c50c9e8de78 -> 
  custom:scripting/monoscript/fileName/InputFieldEnterSubmit.cs: cdd5149b8afb8dc59ad57cc53ad8fb3b -> 
  custom:scripting/monoscript/fileName/ExampleSelectable.cs: 8dc7a8cd606154e7d10bb507e235c1f8 -> 
  custom:scripting/monoscript/fileName/uGUITools.cs: aa32797d8a9cdcd2167b6be114b0d5ec -> 
  custom:scripting/monoscript/fileName/UILinearDodgeEffect.cs: f5508d2f3f6addba614d4c08275f4546 -> 
  custom:SearchIndexIgnoredProperties: e643bd26f0fe6173181afceb89e7c659 -> 
  custom:scripting/monoscript/fileName/EasingCore.cs: 0bad7e894488e9b67256d892a478aab1 -> 
  custom:scripting/monoscript/fileName/Stepper.cs: 3ee1a56034750815f9c567b6c54fbbb8 -> 
  custom:scripting/monoscript/fileName/UIPrimitiveBase.cs: 80a945e915822efd5c887ee28f76aa9f -> 
  custom:AudioImporter_EditorPlatform: d09bf68614088b80899f8185d706f6e7 -> 
  custom:scripting/monoscript/fileName/LetterSpacing.cs: c4f4c504ac9c0b708c438c8a0faf6a96 -> 
  custom:scripting/monoscript/fileName/UISquircle.cs: faaa67841792f2c90a13db82841ac6e3 -> 
  custom:scripting/monoscript/fileName/RangeSlider.cs: 026cea0882c5bbc90f7cedc5111cfeb2 -> 
  custom:scripting/monoscript/fileName/UIExtensionMethods.cs: 2621bff24acfb4ddb3b264b7553588d8 -> 
  custom:scripting/monoscript/fileName/UIVerticalScroller.cs: 3532ae0d4ba5f6e2c310cfec2c655a8c -> 
  custom:scripting/monoscript/fileName/ColorLabel.cs: 9a2d62e5e8f65400e4abc881023f36f7 -> 
  custom:scripting/monoscript/fileName/TooltipTrigger.cs: 546a7d73bc42b9e6f1fd03a7e07d7f29 -> 
  custom:scripting/monoscript/fileName/UIMultiplyEffect.cs: 29b6f1f4d98d9b61292d829c0030af4b -> 
  custom:scripting/monoscript/fileName/CardPopup2D.cs: ac929914b8675b3ff1238ddb1cc99789 -> 
  custom:scripting/monoscript/fileName/ScrollSnapScrollbarHelper.cs: d6b043fd7048156ea2ef4da9da4a0a51 -> 
  custom:scripting/monoscript/fileName/HoverTooltip.cs: abdf0400bdf15bb8fdc0bc4d5ecc993f -> 
  custom:scripting/monoscript/fileName/ColorImage.cs: 87dea3e9bf43c94e295d4fa411046c66 -> 
  custom:scripting/monoscript/fileName/FancyScrollRectContext.cs: 9e5d4d8665c04a1190a3fc52908244b0 -> 
  custom:scripting/monoscript/fileName/TextPicIconEditor.cs: 1f41560011fcb93d03be374d10238c0c -> 
  custom:scripting/monoscript/fileName/UI_InfiniteScroll.cs: f7518bdb5ccbb5518282b9c860eef985 -> 
  custom:scripting/monoscript/fileName/UIExtensionsMenuOptions.cs: 25d3bc76bdcc7be45d732e8f064ec6a7 -> 
  custom:scripting/monoscript/fileName/ReadOnlyAttribute.cs: 604ae8fbc27d6402b88ac08f1987318f -> 
  custom:scripting/monoscript/fileName/UICircle.cs: e40253d6117a9fbea82cc285a7e8a36e -> 
  custom:scripting/monoscript/fileName/UIScrollToSelectionXY.cs: 8145d21a6ef6f8610242d2ba291595b9 -> 
  custom:scripting/monoscript/fileName/CUITextEditor.cs: 966cced0a631446b9484c2fe777a7f5b -> 
  custom:scripting/precompiled-assembly-types:UnityUIExtensions.editor: e002030e6fc012878af160bb334541ad -> 
  custom:scripting/monoscript/fileName/TweenRunner.cs: 90647cc400823b41df847a6cbfc29026 -> 
  custom:scripting/monoscript/fileName/UIHorizontalScroller.cs: 758f016ad67e22eff0f26468f408f006 -> 
  custom:scripting/monoscript/fileName/ReturnKeyTriggersButton.cs: 622f27a1a5fce3f8fe14f0fe6c6b39b5 -> 
  custom:scripting/monoscript/fileName/FancyGridViewCell.cs: 0cdf409b5aa8d4c25876d72b5c6a3b60 -> 
  custom:scripting/monoscript/fileName/Scroller.cs: 94938ad1cd7c20206a0339e3bd7f3330 -> 
  custom:scripting/monoscript/fileName/CylinderText.cs: 86c073c10ed890f8e108be86fb350e35 -> 
  custom:scripting/monoscript/fileName/ColorPickerPresets.cs: d20309ac183a87fd46c2e0a03ba5bdef -> 
  custom:scripting/monoscript/fileName/RadialSlider.cs: 24542b53b379116a4f98bb53a64e13b8 -> 
  custom:scripting/monoscript/fileName/PPIViewer.cs: 5269fbe050022d597b2ceba1b1d4cbae -> 
  custom:scripting/monoscript/fileName/InputFocus.cs: 6a5a3b184038cb5e7dbe4882c96bc91b -> 
  custom:scripting/monoscript/fileName/CUIBezierCurve.cs: 32214df0cb137de9f4967269deffb6f3 -> 
  custom:scripting/monoscript/fileName/DropDownListItem.cs: 91c61fd79335f34fb81e114553bf8888 -> 
  custom:scripting/monoscript/fileName/UIFlippable.cs: 9c843e180ea4b6afe9c1ba071336e124 -> 
  custom:scripting/monoscript/fileName/CanvasGroupActivator.cs: f743e9c6e47b0eb8c0b7b2fbf9f7de19 -> 
  custom:scripting/monoscript/fileName/UIWindowBase.cs: 776e605614a77fffd4e0147c8e684e94 -> 
  custom:video-encoder-webm-vp8: eb34c28f22e8b96e1ab97ce403110664 -> 
  custom:scripting/monoscript/fileName/ScrollPositionControllerEditor.cs: fb86570a90d8d5b779234b7f103e1b51 -> 
  custom:scripting/monoscript/fileName/CurvedLayout.cs: 46917779e317aa4a214ea430689de312 -> 
  custom:scripting/monoscript/fileName/ScrollConflictManager.cs: 1a474b2432b80a8b7211f13c79bb991c -> 
  custom:scripting/monoscript/fileName/ReadOnlyDrawer.cs: 1c0aa6472b8e40c24f66a5805d818994 -> 
  custom:audio-decoder-ogg-vorbis: bf7c407c2cedff20999df2af8eb42d56 -> 
  custom:scripting/monoscript/fileName/FancyGridView.cs: 849ed7f5b11c9db237ef61b01c5a5104 -> 
  custom:scripting/monoscript/fileName/CableCurve.cs: 1ed0592bfc80d3ca3db7b55e9a6e9d9a -> 
  custom:scripting/monoscript/fileName/PaginationManager.cs: b5c7a38e1c9bde92ca052679632bc9f1 -> 
  custom:scripting/monoscript/fileName/UILineTextureRenderer.cs: f3042185c83712ad42b2d6694b56f8d3 -> 
  custom:scripting/monoscript/fileName/MenuManager.cs: 8e71de17d45faf11b5ca3e63d3867170 -> 
  custom:scripting/monoscript/fileName/ColorPickerPresetsEditor.cs: 57bebb34d006d8305e8cd353ea00f28b -> 
  custom:scripting/monoscript/fileName/UI_MagneticInfiniteScroll.cs: 7f0db092e1c52c826e7ccbefe21fe7ce -> 
  custom:scripting/monoscript/fileName/ToolTip.cs: 2f05f936126a769ca9a98ef6920928a7 -> 
  custom:scripting/monoscript/fileName/TextPicRenameEditor.cs: b67a1588d964fe3ac177da9872e96689 -> 
  custom:scripting/monoscript/fileName/TestCompression.cs: 2a18178f72c1b3979b9006483863f20e -> 
  custom:scripting/monoscript/fileName/IFancyScrollRectContext.cs: 9c4dee0aef526d67eb0a668a1c9b910a -> 
  custom:scripting/monoscript/fileName/ColorChangedEvent.cs: bafb161b451089e6c72bcae877e0ba66 -> 
  custom:scripting/monoscript/fileName/BestFitOutline.cs: 2ec1c68346f5b721e3d92092cd60b278 -> 
  custom:scripting/monoscript/fileName/NonDrawingGraphicEditor.cs: 1e7abd1e1a4d3da38de70c6d38c19118 -> 
  custom:scripting/monoscript/fileName/HSVChangedEvent.cs: 8a0d7f505f4db7e267a03264293f54eb -> 
  custom:scripting/monoscript/fileName/CUIImageEditor.cs: 0be5a4365a8d65680f88c4d192e5254c -> 
  custom:scripting/monoscript/fileName/HorizontalScrollSnap.cs: 624447835d67a70d90ed2b7f69117316 -> 
  custom:scripting/monoscript/fileName/UI_TweenScale.cs: 50a18c41daf615d82dc37ef0e9dcea31 -> 
  custom:scripting/monoscript/fileName/BoundTooltipItem.cs: 12dc26af634677e40fd7840809357e6c -> 
  custom:scripting/monoscript/fileName/AccordionElement.cs: 69f1a7e537099cc57de9b6eaa86cef32 -> 
  custom:scripting/monoscript/fileName/UI_ScrollRectOcclusion.cs: 491f1c2592ac821eb8de9e533fddd4a9 -> 
  custom:scripting/monoscript/fileName/CUIBezierCurveEditor.cs: be4462c6de2387d5f99ef9d0e93b91ee -> 
  custom:scripting/monoscript/fileName/ColorSliderImage.cs: bbcbfbf23dc2f9fc5450db8f36b24487 -> 
  custom:scripting/monoscript/fileName/Accordion.cs: c31898dc7ffd6f7b32be5689419229bc -> 
  custom:scripting/monoscript/fileName/FancyCell.cs: 0cdf409b5aa8d4c25876d72b5c6a3b60 -> 
  custom:scripting/monoscript/fileName/ShineEffect.cs: 61d233269c4ea687efa548adef5d6e13 -> 
  custom:audio-encoder-webm-vorbis: bf7c407c2cedff20999df2af8eb42d56 -> 
  custom:scripting/monoscript/fileName/ScrollRectTweener.cs: 3437a8fb18bed84a45865e36e83e332f -> 
  custom:scripting/monoscript/fileName/MeshCreator.cs: a2506ad04bac2e5a6d6d50e0d7978d92 -> 
  custom:scripting/monoscript/fileName/UIPolygon.cs: ef7b3e02606f58c56a27e65db10bc7f3 -> 
  custom:scripting/monoscript/fileName/switchToRectTransform.cs: 0ef297259b7f2ab26defc1d718ad1e0a -> 
  custom:scripting/monoscript/fileName/UILineRendererList.cs: efbf4ff76c31aa3e4f61c8b26734d929 -> 
  custom:scripting/monoscript/fileName/CLZF2.cs: 40ef7bf6191a1a5e5b0f37e092e1b271 -> 
  custom:scripting/monoscript/fileName/SimpleMenu.cs: 90647cc400823b41df847a6cbfc29026 -> 
  custom:scripting/monoscript/fileName/RescalePanel.cs: a379a55181438e3b7a29019da8a3c82c -> 
  custom:scripting/monoscript/fileName/DragCorrector.cs: 89ab4a0369eecb75be2277a80a08c1e7 -> 
  custom:scripting/monoscript/fileName/RangeSliderEditor.cs: 1c09cdb4e75bc10f834bbae9a7b54e1e -> 
  custom:scripting/monoscript/fileName/FancyScrollRect.cs: 0cdf409b5aa8d4c25876d72b5c6a3b60 -> 
  custom:scripting/precompiled-assembly-types:Assembly-CSharp: b9b5c9d3acc78c4055756d16036d66ad -> d9898b08f7aa15a36c94fc52d0b7440b
  custom:scripting/monoscript/fileName/ReorderableList.cs: 944c8e214787d07461c711b29546f976 -> 
  custom:scripting/monoscript/fileName/RadialLayout.cs: 170f31c5fdb54a9fe7ba926effdfd7d4 -> 
  custom:scripting/monoscript/fileName/ColorSlider.cs: a91d06b853e0bf2d5df3ea61a67d5c83 -> 
  custom:scripting/monoscript/fileName/IFancyGridViewContext.cs: be7addf49e5950ebb654fec55c2afa8b -> 
  custom:scripting/precompiled-assembly-types:UnityUIExtensions: c0991a7eaf90618746e467e9e018bd04 -> 
  custom:scripting/monoscript/fileName/CUIGraphic.cs: 4f47fad340418bff51fe6171e2259e7f -> 
  custom:scripting/monoscript/fileName/IFancyCellGroupContext.cs: 323b5f49cc2011b3d2d9088e528ed161 -> 
  custom:scripting/monoscript/fileName/MinMaxSlider.cs: e7d98a511e8b98df33f72f37935821e5 -> 
  custom:scripting/monoscript/fileName/ColorPickerTester.cs: 63b6c03c009a94721b9d41c8d5e5e6ed -> 
========================================================================
Received Prepare
Caller must complete domain reload
Begin MonoManager ReloadAssembly
- Loaded All Assemblies, in  0.537 seconds
Native extension for WindowsStandalone target not found
Native extension for WebGL target not found
Mono: successfully reloaded assembly
- Finished resetting the current domain, in  1.131 seconds
Domain Reload Profiling: 1668ms
	BeginReloadAssembly (169ms)
		ExecutionOrderSort (0ms)
		DisableScriptedObjects (16ms)
		BackupInstance (0ms)
		ReleaseScriptingObjects (0ms)
		CreateAndSetChildDomain (34ms)
	RebuildCommonClasses (40ms)
	RebuildNativeTypeToScriptingClass (11ms)
	initialDomainReloadingComplete (32ms)
	LoadAllAssembliesAndSetupDomain (283ms)
		LoadAssemblies (337ms)
		RebuildTransferFunctionScriptingTraits (0ms)
		AnalyzeDomain (36ms)
			TypeCache.Refresh (10ms)
				TypeCache.ScanAssembly (0ms)
			ScanForSourceGeneratedMonoScriptInfo (15ms)
			ResolveRequiredComponents (10ms)
	FinalizeReload (1132ms)
		ReleaseScriptCaches (0ms)
		RebuildScriptCaches (0ms)
		SetupLoadedEditorAssemblies (488ms)
			LogAssemblyErrors (0ms)
			InitializePlatformSupportModulesInManaged (7ms)
			SetLoadedEditorAssemblies (5ms)
			RefreshPlugins (0ms)
			BeforeProcessingInitializeOnLoad (73ms)
			ProcessInitializeOnLoadAttributes (353ms)
			ProcessInitializeOnLoadMethodAttributes (46ms)
			AfterProcessingInitializeOnLoad (4ms)
			EditorAssembliesLoaded (1ms)
		ExecutionOrderSort2 (0ms)
		AwakeInstancesAfterBackupRestoration (25ms)
Refreshing native plugins compatible for Editor in 6.28 ms, found 7 plugins.
Preloading 0 native plugins for Editor in 0.00 ms.
Unloading 4456 Unused Serialized files (Serialized files now loaded: 0)
Unloading 44 unused Assets / (0.7 MB). Loaded Objects now: 5299.
Memory consumption went from 158.3 MB to 157.6 MB.
Total: 4.314000 ms (FindLiveObjects: 0.440300 ms CreateObjectMapping: 0.251900 ms MarkObjects: 3.062900 ms  DeleteObjects: 0.557300 ms)

Prepare: number of updated asset objects reloaded= 0
AssetImportParameters requested are different than current active one (requested -> active):
  custom:scripting/monoscript/fileName/CardStack2D.cs: 52f7ac406c04f320c1cc31b32fc945ec -> 
  custom:scripting/monoscript/fileName/UILineRendererFIFO.cs: 1a840d7d842445f62c20beee85a5bbc5 -> 
  custom:scripting/monoscript/fileName/FlowLayoutGroup.cs: 4f8c51e99186127173631d5ea0b848a8 -> 
  custom:scripting/monoscript/fileName/UIParticleSystem.cs: 6cef203566a0c9333597e4e233613614 -> 
  custom:scripting/monoscript/fileName/UILineRenderer.cs: 673f1b621ab4781ac78770b1b3c45207 -> 
  custom:scripting/monoscript/fileName/TableLayoutGroup.cs: 9697d88a99d4c91003d206b86eed3a61 -> 
  custom:scripting/monoscript/fileName/Segment.cs: 823b994f6bbb6e32f73e9807948df6b3 -> 
  custom:container-demuxer-ogg: 62fdf1f143b41e24485cea50d1cbac27 -> 
  custom:scripting/monoscript/fileName/SelectionBox.cs: 9eabc2822607d24d284c5c0d720d4a01 -> 
  custom:scripting/monoscript/fileName/ReorderableListContent.cs: a630238339e5f198f723ac29a2329f6d -> 
  custom:scripting/monoscript/fileName/Menu.cs: d0a2652908e797d4064ef9b772450cc8 -> 
  custom:scripting/monoscript/fileName/SetPropertyUtility.cs: 02aade692758e5563210cc05829e9851 -> f604b4b9e6b0979bdfc1e2b40426dd19
  custom:scripting/monoscript/fileName/HSVUtil.cs: 2f204c7a89b046fae714aadbcda42851 -> 
  custom:scripting/monoscript/fileName/FancyCellGroup.cs: 90647cc400823b41df847a6cbfc29026 -> 
  custom:scripting/monoscript/fileName/RescaleDragPanel.cs: 428e5a10a21f2d3fc3805557487d591e -> 
  custom:scripting/monoscript/fileName/ExtensionsToggleGroup.cs: 93967f93faef61aecdca9232fa42b062 -> 
  custom:scripting/monoscript/fileName/ResizePanel.cs: 0a2d1269c62cba913a254b515f8b6020 -> 
  custom:scripting/monoscript/fileName/Circle.cs: cfc2369c92dd039be7c3f572f769fdcf -> 
  custom:scripting/monoscript/fileName/ShaderLibrary.cs: 7a09676978959734a6827051c965f749 -> 
  custom:scripting/monoscript/fileName/CurvedText.cs: c86aabacdca275700720e919fc8a8b52 -> 
  custom:scripting/monoscript/fileName/FancyScrollRectCell.cs: 0cdf409b5aa8d4c25876d72b5c6a3b60 -> 
  custom:scripting/monoscript/fileName/Gradient.cs: a4c2a5a25440c543cd82653fda832632 -> 
  custom:scripting/monoscript/fileName/ScrollSnapBase.cs: 3682088473625968e7b4647a6b4213f6 -> 
  custom:scripting/monoscript/fileName/CUIText.cs: 0be1a405bc9388e4813a74aad6018bec -> 
  custom:scripting/monoscript/fileName/BoundTooltipTrigger.cs: e78e2ee612ba85e075ab794a5cb95e73 -> 
  custom:scripting/monoscript/fileName/UIHighlightable.cs: fd305ad78204cb75a66ce809c3f50e6a -> 
  custom:video-codec-MediaFoundation-h265: 746d11721c4dcdbdad8f713fa42b33f4 -> 
  custom:scripting/monoscript/fileName/UIExtensionsInputManager.cs: 6f468ddae971c3bcce0288549c1beabd -> 
  custom:scripting/monoscript/fileName/Gradient2.cs: 9c1fd6257924e43a80b8fccb859d3828 -> 
  custom:scripting/monoscript/fileName/CooldownButton.cs: 72bd21b90ac71f29908a36179176f8fc -> 
  custom:video-decoder-ogg-theora: a1e56fd34408186e4bbccfd4996cb3dc -> 
  custom:scripting/monoscript/fileName/TileSizeFitter.cs: ba6326e335b6f177a627b992c444832c -> 
  custom:scripting/monoscript/fileName/SelectableScaler.cs: 3ebe175d64b38a572f8dbe8fd345f0c3 -> 
  custom:scripting/monoscript/fileName/AccordionElementEditor.cs: db5ee9b2cff22578a12a4d141614d665 -> 
  custom:scripting/monoscript/fileName/ExtensionsToggle.cs: e0b44aa7e1ff973d74b4857a34a48879 -> 
  custom:scripting/monoscript/fileName/ReorderableListElement.cs: 788a31431a1c95dc9a9a52767f8e812f -> 
  custom:scripting/monoscript/fileName/ShineEffector.cs: 52ed4eb6c7ed8f674a18d2a4db6eba86 -> 
  custom:scripting/monoscript/fileName/UISelectableExtension.cs: b6766007d8a2236e23d4749da2d8cdd2 -> 
  custom:framework-win-MediaFoundation: 216162199b28c13a410421893ffa2e32 -> 
  custom:scripting/monoscript/fileName/UISoftAdditiveEffect.cs: 30a825933c907dec19605ff2f58a292f -> 
  custom:scripting/monoscript/fileName/HexColorField.cs: 425eeca1ce4159bc649962b2337061a4 -> 
  custom:scripting/monoscript/fileName/ColorPickerControl.cs: 97231f899ae243cc634f34e048c22095 -> 
  custom:scripting/monoscript/fileName/ReorderableListDebug.cs: 51cf5a188c464deb681bea16cb795b61 -> 
  custom:scripting/monoscript/fileName/TextPic.cs: 9dbd7bc654cbf19eee33ac6fc452bfb1 -> 
  custom:scripting/monoscript/fileName/CUIImage.cs: 41f29f650aa507f802cd9793d91f3211 -> 
  custom:scripting/monoscript/fileName/DropDownListButton.cs: 71d533f2602e0e099d09a556ef8e4414 -> 
  custom:scripting/monoscript/fileName/ScrollSnap.cs: c5ae67ed5cc8c0ab1f7496803acc2648 -> 
  custom:scripting/monoscript/fileName/TextPicIconListCopier.cs: a564a2a474c019b98650cff2383ccfca -> 
  custom:scripting/monoscript/fileName/UICornerCut.cs: 69b0dfb485aa2b1afa65fcf30028125b -> 
  custom:scripting/monoscript/fileName/ScrollerEditor.cs: 478519b80ad2bc62d4a4b80ae078e694 -> 
  custom:scripting/monoscript/fileName/IBoxSelectable.cs: a5bf39a694cf2b84c65e7bec998d4941 -> 
  custom:scripting/monoscript/fileName/TiltWindow.cs: 7c3356d1b5bc9c6e9fe98345b0be7c30 -> 
  custom:scripting/monoscript/fileName/ExtensionMethods.cs: 943bd8dac5ce9467ce7deb0856dc6b0a -> 
  custom:scripting/monoscript/fileName/ComboBox.cs: a6ca48dde827ff07a9093f3624d58e62 -> 
  custom:scripting/monoscript/fileName/ScrollRectLinker.cs: 0316116e17d192ca2ef7c97539dff50f -> 
  custom:scripting/monoscript/fileName/SVBoxSlider.cs: 1d22c9c16d63e1cf38ad19bbcec9a0da -> 
  custom:scripting/monoscript/fileName/VerticalScrollSnap.cs: a7ebcf1fac8331e70ee01e540cbe484b -> 
  custom:scripting/monoscript/fileName/UILineConnector.cs: ea5f69a32957fe35ae7b512ef3f758ef -> 
  custom:scripting/monoscript/fileName/UIScreenEffect.cs: c36542c529d1f733362556ab22c18bf9 -> 
  custom:scripting/monoscript/fileName/SoftMaskScript.cs: 867049fb2647c9983fb1391409f93d30 -> 
  custom:scripting/monoscript/fileName/DiamondGraph.cs: a01b647a54847840428a395cc0d6fc16 -> 
  custom:scripting/monoscript/fileName/ScrollRectEx.cs: 3f6a881a34055e182fee3ab0baaee0c3 -> 
  custom:scripting/monoscript/fileName/UIGridRenderer.cs: 04c0062f4b7cdd6963fdba9ae03d9c72 -> 
  custom:scripting/monoscript/fileName/NicerOutline.cs: 571a7c7c4af4ebadc9fed23f0c3b0b46 -> 
  custom:CustomObjectIndexerAttribute: 9a22284fe3817be447336de3de66b15e -> 
  custom:scripting/monoscript/fileName/ScrollRectExtensions.cs: c76cb840404ffa9bc24248639e9da4ee -> 
  custom:scripting/monoscript/fileName/FancyGridViewContext.cs: 8738476657d4a33c34bc82bed7ce8bc9 -> 
  custom:scripting/monoscript/fileName/MinMaxValues.cs: 4aa11a61e640749f4ea5f947f86be5ba -> 
  custom:scripting/monoscript/fileName/CardExpanding3D.cs: d8b2b9924677ad2b445b05edbed7f0e3 -> 
  custom:scripting/monoscript/fileName/MinMaxSliderEditor.cs: e0496a7f76fc8934af2a763a7289ad36 -> 
  custom:scripting/monoscript/fileName/StepperSide.cs: 34d9a35c8c2622f327b140f18a7398a7 -> 
  custom:scripting/monoscript/fileName/CUIGraphicEditor.cs: a618262d3e77d462c5a0cd2e608e8a53 -> 
  custom:scripting/monoscript/fileName/DropDownList.cs: 3d51ab81e9571c9027b59874b2c78567 -> 
  custom:scripting/monoscript/fileName/ITweenValue.cs: 1d0eaa4b435fa135e18af6b5fa57e92e -> 
  custom:container-demuxer-webm: 4f35f7cbe854078d1ac9338744f61a02 -> 
  custom:scripting/monoscript/fileName/CardExpanding2D.cs: e0950b450275cb3936a581f286a6b471 -> 
  custom:scripting/monoscript/fileName/ResetSelectableHighlight.cs: 3ea63487fd77e7b22731770a86b4f8b9 -> 
  custom:scripting/monoscript/fileName/UIScrollToSelection.cs: d89fc8e36bdc19715e3104a5f857d175 -> 
  custom:scripting/monoscript/fileName/IScrollSnap.cs: 80b4110dac6695d630b8e7501d8e5aa8 -> 
  custom:scripting/monoscript/fileName/SegmentedControl.cs: 3a6e53207de58cf304ab520e0638e2df -> 
  custom:scripting/monoscript/fileName/ColorSampler.cs: 617678b91f4adc7b3146f51bed3fc4b1 -> 
  custom:scripting/monoscript/fileName/TabNavigationHelper.cs: 43f45dc623750048d2fbac24931c8ac8 -> 
  custom:scripting/monoscript/fileName/AutoCompleteComboBox.cs: 6e2e6cf33d4f5ca4ad3c05ff8f254467 -> 
  custom:scripting/monoscript/fileName/TextPicEditor.cs: c23216fe996c314d4c496ad837485981 -> 
  custom:scripting/monoscript/fileName/CUIMisc.cs: bc26c7f132f5cd28304cbc88070ca4dc -> 
  custom:scripting/monoscript/fileName/UIAdditiveEffect.cs: 50386f7d7d76f5c5e155dbf56c5e5fdd -> 
  custom:scripting/monoscript/fileName/MonoSpacing.cs: 45ba6bf376dd125375a8906a7d8b8b4b -> 
  custom:scripting/monoscript/fileName/FloatTween.cs: c51b551f6abec506d0db9945f7aa25cc -> 
  custom:scripting/monoscript/fileName/BoxSlider.cs: 662335e935a62641f6cb14e99e25e994 -> 
  custom:scripting/monoscript/fileName/BezierLineRendererEditor.cs: 2a50098be424d999e43b888ace13278c -> 
  custom:scripting/monoscript/fileName/NonDrawingGraphic.cs: a309796f6d67e4c1c110ec62b4572b4e -> 
  custom:scripting/monoscript/fileName/ScrollPositionController.cs: 30c392a65a277a4a74b1a6f1a3417601 -> 
  custom:scripting/monoscript/fileName/ContentScrollSnapHorizontal.cs: cb0bf043572062ce08b48904f46c98c8 -> 
  custom:scripting/monoscript/fileName/Triangulator.cs: 4ee9f09ca55767568ee94c9eaaed7244 -> d867a9a7a8385ef82ff357feb70c59d4
  custom:scripting/monoscript/fileName/UIImageCrop.cs: 1ec5d1f18ccf3bbe8ea319cda00ecfbc -> 
  custom:scripting/monoscript/fileName/BoxSliderEditor.cs: 9c680a5a338924fb176605eed0f68a75 -> 
  custom:scripting/monoscript/fileName/FancyScrollView.cs: c5f9c64ec4b4e183b17919204bc381a9 -> 
  custom:scripting/monoscript/fileName/BezierPath.cs: 90cbb6f823f7a03c69c93b3e1653c45e -> 
  custom:scripting/monoscript/fileName/SuperellipsePoints.cs: db2a1c9698f2dea478e1d6bfece554ae -> 
  custom:scripting/monoscript/fileName/UI_Knob.cs: 00244fb2be3e9e1f5ec3a07f175066a9 -> 
  custom:container-muxer-webm: aa71ff27fc2769a1b78a27578f13a17b -> 
  custom:scripting/monoscript/fileName/RaycastMask.cs: b13971e6a124c25b886c6703ae2aab24 -> 
  custom:scripting/monoscript/fileName/MultiTouchScrollRect.cs: 3a778993ea01435b2502c14ea2b2ff98 -> 
  custom:video-decoder-webm-vp8: 9c59270c3fd7afecdb556c50c9e8de78 -> 
  custom:scripting/monoscript/fileName/InputFieldEnterSubmit.cs: cdd5149b8afb8dc59ad57cc53ad8fb3b -> 
  custom:scripting/monoscript/fileName/ExampleSelectable.cs: 8dc7a8cd606154e7d10bb507e235c1f8 -> 
  custom:scripting/monoscript/fileName/uGUITools.cs: aa32797d8a9cdcd2167b6be114b0d5ec -> 
  custom:scripting/monoscript/fileName/UILinearDodgeEffect.cs: f5508d2f3f6addba614d4c08275f4546 -> 
  custom:SearchIndexIgnoredProperties: e643bd26f0fe6173181afceb89e7c659 -> 
  custom:scripting/monoscript/fileName/EasingCore.cs: 0bad7e894488e9b67256d892a478aab1 -> 
  custom:scripting/monoscript/fileName/Stepper.cs: 3ee1a56034750815f9c567b6c54fbbb8 -> 
  custom:scripting/monoscript/fileName/UIPrimitiveBase.cs: 80a945e915822efd5c887ee28f76aa9f -> 
  custom:AudioImporter_EditorPlatform: d09bf68614088b80899f8185d706f6e7 -> 
  custom:scripting/monoscript/fileName/LetterSpacing.cs: c4f4c504ac9c0b708c438c8a0faf6a96 -> 
  custom:scripting/monoscript/fileName/UISquircle.cs: faaa67841792f2c90a13db82841ac6e3 -> 
  custom:scripting/monoscript/fileName/RangeSlider.cs: 026cea0882c5bbc90f7cedc5111cfeb2 -> 
  custom:scripting/monoscript/fileName/UIExtensionMethods.cs: 2621bff24acfb4ddb3b264b7553588d8 -> 
  custom:scripting/monoscript/fileName/UIVerticalScroller.cs: 3532ae0d4ba5f6e2c310cfec2c655a8c -> 
  custom:scripting/monoscript/fileName/ColorLabel.cs: 9a2d62e5e8f65400e4abc881023f36f7 -> 
  custom:scripting/monoscript/fileName/TooltipTrigger.cs: 546a7d73bc42b9e6f1fd03a7e07d7f29 -> 
  custom:scripting/monoscript/fileName/UIMultiplyEffect.cs: 29b6f1f4d98d9b61292d829c0030af4b -> 
  custom:scripting/monoscript/fileName/CardPopup2D.cs: ac929914b8675b3ff1238ddb1cc99789 -> 
  custom:scripting/monoscript/fileName/ScrollSnapScrollbarHelper.cs: d6b043fd7048156ea2ef4da9da4a0a51 -> 
  custom:scripting/monoscript/fileName/HoverTooltip.cs: abdf0400bdf15bb8fdc0bc4d5ecc993f -> 
  custom:scripting/monoscript/fileName/ColorImage.cs: 87dea3e9bf43c94e295d4fa411046c66 -> 
  custom:scripting/monoscript/fileName/FancyScrollRectContext.cs: 9e5d4d8665c04a1190a3fc52908244b0 -> 
  custom:scripting/monoscript/fileName/TextPicIconEditor.cs: 1f41560011fcb93d03be374d10238c0c -> 
  custom:scripting/monoscript/fileName/UI_InfiniteScroll.cs: f7518bdb5ccbb5518282b9c860eef985 -> 
  custom:scripting/monoscript/fileName/UIExtensionsMenuOptions.cs: 25d3bc76bdcc7be45d732e8f064ec6a7 -> 
  custom:scripting/monoscript/fileName/ReadOnlyAttribute.cs: 604ae8fbc27d6402b88ac08f1987318f -> 
  custom:scripting/monoscript/fileName/UICircle.cs: e40253d6117a9fbea82cc285a7e8a36e -> 
  custom:scripting/monoscript/fileName/UIScrollToSelectionXY.cs: 8145d21a6ef6f8610242d2ba291595b9 -> 
  custom:scripting/monoscript/fileName/CUITextEditor.cs: 966cced0a631446b9484c2fe777a7f5b -> 
  custom:scripting/precompiled-assembly-types:UnityUIExtensions.editor: e002030e6fc012878af160bb334541ad -> 
  custom:scripting/monoscript/fileName/TweenRunner.cs: 90647cc400823b41df847a6cbfc29026 -> 
  custom:scripting/monoscript/fileName/UIHorizontalScroller.cs: 758f016ad67e22eff0f26468f408f006 -> 
  custom:scripting/monoscript/fileName/ReturnKeyTriggersButton.cs: 622f27a1a5fce3f8fe14f0fe6c6b39b5 -> 
  custom:scripting/monoscript/fileName/FancyGridViewCell.cs: 0cdf409b5aa8d4c25876d72b5c6a3b60 -> 
  custom:scripting/monoscript/fileName/Scroller.cs: 94938ad1cd7c20206a0339e3bd7f3330 -> 
  custom:scripting/monoscript/fileName/CylinderText.cs: 86c073c10ed890f8e108be86fb350e35 -> 
  custom:scripting/monoscript/fileName/ColorPickerPresets.cs: d20309ac183a87fd46c2e0a03ba5bdef -> 
  custom:scripting/monoscript/fileName/RadialSlider.cs: 24542b53b379116a4f98bb53a64e13b8 -> 
  custom:scripting/monoscript/fileName/PPIViewer.cs: 5269fbe050022d597b2ceba1b1d4cbae -> 
  custom:scripting/monoscript/fileName/InputFocus.cs: 6a5a3b184038cb5e7dbe4882c96bc91b -> 
  custom:scripting/monoscript/fileName/CUIBezierCurve.cs: 32214df0cb137de9f4967269deffb6f3 -> 
  custom:scripting/monoscript/fileName/DropDownListItem.cs: 91c61fd79335f34fb81e114553bf8888 -> 
  custom:scripting/monoscript/fileName/UIFlippable.cs: 9c843e180ea4b6afe9c1ba071336e124 -> 
  custom:scripting/monoscript/fileName/CanvasGroupActivator.cs: f743e9c6e47b0eb8c0b7b2fbf9f7de19 -> 
  custom:scripting/monoscript/fileName/UIWindowBase.cs: 776e605614a77fffd4e0147c8e684e94 -> 
  custom:video-encoder-webm-vp8: eb34c28f22e8b96e1ab97ce403110664 -> 
  custom:scripting/monoscript/fileName/ScrollPositionControllerEditor.cs: fb86570a90d8d5b779234b7f103e1b51 -> 
  custom:scripting/monoscript/fileName/CurvedLayout.cs: 46917779e317aa4a214ea430689de312 -> 
  custom:scripting/monoscript/fileName/ScrollConflictManager.cs: 1a474b2432b80a8b7211f13c79bb991c -> 
  custom:scripting/monoscript/fileName/ReadOnlyDrawer.cs: 1c0aa6472b8e40c24f66a5805d818994 -> 
  custom:audio-decoder-ogg-vorbis: bf7c407c2cedff20999df2af8eb42d56 -> 
  custom:scripting/monoscript/fileName/FancyGridView.cs: 849ed7f5b11c9db237ef61b01c5a5104 -> 
  custom:scripting/monoscript/fileName/CableCurve.cs: 1ed0592bfc80d3ca3db7b55e9a6e9d9a -> 
  custom:scripting/monoscript/fileName/PaginationManager.cs: b5c7a38e1c9bde92ca052679632bc9f1 -> 
  custom:scripting/monoscript/fileName/UILineTextureRenderer.cs: f3042185c83712ad42b2d6694b56f8d3 -> 
  custom:scripting/monoscript/fileName/MenuManager.cs: 8e71de17d45faf11b5ca3e63d3867170 -> 
  custom:scripting/monoscript/fileName/ColorPickerPresetsEditor.cs: 57bebb34d006d8305e8cd353ea00f28b -> 
  custom:scripting/monoscript/fileName/UI_MagneticInfiniteScroll.cs: 7f0db092e1c52c826e7ccbefe21fe7ce -> 
  custom:scripting/monoscript/fileName/ToolTip.cs: 2f05f936126a769ca9a98ef6920928a7 -> 
  custom:scripting/monoscript/fileName/TextPicRenameEditor.cs: b67a1588d964fe3ac177da9872e96689 -> 
  custom:scripting/monoscript/fileName/TestCompression.cs: 2a18178f72c1b3979b9006483863f20e -> 
  custom:scripting/monoscript/fileName/IFancyScrollRectContext.cs: 9c4dee0aef526d67eb0a668a1c9b910a -> 
  custom:scripting/monoscript/fileName/ColorChangedEvent.cs: bafb161b451089e6c72bcae877e0ba66 -> 
  custom:scripting/monoscript/fileName/BestFitOutline.cs: 2ec1c68346f5b721e3d92092cd60b278 -> 
  custom:scripting/monoscript/fileName/NonDrawingGraphicEditor.cs: 1e7abd1e1a4d3da38de70c6d38c19118 -> 
  custom:scripting/monoscript/fileName/HSVChangedEvent.cs: 8a0d7f505f4db7e267a03264293f54eb -> 
  custom:scripting/monoscript/fileName/CUIImageEditor.cs: 0be5a4365a8d65680f88c4d192e5254c -> 
  custom:scripting/monoscript/fileName/HorizontalScrollSnap.cs: 624447835d67a70d90ed2b7f69117316 -> 
  custom:scripting/monoscript/fileName/UI_TweenScale.cs: 50a18c41daf615d82dc37ef0e9dcea31 -> 
  custom:scripting/monoscript/fileName/BoundTooltipItem.cs: 12dc26af634677e40fd7840809357e6c -> 
  custom:scripting/monoscript/fileName/AccordionElement.cs: 69f1a7e537099cc57de9b6eaa86cef32 -> 
  custom:scripting/monoscript/fileName/UI_ScrollRectOcclusion.cs: 491f1c2592ac821eb8de9e533fddd4a9 -> 
  custom:scripting/monoscript/fileName/CUIBezierCurveEditor.cs: be4462c6de2387d5f99ef9d0e93b91ee -> 
  custom:scripting/monoscript/fileName/ColorSliderImage.cs: bbcbfbf23dc2f9fc5450db8f36b24487 -> 
  custom:scripting/monoscript/fileName/Accordion.cs: c31898dc7ffd6f7b32be5689419229bc -> 
  custom:scripting/monoscript/fileName/FancyCell.cs: 0cdf409b5aa8d4c25876d72b5c6a3b60 -> 
  custom:scripting/monoscript/fileName/ShineEffect.cs: 61d233269c4ea687efa548adef5d6e13 -> 
  custom:audio-encoder-webm-vorbis: bf7c407c2cedff20999df2af8eb42d56 -> 
  custom:scripting/monoscript/fileName/ScrollRectTweener.cs: 3437a8fb18bed84a45865e36e83e332f -> 
  custom:scripting/monoscript/fileName/MeshCreator.cs: a2506ad04bac2e5a6d6d50e0d7978d92 -> 
  custom:scripting/monoscript/fileName/UIPolygon.cs: ef7b3e02606f58c56a27e65db10bc7f3 -> 
  custom:scripting/monoscript/fileName/switchToRectTransform.cs: 0ef297259b7f2ab26defc1d718ad1e0a -> 
  custom:scripting/monoscript/fileName/UILineRendererList.cs: efbf4ff76c31aa3e4f61c8b26734d929 -> 
  custom:scripting/monoscript/fileName/CLZF2.cs: 40ef7bf6191a1a5e5b0f37e092e1b271 -> 
  custom:scripting/monoscript/fileName/SimpleMenu.cs: 90647cc400823b41df847a6cbfc29026 -> 
  custom:scripting/monoscript/fileName/RescalePanel.cs: a379a55181438e3b7a29019da8a3c82c -> 
  custom:scripting/monoscript/fileName/DragCorrector.cs: 89ab4a0369eecb75be2277a80a08c1e7 -> 
  custom:scripting/monoscript/fileName/RangeSliderEditor.cs: 1c09cdb4e75bc10f834bbae9a7b54e1e -> 
  custom:scripting/monoscript/fileName/FancyScrollRect.cs: 0cdf409b5aa8d4c25876d72b5c6a3b60 -> 
  custom:scripting/precompiled-assembly-types:Assembly-CSharp: b9b5c9d3acc78c4055756d16036d66ad -> d9898b08f7aa15a36c94fc52d0b7440b
  custom:scripting/monoscript/fileName/ReorderableList.cs: 944c8e214787d07461c711b29546f976 -> 
  custom:scripting/monoscript/fileName/RadialLayout.cs: 170f31c5fdb54a9fe7ba926effdfd7d4 -> 
  custom:scripting/monoscript/fileName/ColorSlider.cs: a91d06b853e0bf2d5df3ea61a67d5c83 -> 
  custom:scripting/monoscript/fileName/IFancyGridViewContext.cs: be7addf49e5950ebb654fec55c2afa8b -> 
  custom:scripting/precompiled-assembly-types:UnityUIExtensions: c0991a7eaf90618746e467e9e018bd04 -> 
  custom:scripting/monoscript/fileName/CUIGraphic.cs: 4f47fad340418bff51fe6171e2259e7f -> 
  custom:scripting/monoscript/fileName/IFancyCellGroupContext.cs: 323b5f49cc2011b3d2d9088e528ed161 -> 
  custom:scripting/monoscript/fileName/MinMaxSlider.cs: e7d98a511e8b98df33f72f37935821e5 -> 
  custom:scripting/monoscript/fileName/ColorPickerTester.cs: 63b6c03c009a94721b9d41c8d5e5e6ed -> 
========================================================================
Received Prepare
Caller must complete domain reload
Begin MonoManager ReloadAssembly
- Loaded All Assemblies, in  0.529 seconds
Native extension for WindowsStandalone target not found
Native extension for WebGL target not found
Mono: successfully reloaded assembly
- Finished resetting the current domain, in  1.108 seconds
Domain Reload Profiling: 1637ms
	BeginReloadAssembly (163ms)
		ExecutionOrderSort (0ms)
		DisableScriptedObjects (17ms)
		BackupInstance (0ms)
		ReleaseScriptingObjects (0ms)
		CreateAndSetChildDomain (33ms)
	RebuildCommonClasses (39ms)
	RebuildNativeTypeToScriptingClass (12ms)
	initialDomainReloadingComplete (31ms)
	LoadAllAssembliesAndSetupDomain (282ms)
		LoadAssemblies (349ms)
		RebuildTransferFunctionScriptingTraits (0ms)
		AnalyzeDomain (19ms)
			TypeCache.Refresh (6ms)
				TypeCache.ScanAssembly (0ms)
			ScanForSourceGeneratedMonoScriptInfo (0ms)
			ResolveRequiredComponents (12ms)
	FinalizeReload (1109ms)
		ReleaseScriptCaches (0ms)
		RebuildScriptCaches (0ms)
		SetupLoadedEditorAssemblies (457ms)
			LogAssemblyErrors (0ms)
			InitializePlatformSupportModulesInManaged (7ms)
			SetLoadedEditorAssemblies (6ms)
			RefreshPlugins (0ms)
			BeforeProcessingInitializeOnLoad (75ms)
			ProcessInitializeOnLoadAttributes (328ms)
			ProcessInitializeOnLoadMethodAttributes (38ms)
			AfterProcessingInitializeOnLoad (3ms)
			EditorAssembliesLoaded (0ms)
		ExecutionOrderSort2 (0ms)
		AwakeInstancesAfterBackupRestoration (15ms)
Refreshing native plugins compatible for Editor in 9.94 ms, found 7 plugins.
Preloading 0 native plugins for Editor in 0.00 ms.
Unloading 4456 Unused Serialized files (Serialized files now loaded: 0)
Unloading 44 unused Assets / (0.7 MB). Loaded Objects now: 5303.
Memory consumption went from 158.3 MB to 157.6 MB.
Total: 6.018800 ms (FindLiveObjects: 1.087200 ms CreateObjectMapping: 0.525500 ms MarkObjects: 3.755800 ms  DeleteObjects: 0.648300 ms)

Prepare: number of updated asset objects reloaded= 0
AssetImportParameters requested are different than current active one (requested -> active):
  custom:scripting/monoscript/fileName/CardStack2D.cs: 52f7ac406c04f320c1cc31b32fc945ec -> 
  custom:scripting/monoscript/fileName/UILineRendererFIFO.cs: 1a840d7d842445f62c20beee85a5bbc5 -> 
  custom:scripting/monoscript/fileName/FlowLayoutGroup.cs: 4f8c51e99186127173631d5ea0b848a8 -> 
  custom:scripting/monoscript/fileName/UIParticleSystem.cs: 6cef203566a0c9333597e4e233613614 -> 
  custom:scripting/monoscript/fileName/UILineRenderer.cs: 673f1b621ab4781ac78770b1b3c45207 -> 
  custom:scripting/monoscript/fileName/TableLayoutGroup.cs: 9697d88a99d4c91003d206b86eed3a61 -> 
  custom:scripting/monoscript/fileName/Segment.cs: 823b994f6bbb6e32f73e9807948df6b3 -> 
  custom:container-demuxer-ogg: 62fdf1f143b41e24485cea50d1cbac27 -> 
  custom:scripting/monoscript/fileName/SelectionBox.cs: 9eabc2822607d24d284c5c0d720d4a01 -> 
  custom:scripting/monoscript/fileName/ReorderableListContent.cs: a630238339e5f198f723ac29a2329f6d -> 
  custom:scripting/monoscript/fileName/Menu.cs: d0a2652908e797d4064ef9b772450cc8 -> 
  custom:scripting/monoscript/fileName/SetPropertyUtility.cs: 02aade692758e5563210cc05829e9851 -> f604b4b9e6b0979bdfc1e2b40426dd19
  custom:scripting/monoscript/fileName/HSVUtil.cs: 2f204c7a89b046fae714aadbcda42851 -> 
  custom:scripting/monoscript/fileName/FancyCellGroup.cs: 90647cc400823b41df847a6cbfc29026 -> 
  custom:scripting/monoscript/fileName/RescaleDragPanel.cs: 428e5a10a21f2d3fc3805557487d591e -> 
  custom:scripting/monoscript/fileName/ExtensionsToggleGroup.cs: 93967f93faef61aecdca9232fa42b062 -> 
  custom:scripting/monoscript/fileName/ResizePanel.cs: 0a2d1269c62cba913a254b515f8b6020 -> 
  custom:scripting/monoscript/fileName/Circle.cs: cfc2369c92dd039be7c3f572f769fdcf -> 
  custom:scripting/monoscript/fileName/ShaderLibrary.cs: 7a09676978959734a6827051c965f749 -> 
  custom:scripting/monoscript/fileName/CurvedText.cs: c86aabacdca275700720e919fc8a8b52 -> 
  custom:scripting/monoscript/fileName/FancyScrollRectCell.cs: 0cdf409b5aa8d4c25876d72b5c6a3b60 -> 
  custom:scripting/monoscript/fileName/Gradient.cs: a4c2a5a25440c543cd82653fda832632 -> 
  custom:scripting/monoscript/fileName/ScrollSnapBase.cs: 3682088473625968e7b4647a6b4213f6 -> 
  custom:scripting/monoscript/fileName/CUIText.cs: 0be1a405bc9388e4813a74aad6018bec -> 
  custom:scripting/monoscript/fileName/BoundTooltipTrigger.cs: e78e2ee612ba85e075ab794a5cb95e73 -> 
  custom:scripting/monoscript/fileName/UIHighlightable.cs: fd305ad78204cb75a66ce809c3f50e6a -> 
  custom:video-codec-MediaFoundation-h265: 746d11721c4dcdbdad8f713fa42b33f4 -> 
  custom:scripting/monoscript/fileName/UIExtensionsInputManager.cs: 6f468ddae971c3bcce0288549c1beabd -> 
  custom:scripting/monoscript/fileName/Gradient2.cs: 9c1fd6257924e43a80b8fccb859d3828 -> 
  custom:scripting/monoscript/fileName/CooldownButton.cs: 72bd21b90ac71f29908a36179176f8fc -> 
  custom:video-decoder-ogg-theora: a1e56fd34408186e4bbccfd4996cb3dc -> 
  custom:scripting/monoscript/fileName/TileSizeFitter.cs: ba6326e335b6f177a627b992c444832c -> 
  custom:scripting/monoscript/fileName/SelectableScaler.cs: 3ebe175d64b38a572f8dbe8fd345f0c3 -> 
  custom:scripting/monoscript/fileName/AccordionElementEditor.cs: db5ee9b2cff22578a12a4d141614d665 -> 
  custom:scripting/monoscript/fileName/ExtensionsToggle.cs: e0b44aa7e1ff973d74b4857a34a48879 -> 
  custom:scripting/monoscript/fileName/ReorderableListElement.cs: 788a31431a1c95dc9a9a52767f8e812f -> 
  custom:scripting/monoscript/fileName/ShineEffector.cs: 52ed4eb6c7ed8f674a18d2a4db6eba86 -> 
  custom:scripting/monoscript/fileName/UISelectableExtension.cs: b6766007d8a2236e23d4749da2d8cdd2 -> 
  custom:framework-win-MediaFoundation: 216162199b28c13a410421893ffa2e32 -> 
  custom:scripting/monoscript/fileName/UISoftAdditiveEffect.cs: 30a825933c907dec19605ff2f58a292f -> 
  custom:scripting/monoscript/fileName/HexColorField.cs: 425eeca1ce4159bc649962b2337061a4 -> 
  custom:scripting/monoscript/fileName/ColorPickerControl.cs: 97231f899ae243cc634f34e048c22095 -> 
  custom:scripting/monoscript/fileName/ReorderableListDebug.cs: 51cf5a188c464deb681bea16cb795b61 -> 
  custom:scripting/monoscript/fileName/TextPic.cs: 9dbd7bc654cbf19eee33ac6fc452bfb1 -> 
  custom:scripting/monoscript/fileName/CUIImage.cs: 41f29f650aa507f802cd9793d91f3211 -> 
  custom:scripting/monoscript/fileName/DropDownListButton.cs: 71d533f2602e0e099d09a556ef8e4414 -> 
  custom:scripting/monoscript/fileName/ScrollSnap.cs: c5ae67ed5cc8c0ab1f7496803acc2648 -> 
  custom:scripting/monoscript/fileName/TextPicIconListCopier.cs: a564a2a474c019b98650cff2383ccfca -> 
  custom:scripting/monoscript/fileName/UICornerCut.cs: 69b0dfb485aa2b1afa65fcf30028125b -> 
  custom:scripting/monoscript/fileName/ScrollerEditor.cs: 478519b80ad2bc62d4a4b80ae078e694 -> 
  custom:scripting/monoscript/fileName/IBoxSelectable.cs: a5bf39a694cf2b84c65e7bec998d4941 -> 
  custom:scripting/monoscript/fileName/TiltWindow.cs: 7c3356d1b5bc9c6e9fe98345b0be7c30 -> 
  custom:scripting/monoscript/fileName/ExtensionMethods.cs: 943bd8dac5ce9467ce7deb0856dc6b0a -> 
  custom:scripting/monoscript/fileName/ComboBox.cs: a6ca48dde827ff07a9093f3624d58e62 -> 
  custom:scripting/monoscript/fileName/ScrollRectLinker.cs: 0316116e17d192ca2ef7c97539dff50f -> 
  custom:scripting/monoscript/fileName/SVBoxSlider.cs: 1d22c9c16d63e1cf38ad19bbcec9a0da -> 
  custom:scripting/monoscript/fileName/VerticalScrollSnap.cs: a7ebcf1fac8331e70ee01e540cbe484b -> 
  custom:scripting/monoscript/fileName/UILineConnector.cs: ea5f69a32957fe35ae7b512ef3f758ef -> 
  custom:scripting/monoscript/fileName/UIScreenEffect.cs: c36542c529d1f733362556ab22c18bf9 -> 
  custom:scripting/monoscript/fileName/SoftMaskScript.cs: 867049fb2647c9983fb1391409f93d30 -> 
  custom:scripting/monoscript/fileName/DiamondGraph.cs: a01b647a54847840428a395cc0d6fc16 -> 
  custom:scripting/monoscript/fileName/ScrollRectEx.cs: 3f6a881a34055e182fee3ab0baaee0c3 -> 
  custom:scripting/monoscript/fileName/UIGridRenderer.cs: 04c0062f4b7cdd6963fdba9ae03d9c72 -> 
  custom:scripting/monoscript/fileName/NicerOutline.cs: 571a7c7c4af4ebadc9fed23f0c3b0b46 -> 
  custom:CustomObjectIndexerAttribute: 9a22284fe3817be447336de3de66b15e -> 
  custom:scripting/monoscript/fileName/ScrollRectExtensions.cs: c76cb840404ffa9bc24248639e9da4ee -> 
  custom:scripting/monoscript/fileName/FancyGridViewContext.cs: 8738476657d4a33c34bc82bed7ce8bc9 -> 
  custom:scripting/monoscript/fileName/MinMaxValues.cs: 4aa11a61e640749f4ea5f947f86be5ba -> 
  custom:scripting/monoscript/fileName/CardExpanding3D.cs: d8b2b9924677ad2b445b05edbed7f0e3 -> 
  custom:scripting/monoscript/fileName/MinMaxSliderEditor.cs: e0496a7f76fc8934af2a763a7289ad36 -> 
  custom:scripting/monoscript/fileName/StepperSide.cs: 34d9a35c8c2622f327b140f18a7398a7 -> 
  custom:scripting/monoscript/fileName/CUIGraphicEditor.cs: a618262d3e77d462c5a0cd2e608e8a53 -> 
  custom:scripting/monoscript/fileName/DropDownList.cs: 3d51ab81e9571c9027b59874b2c78567 -> 
  custom:scripting/monoscript/fileName/ITweenValue.cs: 1d0eaa4b435fa135e18af6b5fa57e92e -> 
  custom:container-demuxer-webm: 4f35f7cbe854078d1ac9338744f61a02 -> 
  custom:scripting/monoscript/fileName/CardExpanding2D.cs: e0950b450275cb3936a581f286a6b471 -> 
  custom:scripting/monoscript/fileName/ResetSelectableHighlight.cs: 3ea63487fd77e7b22731770a86b4f8b9 -> 
  custom:scripting/monoscript/fileName/UIScrollToSelection.cs: d89fc8e36bdc19715e3104a5f857d175 -> 
  custom:scripting/monoscript/fileName/IScrollSnap.cs: 80b4110dac6695d630b8e7501d8e5aa8 -> 
  custom:scripting/monoscript/fileName/SegmentedControl.cs: 3a6e53207de58cf304ab520e0638e2df -> 
  custom:scripting/monoscript/fileName/ColorSampler.cs: 617678b91f4adc7b3146f51bed3fc4b1 -> 
  custom:scripting/monoscript/fileName/TabNavigationHelper.cs: 43f45dc623750048d2fbac24931c8ac8 -> 
  custom:scripting/monoscript/fileName/AutoCompleteComboBox.cs: 6e2e6cf33d4f5ca4ad3c05ff8f254467 -> 
  custom:scripting/monoscript/fileName/TextPicEditor.cs: c23216fe996c314d4c496ad837485981 -> 
  custom:scripting/monoscript/fileName/CUIMisc.cs: bc26c7f132f5cd28304cbc88070ca4dc -> 
  custom:scripting/monoscript/fileName/UIAdditiveEffect.cs: 50386f7d7d76f5c5e155dbf56c5e5fdd -> 
  custom:scripting/monoscript/fileName/MonoSpacing.cs: 45ba6bf376dd125375a8906a7d8b8b4b -> 
  custom:scripting/monoscript/fileName/FloatTween.cs: c51b551f6abec506d0db9945f7aa25cc -> 
  custom:scripting/monoscript/fileName/BoxSlider.cs: 662335e935a62641f6cb14e99e25e994 -> 
  custom:scripting/monoscript/fileName/BezierLineRendererEditor.cs: 2a50098be424d999e43b888ace13278c -> 
  custom:scripting/monoscript/fileName/NonDrawingGraphic.cs: a309796f6d67e4c1c110ec62b4572b4e -> 
  custom:scripting/monoscript/fileName/ScrollPositionController.cs: 30c392a65a277a4a74b1a6f1a3417601 -> 
  custom:scripting/monoscript/fileName/ContentScrollSnapHorizontal.cs: cb0bf043572062ce08b48904f46c98c8 -> 
  custom:scripting/monoscript/fileName/Triangulator.cs: 4ee9f09ca55767568ee94c9eaaed7244 -> d867a9a7a8385ef82ff357feb70c59d4
  custom:scripting/monoscript/fileName/UIImageCrop.cs: 1ec5d1f18ccf3bbe8ea319cda00ecfbc -> 
  custom:scripting/monoscript/fileName/BoxSliderEditor.cs: 9c680a5a338924fb176605eed0f68a75 -> 
  custom:scripting/monoscript/fileName/FancyScrollView.cs: c5f9c64ec4b4e183b17919204bc381a9 -> 
  custom:scripting/monoscript/fileName/BezierPath.cs: 90cbb6f823f7a03c69c93b3e1653c45e -> 
  custom:scripting/monoscript/fileName/SuperellipsePoints.cs: db2a1c9698f2dea478e1d6bfece554ae -> 
  custom:scripting/monoscript/fileName/UI_Knob.cs: 00244fb2be3e9e1f5ec3a07f175066a9 -> 
  custom:container-muxer-webm: aa71ff27fc2769a1b78a27578f13a17b -> 
  custom:scripting/monoscript/fileName/RaycastMask.cs: b13971e6a124c25b886c6703ae2aab24 -> 
  custom:scripting/monoscript/fileName/MultiTouchScrollRect.cs: 3a778993ea01435b2502c14ea2b2ff98 -> 
  custom:video-decoder-webm-vp8: 9c59270c3fd7afecdb556c50c9e8de78 -> 
  custom:scripting/monoscript/fileName/InputFieldEnterSubmit.cs: cdd5149b8afb8dc59ad57cc53ad8fb3b -> 
  custom:scripting/monoscript/fileName/ExampleSelectable.cs: 8dc7a8cd606154e7d10bb507e235c1f8 -> 
  custom:scripting/monoscript/fileName/uGUITools.cs: aa32797d8a9cdcd2167b6be114b0d5ec -> 
  custom:scripting/monoscript/fileName/UILinearDodgeEffect.cs: f5508d2f3f6addba614d4c08275f4546 -> 
  custom:SearchIndexIgnoredProperties: e643bd26f0fe6173181afceb89e7c659 -> 
  custom:scripting/monoscript/fileName/EasingCore.cs: 0bad7e894488e9b67256d892a478aab1 -> 
  custom:scripting/monoscript/fileName/Stepper.cs: 3ee1a56034750815f9c567b6c54fbbb8 -> 
  custom:scripting/monoscript/fileName/UIPrimitiveBase.cs: 80a945e915822efd5c887ee28f76aa9f -> 
  custom:AudioImporter_EditorPlatform: d09bf68614088b80899f8185d706f6e7 -> 
  custom:scripting/monoscript/fileName/LetterSpacing.cs: c4f4c504ac9c0b708c438c8a0faf6a96 -> 
  custom:scripting/monoscript/fileName/UISquircle.cs: faaa67841792f2c90a13db82841ac6e3 -> 
  custom:scripting/monoscript/fileName/RangeSlider.cs: 026cea0882c5bbc90f7cedc5111cfeb2 -> 
  custom:scripting/monoscript/fileName/UIExtensionMethods.cs: 2621bff24acfb4ddb3b264b7553588d8 -> 
  custom:scripting/monoscript/fileName/UIVerticalScroller.cs: 3532ae0d4ba5f6e2c310cfec2c655a8c -> 
  custom:scripting/monoscript/fileName/ColorLabel.cs: 9a2d62e5e8f65400e4abc881023f36f7 -> 
  custom:scripting/monoscript/fileName/TooltipTrigger.cs: 546a7d73bc42b9e6f1fd03a7e07d7f29 -> 
  custom:scripting/monoscript/fileName/UIMultiplyEffect.cs: 29b6f1f4d98d9b61292d829c0030af4b -> 
  custom:scripting/monoscript/fileName/CardPopup2D.cs: ac929914b8675b3ff1238ddb1cc99789 -> 
  custom:scripting/monoscript/fileName/ScrollSnapScrollbarHelper.cs: d6b043fd7048156ea2ef4da9da4a0a51 -> 
  custom:scripting/monoscript/fileName/HoverTooltip.cs: abdf0400bdf15bb8fdc0bc4d5ecc993f -> 
  custom:scripting/monoscript/fileName/ColorImage.cs: 87dea3e9bf43c94e295d4fa411046c66 -> 
  custom:scripting/monoscript/fileName/FancyScrollRectContext.cs: 9e5d4d8665c04a1190a3fc52908244b0 -> 
  custom:scripting/monoscript/fileName/TextPicIconEditor.cs: 1f41560011fcb93d03be374d10238c0c -> 
  custom:scripting/monoscript/fileName/UI_InfiniteScroll.cs: f7518bdb5ccbb5518282b9c860eef985 -> 
  custom:scripting/monoscript/fileName/UIExtensionsMenuOptions.cs: 25d3bc76bdcc7be45d732e8f064ec6a7 -> 
  custom:scripting/monoscript/fileName/ReadOnlyAttribute.cs: 604ae8fbc27d6402b88ac08f1987318f -> 
  custom:scripting/monoscript/fileName/UICircle.cs: e40253d6117a9fbea82cc285a7e8a36e -> 
  custom:scripting/monoscript/fileName/UIScrollToSelectionXY.cs: 8145d21a6ef6f8610242d2ba291595b9 -> 
  custom:scripting/monoscript/fileName/CUITextEditor.cs: 966cced0a631446b9484c2fe777a7f5b -> 
  custom:scripting/precompiled-assembly-types:UnityUIExtensions.editor: e002030e6fc012878af160bb334541ad -> 
  custom:scripting/monoscript/fileName/TweenRunner.cs: 90647cc400823b41df847a6cbfc29026 -> 
  custom:scripting/monoscript/fileName/UIHorizontalScroller.cs: 758f016ad67e22eff0f26468f408f006 -> 
  custom:scripting/monoscript/fileName/ReturnKeyTriggersButton.cs: 622f27a1a5fce3f8fe14f0fe6c6b39b5 -> 
  custom:scripting/monoscript/fileName/FancyGridViewCell.cs: 0cdf409b5aa8d4c25876d72b5c6a3b60 -> 
  custom:scripting/monoscript/fileName/Scroller.cs: 94938ad1cd7c20206a0339e3bd7f3330 -> 
  custom:scripting/monoscript/fileName/CylinderText.cs: 86c073c10ed890f8e108be86fb350e35 -> 
  custom:scripting/monoscript/fileName/ColorPickerPresets.cs: d20309ac183a87fd46c2e0a03ba5bdef -> 
  custom:scripting/monoscript/fileName/RadialSlider.cs: 24542b53b379116a4f98bb53a64e13b8 -> 
  custom:scripting/monoscript/fileName/PPIViewer.cs: 5269fbe050022d597b2ceba1b1d4cbae -> 
  custom:scripting/monoscript/fileName/InputFocus.cs: 6a5a3b184038cb5e7dbe4882c96bc91b -> 
  custom:scripting/monoscript/fileName/CUIBezierCurve.cs: 32214df0cb137de9f4967269deffb6f3 -> 
  custom:scripting/monoscript/fileName/DropDownListItem.cs: 91c61fd79335f34fb81e114553bf8888 -> 
  custom:scripting/monoscript/fileName/UIFlippable.cs: 9c843e180ea4b6afe9c1ba071336e124 -> 
  custom:scripting/monoscript/fileName/CanvasGroupActivator.cs: f743e9c6e47b0eb8c0b7b2fbf9f7de19 -> 
  custom:scripting/monoscript/fileName/UIWindowBase.cs: 776e605614a77fffd4e0147c8e684e94 -> 
  custom:video-encoder-webm-vp8: eb34c28f22e8b96e1ab97ce403110664 -> 
  custom:scripting/monoscript/fileName/ScrollPositionControllerEditor.cs: fb86570a90d8d5b779234b7f103e1b51 -> 
  custom:scripting/monoscript/fileName/CurvedLayout.cs: 46917779e317aa4a214ea430689de312 -> 
  custom:scripting/monoscript/fileName/ScrollConflictManager.cs: 1a474b2432b80a8b7211f13c79bb991c -> 
  custom:scripting/monoscript/fileName/ReadOnlyDrawer.cs: 1c0aa6472b8e40c24f66a5805d818994 -> 
  custom:audio-decoder-ogg-vorbis: bf7c407c2cedff20999df2af8eb42d56 -> 
  custom:scripting/monoscript/fileName/FancyGridView.cs: 849ed7f5b11c9db237ef61b01c5a5104 -> 
  custom:scripting/monoscript/fileName/CableCurve.cs: 1ed0592bfc80d3ca3db7b55e9a6e9d9a -> 
  custom:scripting/monoscript/fileName/PaginationManager.cs: b5c7a38e1c9bde92ca052679632bc9f1 -> 
  custom:scripting/monoscript/fileName/UILineTextureRenderer.cs: f3042185c83712ad42b2d6694b56f8d3 -> 
  custom:scripting/monoscript/fileName/MenuManager.cs: 8e71de17d45faf11b5ca3e63d3867170 -> 
  custom:scripting/monoscript/fileName/ColorPickerPresetsEditor.cs: 57bebb34d006d8305e8cd353ea00f28b -> 
  custom:scripting/monoscript/fileName/UI_MagneticInfiniteScroll.cs: 7f0db092e1c52c826e7ccbefe21fe7ce -> 
  custom:scripting/monoscript/fileName/ToolTip.cs: 2f05f936126a769ca9a98ef6920928a7 -> 
  custom:scripting/monoscript/fileName/TextPicRenameEditor.cs: b67a1588d964fe3ac177da9872e96689 -> 
  custom:scripting/monoscript/fileName/TestCompression.cs: 2a18178f72c1b3979b9006483863f20e -> 
  custom:scripting/monoscript/fileName/IFancyScrollRectContext.cs: 9c4dee0aef526d67eb0a668a1c9b910a -> 
  custom:scripting/monoscript/fileName/ColorChangedEvent.cs: bafb161b451089e6c72bcae877e0ba66 -> 
  custom:scripting/monoscript/fileName/BestFitOutline.cs: 2ec1c68346f5b721e3d92092cd60b278 -> 
  custom:scripting/monoscript/fileName/NonDrawingGraphicEditor.cs: 1e7abd1e1a4d3da38de70c6d38c19118 -> 
  custom:scripting/monoscript/fileName/HSVChangedEvent.cs: 8a0d7f505f4db7e267a03264293f54eb -> 
  custom:scripting/monoscript/fileName/CUIImageEditor.cs: 0be5a4365a8d65680f88c4d192e5254c -> 
  custom:scripting/monoscript/fileName/HorizontalScrollSnap.cs: 624447835d67a70d90ed2b7f69117316 -> 
  custom:scripting/monoscript/fileName/UI_TweenScale.cs: 50a18c41daf615d82dc37ef0e9dcea31 -> 
  custom:scripting/monoscript/fileName/BoundTooltipItem.cs: 12dc26af634677e40fd7840809357e6c -> 
  custom:scripting/monoscript/fileName/AccordionElement.cs: 69f1a7e537099cc57de9b6eaa86cef32 -> 
  custom:scripting/monoscript/fileName/UI_ScrollRectOcclusion.cs: 491f1c2592ac821eb8de9e533fddd4a9 -> 
  custom:scripting/monoscript/fileName/CUIBezierCurveEditor.cs: be4462c6de2387d5f99ef9d0e93b91ee -> 
  custom:scripting/monoscript/fileName/ColorSliderImage.cs: bbcbfbf23dc2f9fc5450db8f36b24487 -> 
  custom:scripting/monoscript/fileName/Accordion.cs: c31898dc7ffd6f7b32be5689419229bc -> 
  custom:scripting/monoscript/fileName/FancyCell.cs: 0cdf409b5aa8d4c25876d72b5c6a3b60 -> 
  custom:scripting/monoscript/fileName/ShineEffect.cs: 61d233269c4ea687efa548adef5d6e13 -> 
  custom:audio-encoder-webm-vorbis: bf7c407c2cedff20999df2af8eb42d56 -> 
  custom:scripting/monoscript/fileName/ScrollRectTweener.cs: 3437a8fb18bed84a45865e36e83e332f -> 
  custom:scripting/monoscript/fileName/MeshCreator.cs: a2506ad04bac2e5a6d6d50e0d7978d92 -> 
  custom:scripting/monoscript/fileName/UIPolygon.cs: ef7b3e02606f58c56a27e65db10bc7f3 -> 
  custom:scripting/monoscript/fileName/switchToRectTransform.cs: 0ef297259b7f2ab26defc1d718ad1e0a -> 
  custom:scripting/monoscript/fileName/UILineRendererList.cs: efbf4ff76c31aa3e4f61c8b26734d929 -> 
  custom:scripting/monoscript/fileName/CLZF2.cs: 40ef7bf6191a1a5e5b0f37e092e1b271 -> 
  custom:scripting/monoscript/fileName/SimpleMenu.cs: 90647cc400823b41df847a6cbfc29026 -> 
  custom:scripting/monoscript/fileName/RescalePanel.cs: a379a55181438e3b7a29019da8a3c82c -> 
  custom:scripting/monoscript/fileName/DragCorrector.cs: 89ab4a0369eecb75be2277a80a08c1e7 -> 
  custom:scripting/monoscript/fileName/RangeSliderEditor.cs: 1c09cdb4e75bc10f834bbae9a7b54e1e -> 
  custom:scripting/monoscript/fileName/FancyScrollRect.cs: 0cdf409b5aa8d4c25876d72b5c6a3b60 -> 
  custom:scripting/precompiled-assembly-types:Assembly-CSharp: b9b5c9d3acc78c4055756d16036d66ad -> d9898b08f7aa15a36c94fc52d0b7440b
  custom:scripting/monoscript/fileName/ReorderableList.cs: 944c8e214787d07461c711b29546f976 -> 
  custom:scripting/monoscript/fileName/RadialLayout.cs: 170f31c5fdb54a9fe7ba926effdfd7d4 -> 
  custom:scripting/monoscript/fileName/ColorSlider.cs: a91d06b853e0bf2d5df3ea61a67d5c83 -> 
  custom:scripting/monoscript/fileName/IFancyGridViewContext.cs: be7addf49e5950ebb654fec55c2afa8b -> 
  custom:scripting/precompiled-assembly-types:UnityUIExtensions: c0991a7eaf90618746e467e9e018bd04 -> 
  custom:scripting/monoscript/fileName/CUIGraphic.cs: 4f47fad340418bff51fe6171e2259e7f -> 
  custom:scripting/monoscript/fileName/IFancyCellGroupContext.cs: 323b5f49cc2011b3d2d9088e528ed161 -> 
  custom:scripting/monoscript/fileName/MinMaxSlider.cs: e7d98a511e8b98df33f72f37935821e5 -> 
  custom:scripting/monoscript/fileName/ColorPickerTester.cs: 63b6c03c009a94721b9d41c8d5e5e6ed -> 
========================================================================
Received Prepare
Caller must complete domain reload
Begin MonoManager ReloadAssembly
- Loaded All Assemblies, in  0.557 seconds
Native extension for WindowsStandalone target not found
Native extension for WebGL target not found
Mono: successfully reloaded assembly
- Finished resetting the current domain, in  1.118 seconds
Domain Reload Profiling: 1675ms
	BeginReloadAssembly (177ms)
		ExecutionOrderSort (0ms)
		DisableScriptedObjects (12ms)
		BackupInstance (0ms)
		ReleaseScriptingObjects (0ms)
		CreateAndSetChildDomain (42ms)
	RebuildCommonClasses (40ms)
	RebuildNativeTypeToScriptingClass (18ms)
	initialDomainReloadingComplete (27ms)
	LoadAllAssembliesAndSetupDomain (293ms)
		LoadAssemblies (350ms)
		RebuildTransferFunctionScriptingTraits (0ms)
		AnalyzeDomain (35ms)
			TypeCache.Refresh (11ms)
				TypeCache.ScanAssembly (0ms)
			ScanForSourceGeneratedMonoScriptInfo (14ms)
			ResolveRequiredComponents (10ms)
	FinalizeReload (1119ms)
		ReleaseScriptCaches (0ms)
		RebuildScriptCaches (0ms)
		SetupLoadedEditorAssemblies (454ms)
			LogAssemblyErrors (0ms)
			InitializePlatformSupportModulesInManaged (7ms)
			SetLoadedEditorAssemblies (6ms)
			RefreshPlugins (0ms)
			BeforeProcessingInitializeOnLoad (80ms)
			ProcessInitializeOnLoadAttributes (326ms)
			ProcessInitializeOnLoadMethodAttributes (32ms)
			AfterProcessingInitializeOnLoad (3ms)
			EditorAssembliesLoaded (0ms)
		ExecutionOrderSort2 (0ms)
		AwakeInstancesAfterBackupRestoration (16ms)
Refreshing native plugins compatible for Editor in 6.49 ms, found 7 plugins.
Preloading 0 native plugins for Editor in 0.00 ms.
Unloading 4456 Unused Serialized files (Serialized files now loaded: 0)
Unloading 44 unused Assets / (0.7 MB). Loaded Objects now: 5307.
Memory consumption went from 158.2 MB to 157.5 MB.
Total: 4.215100 ms (FindLiveObjects: 0.516900 ms CreateObjectMapping: 0.259000 ms MarkObjects: 2.897700 ms  DeleteObjects: 0.540000 ms)

Prepare: number of updated asset objects reloaded= 0
AssetImportParameters requested are different than current active one (requested -> active):
  custom:scripting/monoscript/fileName/CardStack2D.cs: 52f7ac406c04f320c1cc31b32fc945ec -> 
  custom:scripting/monoscript/fileName/UILineRendererFIFO.cs: 1a840d7d842445f62c20beee85a5bbc5 -> 
  custom:scripting/monoscript/fileName/FlowLayoutGroup.cs: 4f8c51e99186127173631d5ea0b848a8 -> 
  custom:scripting/monoscript/fileName/UIParticleSystem.cs: 6cef203566a0c9333597e4e233613614 -> 
  custom:scripting/monoscript/fileName/UILineRenderer.cs: 673f1b621ab4781ac78770b1b3c45207 -> 
  custom:scripting/monoscript/fileName/TableLayoutGroup.cs: 9697d88a99d4c91003d206b86eed3a61 -> 
  custom:scripting/monoscript/fileName/Segment.cs: 823b994f6bbb6e32f73e9807948df6b3 -> 
  custom:container-demuxer-ogg: 62fdf1f143b41e24485cea50d1cbac27 -> 
  custom:scripting/monoscript/fileName/SelectionBox.cs: 9eabc2822607d24d284c5c0d720d4a01 -> 
  custom:scripting/monoscript/fileName/ReorderableListContent.cs: a630238339e5f198f723ac29a2329f6d -> 
  custom:scripting/monoscript/fileName/Menu.cs: d0a2652908e797d4064ef9b772450cc8 -> 
  custom:scripting/monoscript/fileName/SetPropertyUtility.cs: 02aade692758e5563210cc05829e9851 -> f604b4b9e6b0979bdfc1e2b40426dd19
  custom:scripting/monoscript/fileName/HSVUtil.cs: 2f204c7a89b046fae714aadbcda42851 -> 
  custom:scripting/monoscript/fileName/FancyCellGroup.cs: 90647cc400823b41df847a6cbfc29026 -> 
  custom:scripting/monoscript/fileName/RescaleDragPanel.cs: 428e5a10a21f2d3fc3805557487d591e -> 
  custom:scripting/monoscript/fileName/ExtensionsToggleGroup.cs: 93967f93faef61aecdca9232fa42b062 -> 
  custom:scripting/monoscript/fileName/ResizePanel.cs: 0a2d1269c62cba913a254b515f8b6020 -> 
  custom:scripting/monoscript/fileName/Circle.cs: cfc2369c92dd039be7c3f572f769fdcf -> 
  custom:scripting/monoscript/fileName/ShaderLibrary.cs: 7a09676978959734a6827051c965f749 -> 
  custom:scripting/monoscript/fileName/CurvedText.cs: c86aabacdca275700720e919fc8a8b52 -> 
  custom:scripting/monoscript/fileName/FancyScrollRectCell.cs: 0cdf409b5aa8d4c25876d72b5c6a3b60 -> 
  custom:scripting/monoscript/fileName/Gradient.cs: a4c2a5a25440c543cd82653fda832632 -> 
  custom:scripting/monoscript/fileName/ScrollSnapBase.cs: 3682088473625968e7b4647a6b4213f6 -> 
  custom:scripting/monoscript/fileName/CUIText.cs: 0be1a405bc9388e4813a74aad6018bec -> 
  custom:scripting/monoscript/fileName/BoundTooltipTrigger.cs: e78e2ee612ba85e075ab794a5cb95e73 -> 
  custom:scripting/monoscript/fileName/UIHighlightable.cs: fd305ad78204cb75a66ce809c3f50e6a -> 
  custom:video-codec-MediaFoundation-h265: 746d11721c4dcdbdad8f713fa42b33f4 -> 
  custom:scripting/monoscript/fileName/UIExtensionsInputManager.cs: 6f468ddae971c3bcce0288549c1beabd -> 
  custom:scripting/monoscript/fileName/Gradient2.cs: 9c1fd6257924e43a80b8fccb859d3828 -> 
  custom:scripting/monoscript/fileName/CooldownButton.cs: 72bd21b90ac71f29908a36179176f8fc -> 
  custom:video-decoder-ogg-theora: a1e56fd34408186e4bbccfd4996cb3dc -> 
  custom:scripting/monoscript/fileName/TileSizeFitter.cs: ba6326e335b6f177a627b992c444832c -> 
  custom:scripting/monoscript/fileName/SelectableScaler.cs: 3ebe175d64b38a572f8dbe8fd345f0c3 -> 
  custom:scripting/monoscript/fileName/AccordionElementEditor.cs: db5ee9b2cff22578a12a4d141614d665 -> 
  custom:scripting/monoscript/fileName/ExtensionsToggle.cs: e0b44aa7e1ff973d74b4857a34a48879 -> 
  custom:scripting/monoscript/fileName/ReorderableListElement.cs: 788a31431a1c95dc9a9a52767f8e812f -> 
  custom:scripting/monoscript/fileName/ShineEffector.cs: 52ed4eb6c7ed8f674a18d2a4db6eba86 -> 
  custom:scripting/monoscript/fileName/UISelectableExtension.cs: b6766007d8a2236e23d4749da2d8cdd2 -> 
  custom:framework-win-MediaFoundation: 216162199b28c13a410421893ffa2e32 -> 
  custom:scripting/monoscript/fileName/UISoftAdditiveEffect.cs: 30a825933c907dec19605ff2f58a292f -> 
  custom:scripting/monoscript/fileName/HexColorField.cs: 425eeca1ce4159bc649962b2337061a4 -> 
  custom:scripting/monoscript/fileName/ColorPickerControl.cs: 97231f899ae243cc634f34e048c22095 -> 
  custom:scripting/monoscript/fileName/ReorderableListDebug.cs: 51cf5a188c464deb681bea16cb795b61 -> 
  custom:scripting/monoscript/fileName/TextPic.cs: 9dbd7bc654cbf19eee33ac6fc452bfb1 -> 
  custom:scripting/monoscript/fileName/CUIImage.cs: 41f29f650aa507f802cd9793d91f3211 -> 
  custom:scripting/monoscript/fileName/DropDownListButton.cs: 71d533f2602e0e099d09a556ef8e4414 -> 
  custom:scripting/monoscript/fileName/ScrollSnap.cs: c5ae67ed5cc8c0ab1f7496803acc2648 -> 
  custom:scripting/monoscript/fileName/TextPicIconListCopier.cs: a564a2a474c019b98650cff2383ccfca -> 
  custom:scripting/monoscript/fileName/UICornerCut.cs: 69b0dfb485aa2b1afa65fcf30028125b -> 
  custom:scripting/monoscript/fileName/ScrollerEditor.cs: 478519b80ad2bc62d4a4b80ae078e694 -> 
  custom:scripting/monoscript/fileName/IBoxSelectable.cs: a5bf39a694cf2b84c65e7bec998d4941 -> 
  custom:scripting/monoscript/fileName/TiltWindow.cs: 7c3356d1b5bc9c6e9fe98345b0be7c30 -> 
  custom:scripting/monoscript/fileName/ExtensionMethods.cs: 943bd8dac5ce9467ce7deb0856dc6b0a -> 
  custom:scripting/monoscript/fileName/ComboBox.cs: a6ca48dde827ff07a9093f3624d58e62 -> 
  custom:scripting/monoscript/fileName/ScrollRectLinker.cs: 0316116e17d192ca2ef7c97539dff50f -> 
  custom:scripting/monoscript/fileName/SVBoxSlider.cs: 1d22c9c16d63e1cf38ad19bbcec9a0da -> 
  custom:scripting/monoscript/fileName/VerticalScrollSnap.cs: a7ebcf1fac8331e70ee01e540cbe484b -> 
  custom:scripting/monoscript/fileName/UILineConnector.cs: ea5f69a32957fe35ae7b512ef3f758ef -> 
  custom:scripting/monoscript/fileName/UIScreenEffect.cs: c36542c529d1f733362556ab22c18bf9 -> 
  custom:scripting/monoscript/fileName/SoftMaskScript.cs: 867049fb2647c9983fb1391409f93d30 -> 
  custom:scripting/monoscript/fileName/DiamondGraph.cs: a01b647a54847840428a395cc0d6fc16 -> 
  custom:scripting/monoscript/fileName/ScrollRectEx.cs: 3f6a881a34055e182fee3ab0baaee0c3 -> 
  custom:scripting/monoscript/fileName/UIGridRenderer.cs: 04c0062f4b7cdd6963fdba9ae03d9c72 -> 
  custom:scripting/monoscript/fileName/NicerOutline.cs: 571a7c7c4af4ebadc9fed23f0c3b0b46 -> 
  custom:CustomObjectIndexerAttribute: 9a22284fe3817be447336de3de66b15e -> 
  custom:scripting/monoscript/fileName/ScrollRectExtensions.cs: c76cb840404ffa9bc24248639e9da4ee -> 
  custom:scripting/monoscript/fileName/FancyGridViewContext.cs: 8738476657d4a33c34bc82bed7ce8bc9 -> 
  custom:scripting/monoscript/fileName/MinMaxValues.cs: 4aa11a61e640749f4ea5f947f86be5ba -> 
  custom:scripting/monoscript/fileName/CardExpanding3D.cs: d8b2b9924677ad2b445b05edbed7f0e3 -> 
  custom:scripting/monoscript/fileName/MinMaxSliderEditor.cs: e0496a7f76fc8934af2a763a7289ad36 -> 
  custom:scripting/monoscript/fileName/StepperSide.cs: 34d9a35c8c2622f327b140f18a7398a7 -> 
  custom:scripting/monoscript/fileName/CUIGraphicEditor.cs: a618262d3e77d462c5a0cd2e608e8a53 -> 
  custom:scripting/monoscript/fileName/DropDownList.cs: 3d51ab81e9571c9027b59874b2c78567 -> 
  custom:scripting/monoscript/fileName/ITweenValue.cs: 1d0eaa4b435fa135e18af6b5fa57e92e -> 
  custom:container-demuxer-webm: 4f35f7cbe854078d1ac9338744f61a02 -> 
  custom:scripting/monoscript/fileName/CardExpanding2D.cs: e0950b450275cb3936a581f286a6b471 -> 
  custom:scripting/monoscript/fileName/ResetSelectableHighlight.cs: 3ea63487fd77e7b22731770a86b4f8b9 -> 
  custom:scripting/monoscript/fileName/UIScrollToSelection.cs: d89fc8e36bdc19715e3104a5f857d175 -> 
  custom:scripting/monoscript/fileName/IScrollSnap.cs: 80b4110dac6695d630b8e7501d8e5aa8 -> 
  custom:scripting/monoscript/fileName/SegmentedControl.cs: 3a6e53207de58cf304ab520e0638e2df -> 
  custom:scripting/monoscript/fileName/ColorSampler.cs: 617678b91f4adc7b3146f51bed3fc4b1 -> 
  custom:scripting/monoscript/fileName/TabNavigationHelper.cs: 43f45dc623750048d2fbac24931c8ac8 -> 
  custom:scripting/monoscript/fileName/AutoCompleteComboBox.cs: 6e2e6cf33d4f5ca4ad3c05ff8f254467 -> 
  custom:scripting/monoscript/fileName/TextPicEditor.cs: c23216fe996c314d4c496ad837485981 -> 
  custom:scripting/monoscript/fileName/CUIMisc.cs: bc26c7f132f5cd28304cbc88070ca4dc -> 
  custom:scripting/monoscript/fileName/UIAdditiveEffect.cs: 50386f7d7d76f5c5e155dbf56c5e5fdd -> 
  custom:scripting/monoscript/fileName/MonoSpacing.cs: 45ba6bf376dd125375a8906a7d8b8b4b -> 
  custom:scripting/monoscript/fileName/FloatTween.cs: c51b551f6abec506d0db9945f7aa25cc -> 
  custom:scripting/monoscript/fileName/BoxSlider.cs: 662335e935a62641f6cb14e99e25e994 -> 
  custom:scripting/monoscript/fileName/BezierLineRendererEditor.cs: 2a50098be424d999e43b888ace13278c -> 
  custom:scripting/monoscript/fileName/NonDrawingGraphic.cs: a309796f6d67e4c1c110ec62b4572b4e -> 
  custom:scripting/monoscript/fileName/ScrollPositionController.cs: 30c392a65a277a4a74b1a6f1a3417601 -> 
  custom:scripting/monoscript/fileName/ContentScrollSnapHorizontal.cs: cb0bf043572062ce08b48904f46c98c8 -> 
  custom:scripting/monoscript/fileName/Triangulator.cs: 4ee9f09ca55767568ee94c9eaaed7244 -> d867a9a7a8385ef82ff357feb70c59d4
  custom:scripting/monoscript/fileName/UIImageCrop.cs: 1ec5d1f18ccf3bbe8ea319cda00ecfbc -> 
  custom:scripting/monoscript/fileName/BoxSliderEditor.cs: 9c680a5a338924fb176605eed0f68a75 -> 
  custom:scripting/monoscript/fileName/FancyScrollView.cs: c5f9c64ec4b4e183b17919204bc381a9 -> 
  custom:scripting/monoscript/fileName/BezierPath.cs: 90cbb6f823f7a03c69c93b3e1653c45e -> 
  custom:scripting/monoscript/fileName/SuperellipsePoints.cs: db2a1c9698f2dea478e1d6bfece554ae -> 
  custom:scripting/monoscript/fileName/UI_Knob.cs: 00244fb2be3e9e1f5ec3a07f175066a9 -> 
  custom:container-muxer-webm: aa71ff27fc2769a1b78a27578f13a17b -> 
  custom:scripting/monoscript/fileName/RaycastMask.cs: b13971e6a124c25b886c6703ae2aab24 -> 
  custom:scripting/monoscript/fileName/MultiTouchScrollRect.cs: 3a778993ea01435b2502c14ea2b2ff98 -> 
  custom:video-decoder-webm-vp8: 9c59270c3fd7afecdb556c50c9e8de78 -> 
  custom:scripting/monoscript/fileName/InputFieldEnterSubmit.cs: cdd5149b8afb8dc59ad57cc53ad8fb3b -> 
  custom:scripting/monoscript/fileName/ExampleSelectable.cs: 8dc7a8cd606154e7d10bb507e235c1f8 -> 
  custom:scripting/monoscript/fileName/uGUITools.cs: aa32797d8a9cdcd2167b6be114b0d5ec -> 
  custom:scripting/monoscript/fileName/UILinearDodgeEffect.cs: f5508d2f3f6addba614d4c08275f4546 -> 
  custom:SearchIndexIgnoredProperties: e643bd26f0fe6173181afceb89e7c659 -> 
  custom:scripting/monoscript/fileName/EasingCore.cs: 0bad7e894488e9b67256d892a478aab1 -> 
  custom:scripting/monoscript/fileName/Stepper.cs: 3ee1a56034750815f9c567b6c54fbbb8 -> 
  custom:scripting/monoscript/fileName/UIPrimitiveBase.cs: 80a945e915822efd5c887ee28f76aa9f -> 
  custom:AudioImporter_EditorPlatform: d09bf68614088b80899f8185d706f6e7 -> 
  custom:scripting/monoscript/fileName/LetterSpacing.cs: c4f4c504ac9c0b708c438c8a0faf6a96 -> 
  custom:scripting/monoscript/fileName/UISquircle.cs: faaa67841792f2c90a13db82841ac6e3 -> 
  custom:scripting/monoscript/fileName/RangeSlider.cs: 026cea0882c5bbc90f7cedc5111cfeb2 -> 
  custom:scripting/monoscript/fileName/UIExtensionMethods.cs: 2621bff24acfb4ddb3b264b7553588d8 -> 
  custom:scripting/monoscript/fileName/UIVerticalScroller.cs: 3532ae0d4ba5f6e2c310cfec2c655a8c -> 
  custom:scripting/monoscript/fileName/ColorLabel.cs: 9a2d62e5e8f65400e4abc881023f36f7 -> 
  custom:scripting/monoscript/fileName/TooltipTrigger.cs: 546a7d73bc42b9e6f1fd03a7e07d7f29 -> 
  custom:scripting/monoscript/fileName/UIMultiplyEffect.cs: 29b6f1f4d98d9b61292d829c0030af4b -> 
  custom:scripting/monoscript/fileName/CardPopup2D.cs: ac929914b8675b3ff1238ddb1cc99789 -> 
  custom:scripting/monoscript/fileName/ScrollSnapScrollbarHelper.cs: d6b043fd7048156ea2ef4da9da4a0a51 -> 
  custom:scripting/monoscript/fileName/HoverTooltip.cs: abdf0400bdf15bb8fdc0bc4d5ecc993f -> 
  custom:scripting/monoscript/fileName/ColorImage.cs: 87dea3e9bf43c94e295d4fa411046c66 -> 
  custom:scripting/monoscript/fileName/FancyScrollRectContext.cs: 9e5d4d8665c04a1190a3fc52908244b0 -> 
  custom:scripting/monoscript/fileName/TextPicIconEditor.cs: 1f41560011fcb93d03be374d10238c0c -> 
  custom:scripting/monoscript/fileName/UI_InfiniteScroll.cs: f7518bdb5ccbb5518282b9c860eef985 -> 
  custom:scripting/monoscript/fileName/UIExtensionsMenuOptions.cs: 25d3bc76bdcc7be45d732e8f064ec6a7 -> 
  custom:scripting/monoscript/fileName/ReadOnlyAttribute.cs: 604ae8fbc27d6402b88ac08f1987318f -> 
  custom:scripting/monoscript/fileName/UICircle.cs: e40253d6117a9fbea82cc285a7e8a36e -> 
  custom:scripting/monoscript/fileName/UIScrollToSelectionXY.cs: 8145d21a6ef6f8610242d2ba291595b9 -> 
  custom:scripting/monoscript/fileName/CUITextEditor.cs: 966cced0a631446b9484c2fe777a7f5b -> 
  custom:scripting/precompiled-assembly-types:UnityUIExtensions.editor: e002030e6fc012878af160bb334541ad -> 
  custom:scripting/monoscript/fileName/TweenRunner.cs: 90647cc400823b41df847a6cbfc29026 -> 
  custom:scripting/monoscript/fileName/UIHorizontalScroller.cs: 758f016ad67e22eff0f26468f408f006 -> 
  custom:scripting/monoscript/fileName/ReturnKeyTriggersButton.cs: 622f27a1a5fce3f8fe14f0fe6c6b39b5 -> 
  custom:scripting/monoscript/fileName/FancyGridViewCell.cs: 0cdf409b5aa8d4c25876d72b5c6a3b60 -> 
  custom:scripting/monoscript/fileName/Scroller.cs: 94938ad1cd7c20206a0339e3bd7f3330 -> 
  custom:scripting/monoscript/fileName/CylinderText.cs: 86c073c10ed890f8e108be86fb350e35 -> 
  custom:scripting/monoscript/fileName/ColorPickerPresets.cs: d20309ac183a87fd46c2e0a03ba5bdef -> 
  custom:scripting/monoscript/fileName/RadialSlider.cs: 24542b53b379116a4f98bb53a64e13b8 -> 
  custom:scripting/monoscript/fileName/PPIViewer.cs: 5269fbe050022d597b2ceba1b1d4cbae -> 
  custom:scripting/monoscript/fileName/InputFocus.cs: 6a5a3b184038cb5e7dbe4882c96bc91b -> 
  custom:scripting/monoscript/fileName/CUIBezierCurve.cs: 32214df0cb137de9f4967269deffb6f3 -> 
  custom:scripting/monoscript/fileName/DropDownListItem.cs: 91c61fd79335f34fb81e114553bf8888 -> 
  custom:scripting/monoscript/fileName/UIFlippable.cs: 9c843e180ea4b6afe9c1ba071336e124 -> 
  custom:scripting/monoscript/fileName/CanvasGroupActivator.cs: f743e9c6e47b0eb8c0b7b2fbf9f7de19 -> 
  custom:scripting/monoscript/fileName/UIWindowBase.cs: 776e605614a77fffd4e0147c8e684e94 -> 
  custom:video-encoder-webm-vp8: eb34c28f22e8b96e1ab97ce403110664 -> 
  custom:scripting/monoscript/fileName/ScrollPositionControllerEditor.cs: fb86570a90d8d5b779234b7f103e1b51 -> 
  custom:scripting/monoscript/fileName/CurvedLayout.cs: 46917779e317aa4a214ea430689de312 -> 
  custom:scripting/monoscript/fileName/ScrollConflictManager.cs: 1a474b2432b80a8b7211f13c79bb991c -> 
  custom:scripting/monoscript/fileName/ReadOnlyDrawer.cs: 1c0aa6472b8e40c24f66a5805d818994 -> 
  custom:audio-decoder-ogg-vorbis: bf7c407c2cedff20999df2af8eb42d56 -> 
  custom:scripting/monoscript/fileName/FancyGridView.cs: 849ed7f5b11c9db237ef61b01c5a5104 -> 
  custom:scripting/monoscript/fileName/CableCurve.cs: 1ed0592bfc80d3ca3db7b55e9a6e9d9a -> 
  custom:scripting/monoscript/fileName/PaginationManager.cs: b5c7a38e1c9bde92ca052679632bc9f1 -> 
  custom:scripting/monoscript/fileName/UILineTextureRenderer.cs: f3042185c83712ad42b2d6694b56f8d3 -> 
  custom:scripting/monoscript/fileName/MenuManager.cs: 8e71de17d45faf11b5ca3e63d3867170 -> 
  custom:scripting/monoscript/fileName/ColorPickerPresetsEditor.cs: 57bebb34d006d8305e8cd353ea00f28b -> 
  custom:scripting/monoscript/fileName/UI_MagneticInfiniteScroll.cs: 7f0db092e1c52c826e7ccbefe21fe7ce -> 
  custom:scripting/monoscript/fileName/ToolTip.cs: 2f05f936126a769ca9a98ef6920928a7 -> 
  custom:scripting/monoscript/fileName/TextPicRenameEditor.cs: b67a1588d964fe3ac177da9872e96689 -> 
  custom:scripting/monoscript/fileName/TestCompression.cs: 2a18178f72c1b3979b9006483863f20e -> 
  custom:scripting/monoscript/fileName/IFancyScrollRectContext.cs: 9c4dee0aef526d67eb0a668a1c9b910a -> 
  custom:scripting/monoscript/fileName/ColorChangedEvent.cs: bafb161b451089e6c72bcae877e0ba66 -> 
  custom:scripting/monoscript/fileName/BestFitOutline.cs: 2ec1c68346f5b721e3d92092cd60b278 -> 
  custom:scripting/monoscript/fileName/NonDrawingGraphicEditor.cs: 1e7abd1e1a4d3da38de70c6d38c19118 -> 
  custom:scripting/monoscript/fileName/HSVChangedEvent.cs: 8a0d7f505f4db7e267a03264293f54eb -> 
  custom:scripting/monoscript/fileName/CUIImageEditor.cs: 0be5a4365a8d65680f88c4d192e5254c -> 
  custom:scripting/monoscript/fileName/HorizontalScrollSnap.cs: 624447835d67a70d90ed2b7f69117316 -> 
  custom:scripting/monoscript/fileName/UI_TweenScale.cs: 50a18c41daf615d82dc37ef0e9dcea31 -> 
  custom:scripting/monoscript/fileName/BoundTooltipItem.cs: 12dc26af634677e40fd7840809357e6c -> 
  custom:scripting/monoscript/fileName/AccordionElement.cs: 69f1a7e537099cc57de9b6eaa86cef32 -> 
  custom:scripting/monoscript/fileName/UI_ScrollRectOcclusion.cs: 491f1c2592ac821eb8de9e533fddd4a9 -> 
  custom:scripting/monoscript/fileName/CUIBezierCurveEditor.cs: be4462c6de2387d5f99ef9d0e93b91ee -> 
  custom:scripting/monoscript/fileName/ColorSliderImage.cs: bbcbfbf23dc2f9fc5450db8f36b24487 -> 
  custom:scripting/monoscript/fileName/Accordion.cs: c31898dc7ffd6f7b32be5689419229bc -> 
  custom:scripting/monoscript/fileName/FancyCell.cs: 0cdf409b5aa8d4c25876d72b5c6a3b60 -> 
  custom:scripting/monoscript/fileName/ShineEffect.cs: 61d233269c4ea687efa548adef5d6e13 -> 
  custom:audio-encoder-webm-vorbis: bf7c407c2cedff20999df2af8eb42d56 -> 
  custom:scripting/monoscript/fileName/ScrollRectTweener.cs: 3437a8fb18bed84a45865e36e83e332f -> 
  custom:scripting/monoscript/fileName/MeshCreator.cs: a2506ad04bac2e5a6d6d50e0d7978d92 -> 
  custom:scripting/monoscript/fileName/UIPolygon.cs: ef7b3e02606f58c56a27e65db10bc7f3 -> 
  custom:scripting/monoscript/fileName/switchToRectTransform.cs: 0ef297259b7f2ab26defc1d718ad1e0a -> 
  custom:scripting/monoscript/fileName/UILineRendererList.cs: efbf4ff76c31aa3e4f61c8b26734d929 -> 
  custom:scripting/monoscript/fileName/CLZF2.cs: 40ef7bf6191a1a5e5b0f37e092e1b271 -> 
  custom:scripting/monoscript/fileName/SimpleMenu.cs: 90647cc400823b41df847a6cbfc29026 -> 
  custom:scripting/monoscript/fileName/RescalePanel.cs: a379a55181438e3b7a29019da8a3c82c -> 
  custom:scripting/monoscript/fileName/DragCorrector.cs: 89ab4a0369eecb75be2277a80a08c1e7 -> 
  custom:scripting/monoscript/fileName/RangeSliderEditor.cs: 1c09cdb4e75bc10f834bbae9a7b54e1e -> 
  custom:scripting/monoscript/fileName/FancyScrollRect.cs: 0cdf409b5aa8d4c25876d72b5c6a3b60 -> 
  custom:scripting/monoscript/fileName/ReorderableList.cs: 944c8e214787d07461c711b29546f976 -> 
  custom:scripting/monoscript/fileName/RadialLayout.cs: 170f31c5fdb54a9fe7ba926effdfd7d4 -> 
  custom:scripting/monoscript/fileName/ColorSlider.cs: a91d06b853e0bf2d5df3ea61a67d5c83 -> 
  custom:scripting/monoscript/fileName/IFancyGridViewContext.cs: be7addf49e5950ebb654fec55c2afa8b -> 
  custom:scripting/precompiled-assembly-types:UnityUIExtensions: c0991a7eaf90618746e467e9e018bd04 -> 
  custom:scripting/monoscript/fileName/CUIGraphic.cs: 4f47fad340418bff51fe6171e2259e7f -> 
  custom:scripting/monoscript/fileName/IFancyCellGroupContext.cs: 323b5f49cc2011b3d2d9088e528ed161 -> 
  custom:scripting/monoscript/fileName/MinMaxSlider.cs: e7d98a511e8b98df33f72f37935821e5 -> 
  custom:scripting/monoscript/fileName/ColorPickerTester.cs: 63b6c03c009a94721b9d41c8d5e5e6ed -> 
========================================================================
Received Prepare
Caller must complete domain reload
Begin MonoManager ReloadAssembly
- Loaded All Assemblies, in  0.514 seconds
Native extension for WindowsStandalone target not found
Native extension for WebGL target not found
Mono: successfully reloaded assembly
- Finished resetting the current domain, in  1.130 seconds
Domain Reload Profiling: 1644ms
	BeginReloadAssembly (162ms)
		ExecutionOrderSort (0ms)
		DisableScriptedObjects (11ms)
		BackupInstance (0ms)
		ReleaseScriptingObjects (0ms)
		CreateAndSetChildDomain (37ms)
	RebuildCommonClasses (35ms)
	RebuildNativeTypeToScriptingClass (12ms)
	initialDomainReloadingComplete (33ms)
	LoadAllAssembliesAndSetupDomain (271ms)
		LoadAssemblies (333ms)
		RebuildTransferFunctionScriptingTraits (0ms)
		AnalyzeDomain (19ms)
			TypeCache.Refresh (7ms)
				TypeCache.ScanAssembly (0ms)
			ScanForSourceGeneratedMonoScriptInfo (0ms)
			ResolveRequiredComponents (10ms)
	FinalizeReload (1131ms)
		ReleaseScriptCaches (0ms)
		RebuildScriptCaches (0ms)
		SetupLoadedEditorAssemblies (460ms)
			LogAssemblyErrors (0ms)
			InitializePlatformSupportModulesInManaged (7ms)
			SetLoadedEditorAssemblies (5ms)
			RefreshPlugins (0ms)
			BeforeProcessingInitializeOnLoad (78ms)
			ProcessInitializeOnLoadAttributes (327ms)
			ProcessInitializeOnLoadMethodAttributes (39ms)
			AfterProcessingInitializeOnLoad (3ms)
			EditorAssembliesLoaded (0ms)
		ExecutionOrderSort2 (0ms)
		AwakeInstancesAfterBackupRestoration (17ms)
Refreshing native plugins compatible for Editor in 8.62 ms, found 7 plugins.
Preloading 0 native plugins for Editor in 0.00 ms.
Unloading 4456 Unused Serialized files (Serialized files now loaded: 0)
Unloading 44 unused Assets / (0.7 MB). Loaded Objects now: 5311.
Memory consumption went from 158.3 MB to 157.6 MB.
Total: 9.398700 ms (FindLiveObjects: 0.849200 ms CreateObjectMapping: 0.581900 ms MarkObjects: 6.693700 ms  DeleteObjects: 1.271700 ms)

Prepare: number of updated asset objects reloaded= 0
AssetImportParameters requested are different than current active one (requested -> active):
  custom:scripting/monoscript/fileName/CardStack2D.cs: 52f7ac406c04f320c1cc31b32fc945ec -> 
  custom:scripting/monoscript/fileName/UILineRendererFIFO.cs: 1a840d7d842445f62c20beee85a5bbc5 -> 
  custom:scripting/monoscript/fileName/FlowLayoutGroup.cs: 4f8c51e99186127173631d5ea0b848a8 -> 
  custom:scripting/monoscript/fileName/UIParticleSystem.cs: 6cef203566a0c9333597e4e233613614 -> 
  custom:scripting/monoscript/fileName/UILineRenderer.cs: 673f1b621ab4781ac78770b1b3c45207 -> 
  custom:scripting/monoscript/fileName/TableLayoutGroup.cs: 9697d88a99d4c91003d206b86eed3a61 -> 
  custom:scripting/monoscript/fileName/Segment.cs: 823b994f6bbb6e32f73e9807948df6b3 -> 
  custom:container-demuxer-ogg: 62fdf1f143b41e24485cea50d1cbac27 -> 
  custom:scripting/monoscript/fileName/SelectionBox.cs: 9eabc2822607d24d284c5c0d720d4a01 -> 
  custom:scripting/monoscript/fileName/ReorderableListContent.cs: a630238339e5f198f723ac29a2329f6d -> 
  custom:scripting/monoscript/fileName/Menu.cs: d0a2652908e797d4064ef9b772450cc8 -> 
  custom:scripting/monoscript/fileName/SetPropertyUtility.cs: 02aade692758e5563210cc05829e9851 -> f604b4b9e6b0979bdfc1e2b40426dd19
  custom:scripting/monoscript/fileName/HSVUtil.cs: 2f204c7a89b046fae714aadbcda42851 -> 
  custom:scripting/monoscript/fileName/FancyCellGroup.cs: 90647cc400823b41df847a6cbfc29026 -> 
  custom:scripting/monoscript/fileName/RescaleDragPanel.cs: 428e5a10a21f2d3fc3805557487d591e -> 
  custom:scripting/monoscript/fileName/ExtensionsToggleGroup.cs: 93967f93faef61aecdca9232fa42b062 -> 
  custom:scripting/monoscript/fileName/ResizePanel.cs: 0a2d1269c62cba913a254b515f8b6020 -> 
  custom:scripting/monoscript/fileName/Circle.cs: cfc2369c92dd039be7c3f572f769fdcf -> 
  custom:scripting/monoscript/fileName/ShaderLibrary.cs: 7a09676978959734a6827051c965f749 -> 
  custom:scripting/monoscript/fileName/CurvedText.cs: c86aabacdca275700720e919fc8a8b52 -> 
  custom:scripting/monoscript/fileName/FancyScrollRectCell.cs: 0cdf409b5aa8d4c25876d72b5c6a3b60 -> 
  custom:scripting/monoscript/fileName/Gradient.cs: a4c2a5a25440c543cd82653fda832632 -> 
  custom:scripting/monoscript/fileName/ScrollSnapBase.cs: 3682088473625968e7b4647a6b4213f6 -> 
  custom:scripting/monoscript/fileName/CUIText.cs: 0be1a405bc9388e4813a74aad6018bec -> 
  custom:scripting/monoscript/fileName/BoundTooltipTrigger.cs: e78e2ee612ba85e075ab794a5cb95e73 -> 
  custom:scripting/monoscript/fileName/UIHighlightable.cs: fd305ad78204cb75a66ce809c3f50e6a -> 
  custom:video-codec-MediaFoundation-h265: 746d11721c4dcdbdad8f713fa42b33f4 -> 
  custom:scripting/monoscript/fileName/UIExtensionsInputManager.cs: 6f468ddae971c3bcce0288549c1beabd -> 
  custom:scripting/monoscript/fileName/Gradient2.cs: 9c1fd6257924e43a80b8fccb859d3828 -> 
  custom:scripting/monoscript/fileName/CooldownButton.cs: 72bd21b90ac71f29908a36179176f8fc -> 
  custom:video-decoder-ogg-theora: a1e56fd34408186e4bbccfd4996cb3dc -> 
  custom:scripting/monoscript/fileName/TileSizeFitter.cs: ba6326e335b6f177a627b992c444832c -> 
  custom:scripting/monoscript/fileName/SelectableScaler.cs: 3ebe175d64b38a572f8dbe8fd345f0c3 -> 
  custom:scripting/monoscript/fileName/AccordionElementEditor.cs: db5ee9b2cff22578a12a4d141614d665 -> 
  custom:scripting/monoscript/fileName/ExtensionsToggle.cs: e0b44aa7e1ff973d74b4857a34a48879 -> 
  custom:scripting/monoscript/fileName/ReorderableListElement.cs: 788a31431a1c95dc9a9a52767f8e812f -> 
  custom:scripting/monoscript/fileName/ShineEffector.cs: 52ed4eb6c7ed8f674a18d2a4db6eba86 -> 
  custom:scripting/monoscript/fileName/UISelectableExtension.cs: b6766007d8a2236e23d4749da2d8cdd2 -> 
  custom:framework-win-MediaFoundation: 216162199b28c13a410421893ffa2e32 -> 
  custom:scripting/monoscript/fileName/UISoftAdditiveEffect.cs: 30a825933c907dec19605ff2f58a292f -> 
  custom:scripting/monoscript/fileName/HexColorField.cs: 425eeca1ce4159bc649962b2337061a4 -> 
  custom:scripting/monoscript/fileName/ColorPickerControl.cs: 97231f899ae243cc634f34e048c22095 -> 
  custom:scripting/monoscript/fileName/ReorderableListDebug.cs: 51cf5a188c464deb681bea16cb795b61 -> 
  custom:scripting/monoscript/fileName/TextPic.cs: 9dbd7bc654cbf19eee33ac6fc452bfb1 -> 
  custom:scripting/monoscript/fileName/CUIImage.cs: 41f29f650aa507f802cd9793d91f3211 -> 
  custom:scripting/monoscript/fileName/DropDownListButton.cs: 71d533f2602e0e099d09a556ef8e4414 -> 
  custom:scripting/monoscript/fileName/ScrollSnap.cs: c5ae67ed5cc8c0ab1f7496803acc2648 -> 
  custom:scripting/monoscript/fileName/TextPicIconListCopier.cs: a564a2a474c019b98650cff2383ccfca -> 
  custom:scripting/monoscript/fileName/UICornerCut.cs: 69b0dfb485aa2b1afa65fcf30028125b -> 
  custom:scripting/monoscript/fileName/ScrollerEditor.cs: 478519b80ad2bc62d4a4b80ae078e694 -> 
  custom:scripting/monoscript/fileName/IBoxSelectable.cs: a5bf39a694cf2b84c65e7bec998d4941 -> 
  custom:scripting/monoscript/fileName/TiltWindow.cs: 7c3356d1b5bc9c6e9fe98345b0be7c30 -> 
  custom:scripting/monoscript/fileName/ExtensionMethods.cs: 943bd8dac5ce9467ce7deb0856dc6b0a -> 
  custom:scripting/monoscript/fileName/ComboBox.cs: a6ca48dde827ff07a9093f3624d58e62 -> 
  custom:scripting/monoscript/fileName/ScrollRectLinker.cs: 0316116e17d192ca2ef7c97539dff50f -> 
  custom:scripting/monoscript/fileName/SVBoxSlider.cs: 1d22c9c16d63e1cf38ad19bbcec9a0da -> 
  custom:scripting/monoscript/fileName/VerticalScrollSnap.cs: a7ebcf1fac8331e70ee01e540cbe484b -> 
  custom:scripting/monoscript/fileName/UILineConnector.cs: ea5f69a32957fe35ae7b512ef3f758ef -> 
  custom:scripting/monoscript/fileName/UIScreenEffect.cs: c36542c529d1f733362556ab22c18bf9 -> 
  custom:scripting/monoscript/fileName/SoftMaskScript.cs: 867049fb2647c9983fb1391409f93d30 -> 
  custom:scripting/monoscript/fileName/DiamondGraph.cs: a01b647a54847840428a395cc0d6fc16 -> 
  custom:scripting/monoscript/fileName/ScrollRectEx.cs: 3f6a881a34055e182fee3ab0baaee0c3 -> 
  custom:scripting/monoscript/fileName/UIGridRenderer.cs: 04c0062f4b7cdd6963fdba9ae03d9c72 -> 
  custom:scripting/monoscript/fileName/NicerOutline.cs: 571a7c7c4af4ebadc9fed23f0c3b0b46 -> 
  custom:CustomObjectIndexerAttribute: 9a22284fe3817be447336de3de66b15e -> 
  custom:scripting/monoscript/fileName/ScrollRectExtensions.cs: c76cb840404ffa9bc24248639e9da4ee -> 
  custom:scripting/monoscript/fileName/FancyGridViewContext.cs: 8738476657d4a33c34bc82bed7ce8bc9 -> 
  custom:scripting/monoscript/fileName/MinMaxValues.cs: 4aa11a61e640749f4ea5f947f86be5ba -> 
  custom:scripting/monoscript/fileName/CardExpanding3D.cs: d8b2b9924677ad2b445b05edbed7f0e3 -> 
  custom:scripting/monoscript/fileName/MinMaxSliderEditor.cs: e0496a7f76fc8934af2a763a7289ad36 -> 
  custom:scripting/monoscript/fileName/StepperSide.cs: 34d9a35c8c2622f327b140f18a7398a7 -> 
  custom:scripting/monoscript/fileName/CUIGraphicEditor.cs: a618262d3e77d462c5a0cd2e608e8a53 -> 
  custom:scripting/monoscript/fileName/DropDownList.cs: 3d51ab81e9571c9027b59874b2c78567 -> 
  custom:scripting/monoscript/fileName/ITweenValue.cs: 1d0eaa4b435fa135e18af6b5fa57e92e -> 
  custom:container-demuxer-webm: 4f35f7cbe854078d1ac9338744f61a02 -> 
  custom:scripting/monoscript/fileName/CardExpanding2D.cs: e0950b450275cb3936a581f286a6b471 -> 
  custom:scripting/monoscript/fileName/ResetSelectableHighlight.cs: 3ea63487fd77e7b22731770a86b4f8b9 -> 
  custom:scripting/monoscript/fileName/UIScrollToSelection.cs: d89fc8e36bdc19715e3104a5f857d175 -> 
  custom:scripting/monoscript/fileName/IScrollSnap.cs: 80b4110dac6695d630b8e7501d8e5aa8 -> 
  custom:scripting/monoscript/fileName/SegmentedControl.cs: 3a6e53207de58cf304ab520e0638e2df -> 
  custom:scripting/monoscript/fileName/ColorSampler.cs: 617678b91f4adc7b3146f51bed3fc4b1 -> 
  custom:scripting/monoscript/fileName/TabNavigationHelper.cs: 43f45dc623750048d2fbac24931c8ac8 -> 
  custom:scripting/monoscript/fileName/AutoCompleteComboBox.cs: 6e2e6cf33d4f5ca4ad3c05ff8f254467 -> 
  custom:scripting/monoscript/fileName/TextPicEditor.cs: c23216fe996c314d4c496ad837485981 -> 
  custom:scripting/monoscript/fileName/CUIMisc.cs: bc26c7f132f5cd28304cbc88070ca4dc -> 
  custom:scripting/monoscript/fileName/UIAdditiveEffect.cs: 50386f7d7d76f5c5e155dbf56c5e5fdd -> 
  custom:scripting/monoscript/fileName/MonoSpacing.cs: 45ba6bf376dd125375a8906a7d8b8b4b -> 
  custom:scripting/monoscript/fileName/FloatTween.cs: c51b551f6abec506d0db9945f7aa25cc -> 
  custom:scripting/monoscript/fileName/BoxSlider.cs: 662335e935a62641f6cb14e99e25e994 -> 
  custom:scripting/monoscript/fileName/BezierLineRendererEditor.cs: 2a50098be424d999e43b888ace13278c -> 
  custom:scripting/monoscript/fileName/NonDrawingGraphic.cs: a309796f6d67e4c1c110ec62b4572b4e -> 
  custom:scripting/monoscript/fileName/ScrollPositionController.cs: 30c392a65a277a4a74b1a6f1a3417601 -> 
  custom:scripting/monoscript/fileName/ContentScrollSnapHorizontal.cs: cb0bf043572062ce08b48904f46c98c8 -> 
  custom:scripting/monoscript/fileName/Triangulator.cs: 4ee9f09ca55767568ee94c9eaaed7244 -> d867a9a7a8385ef82ff357feb70c59d4
  custom:scripting/monoscript/fileName/UIImageCrop.cs: 1ec5d1f18ccf3bbe8ea319cda00ecfbc -> 
  custom:scripting/monoscript/fileName/BoxSliderEditor.cs: 9c680a5a338924fb176605eed0f68a75 -> 
  custom:scripting/monoscript/fileName/FancyScrollView.cs: c5f9c64ec4b4e183b17919204bc381a9 -> 
  custom:scripting/monoscript/fileName/BezierPath.cs: 90cbb6f823f7a03c69c93b3e1653c45e -> 
  custom:scripting/monoscript/fileName/SuperellipsePoints.cs: db2a1c9698f2dea478e1d6bfece554ae -> 
  custom:scripting/monoscript/fileName/UI_Knob.cs: 00244fb2be3e9e1f5ec3a07f175066a9 -> 
  custom:container-muxer-webm: aa71ff27fc2769a1b78a27578f13a17b -> 
  custom:scripting/monoscript/fileName/RaycastMask.cs: b13971e6a124c25b886c6703ae2aab24 -> 
  custom:scripting/monoscript/fileName/MultiTouchScrollRect.cs: 3a778993ea01435b2502c14ea2b2ff98 -> 
  custom:video-decoder-webm-vp8: 9c59270c3fd7afecdb556c50c9e8de78 -> 
  custom:scripting/monoscript/fileName/InputFieldEnterSubmit.cs: cdd5149b8afb8dc59ad57cc53ad8fb3b -> 
  custom:scripting/monoscript/fileName/ExampleSelectable.cs: 8dc7a8cd606154e7d10bb507e235c1f8 -> 
  custom:scripting/monoscript/fileName/uGUITools.cs: aa32797d8a9cdcd2167b6be114b0d5ec -> 
  custom:scripting/monoscript/fileName/UILinearDodgeEffect.cs: f5508d2f3f6addba614d4c08275f4546 -> 
  custom:SearchIndexIgnoredProperties: e643bd26f0fe6173181afceb89e7c659 -> 
  custom:scripting/monoscript/fileName/EasingCore.cs: 0bad7e894488e9b67256d892a478aab1 -> 
  custom:scripting/monoscript/fileName/Stepper.cs: 3ee1a56034750815f9c567b6c54fbbb8 -> 
  custom:scripting/monoscript/fileName/UIPrimitiveBase.cs: 80a945e915822efd5c887ee28f76aa9f -> 
  custom:AudioImporter_EditorPlatform: d09bf68614088b80899f8185d706f6e7 -> 
  custom:scripting/monoscript/fileName/LetterSpacing.cs: c4f4c504ac9c0b708c438c8a0faf6a96 -> 
  custom:scripting/monoscript/fileName/UISquircle.cs: faaa67841792f2c90a13db82841ac6e3 -> 
  custom:scripting/monoscript/fileName/RangeSlider.cs: 026cea0882c5bbc90f7cedc5111cfeb2 -> 
  custom:scripting/monoscript/fileName/UIExtensionMethods.cs: 2621bff24acfb4ddb3b264b7553588d8 -> 
  custom:scripting/monoscript/fileName/UIVerticalScroller.cs: 3532ae0d4ba5f6e2c310cfec2c655a8c -> 
  custom:scripting/monoscript/fileName/ColorLabel.cs: 9a2d62e5e8f65400e4abc881023f36f7 -> 
  custom:scripting/monoscript/fileName/TooltipTrigger.cs: 546a7d73bc42b9e6f1fd03a7e07d7f29 -> 
  custom:scripting/monoscript/fileName/UIMultiplyEffect.cs: 29b6f1f4d98d9b61292d829c0030af4b -> 
  custom:scripting/monoscript/fileName/CardPopup2D.cs: ac929914b8675b3ff1238ddb1cc99789 -> 
  custom:scripting/monoscript/fileName/ScrollSnapScrollbarHelper.cs: d6b043fd7048156ea2ef4da9da4a0a51 -> 
  custom:scripting/monoscript/fileName/HoverTooltip.cs: abdf0400bdf15bb8fdc0bc4d5ecc993f -> 
  custom:scripting/monoscript/fileName/ColorImage.cs: 87dea3e9bf43c94e295d4fa411046c66 -> 
  custom:scripting/monoscript/fileName/FancyScrollRectContext.cs: 9e5d4d8665c04a1190a3fc52908244b0 -> 
  custom:scripting/monoscript/fileName/TextPicIconEditor.cs: 1f41560011fcb93d03be374d10238c0c -> 
  custom:scripting/monoscript/fileName/UI_InfiniteScroll.cs: f7518bdb5ccbb5518282b9c860eef985 -> 
  custom:scripting/monoscript/fileName/UIExtensionsMenuOptions.cs: 25d3bc76bdcc7be45d732e8f064ec6a7 -> 
  custom:scripting/monoscript/fileName/ReadOnlyAttribute.cs: 604ae8fbc27d6402b88ac08f1987318f -> 
  custom:scripting/monoscript/fileName/UICircle.cs: e40253d6117a9fbea82cc285a7e8a36e -> 
  custom:scripting/monoscript/fileName/UIScrollToSelectionXY.cs: 8145d21a6ef6f8610242d2ba291595b9 -> 
  custom:scripting/monoscript/fileName/CUITextEditor.cs: 966cced0a631446b9484c2fe777a7f5b -> 
  custom:scripting/precompiled-assembly-types:UnityUIExtensions.editor: e002030e6fc012878af160bb334541ad -> 
  custom:scripting/monoscript/fileName/TweenRunner.cs: 90647cc400823b41df847a6cbfc29026 -> 
  custom:scripting/monoscript/fileName/UIHorizontalScroller.cs: 758f016ad67e22eff0f26468f408f006 -> 
  custom:scripting/monoscript/fileName/ReturnKeyTriggersButton.cs: 622f27a1a5fce3f8fe14f0fe6c6b39b5 -> 
  custom:scripting/monoscript/fileName/FancyGridViewCell.cs: 0cdf409b5aa8d4c25876d72b5c6a3b60 -> 
  custom:scripting/monoscript/fileName/Scroller.cs: 94938ad1cd7c20206a0339e3bd7f3330 -> 
  custom:scripting/monoscript/fileName/CylinderText.cs: 86c073c10ed890f8e108be86fb350e35 -> 
  custom:scripting/monoscript/fileName/ColorPickerPresets.cs: d20309ac183a87fd46c2e0a03ba5bdef -> 
  custom:scripting/monoscript/fileName/RadialSlider.cs: 24542b53b379116a4f98bb53a64e13b8 -> 
  custom:scripting/monoscript/fileName/PPIViewer.cs: 5269fbe050022d597b2ceba1b1d4cbae -> 
  custom:scripting/monoscript/fileName/InputFocus.cs: 6a5a3b184038cb5e7dbe4882c96bc91b -> 
  custom:scripting/monoscript/fileName/CUIBezierCurve.cs: 32214df0cb137de9f4967269deffb6f3 -> 
  custom:scripting/monoscript/fileName/DropDownListItem.cs: 91c61fd79335f34fb81e114553bf8888 -> 
  custom:scripting/monoscript/fileName/UIFlippable.cs: 9c843e180ea4b6afe9c1ba071336e124 -> 
  custom:scripting/monoscript/fileName/CanvasGroupActivator.cs: f743e9c6e47b0eb8c0b7b2fbf9f7de19 -> 
  custom:scripting/monoscript/fileName/UIWindowBase.cs: 776e605614a77fffd4e0147c8e684e94 -> 
  custom:video-encoder-webm-vp8: eb34c28f22e8b96e1ab97ce403110664 -> 
  custom:scripting/monoscript/fileName/ScrollPositionControllerEditor.cs: fb86570a90d8d5b779234b7f103e1b51 -> 
  custom:scripting/monoscript/fileName/CurvedLayout.cs: 46917779e317aa4a214ea430689de312 -> 
  custom:scripting/monoscript/fileName/ScrollConflictManager.cs: 1a474b2432b80a8b7211f13c79bb991c -> 
  custom:scripting/monoscript/fileName/ReadOnlyDrawer.cs: 1c0aa6472b8e40c24f66a5805d818994 -> 
  custom:audio-decoder-ogg-vorbis: bf7c407c2cedff20999df2af8eb42d56 -> 
  custom:scripting/monoscript/fileName/FancyGridView.cs: 849ed7f5b11c9db237ef61b01c5a5104 -> 
  custom:scripting/monoscript/fileName/CableCurve.cs: 1ed0592bfc80d3ca3db7b55e9a6e9d9a -> 
  custom:scripting/monoscript/fileName/PaginationManager.cs: b5c7a38e1c9bde92ca052679632bc9f1 -> 
  custom:scripting/monoscript/fileName/UILineTextureRenderer.cs: f3042185c83712ad42b2d6694b56f8d3 -> 
  custom:scripting/monoscript/fileName/MenuManager.cs: 8e71de17d45faf11b5ca3e63d3867170 -> 
  custom:scripting/monoscript/fileName/ColorPickerPresetsEditor.cs: 57bebb34d006d8305e8cd353ea00f28b -> 
  custom:scripting/monoscript/fileName/UI_MagneticInfiniteScroll.cs: 7f0db092e1c52c826e7ccbefe21fe7ce -> 
  custom:scripting/monoscript/fileName/ToolTip.cs: 2f05f936126a769ca9a98ef6920928a7 -> 
  custom:scripting/monoscript/fileName/TextPicRenameEditor.cs: b67a1588d964fe3ac177da9872e96689 -> 
  custom:scripting/monoscript/fileName/TestCompression.cs: 2a18178f72c1b3979b9006483863f20e -> 
  custom:scripting/monoscript/fileName/IFancyScrollRectContext.cs: 9c4dee0aef526d67eb0a668a1c9b910a -> 
  custom:scripting/monoscript/fileName/ColorChangedEvent.cs: bafb161b451089e6c72bcae877e0ba66 -> 
  custom:scripting/monoscript/fileName/BestFitOutline.cs: 2ec1c68346f5b721e3d92092cd60b278 -> 
  custom:scripting/monoscript/fileName/NonDrawingGraphicEditor.cs: 1e7abd1e1a4d3da38de70c6d38c19118 -> 
  custom:scripting/monoscript/fileName/HSVChangedEvent.cs: 8a0d7f505f4db7e267a03264293f54eb -> 
  custom:scripting/monoscript/fileName/CUIImageEditor.cs: 0be5a4365a8d65680f88c4d192e5254c -> 
  custom:scripting/monoscript/fileName/HorizontalScrollSnap.cs: 624447835d67a70d90ed2b7f69117316 -> 
  custom:scripting/monoscript/fileName/UI_TweenScale.cs: 50a18c41daf615d82dc37ef0e9dcea31 -> 
  custom:scripting/monoscript/fileName/BoundTooltipItem.cs: 12dc26af634677e40fd7840809357e6c -> 
  custom:scripting/monoscript/fileName/AccordionElement.cs: 69f1a7e537099cc57de9b6eaa86cef32 -> 
  custom:scripting/monoscript/fileName/UI_ScrollRectOcclusion.cs: 491f1c2592ac821eb8de9e533fddd4a9 -> 
  custom:scripting/monoscript/fileName/CUIBezierCurveEditor.cs: be4462c6de2387d5f99ef9d0e93b91ee -> 
  custom:scripting/monoscript/fileName/ColorSliderImage.cs: bbcbfbf23dc2f9fc5450db8f36b24487 -> 
  custom:scripting/monoscript/fileName/Accordion.cs: c31898dc7ffd6f7b32be5689419229bc -> 
  custom:scripting/monoscript/fileName/FancyCell.cs: 0cdf409b5aa8d4c25876d72b5c6a3b60 -> 
  custom:scripting/monoscript/fileName/ShineEffect.cs: 61d233269c4ea687efa548adef5d6e13 -> 
  custom:audio-encoder-webm-vorbis: bf7c407c2cedff20999df2af8eb42d56 -> 
  custom:scripting/monoscript/fileName/ScrollRectTweener.cs: 3437a8fb18bed84a45865e36e83e332f -> 
  custom:scripting/monoscript/fileName/MeshCreator.cs: a2506ad04bac2e5a6d6d50e0d7978d92 -> 
  custom:scripting/monoscript/fileName/UIPolygon.cs: ef7b3e02606f58c56a27e65db10bc7f3 -> 
  custom:scripting/monoscript/fileName/switchToRectTransform.cs: 0ef297259b7f2ab26defc1d718ad1e0a -> 
  custom:scripting/monoscript/fileName/UILineRendererList.cs: efbf4ff76c31aa3e4f61c8b26734d929 -> 
  custom:scripting/monoscript/fileName/CLZF2.cs: 40ef7bf6191a1a5e5b0f37e092e1b271 -> 
  custom:scripting/monoscript/fileName/SimpleMenu.cs: 90647cc400823b41df847a6cbfc29026 -> 
  custom:scripting/monoscript/fileName/RescalePanel.cs: a379a55181438e3b7a29019da8a3c82c -> 
  custom:scripting/monoscript/fileName/DragCorrector.cs: 89ab4a0369eecb75be2277a80a08c1e7 -> 
  custom:scripting/monoscript/fileName/RangeSliderEditor.cs: 1c09cdb4e75bc10f834bbae9a7b54e1e -> 
  custom:scripting/monoscript/fileName/FancyScrollRect.cs: 0cdf409b5aa8d4c25876d72b5c6a3b60 -> 
  custom:scripting/monoscript/fileName/ReorderableList.cs: 944c8e214787d07461c711b29546f976 -> 
  custom:scripting/monoscript/fileName/RadialLayout.cs: 170f31c5fdb54a9fe7ba926effdfd7d4 -> 
  custom:scripting/monoscript/fileName/ColorSlider.cs: a91d06b853e0bf2d5df3ea61a67d5c83 -> 
  custom:scripting/monoscript/fileName/IFancyGridViewContext.cs: be7addf49e5950ebb654fec55c2afa8b -> 
  custom:scripting/precompiled-assembly-types:UnityUIExtensions: c0991a7eaf90618746e467e9e018bd04 -> 
  custom:scripting/monoscript/fileName/CUIGraphic.cs: 4f47fad340418bff51fe6171e2259e7f -> 
  custom:scripting/monoscript/fileName/IFancyCellGroupContext.cs: 323b5f49cc2011b3d2d9088e528ed161 -> 
  custom:scripting/monoscript/fileName/MinMaxSlider.cs: e7d98a511e8b98df33f72f37935821e5 -> 
  custom:scripting/monoscript/fileName/ColorPickerTester.cs: 63b6c03c009a94721b9d41c8d5e5e6ed -> 
========================================================================
Received Prepare
Caller must complete domain reload
Begin MonoManager ReloadAssembly
- Loaded All Assemblies, in  0.769 seconds
Native extension for WindowsStandalone target not found
Native extension for WebGL target not found
Mono: successfully reloaded assembly
- Finished resetting the current domain, in  1.804 seconds
Domain Reload Profiling: 2573ms
	BeginReloadAssembly (253ms)
		ExecutionOrderSort (0ms)
		DisableScriptedObjects (17ms)
		BackupInstance (0ms)
		ReleaseScriptingObjects (0ms)
		CreateAndSetChildDomain (71ms)
	RebuildCommonClasses (39ms)
	RebuildNativeTypeToScriptingClass (13ms)
	initialDomainReloadingComplete (37ms)
	LoadAllAssembliesAndSetupDomain (427ms)
		LoadAssemblies (507ms)
		RebuildTransferFunctionScriptingTraits (0ms)
		AnalyzeDomain (45ms)
			TypeCache.Refresh (14ms)
				TypeCache.ScanAssembly (0ms)
			ScanForSourceGeneratedMonoScriptInfo (16ms)
			ResolveRequiredComponents (13ms)
	FinalizeReload (1804ms)
		ReleaseScriptCaches (0ms)
		RebuildScriptCaches (0ms)
		SetupLoadedEditorAssemblies (459ms)
			LogAssemblyErrors (0ms)
			InitializePlatformSupportModulesInManaged (8ms)
			SetLoadedEditorAssemblies (6ms)
			RefreshPlugins (0ms)
			BeforeProcessingInitializeOnLoad (79ms)
			ProcessInitializeOnLoadAttributes (321ms)
			ProcessInitializeOnLoadMethodAttributes (41ms)
			AfterProcessingInitializeOnLoad (4ms)
			EditorAssembliesLoaded (0ms)
		ExecutionOrderSort2 (0ms)
		AwakeInstancesAfterBackupRestoration (17ms)
Refreshing native plugins compatible for Editor in 6.90 ms, found 7 plugins.
Preloading 0 native plugins for Editor in 0.00 ms.
Unloading 4456 Unused Serialized files (Serialized files now loaded: 0)
Unloading 44 unused Assets / (0.7 MB). Loaded Objects now: 5315.
Memory consumption went from 158.3 MB to 157.6 MB.
Total: 5.985700 ms (FindLiveObjects: 0.547900 ms CreateObjectMapping: 0.256500 ms MarkObjects: 4.435600 ms  DeleteObjects: 0.743900 ms)

Prepare: number of updated asset objects reloaded= 0
AssetImportParameters requested are different than current active one (requested -> active):
  custom:scripting/monoscript/fileName/CardStack2D.cs: 52f7ac406c04f320c1cc31b32fc945ec -> 
  custom:scripting/monoscript/fileName/UILineRendererFIFO.cs: 1a840d7d842445f62c20beee85a5bbc5 -> 
  custom:scripting/monoscript/fileName/FlowLayoutGroup.cs: 4f8c51e99186127173631d5ea0b848a8 -> 
  custom:scripting/monoscript/fileName/UIParticleSystem.cs: 6cef203566a0c9333597e4e233613614 -> 
  custom:scripting/monoscript/fileName/UILineRenderer.cs: 673f1b621ab4781ac78770b1b3c45207 -> 
  custom:scripting/monoscript/fileName/TableLayoutGroup.cs: 9697d88a99d4c91003d206b86eed3a61 -> 
  custom:scripting/monoscript/fileName/Segment.cs: 823b994f6bbb6e32f73e9807948df6b3 -> 
  custom:container-demuxer-ogg: 62fdf1f143b41e24485cea50d1cbac27 -> 
  custom:scripting/monoscript/fileName/SelectionBox.cs: 9eabc2822607d24d284c5c0d720d4a01 -> 
  custom:scripting/monoscript/fileName/ReorderableListContent.cs: a630238339e5f198f723ac29a2329f6d -> 
  custom:scripting/monoscript/fileName/Menu.cs: d0a2652908e797d4064ef9b772450cc8 -> 
  custom:scripting/monoscript/fileName/SetPropertyUtility.cs: 02aade692758e5563210cc05829e9851 -> f604b4b9e6b0979bdfc1e2b40426dd19
  custom:scripting/monoscript/fileName/HSVUtil.cs: 2f204c7a89b046fae714aadbcda42851 -> 
  custom:scripting/monoscript/fileName/FancyCellGroup.cs: 90647cc400823b41df847a6cbfc29026 -> 
  custom:scripting/monoscript/fileName/RescaleDragPanel.cs: 428e5a10a21f2d3fc3805557487d591e -> 
  custom:scripting/monoscript/fileName/ExtensionsToggleGroup.cs: 93967f93faef61aecdca9232fa42b062 -> 
  custom:scripting/monoscript/fileName/ResizePanel.cs: 0a2d1269c62cba913a254b515f8b6020 -> 
  custom:scripting/monoscript/fileName/Circle.cs: cfc2369c92dd039be7c3f572f769fdcf -> 
  custom:scripting/monoscript/fileName/ShaderLibrary.cs: 7a09676978959734a6827051c965f749 -> 
  custom:scripting/monoscript/fileName/CurvedText.cs: c86aabacdca275700720e919fc8a8b52 -> 
  custom:scripting/monoscript/fileName/FancyScrollRectCell.cs: 0cdf409b5aa8d4c25876d72b5c6a3b60 -> 
  custom:scripting/monoscript/fileName/Gradient.cs: a4c2a5a25440c543cd82653fda832632 -> 
  custom:scripting/monoscript/fileName/ScrollSnapBase.cs: 3682088473625968e7b4647a6b4213f6 -> 
  custom:scripting/monoscript/fileName/CUIText.cs: 0be1a405bc9388e4813a74aad6018bec -> 
  custom:scripting/monoscript/fileName/BoundTooltipTrigger.cs: e78e2ee612ba85e075ab794a5cb95e73 -> 
  custom:scripting/monoscript/fileName/UIHighlightable.cs: fd305ad78204cb75a66ce809c3f50e6a -> 
  custom:video-codec-MediaFoundation-h265: 746d11721c4dcdbdad8f713fa42b33f4 -> 
  custom:scripting/monoscript/fileName/UIExtensionsInputManager.cs: 6f468ddae971c3bcce0288549c1beabd -> 
  custom:scripting/monoscript/fileName/Gradient2.cs: 9c1fd6257924e43a80b8fccb859d3828 -> 
  custom:scripting/monoscript/fileName/CooldownButton.cs: 72bd21b90ac71f29908a36179176f8fc -> 
  custom:video-decoder-ogg-theora: a1e56fd34408186e4bbccfd4996cb3dc -> 
  custom:scripting/monoscript/fileName/TileSizeFitter.cs: ba6326e335b6f177a627b992c444832c -> 
  custom:scripting/monoscript/fileName/SelectableScaler.cs: 3ebe175d64b38a572f8dbe8fd345f0c3 -> 
  custom:scripting/monoscript/fileName/AccordionElementEditor.cs: db5ee9b2cff22578a12a4d141614d665 -> 
  custom:scripting/monoscript/fileName/ExtensionsToggle.cs: e0b44aa7e1ff973d74b4857a34a48879 -> 
  custom:scripting/monoscript/fileName/ReorderableListElement.cs: 788a31431a1c95dc9a9a52767f8e812f -> 
  custom:scripting/monoscript/fileName/ShineEffector.cs: 52ed4eb6c7ed8f674a18d2a4db6eba86 -> 
  custom:scripting/monoscript/fileName/UISelectableExtension.cs: b6766007d8a2236e23d4749da2d8cdd2 -> 
  custom:framework-win-MediaFoundation: 216162199b28c13a410421893ffa2e32 -> 
  custom:scripting/monoscript/fileName/UISoftAdditiveEffect.cs: 30a825933c907dec19605ff2f58a292f -> 
  custom:scripting/monoscript/fileName/HexColorField.cs: 425eeca1ce4159bc649962b2337061a4 -> 
  custom:scripting/monoscript/fileName/ColorPickerControl.cs: 97231f899ae243cc634f34e048c22095 -> 
  custom:scripting/monoscript/fileName/ReorderableListDebug.cs: 51cf5a188c464deb681bea16cb795b61 -> 
  custom:scripting/monoscript/fileName/TextPic.cs: 9dbd7bc654cbf19eee33ac6fc452bfb1 -> 
  custom:scripting/monoscript/fileName/CUIImage.cs: 41f29f650aa507f802cd9793d91f3211 -> 
  custom:scripting/monoscript/fileName/DropDownListButton.cs: 71d533f2602e0e099d09a556ef8e4414 -> 
  custom:scripting/monoscript/fileName/ScrollSnap.cs: c5ae67ed5cc8c0ab1f7496803acc2648 -> 
  custom:scripting/monoscript/fileName/TextPicIconListCopier.cs: a564a2a474c019b98650cff2383ccfca -> 
  custom:scripting/monoscript/fileName/UICornerCut.cs: 69b0dfb485aa2b1afa65fcf30028125b -> 
  custom:scripting/monoscript/fileName/ScrollerEditor.cs: 478519b80ad2bc62d4a4b80ae078e694 -> 
  custom:scripting/monoscript/fileName/IBoxSelectable.cs: a5bf39a694cf2b84c65e7bec998d4941 -> 
  custom:scripting/monoscript/fileName/TiltWindow.cs: 7c3356d1b5bc9c6e9fe98345b0be7c30 -> 
  custom:scripting/monoscript/fileName/ExtensionMethods.cs: 943bd8dac5ce9467ce7deb0856dc6b0a -> 
  custom:scripting/monoscript/fileName/ComboBox.cs: a6ca48dde827ff07a9093f3624d58e62 -> 
  custom:scripting/monoscript/fileName/ScrollRectLinker.cs: 0316116e17d192ca2ef7c97539dff50f -> 
  custom:scripting/monoscript/fileName/SVBoxSlider.cs: 1d22c9c16d63e1cf38ad19bbcec9a0da -> 
  custom:scripting/monoscript/fileName/VerticalScrollSnap.cs: a7ebcf1fac8331e70ee01e540cbe484b -> 
  custom:scripting/monoscript/fileName/UILineConnector.cs: ea5f69a32957fe35ae7b512ef3f758ef -> 
  custom:scripting/monoscript/fileName/UIScreenEffect.cs: c36542c529d1f733362556ab22c18bf9 -> 
  custom:scripting/monoscript/fileName/SoftMaskScript.cs: 867049fb2647c9983fb1391409f93d30 -> 
  custom:scripting/monoscript/fileName/DiamondGraph.cs: a01b647a54847840428a395cc0d6fc16 -> 
  custom:scripting/monoscript/fileName/ScrollRectEx.cs: 3f6a881a34055e182fee3ab0baaee0c3 -> 
  custom:scripting/monoscript/fileName/UIGridRenderer.cs: 04c0062f4b7cdd6963fdba9ae03d9c72 -> 
  custom:scripting/monoscript/fileName/NicerOutline.cs: 571a7c7c4af4ebadc9fed23f0c3b0b46 -> 
  custom:CustomObjectIndexerAttribute: 9a22284fe3817be447336de3de66b15e -> 
  custom:scripting/monoscript/fileName/ScrollRectExtensions.cs: c76cb840404ffa9bc24248639e9da4ee -> 
  custom:scripting/monoscript/fileName/FancyGridViewContext.cs: 8738476657d4a33c34bc82bed7ce8bc9 -> 
  custom:scripting/monoscript/fileName/MinMaxValues.cs: 4aa11a61e640749f4ea5f947f86be5ba -> 
  custom:scripting/monoscript/fileName/CardExpanding3D.cs: d8b2b9924677ad2b445b05edbed7f0e3 -> 
  custom:scripting/monoscript/fileName/MinMaxSliderEditor.cs: e0496a7f76fc8934af2a763a7289ad36 -> 
  custom:scripting/monoscript/fileName/StepperSide.cs: 34d9a35c8c2622f327b140f18a7398a7 -> 
  custom:scripting/monoscript/fileName/CUIGraphicEditor.cs: a618262d3e77d462c5a0cd2e608e8a53 -> 
  custom:scripting/monoscript/fileName/DropDownList.cs: 3d51ab81e9571c9027b59874b2c78567 -> 
  custom:scripting/monoscript/fileName/ITweenValue.cs: 1d0eaa4b435fa135e18af6b5fa57e92e -> 
  custom:container-demuxer-webm: 4f35f7cbe854078d1ac9338744f61a02 -> 
  custom:scripting/monoscript/fileName/CardExpanding2D.cs: e0950b450275cb3936a581f286a6b471 -> 
  custom:scripting/monoscript/fileName/ResetSelectableHighlight.cs: 3ea63487fd77e7b22731770a86b4f8b9 -> 
  custom:scripting/monoscript/fileName/UIScrollToSelection.cs: d89fc8e36bdc19715e3104a5f857d175 -> 
  custom:scripting/monoscript/fileName/IScrollSnap.cs: 80b4110dac6695d630b8e7501d8e5aa8 -> 
  custom:scripting/monoscript/fileName/SegmentedControl.cs: 3a6e53207de58cf304ab520e0638e2df -> 
  custom:scripting/monoscript/fileName/ColorSampler.cs: 617678b91f4adc7b3146f51bed3fc4b1 -> 
  custom:scripting/monoscript/fileName/TabNavigationHelper.cs: 43f45dc623750048d2fbac24931c8ac8 -> 
  custom:scripting/monoscript/fileName/AutoCompleteComboBox.cs: 6e2e6cf33d4f5ca4ad3c05ff8f254467 -> 
  custom:scripting/monoscript/fileName/TextPicEditor.cs: c23216fe996c314d4c496ad837485981 -> 
  custom:scripting/monoscript/fileName/CUIMisc.cs: bc26c7f132f5cd28304cbc88070ca4dc -> 
  custom:scripting/monoscript/fileName/UIAdditiveEffect.cs: 50386f7d7d76f5c5e155dbf56c5e5fdd -> 
  custom:scripting/monoscript/fileName/MonoSpacing.cs: 45ba6bf376dd125375a8906a7d8b8b4b -> 
  custom:scripting/monoscript/fileName/FloatTween.cs: c51b551f6abec506d0db9945f7aa25cc -> 
  custom:scripting/monoscript/fileName/BoxSlider.cs: 662335e935a62641f6cb14e99e25e994 -> 
  custom:scripting/monoscript/fileName/BezierLineRendererEditor.cs: 2a50098be424d999e43b888ace13278c -> 
  custom:scripting/monoscript/fileName/NonDrawingGraphic.cs: a309796f6d67e4c1c110ec62b4572b4e -> 
  custom:scripting/monoscript/fileName/ScrollPositionController.cs: 30c392a65a277a4a74b1a6f1a3417601 -> 
  custom:scripting/monoscript/fileName/ContentScrollSnapHorizontal.cs: cb0bf043572062ce08b48904f46c98c8 -> 
  custom:scripting/monoscript/fileName/Triangulator.cs: 4ee9f09ca55767568ee94c9eaaed7244 -> d867a9a7a8385ef82ff357feb70c59d4
  custom:scripting/monoscript/fileName/UIImageCrop.cs: 1ec5d1f18ccf3bbe8ea319cda00ecfbc -> 
  custom:scripting/monoscript/fileName/BoxSliderEditor.cs: 9c680a5a338924fb176605eed0f68a75 -> 
  custom:scripting/monoscript/fileName/FancyScrollView.cs: c5f9c64ec4b4e183b17919204bc381a9 -> 
  custom:scripting/monoscript/fileName/BezierPath.cs: 90cbb6f823f7a03c69c93b3e1653c45e -> 
  custom:scripting/monoscript/fileName/SuperellipsePoints.cs: db2a1c9698f2dea478e1d6bfece554ae -> 
  custom:scripting/monoscript/fileName/UI_Knob.cs: 00244fb2be3e9e1f5ec3a07f175066a9 -> 
  custom:container-muxer-webm: aa71ff27fc2769a1b78a27578f13a17b -> 
  custom:scripting/monoscript/fileName/RaycastMask.cs: b13971e6a124c25b886c6703ae2aab24 -> 
  custom:scripting/monoscript/fileName/MultiTouchScrollRect.cs: 3a778993ea01435b2502c14ea2b2ff98 -> 
  custom:video-decoder-webm-vp8: 9c59270c3fd7afecdb556c50c9e8de78 -> 
  custom:scripting/monoscript/fileName/InputFieldEnterSubmit.cs: cdd5149b8afb8dc59ad57cc53ad8fb3b -> 
  custom:scripting/monoscript/fileName/ExampleSelectable.cs: 8dc7a8cd606154e7d10bb507e235c1f8 -> 
  custom:scripting/monoscript/fileName/uGUITools.cs: aa32797d8a9cdcd2167b6be114b0d5ec -> 
  custom:scripting/monoscript/fileName/UILinearDodgeEffect.cs: f5508d2f3f6addba614d4c08275f4546 -> 
  custom:SearchIndexIgnoredProperties: e643bd26f0fe6173181afceb89e7c659 -> 
  custom:scripting/monoscript/fileName/EasingCore.cs: 0bad7e894488e9b67256d892a478aab1 -> 
  custom:scripting/monoscript/fileName/Stepper.cs: 3ee1a56034750815f9c567b6c54fbbb8 -> 
  custom:scripting/monoscript/fileName/UIPrimitiveBase.cs: 80a945e915822efd5c887ee28f76aa9f -> 
  custom:AudioImporter_EditorPlatform: d09bf68614088b80899f8185d706f6e7 -> 
  custom:scripting/monoscript/fileName/LetterSpacing.cs: c4f4c504ac9c0b708c438c8a0faf6a96 -> 
  custom:scripting/monoscript/fileName/UISquircle.cs: faaa67841792f2c90a13db82841ac6e3 -> 
  custom:scripting/monoscript/fileName/RangeSlider.cs: 026cea0882c5bbc90f7cedc5111cfeb2 -> 
  custom:scripting/monoscript/fileName/UIExtensionMethods.cs: 2621bff24acfb4ddb3b264b7553588d8 -> 
  custom:scripting/monoscript/fileName/UIVerticalScroller.cs: 3532ae0d4ba5f6e2c310cfec2c655a8c -> 
  custom:scripting/monoscript/fileName/ColorLabel.cs: 9a2d62e5e8f65400e4abc881023f36f7 -> 
  custom:scripting/monoscript/fileName/TooltipTrigger.cs: 546a7d73bc42b9e6f1fd03a7e07d7f29 -> 
  custom:scripting/monoscript/fileName/UIMultiplyEffect.cs: 29b6f1f4d98d9b61292d829c0030af4b -> 
  custom:scripting/monoscript/fileName/CardPopup2D.cs: ac929914b8675b3ff1238ddb1cc99789 -> 
  custom:scripting/monoscript/fileName/ScrollSnapScrollbarHelper.cs: d6b043fd7048156ea2ef4da9da4a0a51 -> 
  custom:scripting/monoscript/fileName/HoverTooltip.cs: abdf0400bdf15bb8fdc0bc4d5ecc993f -> 
  custom:scripting/monoscript/fileName/ColorImage.cs: 87dea3e9bf43c94e295d4fa411046c66 -> 
  custom:scripting/monoscript/fileName/FancyScrollRectContext.cs: 9e5d4d8665c04a1190a3fc52908244b0 -> 
  custom:scripting/monoscript/fileName/TextPicIconEditor.cs: 1f41560011fcb93d03be374d10238c0c -> 
  custom:scripting/monoscript/fileName/UI_InfiniteScroll.cs: f7518bdb5ccbb5518282b9c860eef985 -> 
  custom:scripting/monoscript/fileName/UIExtensionsMenuOptions.cs: 25d3bc76bdcc7be45d732e8f064ec6a7 -> 
  custom:scripting/monoscript/fileName/ReadOnlyAttribute.cs: 604ae8fbc27d6402b88ac08f1987318f -> 
  custom:scripting/monoscript/fileName/UICircle.cs: e40253d6117a9fbea82cc285a7e8a36e -> 
  custom:scripting/monoscript/fileName/UIScrollToSelectionXY.cs: 8145d21a6ef6f8610242d2ba291595b9 -> 
  custom:scripting/monoscript/fileName/CUITextEditor.cs: 966cced0a631446b9484c2fe777a7f5b -> 
  custom:scripting/precompiled-assembly-types:UnityUIExtensions.editor: e002030e6fc012878af160bb334541ad -> 
  custom:scripting/monoscript/fileName/TweenRunner.cs: 90647cc400823b41df847a6cbfc29026 -> 
  custom:scripting/monoscript/fileName/UIHorizontalScroller.cs: 758f016ad67e22eff0f26468f408f006 -> 
  custom:scripting/monoscript/fileName/ReturnKeyTriggersButton.cs: 622f27a1a5fce3f8fe14f0fe6c6b39b5 -> 
  custom:scripting/monoscript/fileName/FancyGridViewCell.cs: 0cdf409b5aa8d4c25876d72b5c6a3b60 -> 
  custom:scripting/monoscript/fileName/Scroller.cs: 94938ad1cd7c20206a0339e3bd7f3330 -> 
  custom:scripting/monoscript/fileName/CylinderText.cs: 86c073c10ed890f8e108be86fb350e35 -> 
  custom:scripting/monoscript/fileName/ColorPickerPresets.cs: d20309ac183a87fd46c2e0a03ba5bdef -> 
  custom:scripting/monoscript/fileName/RadialSlider.cs: 24542b53b379116a4f98bb53a64e13b8 -> 
  custom:scripting/monoscript/fileName/PPIViewer.cs: 5269fbe050022d597b2ceba1b1d4cbae -> 
  custom:scripting/monoscript/fileName/InputFocus.cs: 6a5a3b184038cb5e7dbe4882c96bc91b -> 
  custom:scripting/monoscript/fileName/CUIBezierCurve.cs: 32214df0cb137de9f4967269deffb6f3 -> 
  custom:scripting/monoscript/fileName/DropDownListItem.cs: 91c61fd79335f34fb81e114553bf8888 -> 
  custom:scripting/monoscript/fileName/UIFlippable.cs: 9c843e180ea4b6afe9c1ba071336e124 -> 
  custom:scripting/monoscript/fileName/CanvasGroupActivator.cs: f743e9c6e47b0eb8c0b7b2fbf9f7de19 -> 
  custom:scripting/monoscript/fileName/UIWindowBase.cs: 776e605614a77fffd4e0147c8e684e94 -> 
  custom:video-encoder-webm-vp8: eb34c28f22e8b96e1ab97ce403110664 -> 
  custom:scripting/monoscript/fileName/ScrollPositionControllerEditor.cs: fb86570a90d8d5b779234b7f103e1b51 -> 
  custom:scripting/monoscript/fileName/CurvedLayout.cs: 46917779e317aa4a214ea430689de312 -> 
  custom:scripting/monoscript/fileName/ScrollConflictManager.cs: 1a474b2432b80a8b7211f13c79bb991c -> 
  custom:scripting/monoscript/fileName/ReadOnlyDrawer.cs: 1c0aa6472b8e40c24f66a5805d818994 -> 
  custom:audio-decoder-ogg-vorbis: bf7c407c2cedff20999df2af8eb42d56 -> 
  custom:scripting/monoscript/fileName/FancyGridView.cs: 849ed7f5b11c9db237ef61b01c5a5104 -> 
  custom:scripting/monoscript/fileName/CableCurve.cs: 1ed0592bfc80d3ca3db7b55e9a6e9d9a -> 
  custom:scripting/monoscript/fileName/PaginationManager.cs: b5c7a38e1c9bde92ca052679632bc9f1 -> 
  custom:scripting/monoscript/fileName/UILineTextureRenderer.cs: f3042185c83712ad42b2d6694b56f8d3 -> 
  custom:scripting/monoscript/fileName/MenuManager.cs: 8e71de17d45faf11b5ca3e63d3867170 -> 
  custom:scripting/monoscript/fileName/ColorPickerPresetsEditor.cs: 57bebb34d006d8305e8cd353ea00f28b -> 
  custom:scripting/monoscript/fileName/UI_MagneticInfiniteScroll.cs: 7f0db092e1c52c826e7ccbefe21fe7ce -> 
  custom:scripting/monoscript/fileName/ToolTip.cs: 2f05f936126a769ca9a98ef6920928a7 -> 
  custom:scripting/monoscript/fileName/TextPicRenameEditor.cs: b67a1588d964fe3ac177da9872e96689 -> 
  custom:scripting/monoscript/fileName/TestCompression.cs: 2a18178f72c1b3979b9006483863f20e -> 
  custom:scripting/monoscript/fileName/IFancyScrollRectContext.cs: 9c4dee0aef526d67eb0a668a1c9b910a -> 
  custom:scripting/monoscript/fileName/ColorChangedEvent.cs: bafb161b451089e6c72bcae877e0ba66 -> 
  custom:scripting/monoscript/fileName/BestFitOutline.cs: 2ec1c68346f5b721e3d92092cd60b278 -> 
  custom:scripting/monoscript/fileName/NonDrawingGraphicEditor.cs: 1e7abd1e1a4d3da38de70c6d38c19118 -> 
  custom:scripting/monoscript/fileName/HSVChangedEvent.cs: 8a0d7f505f4db7e267a03264293f54eb -> 
  custom:scripting/monoscript/fileName/CUIImageEditor.cs: 0be5a4365a8d65680f88c4d192e5254c -> 
  custom:scripting/monoscript/fileName/HorizontalScrollSnap.cs: 624447835d67a70d90ed2b7f69117316 -> 
  custom:scripting/monoscript/fileName/UI_TweenScale.cs: 50a18c41daf615d82dc37ef0e9dcea31 -> 
  custom:scripting/monoscript/fileName/BoundTooltipItem.cs: 12dc26af634677e40fd7840809357e6c -> 
  custom:scripting/monoscript/fileName/AccordionElement.cs: 69f1a7e537099cc57de9b6eaa86cef32 -> 
  custom:scripting/monoscript/fileName/UI_ScrollRectOcclusion.cs: 491f1c2592ac821eb8de9e533fddd4a9 -> 
  custom:scripting/monoscript/fileName/CUIBezierCurveEditor.cs: be4462c6de2387d5f99ef9d0e93b91ee -> 
  custom:scripting/monoscript/fileName/ColorSliderImage.cs: bbcbfbf23dc2f9fc5450db8f36b24487 -> 
  custom:scripting/monoscript/fileName/Accordion.cs: c31898dc7ffd6f7b32be5689419229bc -> 
  custom:scripting/monoscript/fileName/FancyCell.cs: 0cdf409b5aa8d4c25876d72b5c6a3b60 -> 
  custom:scripting/monoscript/fileName/ShineEffect.cs: 61d233269c4ea687efa548adef5d6e13 -> 
  custom:audio-encoder-webm-vorbis: bf7c407c2cedff20999df2af8eb42d56 -> 
  custom:scripting/monoscript/fileName/ScrollRectTweener.cs: 3437a8fb18bed84a45865e36e83e332f -> 
  custom:scripting/monoscript/fileName/MeshCreator.cs: a2506ad04bac2e5a6d6d50e0d7978d92 -> 
  custom:scripting/monoscript/fileName/UIPolygon.cs: ef7b3e02606f58c56a27e65db10bc7f3 -> 
  custom:scripting/monoscript/fileName/switchToRectTransform.cs: 0ef297259b7f2ab26defc1d718ad1e0a -> 
  custom:scripting/monoscript/fileName/UILineRendererList.cs: efbf4ff76c31aa3e4f61c8b26734d929 -> 
  custom:scripting/monoscript/fileName/CLZF2.cs: 40ef7bf6191a1a5e5b0f37e092e1b271 -> 
  custom:scripting/monoscript/fileName/SimpleMenu.cs: 90647cc400823b41df847a6cbfc29026 -> 
  custom:scripting/monoscript/fileName/RescalePanel.cs: a379a55181438e3b7a29019da8a3c82c -> 
  custom:scripting/monoscript/fileName/DragCorrector.cs: 89ab4a0369eecb75be2277a80a08c1e7 -> 
  custom:scripting/monoscript/fileName/RangeSliderEditor.cs: 1c09cdb4e75bc10f834bbae9a7b54e1e -> 
  custom:scripting/monoscript/fileName/FancyScrollRect.cs: 0cdf409b5aa8d4c25876d72b5c6a3b60 -> 
  custom:scripting/precompiled-assembly-types:Assembly-CSharp: 24e3b857ac6999d02687837a5ab3b68d -> d9898b08f7aa15a36c94fc52d0b7440b
  custom:scripting/monoscript/fileName/ReorderableList.cs: 944c8e214787d07461c711b29546f976 -> 
  custom:scripting/monoscript/fileName/RadialLayout.cs: 170f31c5fdb54a9fe7ba926effdfd7d4 -> 
  custom:scripting/monoscript/fileName/ColorSlider.cs: a91d06b853e0bf2d5df3ea61a67d5c83 -> 
  custom:scripting/monoscript/fileName/IFancyGridViewContext.cs: be7addf49e5950ebb654fec55c2afa8b -> 
  custom:scripting/precompiled-assembly-types:UnityUIExtensions: c0991a7eaf90618746e467e9e018bd04 -> 
  custom:scripting/monoscript/fileName/CUIGraphic.cs: 4f47fad340418bff51fe6171e2259e7f -> 
  custom:scripting/monoscript/fileName/IFancyCellGroupContext.cs: 323b5f49cc2011b3d2d9088e528ed161 -> 
  custom:scripting/monoscript/fileName/MinMaxSlider.cs: e7d98a511e8b98df33f72f37935821e5 -> 
  custom:scripting/monoscript/fileName/ColorPickerTester.cs: 63b6c03c009a94721b9d41c8d5e5e6ed -> 
========================================================================
Received Prepare
Caller must complete domain reload
Begin MonoManager ReloadAssembly
- Loaded All Assemblies, in  0.508 seconds
Native extension for WindowsStandalone target not found
Native extension for WebGL target not found
Mono: successfully reloaded assembly
- Finished resetting the current domain, in  1.158 seconds
Domain Reload Profiling: 1667ms
	BeginReloadAssembly (161ms)
		ExecutionOrderSort (0ms)
		DisableScriptedObjects (13ms)
		BackupInstance (0ms)
		ReleaseScriptingObjects (0ms)
		CreateAndSetChildDomain (34ms)
	RebuildCommonClasses (36ms)
	RebuildNativeTypeToScriptingClass (11ms)
	initialDomainReloadingComplete (28ms)
	LoadAllAssembliesAndSetupDomain (272ms)
		LoadAssemblies (338ms)
		RebuildTransferFunctionScriptingTraits (0ms)
		AnalyzeDomain (17ms)
			TypeCache.Refresh (6ms)
				TypeCache.ScanAssembly (0ms)
			ScanForSourceGeneratedMonoScriptInfo (0ms)
			ResolveRequiredComponents (10ms)
	FinalizeReload (1159ms)
		ReleaseScriptCaches (0ms)
		RebuildScriptCaches (0ms)
		SetupLoadedEditorAssemblies (500ms)
			LogAssemblyErrors (0ms)
			InitializePlatformSupportModulesInManaged (6ms)
			SetLoadedEditorAssemblies (6ms)
			RefreshPlugins (0ms)
			BeforeProcessingInitializeOnLoad (83ms)
			ProcessInitializeOnLoadAttributes (364ms)
			ProcessInitializeOnLoadMethodAttributes (38ms)
			AfterProcessingInitializeOnLoad (3ms)
			EditorAssembliesLoaded (0ms)
		ExecutionOrderSort2 (0ms)
		AwakeInstancesAfterBackupRestoration (17ms)
Refreshing native plugins compatible for Editor in 10.10 ms, found 7 plugins.
Preloading 0 native plugins for Editor in 0.00 ms.
Unloading 4456 Unused Serialized files (Serialized files now loaded: 0)
Unloading 44 unused Assets / (0.7 MB). Loaded Objects now: 5319.
Memory consumption went from 158.3 MB to 157.6 MB.
Total: 6.855000 ms (FindLiveObjects: 1.011700 ms CreateObjectMapping: 0.397900 ms MarkObjects: 4.526500 ms  DeleteObjects: 0.916100 ms)

Prepare: number of updated asset objects reloaded= 0
AssetImportParameters requested are different than current active one (requested -> active):
  custom:scripting/monoscript/fileName/CardStack2D.cs: 52f7ac406c04f320c1cc31b32fc945ec -> 
  custom:scripting/monoscript/fileName/UILineRendererFIFO.cs: 1a840d7d842445f62c20beee85a5bbc5 -> 
  custom:scripting/monoscript/fileName/FlowLayoutGroup.cs: 4f8c51e99186127173631d5ea0b848a8 -> 
  custom:scripting/monoscript/fileName/UIParticleSystem.cs: 6cef203566a0c9333597e4e233613614 -> 
  custom:scripting/monoscript/fileName/UILineRenderer.cs: 673f1b621ab4781ac78770b1b3c45207 -> 
  custom:scripting/monoscript/fileName/TableLayoutGroup.cs: 9697d88a99d4c91003d206b86eed3a61 -> 
  custom:scripting/monoscript/fileName/Segment.cs: 823b994f6bbb6e32f73e9807948df6b3 -> 
  custom:container-demuxer-ogg: 62fdf1f143b41e24485cea50d1cbac27 -> 
  custom:scripting/monoscript/fileName/SelectionBox.cs: 9eabc2822607d24d284c5c0d720d4a01 -> 
  custom:scripting/monoscript/fileName/ReorderableListContent.cs: a630238339e5f198f723ac29a2329f6d -> 
  custom:scripting/monoscript/fileName/Menu.cs: d0a2652908e797d4064ef9b772450cc8 -> 
  custom:scripting/monoscript/fileName/SetPropertyUtility.cs: 02aade692758e5563210cc05829e9851 -> f604b4b9e6b0979bdfc1e2b40426dd19
  custom:scripting/monoscript/fileName/HSVUtil.cs: 2f204c7a89b046fae714aadbcda42851 -> 
  custom:scripting/monoscript/fileName/FancyCellGroup.cs: 90647cc400823b41df847a6cbfc29026 -> 
  custom:scripting/monoscript/fileName/RescaleDragPanel.cs: 428e5a10a21f2d3fc3805557487d591e -> 
  custom:scripting/monoscript/fileName/ExtensionsToggleGroup.cs: 93967f93faef61aecdca9232fa42b062 -> 
  custom:scripting/monoscript/fileName/ResizePanel.cs: 0a2d1269c62cba913a254b515f8b6020 -> 
  custom:scripting/monoscript/fileName/Circle.cs: cfc2369c92dd039be7c3f572f769fdcf -> 
  custom:scripting/monoscript/fileName/ShaderLibrary.cs: 7a09676978959734a6827051c965f749 -> 
  custom:scripting/monoscript/fileName/CurvedText.cs: c86aabacdca275700720e919fc8a8b52 -> 
  custom:scripting/monoscript/fileName/FancyScrollRectCell.cs: 0cdf409b5aa8d4c25876d72b5c6a3b60 -> 
  custom:scripting/monoscript/fileName/Gradient.cs: a4c2a5a25440c543cd82653fda832632 -> 
  custom:scripting/monoscript/fileName/ScrollSnapBase.cs: 3682088473625968e7b4647a6b4213f6 -> 
  custom:scripting/monoscript/fileName/CUIText.cs: 0be1a405bc9388e4813a74aad6018bec -> 
  custom:scripting/monoscript/fileName/BoundTooltipTrigger.cs: e78e2ee612ba85e075ab794a5cb95e73 -> 
  custom:scripting/monoscript/fileName/UIHighlightable.cs: fd305ad78204cb75a66ce809c3f50e6a -> 
  custom:video-codec-MediaFoundation-h265: 746d11721c4dcdbdad8f713fa42b33f4 -> 
  custom:scripting/monoscript/fileName/UIExtensionsInputManager.cs: 6f468ddae971c3bcce0288549c1beabd -> 
  custom:scripting/monoscript/fileName/Gradient2.cs: 9c1fd6257924e43a80b8fccb859d3828 -> 
  custom:scripting/monoscript/fileName/CooldownButton.cs: 72bd21b90ac71f29908a36179176f8fc -> 
  custom:video-decoder-ogg-theora: a1e56fd34408186e4bbccfd4996cb3dc -> 
  custom:scripting/monoscript/fileName/TileSizeFitter.cs: ba6326e335b6f177a627b992c444832c -> 
  custom:scripting/monoscript/fileName/SelectableScaler.cs: 3ebe175d64b38a572f8dbe8fd345f0c3 -> 
  custom:scripting/monoscript/fileName/AccordionElementEditor.cs: db5ee9b2cff22578a12a4d141614d665 -> 
  custom:scripting/monoscript/fileName/ExtensionsToggle.cs: e0b44aa7e1ff973d74b4857a34a48879 -> 
  custom:scripting/monoscript/fileName/ReorderableListElement.cs: 788a31431a1c95dc9a9a52767f8e812f -> 
  custom:scripting/monoscript/fileName/ShineEffector.cs: 52ed4eb6c7ed8f674a18d2a4db6eba86 -> 
  custom:scripting/monoscript/fileName/UISelectableExtension.cs: b6766007d8a2236e23d4749da2d8cdd2 -> 
  custom:framework-win-MediaFoundation: 216162199b28c13a410421893ffa2e32 -> 
  custom:scripting/monoscript/fileName/UISoftAdditiveEffect.cs: 30a825933c907dec19605ff2f58a292f -> 
  custom:scripting/monoscript/fileName/HexColorField.cs: 425eeca1ce4159bc649962b2337061a4 -> 
  custom:scripting/monoscript/fileName/ColorPickerControl.cs: 97231f899ae243cc634f34e048c22095 -> 
  custom:scripting/monoscript/fileName/ReorderableListDebug.cs: 51cf5a188c464deb681bea16cb795b61 -> 
  custom:scripting/monoscript/fileName/TextPic.cs: 9dbd7bc654cbf19eee33ac6fc452bfb1 -> 
  custom:scripting/monoscript/fileName/CUIImage.cs: 41f29f650aa507f802cd9793d91f3211 -> 
  custom:scripting/monoscript/fileName/DropDownListButton.cs: 71d533f2602e0e099d09a556ef8e4414 -> 
  custom:scripting/monoscript/fileName/ScrollSnap.cs: c5ae67ed5cc8c0ab1f7496803acc2648 -> 
  custom:scripting/monoscript/fileName/TextPicIconListCopier.cs: a564a2a474c019b98650cff2383ccfca -> 
  custom:scripting/monoscript/fileName/UICornerCut.cs: 69b0dfb485aa2b1afa65fcf30028125b -> 
  custom:scripting/monoscript/fileName/ScrollerEditor.cs: 478519b80ad2bc62d4a4b80ae078e694 -> 
  custom:scripting/monoscript/fileName/IBoxSelectable.cs: a5bf39a694cf2b84c65e7bec998d4941 -> 
  custom:scripting/monoscript/fileName/TiltWindow.cs: 7c3356d1b5bc9c6e9fe98345b0be7c30 -> 
  custom:scripting/monoscript/fileName/ExtensionMethods.cs: 943bd8dac5ce9467ce7deb0856dc6b0a -> 
  custom:scripting/monoscript/fileName/ComboBox.cs: a6ca48dde827ff07a9093f3624d58e62 -> 
  custom:scripting/monoscript/fileName/ScrollRectLinker.cs: 0316116e17d192ca2ef7c97539dff50f -> 
  custom:scripting/monoscript/fileName/SVBoxSlider.cs: 1d22c9c16d63e1cf38ad19bbcec9a0da -> 
  custom:scripting/monoscript/fileName/VerticalScrollSnap.cs: a7ebcf1fac8331e70ee01e540cbe484b -> 
  custom:scripting/monoscript/fileName/UILineConnector.cs: ea5f69a32957fe35ae7b512ef3f758ef -> 
  custom:scripting/monoscript/fileName/UIScreenEffect.cs: c36542c529d1f733362556ab22c18bf9 -> 
  custom:scripting/monoscript/fileName/SoftMaskScript.cs: 867049fb2647c9983fb1391409f93d30 -> 
  custom:scripting/monoscript/fileName/DiamondGraph.cs: a01b647a54847840428a395cc0d6fc16 -> 
  custom:scripting/monoscript/fileName/ScrollRectEx.cs: 3f6a881a34055e182fee3ab0baaee0c3 -> 
  custom:scripting/monoscript/fileName/UIGridRenderer.cs: 04c0062f4b7cdd6963fdba9ae03d9c72 -> 
  custom:scripting/monoscript/fileName/NicerOutline.cs: 571a7c7c4af4ebadc9fed23f0c3b0b46 -> 
  custom:CustomObjectIndexerAttribute: 9a22284fe3817be447336de3de66b15e -> 
  custom:scripting/monoscript/fileName/ScrollRectExtensions.cs: c76cb840404ffa9bc24248639e9da4ee -> 
  custom:scripting/monoscript/fileName/FancyGridViewContext.cs: 8738476657d4a33c34bc82bed7ce8bc9 -> 
  custom:scripting/monoscript/fileName/MinMaxValues.cs: 4aa11a61e640749f4ea5f947f86be5ba -> 
  custom:scripting/monoscript/fileName/CardExpanding3D.cs: d8b2b9924677ad2b445b05edbed7f0e3 -> 
  custom:scripting/monoscript/fileName/MinMaxSliderEditor.cs: e0496a7f76fc8934af2a763a7289ad36 -> 
  custom:scripting/monoscript/fileName/StepperSide.cs: 34d9a35c8c2622f327b140f18a7398a7 -> 
  custom:scripting/monoscript/fileName/CUIGraphicEditor.cs: a618262d3e77d462c5a0cd2e608e8a53 -> 
  custom:scripting/monoscript/fileName/DropDownList.cs: 3d51ab81e9571c9027b59874b2c78567 -> 
  custom:scripting/monoscript/fileName/ITweenValue.cs: 1d0eaa4b435fa135e18af6b5fa57e92e -> 
  custom:container-demuxer-webm: 4f35f7cbe854078d1ac9338744f61a02 -> 
  custom:scripting/monoscript/fileName/CardExpanding2D.cs: e0950b450275cb3936a581f286a6b471 -> 
  custom:scripting/monoscript/fileName/ResetSelectableHighlight.cs: 3ea63487fd77e7b22731770a86b4f8b9 -> 
  custom:scripting/monoscript/fileName/UIScrollToSelection.cs: d89fc8e36bdc19715e3104a5f857d175 -> 
  custom:scripting/monoscript/fileName/IScrollSnap.cs: 80b4110dac6695d630b8e7501d8e5aa8 -> 
  custom:scripting/monoscript/fileName/SegmentedControl.cs: 3a6e53207de58cf304ab520e0638e2df -> 
  custom:scripting/monoscript/fileName/ColorSampler.cs: 617678b91f4adc7b3146f51bed3fc4b1 -> 
  custom:scripting/monoscript/fileName/TabNavigationHelper.cs: 43f45dc623750048d2fbac24931c8ac8 -> 
  custom:scripting/monoscript/fileName/AutoCompleteComboBox.cs: 6e2e6cf33d4f5ca4ad3c05ff8f254467 -> 
  custom:scripting/monoscript/fileName/TextPicEditor.cs: c23216fe996c314d4c496ad837485981 -> 
  custom:scripting/monoscript/fileName/CUIMisc.cs: bc26c7f132f5cd28304cbc88070ca4dc -> 
  custom:scripting/monoscript/fileName/UIAdditiveEffect.cs: 50386f7d7d76f5c5e155dbf56c5e5fdd -> 
  custom:scripting/monoscript/fileName/MonoSpacing.cs: 45ba6bf376dd125375a8906a7d8b8b4b -> 
  custom:scripting/monoscript/fileName/FloatTween.cs: c51b551f6abec506d0db9945f7aa25cc -> 
  custom:scripting/monoscript/fileName/BoxSlider.cs: 662335e935a62641f6cb14e99e25e994 -> 
  custom:scripting/monoscript/fileName/BezierLineRendererEditor.cs: 2a50098be424d999e43b888ace13278c -> 
  custom:scripting/monoscript/fileName/NonDrawingGraphic.cs: a309796f6d67e4c1c110ec62b4572b4e -> 
  custom:scripting/monoscript/fileName/ScrollPositionController.cs: 30c392a65a277a4a74b1a6f1a3417601 -> 
  custom:scripting/monoscript/fileName/ContentScrollSnapHorizontal.cs: cb0bf043572062ce08b48904f46c98c8 -> 
  custom:scripting/monoscript/fileName/Triangulator.cs: 4ee9f09ca55767568ee94c9eaaed7244 -> d867a9a7a8385ef82ff357feb70c59d4
  custom:scripting/monoscript/fileName/UIImageCrop.cs: 1ec5d1f18ccf3bbe8ea319cda00ecfbc -> 
  custom:scripting/monoscript/fileName/BoxSliderEditor.cs: 9c680a5a338924fb176605eed0f68a75 -> 
  custom:scripting/monoscript/fileName/FancyScrollView.cs: c5f9c64ec4b4e183b17919204bc381a9 -> 
  custom:scripting/monoscript/fileName/BezierPath.cs: 90cbb6f823f7a03c69c93b3e1653c45e -> 
  custom:scripting/monoscript/fileName/SuperellipsePoints.cs: db2a1c9698f2dea478e1d6bfece554ae -> 
  custom:scripting/monoscript/fileName/UI_Knob.cs: 00244fb2be3e9e1f5ec3a07f175066a9 -> 
  custom:container-muxer-webm: aa71ff27fc2769a1b78a27578f13a17b -> 
  custom:scripting/monoscript/fileName/RaycastMask.cs: b13971e6a124c25b886c6703ae2aab24 -> 
  custom:scripting/monoscript/fileName/MultiTouchScrollRect.cs: 3a778993ea01435b2502c14ea2b2ff98 -> 
  custom:video-decoder-webm-vp8: 9c59270c3fd7afecdb556c50c9e8de78 -> 
  custom:scripting/monoscript/fileName/InputFieldEnterSubmit.cs: cdd5149b8afb8dc59ad57cc53ad8fb3b -> 
  custom:scripting/monoscript/fileName/ExampleSelectable.cs: 8dc7a8cd606154e7d10bb507e235c1f8 -> 
  custom:scripting/monoscript/fileName/uGUITools.cs: aa32797d8a9cdcd2167b6be114b0d5ec -> 
  custom:scripting/monoscript/fileName/UILinearDodgeEffect.cs: f5508d2f3f6addba614d4c08275f4546 -> 
  custom:SearchIndexIgnoredProperties: e643bd26f0fe6173181afceb89e7c659 -> 
  custom:scripting/monoscript/fileName/EasingCore.cs: 0bad7e894488e9b67256d892a478aab1 -> 
  custom:scripting/monoscript/fileName/Stepper.cs: 3ee1a56034750815f9c567b6c54fbbb8 -> 
  custom:scripting/monoscript/fileName/UIPrimitiveBase.cs: 80a945e915822efd5c887ee28f76aa9f -> 
  custom:AudioImporter_EditorPlatform: d09bf68614088b80899f8185d706f6e7 -> 
  custom:scripting/monoscript/fileName/LetterSpacing.cs: c4f4c504ac9c0b708c438c8a0faf6a96 -> 
  custom:scripting/monoscript/fileName/UISquircle.cs: faaa67841792f2c90a13db82841ac6e3 -> 
  custom:scripting/monoscript/fileName/RangeSlider.cs: 026cea0882c5bbc90f7cedc5111cfeb2 -> 
  custom:scripting/monoscript/fileName/UIExtensionMethods.cs: 2621bff24acfb4ddb3b264b7553588d8 -> 
  custom:scripting/monoscript/fileName/UIVerticalScroller.cs: 3532ae0d4ba5f6e2c310cfec2c655a8c -> 
  custom:scripting/monoscript/fileName/ColorLabel.cs: 9a2d62e5e8f65400e4abc881023f36f7 -> 
  custom:scripting/monoscript/fileName/TooltipTrigger.cs: 546a7d73bc42b9e6f1fd03a7e07d7f29 -> 
  custom:scripting/monoscript/fileName/UIMultiplyEffect.cs: 29b6f1f4d98d9b61292d829c0030af4b -> 
  custom:scripting/monoscript/fileName/CardPopup2D.cs: ac929914b8675b3ff1238ddb1cc99789 -> 
  custom:scripting/monoscript/fileName/ScrollSnapScrollbarHelper.cs: d6b043fd7048156ea2ef4da9da4a0a51 -> 
  custom:scripting/monoscript/fileName/HoverTooltip.cs: abdf0400bdf15bb8fdc0bc4d5ecc993f -> 
  custom:scripting/monoscript/fileName/ColorImage.cs: 87dea3e9bf43c94e295d4fa411046c66 -> 
  custom:scripting/monoscript/fileName/FancyScrollRectContext.cs: 9e5d4d8665c04a1190a3fc52908244b0 -> 
  custom:scripting/monoscript/fileName/TextPicIconEditor.cs: 1f41560011fcb93d03be374d10238c0c -> 
  custom:scripting/monoscript/fileName/UI_InfiniteScroll.cs: f7518bdb5ccbb5518282b9c860eef985 -> 
  custom:scripting/monoscript/fileName/UIExtensionsMenuOptions.cs: 25d3bc76bdcc7be45d732e8f064ec6a7 -> 
  custom:scripting/monoscript/fileName/ReadOnlyAttribute.cs: 604ae8fbc27d6402b88ac08f1987318f -> 
  custom:scripting/monoscript/fileName/UICircle.cs: e40253d6117a9fbea82cc285a7e8a36e -> 
  custom:scripting/monoscript/fileName/UIScrollToSelectionXY.cs: 8145d21a6ef6f8610242d2ba291595b9 -> 
  custom:scripting/monoscript/fileName/CUITextEditor.cs: 966cced0a631446b9484c2fe777a7f5b -> 
  custom:scripting/precompiled-assembly-types:UnityUIExtensions.editor: e002030e6fc012878af160bb334541ad -> 
  custom:scripting/monoscript/fileName/TweenRunner.cs: 90647cc400823b41df847a6cbfc29026 -> 
  custom:scripting/monoscript/fileName/UIHorizontalScroller.cs: 758f016ad67e22eff0f26468f408f006 -> 
  custom:scripting/monoscript/fileName/ReturnKeyTriggersButton.cs: 622f27a1a5fce3f8fe14f0fe6c6b39b5 -> 
  custom:scripting/monoscript/fileName/FancyGridViewCell.cs: 0cdf409b5aa8d4c25876d72b5c6a3b60 -> 
  custom:scripting/monoscript/fileName/Scroller.cs: 94938ad1cd7c20206a0339e3bd7f3330 -> 
  custom:scripting/monoscript/fileName/CylinderText.cs: 86c073c10ed890f8e108be86fb350e35 -> 
  custom:scripting/monoscript/fileName/ColorPickerPresets.cs: d20309ac183a87fd46c2e0a03ba5bdef -> 
  custom:scripting/monoscript/fileName/RadialSlider.cs: 24542b53b379116a4f98bb53a64e13b8 -> 
  custom:scripting/monoscript/fileName/PPIViewer.cs: 5269fbe050022d597b2ceba1b1d4cbae -> 
  custom:scripting/monoscript/fileName/InputFocus.cs: 6a5a3b184038cb5e7dbe4882c96bc91b -> 
  custom:scripting/monoscript/fileName/CUIBezierCurve.cs: 32214df0cb137de9f4967269deffb6f3 -> 
  custom:scripting/monoscript/fileName/DropDownListItem.cs: 91c61fd79335f34fb81e114553bf8888 -> 
  custom:scripting/monoscript/fileName/UIFlippable.cs: 9c843e180ea4b6afe9c1ba071336e124 -> 
  custom:scripting/monoscript/fileName/CanvasGroupActivator.cs: f743e9c6e47b0eb8c0b7b2fbf9f7de19 -> 
  custom:scripting/monoscript/fileName/UIWindowBase.cs: 776e605614a77fffd4e0147c8e684e94 -> 
  custom:video-encoder-webm-vp8: eb34c28f22e8b96e1ab97ce403110664 -> 
  custom:scripting/monoscript/fileName/ScrollPositionControllerEditor.cs: fb86570a90d8d5b779234b7f103e1b51 -> 
  custom:scripting/monoscript/fileName/CurvedLayout.cs: 46917779e317aa4a214ea430689de312 -> 
  custom:scripting/monoscript/fileName/ScrollConflictManager.cs: 1a474b2432b80a8b7211f13c79bb991c -> 
  custom:scripting/monoscript/fileName/ReadOnlyDrawer.cs: 1c0aa6472b8e40c24f66a5805d818994 -> 
  custom:audio-decoder-ogg-vorbis: bf7c407c2cedff20999df2af8eb42d56 -> 
  custom:scripting/monoscript/fileName/FancyGridView.cs: 849ed7f5b11c9db237ef61b01c5a5104 -> 
  custom:scripting/monoscript/fileName/CableCurve.cs: 1ed0592bfc80d3ca3db7b55e9a6e9d9a -> 
  custom:scripting/monoscript/fileName/PaginationManager.cs: b5c7a38e1c9bde92ca052679632bc9f1 -> 
  custom:scripting/monoscript/fileName/UILineTextureRenderer.cs: f3042185c83712ad42b2d6694b56f8d3 -> 
  custom:scripting/monoscript/fileName/MenuManager.cs: 8e71de17d45faf11b5ca3e63d3867170 -> 
  custom:scripting/monoscript/fileName/ColorPickerPresetsEditor.cs: 57bebb34d006d8305e8cd353ea00f28b -> 
  custom:scripting/monoscript/fileName/UI_MagneticInfiniteScroll.cs: 7f0db092e1c52c826e7ccbefe21fe7ce -> 
  custom:scripting/monoscript/fileName/ToolTip.cs: 2f05f936126a769ca9a98ef6920928a7 -> 
  custom:scripting/monoscript/fileName/TextPicRenameEditor.cs: b67a1588d964fe3ac177da9872e96689 -> 
  custom:scripting/monoscript/fileName/TestCompression.cs: 2a18178f72c1b3979b9006483863f20e -> 
  custom:scripting/monoscript/fileName/IFancyScrollRectContext.cs: 9c4dee0aef526d67eb0a668a1c9b910a -> 
  custom:scripting/monoscript/fileName/ColorChangedEvent.cs: bafb161b451089e6c72bcae877e0ba66 -> 
  custom:scripting/monoscript/fileName/BestFitOutline.cs: 2ec1c68346f5b721e3d92092cd60b278 -> 
  custom:scripting/monoscript/fileName/NonDrawingGraphicEditor.cs: 1e7abd1e1a4d3da38de70c6d38c19118 -> 
  custom:scripting/monoscript/fileName/HSVChangedEvent.cs: 8a0d7f505f4db7e267a03264293f54eb -> 
  custom:scripting/monoscript/fileName/CUIImageEditor.cs: 0be5a4365a8d65680f88c4d192e5254c -> 
  custom:scripting/monoscript/fileName/HorizontalScrollSnap.cs: 624447835d67a70d90ed2b7f69117316 -> 
  custom:scripting/monoscript/fileName/UI_TweenScale.cs: 50a18c41daf615d82dc37ef0e9dcea31 -> 
  custom:scripting/monoscript/fileName/BoundTooltipItem.cs: 12dc26af634677e40fd7840809357e6c -> 
  custom:scripting/monoscript/fileName/AccordionElement.cs: 69f1a7e537099cc57de9b6eaa86cef32 -> 
  custom:scripting/monoscript/fileName/UI_ScrollRectOcclusion.cs: 491f1c2592ac821eb8de9e533fddd4a9 -> 
  custom:scripting/monoscript/fileName/CUIBezierCurveEditor.cs: be4462c6de2387d5f99ef9d0e93b91ee -> 
  custom:scripting/monoscript/fileName/ColorSliderImage.cs: bbcbfbf23dc2f9fc5450db8f36b24487 -> 
  custom:scripting/monoscript/fileName/Accordion.cs: c31898dc7ffd6f7b32be5689419229bc -> 
  custom:scripting/monoscript/fileName/FancyCell.cs: 0cdf409b5aa8d4c25876d72b5c6a3b60 -> 
  custom:scripting/monoscript/fileName/ShineEffect.cs: 61d233269c4ea687efa548adef5d6e13 -> 
  custom:audio-encoder-webm-vorbis: bf7c407c2cedff20999df2af8eb42d56 -> 
  custom:scripting/monoscript/fileName/ScrollRectTweener.cs: 3437a8fb18bed84a45865e36e83e332f -> 
  custom:scripting/monoscript/fileName/MeshCreator.cs: a2506ad04bac2e5a6d6d50e0d7978d92 -> 
  custom:scripting/monoscript/fileName/UIPolygon.cs: ef7b3e02606f58c56a27e65db10bc7f3 -> 
  custom:scripting/monoscript/fileName/switchToRectTransform.cs: 0ef297259b7f2ab26defc1d718ad1e0a -> 
  custom:scripting/monoscript/fileName/UILineRendererList.cs: efbf4ff76c31aa3e4f61c8b26734d929 -> 
  custom:scripting/monoscript/fileName/CLZF2.cs: 40ef7bf6191a1a5e5b0f37e092e1b271 -> 
  custom:scripting/monoscript/fileName/SimpleMenu.cs: 90647cc400823b41df847a6cbfc29026 -> 
  custom:scripting/monoscript/fileName/RescalePanel.cs: a379a55181438e3b7a29019da8a3c82c -> 
  custom:scripting/monoscript/fileName/DragCorrector.cs: 89ab4a0369eecb75be2277a80a08c1e7 -> 
  custom:scripting/monoscript/fileName/RangeSliderEditor.cs: 1c09cdb4e75bc10f834bbae9a7b54e1e -> 
  custom:scripting/monoscript/fileName/FancyScrollRect.cs: 0cdf409b5aa8d4c25876d72b5c6a3b60 -> 
  custom:scripting/precompiled-assembly-types:Assembly-CSharp: 24e3b857ac6999d02687837a5ab3b68d -> d9898b08f7aa15a36c94fc52d0b7440b
  custom:scripting/monoscript/fileName/ReorderableList.cs: 944c8e214787d07461c711b29546f976 -> 
  custom:scripting/monoscript/fileName/RadialLayout.cs: 170f31c5fdb54a9fe7ba926effdfd7d4 -> 
  custom:scripting/monoscript/fileName/ColorSlider.cs: a91d06b853e0bf2d5df3ea61a67d5c83 -> 
  custom:scripting/monoscript/fileName/IFancyGridViewContext.cs: be7addf49e5950ebb654fec55c2afa8b -> 
  custom:scripting/precompiled-assembly-types:UnityUIExtensions: c0991a7eaf90618746e467e9e018bd04 -> 
  custom:scripting/monoscript/fileName/CUIGraphic.cs: 4f47fad340418bff51fe6171e2259e7f -> 
  custom:scripting/monoscript/fileName/IFancyCellGroupContext.cs: 323b5f49cc2011b3d2d9088e528ed161 -> 
  custom:scripting/monoscript/fileName/MinMaxSlider.cs: e7d98a511e8b98df33f72f37935821e5 -> 
  custom:scripting/monoscript/fileName/ColorPickerTester.cs: 63b6c03c009a94721b9d41c8d5e5e6ed -> 
========================================================================
Received Prepare
Caller must complete domain reload
Begin MonoManager ReloadAssembly
- Loaded All Assemblies, in  0.538 seconds
Native extension for WindowsStandalone target not found
Native extension for WebGL target not found
Mono: successfully reloaded assembly
- Finished resetting the current domain, in  1.128 seconds
Domain Reload Profiling: 1665ms
	BeginReloadAssembly (173ms)
		ExecutionOrderSort (0ms)
		DisableScriptedObjects (12ms)
		BackupInstance (0ms)
		ReleaseScriptingObjects (0ms)
		CreateAndSetChildDomain (36ms)
	RebuildCommonClasses (37ms)
	RebuildNativeTypeToScriptingClass (12ms)
	initialDomainReloadingComplete (29ms)
	LoadAllAssembliesAndSetupDomain (287ms)
		LoadAssemblies (360ms)
		RebuildTransferFunctionScriptingTraits (0ms)
		AnalyzeDomain (19ms)
			TypeCache.Refresh (7ms)
				TypeCache.ScanAssembly (0ms)
			ScanForSourceGeneratedMonoScriptInfo (0ms)
			ResolveRequiredComponents (11ms)
	FinalizeReload (1128ms)
		ReleaseScriptCaches (0ms)
		RebuildScriptCaches (0ms)
		SetupLoadedEditorAssemblies (455ms)
			LogAssemblyErrors (0ms)
			InitializePlatformSupportModulesInManaged (7ms)
			SetLoadedEditorAssemblies (6ms)
			RefreshPlugins (0ms)
			BeforeProcessingInitializeOnLoad (76ms)
			ProcessInitializeOnLoadAttributes (330ms)
			ProcessInitializeOnLoadMethodAttributes (32ms)
			AfterProcessingInitializeOnLoad (3ms)
			EditorAssembliesLoaded (0ms)
		ExecutionOrderSort2 (0ms)
		AwakeInstancesAfterBackupRestoration (15ms)
Refreshing native plugins compatible for Editor in 9.53 ms, found 7 plugins.
Preloading 0 native plugins for Editor in 0.00 ms.
Unloading 4456 Unused Serialized files (Serialized files now loaded: 0)
Unloading 44 unused Assets / (0.7 MB). Loaded Objects now: 5323.
Memory consumption went from 158.3 MB to 157.6 MB.
Total: 4.560300 ms (FindLiveObjects: 0.629200 ms CreateObjectMapping: 0.117900 ms MarkObjects: 3.160000 ms  DeleteObjects: 0.649600 ms)

Prepare: number of updated asset objects reloaded= 0
AssetImportParameters requested are different than current active one (requested -> active):
  custom:scripting/monoscript/fileName/CardStack2D.cs: 52f7ac406c04f320c1cc31b32fc945ec -> 
  custom:scripting/monoscript/fileName/UILineRendererFIFO.cs: 1a840d7d842445f62c20beee85a5bbc5 -> 
  custom:scripting/monoscript/fileName/FlowLayoutGroup.cs: 4f8c51e99186127173631d5ea0b848a8 -> 
  custom:scripting/monoscript/fileName/UIParticleSystem.cs: 6cef203566a0c9333597e4e233613614 -> 
  custom:scripting/monoscript/fileName/UILineRenderer.cs: 673f1b621ab4781ac78770b1b3c45207 -> 
  custom:scripting/monoscript/fileName/TableLayoutGroup.cs: 9697d88a99d4c91003d206b86eed3a61 -> 
  custom:scripting/monoscript/fileName/Segment.cs: 823b994f6bbb6e32f73e9807948df6b3 -> 
  custom:container-demuxer-ogg: 62fdf1f143b41e24485cea50d1cbac27 -> 
  custom:scripting/monoscript/fileName/SelectionBox.cs: 9eabc2822607d24d284c5c0d720d4a01 -> 
  custom:scripting/monoscript/fileName/ReorderableListContent.cs: a630238339e5f198f723ac29a2329f6d -> 
  custom:scripting/monoscript/fileName/Menu.cs: d0a2652908e797d4064ef9b772450cc8 -> 
  custom:scripting/monoscript/fileName/SetPropertyUtility.cs: 02aade692758e5563210cc05829e9851 -> f604b4b9e6b0979bdfc1e2b40426dd19
  custom:scripting/monoscript/fileName/HSVUtil.cs: 2f204c7a89b046fae714aadbcda42851 -> 
  custom:scripting/monoscript/fileName/FancyCellGroup.cs: 90647cc400823b41df847a6cbfc29026 -> 
  custom:scripting/monoscript/fileName/RescaleDragPanel.cs: 428e5a10a21f2d3fc3805557487d591e -> 
  custom:scripting/monoscript/fileName/ExtensionsToggleGroup.cs: 93967f93faef61aecdca9232fa42b062 -> 
  custom:scripting/monoscript/fileName/ResizePanel.cs: 0a2d1269c62cba913a254b515f8b6020 -> 
  custom:scripting/monoscript/fileName/Circle.cs: cfc2369c92dd039be7c3f572f769fdcf -> 
  custom:scripting/monoscript/fileName/ShaderLibrary.cs: 7a09676978959734a6827051c965f749 -> 
  custom:scripting/monoscript/fileName/CurvedText.cs: c86aabacdca275700720e919fc8a8b52 -> 
  custom:scripting/monoscript/fileName/FancyScrollRectCell.cs: 0cdf409b5aa8d4c25876d72b5c6a3b60 -> 
  custom:scripting/monoscript/fileName/Gradient.cs: a4c2a5a25440c543cd82653fda832632 -> 
  custom:scripting/monoscript/fileName/ScrollSnapBase.cs: 3682088473625968e7b4647a6b4213f6 -> 
  custom:scripting/monoscript/fileName/CUIText.cs: 0be1a405bc9388e4813a74aad6018bec -> 
  custom:scripting/monoscript/fileName/BoundTooltipTrigger.cs: e78e2ee612ba85e075ab794a5cb95e73 -> 
  custom:scripting/monoscript/fileName/UIHighlightable.cs: fd305ad78204cb75a66ce809c3f50e6a -> 
  custom:video-codec-MediaFoundation-h265: 746d11721c4dcdbdad8f713fa42b33f4 -> 
  custom:scripting/monoscript/fileName/UIExtensionsInputManager.cs: 6f468ddae971c3bcce0288549c1beabd -> 
  custom:scripting/monoscript/fileName/Gradient2.cs: 9c1fd6257924e43a80b8fccb859d3828 -> 
  custom:scripting/monoscript/fileName/CooldownButton.cs: 72bd21b90ac71f29908a36179176f8fc -> 
  custom:video-decoder-ogg-theora: a1e56fd34408186e4bbccfd4996cb3dc -> 
  custom:scripting/monoscript/fileName/TileSizeFitter.cs: ba6326e335b6f177a627b992c444832c -> 
  custom:scripting/monoscript/fileName/SelectableScaler.cs: 3ebe175d64b38a572f8dbe8fd345f0c3 -> 
  custom:scripting/monoscript/fileName/AccordionElementEditor.cs: db5ee9b2cff22578a12a4d141614d665 -> 
  custom:scripting/monoscript/fileName/ExtensionsToggle.cs: e0b44aa7e1ff973d74b4857a34a48879 -> 
  custom:scripting/monoscript/fileName/ReorderableListElement.cs: 788a31431a1c95dc9a9a52767f8e812f -> 
  custom:scripting/monoscript/fileName/ShineEffector.cs: 52ed4eb6c7ed8f674a18d2a4db6eba86 -> 
  custom:scripting/monoscript/fileName/UISelectableExtension.cs: b6766007d8a2236e23d4749da2d8cdd2 -> 
  custom:framework-win-MediaFoundation: 216162199b28c13a410421893ffa2e32 -> 
  custom:scripting/monoscript/fileName/UISoftAdditiveEffect.cs: 30a825933c907dec19605ff2f58a292f -> 
  custom:scripting/monoscript/fileName/HexColorField.cs: 425eeca1ce4159bc649962b2337061a4 -> 
  custom:scripting/monoscript/fileName/ColorPickerControl.cs: 97231f899ae243cc634f34e048c22095 -> 
  custom:scripting/monoscript/fileName/ReorderableListDebug.cs: 51cf5a188c464deb681bea16cb795b61 -> 
  custom:scripting/monoscript/fileName/TextPic.cs: 9dbd7bc654cbf19eee33ac6fc452bfb1 -> 
  custom:scripting/monoscript/fileName/CUIImage.cs: 41f29f650aa507f802cd9793d91f3211 -> 
  custom:scripting/monoscript/fileName/DropDownListButton.cs: 71d533f2602e0e099d09a556ef8e4414 -> 
  custom:scripting/monoscript/fileName/ScrollSnap.cs: c5ae67ed5cc8c0ab1f7496803acc2648 -> 
  custom:scripting/monoscript/fileName/TextPicIconListCopier.cs: a564a2a474c019b98650cff2383ccfca -> 
  custom:scripting/monoscript/fileName/UICornerCut.cs: 69b0dfb485aa2b1afa65fcf30028125b -> 
  custom:scripting/monoscript/fileName/ScrollerEditor.cs: 478519b80ad2bc62d4a4b80ae078e694 -> 
  custom:scripting/monoscript/fileName/IBoxSelectable.cs: a5bf39a694cf2b84c65e7bec998d4941 -> 
  custom:scripting/monoscript/fileName/TiltWindow.cs: 7c3356d1b5bc9c6e9fe98345b0be7c30 -> 
  custom:scripting/monoscript/fileName/ExtensionMethods.cs: 943bd8dac5ce9467ce7deb0856dc6b0a -> 
  custom:scripting/monoscript/fileName/ComboBox.cs: a6ca48dde827ff07a9093f3624d58e62 -> 
  custom:scripting/monoscript/fileName/ScrollRectLinker.cs: 0316116e17d192ca2ef7c97539dff50f -> 
  custom:scripting/monoscript/fileName/SVBoxSlider.cs: 1d22c9c16d63e1cf38ad19bbcec9a0da -> 
  custom:scripting/monoscript/fileName/VerticalScrollSnap.cs: a7ebcf1fac8331e70ee01e540cbe484b -> 
  custom:scripting/monoscript/fileName/UILineConnector.cs: ea5f69a32957fe35ae7b512ef3f758ef -> 
  custom:scripting/monoscript/fileName/UIScreenEffect.cs: c36542c529d1f733362556ab22c18bf9 -> 
  custom:scripting/monoscript/fileName/SoftMaskScript.cs: 867049fb2647c9983fb1391409f93d30 -> 
  custom:scripting/monoscript/fileName/DiamondGraph.cs: a01b647a54847840428a395cc0d6fc16 -> 
  custom:scripting/monoscript/fileName/ScrollRectEx.cs: 3f6a881a34055e182fee3ab0baaee0c3 -> 
  custom:scripting/monoscript/fileName/UIGridRenderer.cs: 04c0062f4b7cdd6963fdba9ae03d9c72 -> 
  custom:scripting/monoscript/fileName/NicerOutline.cs: 571a7c7c4af4ebadc9fed23f0c3b0b46 -> 
  custom:CustomObjectIndexerAttribute: 9a22284fe3817be447336de3de66b15e -> 
  custom:scripting/monoscript/fileName/ScrollRectExtensions.cs: c76cb840404ffa9bc24248639e9da4ee -> 
  custom:scripting/monoscript/fileName/FancyGridViewContext.cs: 8738476657d4a33c34bc82bed7ce8bc9 -> 
  custom:scripting/monoscript/fileName/MinMaxValues.cs: 4aa11a61e640749f4ea5f947f86be5ba -> 
  custom:scripting/monoscript/fileName/CardExpanding3D.cs: d8b2b9924677ad2b445b05edbed7f0e3 -> 
  custom:scripting/monoscript/fileName/MinMaxSliderEditor.cs: e0496a7f76fc8934af2a763a7289ad36 -> 
  custom:scripting/monoscript/fileName/StepperSide.cs: 34d9a35c8c2622f327b140f18a7398a7 -> 
  custom:scripting/monoscript/fileName/CUIGraphicEditor.cs: a618262d3e77d462c5a0cd2e608e8a53 -> 
  custom:scripting/monoscript/fileName/DropDownList.cs: 3d51ab81e9571c9027b59874b2c78567 -> 
  custom:scripting/monoscript/fileName/ITweenValue.cs: 1d0eaa4b435fa135e18af6b5fa57e92e -> 
  custom:container-demuxer-webm: 4f35f7cbe854078d1ac9338744f61a02 -> 
  custom:scripting/monoscript/fileName/CardExpanding2D.cs: e0950b450275cb3936a581f286a6b471 -> 
  custom:scripting/monoscript/fileName/ResetSelectableHighlight.cs: 3ea63487fd77e7b22731770a86b4f8b9 -> 
  custom:scripting/monoscript/fileName/UIScrollToSelection.cs: d89fc8e36bdc19715e3104a5f857d175 -> 
  custom:scripting/monoscript/fileName/IScrollSnap.cs: 80b4110dac6695d630b8e7501d8e5aa8 -> 
  custom:scripting/monoscript/fileName/SegmentedControl.cs: 3a6e53207de58cf304ab520e0638e2df -> 
  custom:scripting/monoscript/fileName/ColorSampler.cs: 617678b91f4adc7b3146f51bed3fc4b1 -> 
  custom:scripting/monoscript/fileName/TabNavigationHelper.cs: 43f45dc623750048d2fbac24931c8ac8 -> 
  custom:scripting/monoscript/fileName/AutoCompleteComboBox.cs: 6e2e6cf33d4f5ca4ad3c05ff8f254467 -> 
  custom:scripting/monoscript/fileName/TextPicEditor.cs: c23216fe996c314d4c496ad837485981 -> 
  custom:scripting/monoscript/fileName/CUIMisc.cs: bc26c7f132f5cd28304cbc88070ca4dc -> 
  custom:scripting/monoscript/fileName/UIAdditiveEffect.cs: 50386f7d7d76f5c5e155dbf56c5e5fdd -> 
  custom:scripting/monoscript/fileName/MonoSpacing.cs: 45ba6bf376dd125375a8906a7d8b8b4b -> 
  custom:scripting/monoscript/fileName/FloatTween.cs: c51b551f6abec506d0db9945f7aa25cc -> 
  custom:scripting/monoscript/fileName/BoxSlider.cs: 662335e935a62641f6cb14e99e25e994 -> 
  custom:scripting/monoscript/fileName/BezierLineRendererEditor.cs: 2a50098be424d999e43b888ace13278c -> 
  custom:scripting/monoscript/fileName/NonDrawingGraphic.cs: a309796f6d67e4c1c110ec62b4572b4e -> 
  custom:scripting/monoscript/fileName/ScrollPositionController.cs: 30c392a65a277a4a74b1a6f1a3417601 -> 
  custom:scripting/monoscript/fileName/ContentScrollSnapHorizontal.cs: cb0bf043572062ce08b48904f46c98c8 -> 
  custom:scripting/monoscript/fileName/Triangulator.cs: 4ee9f09ca55767568ee94c9eaaed7244 -> d867a9a7a8385ef82ff357feb70c59d4
  custom:scripting/monoscript/fileName/UIImageCrop.cs: 1ec5d1f18ccf3bbe8ea319cda00ecfbc -> 
  custom:scripting/monoscript/fileName/BoxSliderEditor.cs: 9c680a5a338924fb176605eed0f68a75 -> 
  custom:scripting/monoscript/fileName/FancyScrollView.cs: c5f9c64ec4b4e183b17919204bc381a9 -> 
  custom:scripting/monoscript/fileName/BezierPath.cs: 90cbb6f823f7a03c69c93b3e1653c45e -> 
  custom:scripting/monoscript/fileName/SuperellipsePoints.cs: db2a1c9698f2dea478e1d6bfece554ae -> 
  custom:scripting/monoscript/fileName/UI_Knob.cs: 00244fb2be3e9e1f5ec3a07f175066a9 -> 
  custom:container-muxer-webm: aa71ff27fc2769a1b78a27578f13a17b -> 
  custom:scripting/monoscript/fileName/RaycastMask.cs: b13971e6a124c25b886c6703ae2aab24 -> 
  custom:scripting/monoscript/fileName/MultiTouchScrollRect.cs: 3a778993ea01435b2502c14ea2b2ff98 -> 
  custom:video-decoder-webm-vp8: 9c59270c3fd7afecdb556c50c9e8de78 -> 
  custom:scripting/monoscript/fileName/InputFieldEnterSubmit.cs: cdd5149b8afb8dc59ad57cc53ad8fb3b -> 
  custom:scripting/monoscript/fileName/ExampleSelectable.cs: 8dc7a8cd606154e7d10bb507e235c1f8 -> 
  custom:scripting/monoscript/fileName/uGUITools.cs: aa32797d8a9cdcd2167b6be114b0d5ec -> 
  custom:scripting/monoscript/fileName/UILinearDodgeEffect.cs: f5508d2f3f6addba614d4c08275f4546 -> 
  custom:SearchIndexIgnoredProperties: e643bd26f0fe6173181afceb89e7c659 -> 
  custom:scripting/monoscript/fileName/EasingCore.cs: 0bad7e894488e9b67256d892a478aab1 -> 
  custom:scripting/monoscript/fileName/Stepper.cs: 3ee1a56034750815f9c567b6c54fbbb8 -> 
  custom:scripting/monoscript/fileName/UIPrimitiveBase.cs: 80a945e915822efd5c887ee28f76aa9f -> 
  custom:AudioImporter_EditorPlatform: d09bf68614088b80899f8185d706f6e7 -> 
  custom:scripting/monoscript/fileName/LetterSpacing.cs: c4f4c504ac9c0b708c438c8a0faf6a96 -> 
  custom:scripting/monoscript/fileName/UISquircle.cs: faaa67841792f2c90a13db82841ac6e3 -> 
  custom:scripting/monoscript/fileName/RangeSlider.cs: 026cea0882c5bbc90f7cedc5111cfeb2 -> 
  custom:scripting/monoscript/fileName/UIExtensionMethods.cs: 2621bff24acfb4ddb3b264b7553588d8 -> 
  custom:scripting/monoscript/fileName/UIVerticalScroller.cs: 3532ae0d4ba5f6e2c310cfec2c655a8c -> 
  custom:scripting/monoscript/fileName/ColorLabel.cs: 9a2d62e5e8f65400e4abc881023f36f7 -> 
  custom:scripting/monoscript/fileName/TooltipTrigger.cs: 546a7d73bc42b9e6f1fd03a7e07d7f29 -> 
  custom:scripting/monoscript/fileName/UIMultiplyEffect.cs: 29b6f1f4d98d9b61292d829c0030af4b -> 
  custom:scripting/monoscript/fileName/CardPopup2D.cs: ac929914b8675b3ff1238ddb1cc99789 -> 
  custom:scripting/monoscript/fileName/ScrollSnapScrollbarHelper.cs: d6b043fd7048156ea2ef4da9da4a0a51 -> 
  custom:scripting/monoscript/fileName/HoverTooltip.cs: abdf0400bdf15bb8fdc0bc4d5ecc993f -> 
  custom:scripting/monoscript/fileName/ColorImage.cs: 87dea3e9bf43c94e295d4fa411046c66 -> 
  custom:scripting/monoscript/fileName/FancyScrollRectContext.cs: 9e5d4d8665c04a1190a3fc52908244b0 -> 
  custom:scripting/monoscript/fileName/TextPicIconEditor.cs: 1f41560011fcb93d03be374d10238c0c -> 
  custom:scripting/monoscript/fileName/UI_InfiniteScroll.cs: f7518bdb5ccbb5518282b9c860eef985 -> 
  custom:scripting/monoscript/fileName/UIExtensionsMenuOptions.cs: 25d3bc76bdcc7be45d732e8f064ec6a7 -> 
  custom:scripting/monoscript/fileName/ReadOnlyAttribute.cs: 604ae8fbc27d6402b88ac08f1987318f -> 
  custom:scripting/monoscript/fileName/UICircle.cs: e40253d6117a9fbea82cc285a7e8a36e -> 
  custom:scripting/monoscript/fileName/UIScrollToSelectionXY.cs: 8145d21a6ef6f8610242d2ba291595b9 -> 
  custom:scripting/monoscript/fileName/CUITextEditor.cs: 966cced0a631446b9484c2fe777a7f5b -> 
  custom:scripting/precompiled-assembly-types:UnityUIExtensions.editor: e002030e6fc012878af160bb334541ad -> 
  custom:scripting/monoscript/fileName/TweenRunner.cs: 90647cc400823b41df847a6cbfc29026 -> 
  custom:scripting/monoscript/fileName/UIHorizontalScroller.cs: 758f016ad67e22eff0f26468f408f006 -> 
  custom:scripting/monoscript/fileName/ReturnKeyTriggersButton.cs: 622f27a1a5fce3f8fe14f0fe6c6b39b5 -> 
  custom:scripting/monoscript/fileName/FancyGridViewCell.cs: 0cdf409b5aa8d4c25876d72b5c6a3b60 -> 
  custom:scripting/monoscript/fileName/Scroller.cs: 94938ad1cd7c20206a0339e3bd7f3330 -> 
  custom:scripting/monoscript/fileName/CylinderText.cs: 86c073c10ed890f8e108be86fb350e35 -> 
  custom:scripting/monoscript/fileName/ColorPickerPresets.cs: d20309ac183a87fd46c2e0a03ba5bdef -> 
  custom:scripting/monoscript/fileName/RadialSlider.cs: 24542b53b379116a4f98bb53a64e13b8 -> 
  custom:scripting/monoscript/fileName/PPIViewer.cs: 5269fbe050022d597b2ceba1b1d4cbae -> 
  custom:scripting/monoscript/fileName/InputFocus.cs: 6a5a3b184038cb5e7dbe4882c96bc91b -> 
  custom:scripting/monoscript/fileName/CUIBezierCurve.cs: 32214df0cb137de9f4967269deffb6f3 -> 
  custom:scripting/monoscript/fileName/DropDownListItem.cs: 91c61fd79335f34fb81e114553bf8888 -> 
  custom:scripting/monoscript/fileName/UIFlippable.cs: 9c843e180ea4b6afe9c1ba071336e124 -> 
  custom:scripting/monoscript/fileName/CanvasGroupActivator.cs: f743e9c6e47b0eb8c0b7b2fbf9f7de19 -> 
  custom:scripting/monoscript/fileName/UIWindowBase.cs: 776e605614a77fffd4e0147c8e684e94 -> 
  custom:video-encoder-webm-vp8: eb34c28f22e8b96e1ab97ce403110664 -> 
  custom:scripting/monoscript/fileName/ScrollPositionControllerEditor.cs: fb86570a90d8d5b779234b7f103e1b51 -> 
  custom:scripting/monoscript/fileName/CurvedLayout.cs: 46917779e317aa4a214ea430689de312 -> 
  custom:scripting/monoscript/fileName/ScrollConflictManager.cs: 1a474b2432b80a8b7211f13c79bb991c -> 
  custom:scripting/monoscript/fileName/ReadOnlyDrawer.cs: 1c0aa6472b8e40c24f66a5805d818994 -> 
  custom:audio-decoder-ogg-vorbis: bf7c407c2cedff20999df2af8eb42d56 -> 
  custom:scripting/monoscript/fileName/FancyGridView.cs: 849ed7f5b11c9db237ef61b01c5a5104 -> 
  custom:scripting/monoscript/fileName/CableCurve.cs: 1ed0592bfc80d3ca3db7b55e9a6e9d9a -> 
  custom:scripting/monoscript/fileName/PaginationManager.cs: b5c7a38e1c9bde92ca052679632bc9f1 -> 
  custom:scripting/monoscript/fileName/UILineTextureRenderer.cs: f3042185c83712ad42b2d6694b56f8d3 -> 
  custom:scripting/monoscript/fileName/MenuManager.cs: 8e71de17d45faf11b5ca3e63d3867170 -> 
  custom:scripting/monoscript/fileName/ColorPickerPresetsEditor.cs: 57bebb34d006d8305e8cd353ea00f28b -> 
  custom:scripting/monoscript/fileName/UI_MagneticInfiniteScroll.cs: 7f0db092e1c52c826e7ccbefe21fe7ce -> 
  custom:scripting/monoscript/fileName/ToolTip.cs: 2f05f936126a769ca9a98ef6920928a7 -> 
  custom:scripting/monoscript/fileName/TextPicRenameEditor.cs: b67a1588d964fe3ac177da9872e96689 -> 
  custom:scripting/monoscript/fileName/TestCompression.cs: 2a18178f72c1b3979b9006483863f20e -> 
  custom:scripting/monoscript/fileName/IFancyScrollRectContext.cs: 9c4dee0aef526d67eb0a668a1c9b910a -> 
  custom:scripting/monoscript/fileName/ColorChangedEvent.cs: bafb161b451089e6c72bcae877e0ba66 -> 
  custom:scripting/monoscript/fileName/BestFitOutline.cs: 2ec1c68346f5b721e3d92092cd60b278 -> 
  custom:scripting/monoscript/fileName/NonDrawingGraphicEditor.cs: 1e7abd1e1a4d3da38de70c6d38c19118 -> 
  custom:scripting/monoscript/fileName/HSVChangedEvent.cs: 8a0d7f505f4db7e267a03264293f54eb -> 
  custom:scripting/monoscript/fileName/CUIImageEditor.cs: 0be5a4365a8d65680f88c4d192e5254c -> 
  custom:scripting/monoscript/fileName/HorizontalScrollSnap.cs: 624447835d67a70d90ed2b7f69117316 -> 
  custom:scripting/monoscript/fileName/UI_TweenScale.cs: 50a18c41daf615d82dc37ef0e9dcea31 -> 
  custom:scripting/monoscript/fileName/BoundTooltipItem.cs: 12dc26af634677e40fd7840809357e6c -> 
  custom:scripting/monoscript/fileName/AccordionElement.cs: 69f1a7e537099cc57de9b6eaa86cef32 -> 
  custom:scripting/monoscript/fileName/UI_ScrollRectOcclusion.cs: 491f1c2592ac821eb8de9e533fddd4a9 -> 
  custom:scripting/monoscript/fileName/CUIBezierCurveEditor.cs: be4462c6de2387d5f99ef9d0e93b91ee -> 
  custom:scripting/monoscript/fileName/ColorSliderImage.cs: bbcbfbf23dc2f9fc5450db8f36b24487 -> 
  custom:scripting/monoscript/fileName/Accordion.cs: c31898dc7ffd6f7b32be5689419229bc -> 
  custom:scripting/monoscript/fileName/FancyCell.cs: 0cdf409b5aa8d4c25876d72b5c6a3b60 -> 
  custom:scripting/monoscript/fileName/ShineEffect.cs: 61d233269c4ea687efa548adef5d6e13 -> 
  custom:audio-encoder-webm-vorbis: bf7c407c2cedff20999df2af8eb42d56 -> 
  custom:scripting/monoscript/fileName/ScrollRectTweener.cs: 3437a8fb18bed84a45865e36e83e332f -> 
  custom:scripting/monoscript/fileName/MeshCreator.cs: a2506ad04bac2e5a6d6d50e0d7978d92 -> 
  custom:scripting/monoscript/fileName/UIPolygon.cs: ef7b3e02606f58c56a27e65db10bc7f3 -> 
  custom:scripting/monoscript/fileName/switchToRectTransform.cs: 0ef297259b7f2ab26defc1d718ad1e0a -> 
  custom:scripting/monoscript/fileName/UILineRendererList.cs: efbf4ff76c31aa3e4f61c8b26734d929 -> 
  custom:scripting/monoscript/fileName/CLZF2.cs: 40ef7bf6191a1a5e5b0f37e092e1b271 -> 
  custom:scripting/monoscript/fileName/SimpleMenu.cs: 90647cc400823b41df847a6cbfc29026 -> 
  custom:scripting/monoscript/fileName/RescalePanel.cs: a379a55181438e3b7a29019da8a3c82c -> 
  custom:scripting/monoscript/fileName/DragCorrector.cs: 89ab4a0369eecb75be2277a80a08c1e7 -> 
  custom:scripting/monoscript/fileName/RangeSliderEditor.cs: 1c09cdb4e75bc10f834bbae9a7b54e1e -> 
  custom:scripting/monoscript/fileName/FancyScrollRect.cs: 0cdf409b5aa8d4c25876d72b5c6a3b60 -> 
  custom:scripting/precompiled-assembly-types:Assembly-CSharp: 24e3b857ac6999d02687837a5ab3b68d -> d9898b08f7aa15a36c94fc52d0b7440b
  custom:scripting/monoscript/fileName/ReorderableList.cs: 944c8e214787d07461c711b29546f976 -> 
  custom:scripting/monoscript/fileName/RadialLayout.cs: 170f31c5fdb54a9fe7ba926effdfd7d4 -> 
  custom:scripting/monoscript/fileName/ColorSlider.cs: a91d06b853e0bf2d5df3ea61a67d5c83 -> 
  custom:scripting/monoscript/fileName/IFancyGridViewContext.cs: be7addf49e5950ebb654fec55c2afa8b -> 
  custom:scripting/precompiled-assembly-types:UnityUIExtensions: c0991a7eaf90618746e467e9e018bd04 -> 
  custom:scripting/monoscript/fileName/CUIGraphic.cs: 4f47fad340418bff51fe6171e2259e7f -> 
  custom:scripting/monoscript/fileName/IFancyCellGroupContext.cs: 323b5f49cc2011b3d2d9088e528ed161 -> 
  custom:scripting/monoscript/fileName/MinMaxSlider.cs: e7d98a511e8b98df33f72f37935821e5 -> 
  custom:scripting/monoscript/fileName/ColorPickerTester.cs: 63b6c03c009a94721b9d41c8d5e5e6ed -> 
========================================================================
Received Prepare
Caller must complete domain reload
Begin MonoManager ReloadAssembly
- Loaded All Assemblies, in  0.551 seconds
Native extension for WindowsStandalone target not found
Native extension for WebGL target not found
Mono: successfully reloaded assembly
- Finished resetting the current domain, in  1.100 seconds
Domain Reload Profiling: 1651ms
	BeginReloadAssembly (183ms)
		ExecutionOrderSort (0ms)
		DisableScriptedObjects (17ms)
		BackupInstance (0ms)
		ReleaseScriptingObjects (0ms)
		CreateAndSetChildDomain (41ms)
	RebuildCommonClasses (39ms)
	RebuildNativeTypeToScriptingClass (12ms)
	initialDomainReloadingComplete (28ms)
	LoadAllAssembliesAndSetupDomain (289ms)
		LoadAssemblies (364ms)
		RebuildTransferFunctionScriptingTraits (0ms)
		AnalyzeDomain (21ms)
			TypeCache.Refresh (6ms)
				TypeCache.ScanAssembly (0ms)
			ScanForSourceGeneratedMonoScriptInfo (0ms)
			ResolveRequiredComponents (13ms)
	FinalizeReload (1100ms)
		ReleaseScriptCaches (0ms)
		RebuildScriptCaches (0ms)
		SetupLoadedEditorAssemblies (460ms)
			LogAssemblyErrors (0ms)
			InitializePlatformSupportModulesInManaged (8ms)
			SetLoadedEditorAssemblies (6ms)
			RefreshPlugins (0ms)
			BeforeProcessingInitializeOnLoad (76ms)
			ProcessInitializeOnLoadAttributes (329ms)
			ProcessInitializeOnLoadMethodAttributes (37ms)
			AfterProcessingInitializeOnLoad (3ms)
			EditorAssembliesLoaded (0ms)
		ExecutionOrderSort2 (0ms)
		AwakeInstancesAfterBackupRestoration (16ms)
Refreshing native plugins compatible for Editor in 8.56 ms, found 7 plugins.
Preloading 0 native plugins for Editor in 0.00 ms.
Unloading 4456 Unused Serialized files (Serialized files now loaded: 0)
Unloading 44 unused Assets / (0.7 MB). Loaded Objects now: 5327.
Memory consumption went from 158.2 MB to 157.5 MB.
Total: 7.277700 ms (FindLiveObjects: 0.802700 ms CreateObjectMapping: 0.364000 ms MarkObjects: 5.010500 ms  DeleteObjects: 1.097800 ms)

Prepare: number of updated asset objects reloaded= 0
AssetImportParameters requested are different than current active one (requested -> active):
  custom:scripting/monoscript/fileName/CardStack2D.cs: 52f7ac406c04f320c1cc31b32fc945ec -> 
  custom:scripting/monoscript/fileName/UILineRendererFIFO.cs: 1a840d7d842445f62c20beee85a5bbc5 -> 
  custom:scripting/monoscript/fileName/FlowLayoutGroup.cs: 4f8c51e99186127173631d5ea0b848a8 -> 
  custom:scripting/monoscript/fileName/UIParticleSystem.cs: 6cef203566a0c9333597e4e233613614 -> 
  custom:scripting/monoscript/fileName/UILineRenderer.cs: 673f1b621ab4781ac78770b1b3c45207 -> 
  custom:scripting/monoscript/fileName/TableLayoutGroup.cs: 9697d88a99d4c91003d206b86eed3a61 -> 
  custom:scripting/monoscript/fileName/Segment.cs: 823b994f6bbb6e32f73e9807948df6b3 -> 
  custom:container-demuxer-ogg: 62fdf1f143b41e24485cea50d1cbac27 -> 
  custom:scripting/monoscript/fileName/SelectionBox.cs: 9eabc2822607d24d284c5c0d720d4a01 -> 
  custom:scripting/monoscript/fileName/ReorderableListContent.cs: a630238339e5f198f723ac29a2329f6d -> 
  custom:scripting/monoscript/fileName/Menu.cs: d0a2652908e797d4064ef9b772450cc8 -> 
  custom:scripting/monoscript/fileName/SetPropertyUtility.cs: 02aade692758e5563210cc05829e9851 -> f604b4b9e6b0979bdfc1e2b40426dd19
  custom:scripting/monoscript/fileName/HSVUtil.cs: 2f204c7a89b046fae714aadbcda42851 -> 
  custom:scripting/monoscript/fileName/FancyCellGroup.cs: 90647cc400823b41df847a6cbfc29026 -> 
  custom:scripting/monoscript/fileName/RescaleDragPanel.cs: 428e5a10a21f2d3fc3805557487d591e -> 
  custom:scripting/monoscript/fileName/ExtensionsToggleGroup.cs: 93967f93faef61aecdca9232fa42b062 -> 
  custom:scripting/monoscript/fileName/ResizePanel.cs: 0a2d1269c62cba913a254b515f8b6020 -> 
  custom:scripting/monoscript/fileName/Circle.cs: cfc2369c92dd039be7c3f572f769fdcf -> 
  custom:scripting/monoscript/fileName/ShaderLibrary.cs: 7a09676978959734a6827051c965f749 -> 
  custom:scripting/monoscript/fileName/CurvedText.cs: c86aabacdca275700720e919fc8a8b52 -> 
  custom:scripting/monoscript/fileName/FancyScrollRectCell.cs: 0cdf409b5aa8d4c25876d72b5c6a3b60 -> 
  custom:scripting/monoscript/fileName/Gradient.cs: a4c2a5a25440c543cd82653fda832632 -> 
  custom:scripting/monoscript/fileName/ScrollSnapBase.cs: 3682088473625968e7b4647a6b4213f6 -> 
  custom:scripting/monoscript/fileName/CUIText.cs: 0be1a405bc9388e4813a74aad6018bec -> 
  custom:scripting/monoscript/fileName/BoundTooltipTrigger.cs: e78e2ee612ba85e075ab794a5cb95e73 -> 
  custom:scripting/monoscript/fileName/UIHighlightable.cs: fd305ad78204cb75a66ce809c3f50e6a -> 
  custom:video-codec-MediaFoundation-h265: 746d11721c4dcdbdad8f713fa42b33f4 -> 
  custom:scripting/monoscript/fileName/UIExtensionsInputManager.cs: 6f468ddae971c3bcce0288549c1beabd -> 
  custom:scripting/monoscript/fileName/Gradient2.cs: 9c1fd6257924e43a80b8fccb859d3828 -> 
  custom:scripting/monoscript/fileName/CooldownButton.cs: 72bd21b90ac71f29908a36179176f8fc -> 
  custom:video-decoder-ogg-theora: a1e56fd34408186e4bbccfd4996cb3dc -> 
  custom:scripting/monoscript/fileName/TileSizeFitter.cs: ba6326e335b6f177a627b992c444832c -> 
  custom:scripting/monoscript/fileName/SelectableScaler.cs: 3ebe175d64b38a572f8dbe8fd345f0c3 -> 
  custom:scripting/monoscript/fileName/AccordionElementEditor.cs: db5ee9b2cff22578a12a4d141614d665 -> 
  custom:scripting/monoscript/fileName/ExtensionsToggle.cs: e0b44aa7e1ff973d74b4857a34a48879 -> 
  custom:scripting/monoscript/fileName/ReorderableListElement.cs: 788a31431a1c95dc9a9a52767f8e812f -> 
  custom:scripting/monoscript/fileName/ShineEffector.cs: 52ed4eb6c7ed8f674a18d2a4db6eba86 -> 
  custom:scripting/monoscript/fileName/UISelectableExtension.cs: b6766007d8a2236e23d4749da2d8cdd2 -> 
  custom:framework-win-MediaFoundation: 216162199b28c13a410421893ffa2e32 -> 
  custom:scripting/monoscript/fileName/UISoftAdditiveEffect.cs: 30a825933c907dec19605ff2f58a292f -> 
  custom:scripting/monoscript/fileName/HexColorField.cs: 425eeca1ce4159bc649962b2337061a4 -> 
  custom:scripting/monoscript/fileName/ColorPickerControl.cs: 97231f899ae243cc634f34e048c22095 -> 
  custom:scripting/monoscript/fileName/ReorderableListDebug.cs: 51cf5a188c464deb681bea16cb795b61 -> 
  custom:scripting/monoscript/fileName/TextPic.cs: 9dbd7bc654cbf19eee33ac6fc452bfb1 -> 
  custom:scripting/monoscript/fileName/CUIImage.cs: 41f29f650aa507f802cd9793d91f3211 -> 
  custom:scripting/monoscript/fileName/DropDownListButton.cs: 71d533f2602e0e099d09a556ef8e4414 -> 
  custom:scripting/monoscript/fileName/ScrollSnap.cs: c5ae67ed5cc8c0ab1f7496803acc2648 -> 
  custom:scripting/monoscript/fileName/TextPicIconListCopier.cs: a564a2a474c019b98650cff2383ccfca -> 
  custom:scripting/monoscript/fileName/UICornerCut.cs: 69b0dfb485aa2b1afa65fcf30028125b -> 
  custom:scripting/monoscript/fileName/ScrollerEditor.cs: 478519b80ad2bc62d4a4b80ae078e694 -> 
  custom:scripting/monoscript/fileName/IBoxSelectable.cs: a5bf39a694cf2b84c65e7bec998d4941 -> 
  custom:scripting/monoscript/fileName/TiltWindow.cs: 7c3356d1b5bc9c6e9fe98345b0be7c30 -> 
  custom:scripting/monoscript/fileName/ExtensionMethods.cs: 943bd8dac5ce9467ce7deb0856dc6b0a -> 
  custom:scripting/monoscript/fileName/ComboBox.cs: a6ca48dde827ff07a9093f3624d58e62 -> 
  custom:scripting/monoscript/fileName/ScrollRectLinker.cs: 0316116e17d192ca2ef7c97539dff50f -> 
  custom:scripting/monoscript/fileName/SVBoxSlider.cs: 1d22c9c16d63e1cf38ad19bbcec9a0da -> 
  custom:scripting/monoscript/fileName/VerticalScrollSnap.cs: a7ebcf1fac8331e70ee01e540cbe484b -> 
  custom:scripting/monoscript/fileName/UILineConnector.cs: ea5f69a32957fe35ae7b512ef3f758ef -> 
  custom:scripting/monoscript/fileName/UIScreenEffect.cs: c36542c529d1f733362556ab22c18bf9 -> 
  custom:scripting/monoscript/fileName/SoftMaskScript.cs: 867049fb2647c9983fb1391409f93d30 -> 
  custom:scripting/monoscript/fileName/DiamondGraph.cs: a01b647a54847840428a395cc0d6fc16 -> 
  custom:scripting/monoscript/fileName/ScrollRectEx.cs: 3f6a881a34055e182fee3ab0baaee0c3 -> 
  custom:scripting/monoscript/fileName/UIGridRenderer.cs: 04c0062f4b7cdd6963fdba9ae03d9c72 -> 
  custom:scripting/monoscript/fileName/NicerOutline.cs: 571a7c7c4af4ebadc9fed23f0c3b0b46 -> 
  custom:CustomObjectIndexerAttribute: 9a22284fe3817be447336de3de66b15e -> 
  custom:scripting/monoscript/fileName/ScrollRectExtensions.cs: c76cb840404ffa9bc24248639e9da4ee -> 
  custom:scripting/monoscript/fileName/FancyGridViewContext.cs: 8738476657d4a33c34bc82bed7ce8bc9 -> 
  custom:scripting/monoscript/fileName/MinMaxValues.cs: 4aa11a61e640749f4ea5f947f86be5ba -> 
  custom:scripting/monoscript/fileName/CardExpanding3D.cs: d8b2b9924677ad2b445b05edbed7f0e3 -> 
  custom:scripting/monoscript/fileName/MinMaxSliderEditor.cs: e0496a7f76fc8934af2a763a7289ad36 -> 
  custom:scripting/monoscript/fileName/StepperSide.cs: 34d9a35c8c2622f327b140f18a7398a7 -> 
  custom:scripting/monoscript/fileName/CUIGraphicEditor.cs: a618262d3e77d462c5a0cd2e608e8a53 -> 
  custom:scripting/monoscript/fileName/DropDownList.cs: 3d51ab81e9571c9027b59874b2c78567 -> 
  custom:scripting/monoscript/fileName/ITweenValue.cs: 1d0eaa4b435fa135e18af6b5fa57e92e -> 
  custom:container-demuxer-webm: 4f35f7cbe854078d1ac9338744f61a02 -> 
  custom:scripting/monoscript/fileName/CardExpanding2D.cs: e0950b450275cb3936a581f286a6b471 -> 
  custom:scripting/monoscript/fileName/ResetSelectableHighlight.cs: 3ea63487fd77e7b22731770a86b4f8b9 -> 
  custom:scripting/monoscript/fileName/UIScrollToSelection.cs: d89fc8e36bdc19715e3104a5f857d175 -> 
  custom:scripting/monoscript/fileName/IScrollSnap.cs: 80b4110dac6695d630b8e7501d8e5aa8 -> 
  custom:scripting/monoscript/fileName/SegmentedControl.cs: 3a6e53207de58cf304ab520e0638e2df -> 
  custom:scripting/monoscript/fileName/ColorSampler.cs: 617678b91f4adc7b3146f51bed3fc4b1 -> 
  custom:scripting/monoscript/fileName/TabNavigationHelper.cs: 43f45dc623750048d2fbac24931c8ac8 -> 
  custom:scripting/monoscript/fileName/AutoCompleteComboBox.cs: 6e2e6cf33d4f5ca4ad3c05ff8f254467 -> 
  custom:scripting/monoscript/fileName/TextPicEditor.cs: c23216fe996c314d4c496ad837485981 -> 
  custom:scripting/monoscript/fileName/CUIMisc.cs: bc26c7f132f5cd28304cbc88070ca4dc -> 
  custom:scripting/monoscript/fileName/UIAdditiveEffect.cs: 50386f7d7d76f5c5e155dbf56c5e5fdd -> 
  custom:scripting/monoscript/fileName/MonoSpacing.cs: 45ba6bf376dd125375a8906a7d8b8b4b -> 
  custom:scripting/monoscript/fileName/FloatTween.cs: c51b551f6abec506d0db9945f7aa25cc -> 
  custom:scripting/monoscript/fileName/BoxSlider.cs: 662335e935a62641f6cb14e99e25e994 -> 
  custom:scripting/monoscript/fileName/BezierLineRendererEditor.cs: 2a50098be424d999e43b888ace13278c -> 
  custom:scripting/monoscript/fileName/NonDrawingGraphic.cs: a309796f6d67e4c1c110ec62b4572b4e -> 
  custom:scripting/monoscript/fileName/ScrollPositionController.cs: 30c392a65a277a4a74b1a6f1a3417601 -> 
  custom:scripting/monoscript/fileName/ContentScrollSnapHorizontal.cs: cb0bf043572062ce08b48904f46c98c8 -> 
  custom:scripting/monoscript/fileName/Triangulator.cs: 4ee9f09ca55767568ee94c9eaaed7244 -> d867a9a7a8385ef82ff357feb70c59d4
  custom:scripting/monoscript/fileName/UIImageCrop.cs: 1ec5d1f18ccf3bbe8ea319cda00ecfbc -> 
  custom:scripting/monoscript/fileName/BoxSliderEditor.cs: 9c680a5a338924fb176605eed0f68a75 -> 
  custom:scripting/monoscript/fileName/FancyScrollView.cs: c5f9c64ec4b4e183b17919204bc381a9 -> 
  custom:scripting/monoscript/fileName/BezierPath.cs: 90cbb6f823f7a03c69c93b3e1653c45e -> 
  custom:scripting/monoscript/fileName/SuperellipsePoints.cs: db2a1c9698f2dea478e1d6bfece554ae -> 
  custom:scripting/monoscript/fileName/UI_Knob.cs: 00244fb2be3e9e1f5ec3a07f175066a9 -> 
  custom:container-muxer-webm: aa71ff27fc2769a1b78a27578f13a17b -> 
  custom:scripting/monoscript/fileName/RaycastMask.cs: b13971e6a124c25b886c6703ae2aab24 -> 
  custom:scripting/monoscript/fileName/MultiTouchScrollRect.cs: 3a778993ea01435b2502c14ea2b2ff98 -> 
  custom:video-decoder-webm-vp8: 9c59270c3fd7afecdb556c50c9e8de78 -> 
  custom:scripting/monoscript/fileName/InputFieldEnterSubmit.cs: cdd5149b8afb8dc59ad57cc53ad8fb3b -> 
  custom:scripting/monoscript/fileName/ExampleSelectable.cs: 8dc7a8cd606154e7d10bb507e235c1f8 -> 
  custom:scripting/monoscript/fileName/uGUITools.cs: aa32797d8a9cdcd2167b6be114b0d5ec -> 
  custom:scripting/monoscript/fileName/UILinearDodgeEffect.cs: f5508d2f3f6addba614d4c08275f4546 -> 
  custom:SearchIndexIgnoredProperties: e643bd26f0fe6173181afceb89e7c659 -> 
  custom:scripting/monoscript/fileName/EasingCore.cs: 0bad7e894488e9b67256d892a478aab1 -> 
  custom:scripting/monoscript/fileName/Stepper.cs: 3ee1a56034750815f9c567b6c54fbbb8 -> 
  custom:scripting/monoscript/fileName/UIPrimitiveBase.cs: 80a945e915822efd5c887ee28f76aa9f -> 
  custom:AudioImporter_EditorPlatform: d09bf68614088b80899f8185d706f6e7 -> 
  custom:scripting/monoscript/fileName/LetterSpacing.cs: c4f4c504ac9c0b708c438c8a0faf6a96 -> 
  custom:scripting/monoscript/fileName/UISquircle.cs: faaa67841792f2c90a13db82841ac6e3 -> 
  custom:scripting/monoscript/fileName/RangeSlider.cs: 026cea0882c5bbc90f7cedc5111cfeb2 -> 
  custom:scripting/monoscript/fileName/UIExtensionMethods.cs: 2621bff24acfb4ddb3b264b7553588d8 -> 
  custom:scripting/monoscript/fileName/UIVerticalScroller.cs: 3532ae0d4ba5f6e2c310cfec2c655a8c -> 
  custom:scripting/monoscript/fileName/ColorLabel.cs: 9a2d62e5e8f65400e4abc881023f36f7 -> 
  custom:scripting/monoscript/fileName/TooltipTrigger.cs: 546a7d73bc42b9e6f1fd03a7e07d7f29 -> 
  custom:scripting/monoscript/fileName/UIMultiplyEffect.cs: 29b6f1f4d98d9b61292d829c0030af4b -> 
  custom:scripting/monoscript/fileName/CardPopup2D.cs: ac929914b8675b3ff1238ddb1cc99789 -> 
  custom:scripting/monoscript/fileName/ScrollSnapScrollbarHelper.cs: d6b043fd7048156ea2ef4da9da4a0a51 -> 
  custom:scripting/monoscript/fileName/HoverTooltip.cs: abdf0400bdf15bb8fdc0bc4d5ecc993f -> 
  custom:scripting/monoscript/fileName/ColorImage.cs: 87dea3e9bf43c94e295d4fa411046c66 -> 
  custom:scripting/monoscript/fileName/FancyScrollRectContext.cs: 9e5d4d8665c04a1190a3fc52908244b0 -> 
  custom:scripting/monoscript/fileName/TextPicIconEditor.cs: 1f41560011fcb93d03be374d10238c0c -> 
  custom:scripting/monoscript/fileName/UI_InfiniteScroll.cs: f7518bdb5ccbb5518282b9c860eef985 -> 
  custom:scripting/monoscript/fileName/UIExtensionsMenuOptions.cs: 25d3bc76bdcc7be45d732e8f064ec6a7 -> 
  custom:scripting/monoscript/fileName/ReadOnlyAttribute.cs: 604ae8fbc27d6402b88ac08f1987318f -> 
  custom:scripting/monoscript/fileName/UICircle.cs: e40253d6117a9fbea82cc285a7e8a36e -> 
  custom:scripting/monoscript/fileName/UIScrollToSelectionXY.cs: 8145d21a6ef6f8610242d2ba291595b9 -> 
  custom:scripting/monoscript/fileName/CUITextEditor.cs: 966cced0a631446b9484c2fe777a7f5b -> 
  custom:scripting/precompiled-assembly-types:UnityUIExtensions.editor: e002030e6fc012878af160bb334541ad -> 
  custom:scripting/monoscript/fileName/TweenRunner.cs: 90647cc400823b41df847a6cbfc29026 -> 
  custom:scripting/monoscript/fileName/UIHorizontalScroller.cs: 758f016ad67e22eff0f26468f408f006 -> 
  custom:scripting/monoscript/fileName/ReturnKeyTriggersButton.cs: 622f27a1a5fce3f8fe14f0fe6c6b39b5 -> 
  custom:scripting/monoscript/fileName/FancyGridViewCell.cs: 0cdf409b5aa8d4c25876d72b5c6a3b60 -> 
  custom:scripting/monoscript/fileName/Scroller.cs: 94938ad1cd7c20206a0339e3bd7f3330 -> 
  custom:scripting/monoscript/fileName/CylinderText.cs: 86c073c10ed890f8e108be86fb350e35 -> 
  custom:scripting/monoscript/fileName/ColorPickerPresets.cs: d20309ac183a87fd46c2e0a03ba5bdef -> 
  custom:scripting/monoscript/fileName/RadialSlider.cs: 24542b53b379116a4f98bb53a64e13b8 -> 
  custom:scripting/monoscript/fileName/PPIViewer.cs: 5269fbe050022d597b2ceba1b1d4cbae -> 
  custom:scripting/monoscript/fileName/InputFocus.cs: 6a5a3b184038cb5e7dbe4882c96bc91b -> 
  custom:scripting/monoscript/fileName/CUIBezierCurve.cs: 32214df0cb137de9f4967269deffb6f3 -> 
  custom:scripting/monoscript/fileName/DropDownListItem.cs: 91c61fd79335f34fb81e114553bf8888 -> 
  custom:scripting/monoscript/fileName/UIFlippable.cs: 9c843e180ea4b6afe9c1ba071336e124 -> 
  custom:scripting/monoscript/fileName/CanvasGroupActivator.cs: f743e9c6e47b0eb8c0b7b2fbf9f7de19 -> 
  custom:scripting/monoscript/fileName/UIWindowBase.cs: 776e605614a77fffd4e0147c8e684e94 -> 
  custom:video-encoder-webm-vp8: eb34c28f22e8b96e1ab97ce403110664 -> 
  custom:scripting/monoscript/fileName/ScrollPositionControllerEditor.cs: fb86570a90d8d5b779234b7f103e1b51 -> 
  custom:scripting/monoscript/fileName/CurvedLayout.cs: 46917779e317aa4a214ea430689de312 -> 
  custom:scripting/monoscript/fileName/ScrollConflictManager.cs: 1a474b2432b80a8b7211f13c79bb991c -> 
  custom:scripting/monoscript/fileName/ReadOnlyDrawer.cs: 1c0aa6472b8e40c24f66a5805d818994 -> 
  custom:audio-decoder-ogg-vorbis: bf7c407c2cedff20999df2af8eb42d56 -> 
  custom:scripting/monoscript/fileName/FancyGridView.cs: 849ed7f5b11c9db237ef61b01c5a5104 -> 
  custom:scripting/monoscript/fileName/CableCurve.cs: 1ed0592bfc80d3ca3db7b55e9a6e9d9a -> 
  custom:scripting/monoscript/fileName/PaginationManager.cs: b5c7a38e1c9bde92ca052679632bc9f1 -> 
  custom:scripting/monoscript/fileName/UILineTextureRenderer.cs: f3042185c83712ad42b2d6694b56f8d3 -> 
  custom:scripting/monoscript/fileName/MenuManager.cs: 8e71de17d45faf11b5ca3e63d3867170 -> 
  custom:scripting/monoscript/fileName/ColorPickerPresetsEditor.cs: 57bebb34d006d8305e8cd353ea00f28b -> 
  custom:scripting/monoscript/fileName/UI_MagneticInfiniteScroll.cs: 7f0db092e1c52c826e7ccbefe21fe7ce -> 
  custom:scripting/monoscript/fileName/ToolTip.cs: 2f05f936126a769ca9a98ef6920928a7 -> 
  custom:scripting/monoscript/fileName/TextPicRenameEditor.cs: b67a1588d964fe3ac177da9872e96689 -> 
  custom:scripting/monoscript/fileName/TestCompression.cs: 2a18178f72c1b3979b9006483863f20e -> 
  custom:scripting/monoscript/fileName/IFancyScrollRectContext.cs: 9c4dee0aef526d67eb0a668a1c9b910a -> 
  custom:scripting/monoscript/fileName/ColorChangedEvent.cs: bafb161b451089e6c72bcae877e0ba66 -> 
  custom:scripting/monoscript/fileName/BestFitOutline.cs: 2ec1c68346f5b721e3d92092cd60b278 -> 
  custom:scripting/monoscript/fileName/NonDrawingGraphicEditor.cs: 1e7abd1e1a4d3da38de70c6d38c19118 -> 
  custom:scripting/monoscript/fileName/HSVChangedEvent.cs: 8a0d7f505f4db7e267a03264293f54eb -> 
  custom:scripting/monoscript/fileName/CUIImageEditor.cs: 0be5a4365a8d65680f88c4d192e5254c -> 
  custom:scripting/monoscript/fileName/HorizontalScrollSnap.cs: 624447835d67a70d90ed2b7f69117316 -> 
  custom:scripting/monoscript/fileName/UI_TweenScale.cs: 50a18c41daf615d82dc37ef0e9dcea31 -> 
  custom:scripting/monoscript/fileName/BoundTooltipItem.cs: 12dc26af634677e40fd7840809357e6c -> 
  custom:scripting/monoscript/fileName/AccordionElement.cs: 69f1a7e537099cc57de9b6eaa86cef32 -> 
  custom:scripting/monoscript/fileName/UI_ScrollRectOcclusion.cs: 491f1c2592ac821eb8de9e533fddd4a9 -> 
  custom:scripting/monoscript/fileName/CUIBezierCurveEditor.cs: be4462c6de2387d5f99ef9d0e93b91ee -> 
  custom:scripting/monoscript/fileName/ColorSliderImage.cs: bbcbfbf23dc2f9fc5450db8f36b24487 -> 
  custom:scripting/monoscript/fileName/Accordion.cs: c31898dc7ffd6f7b32be5689419229bc -> 
  custom:scripting/monoscript/fileName/FancyCell.cs: 0cdf409b5aa8d4c25876d72b5c6a3b60 -> 
  custom:scripting/monoscript/fileName/ShineEffect.cs: 61d233269c4ea687efa548adef5d6e13 -> 
  custom:audio-encoder-webm-vorbis: bf7c407c2cedff20999df2af8eb42d56 -> 
  custom:scripting/monoscript/fileName/ScrollRectTweener.cs: 3437a8fb18bed84a45865e36e83e332f -> 
  custom:scripting/monoscript/fileName/MeshCreator.cs: a2506ad04bac2e5a6d6d50e0d7978d92 -> 
  custom:scripting/monoscript/fileName/UIPolygon.cs: ef7b3e02606f58c56a27e65db10bc7f3 -> 
  custom:scripting/monoscript/fileName/switchToRectTransform.cs: 0ef297259b7f2ab26defc1d718ad1e0a -> 
  custom:scripting/monoscript/fileName/UILineRendererList.cs: efbf4ff76c31aa3e4f61c8b26734d929 -> 
  custom:scripting/monoscript/fileName/CLZF2.cs: 40ef7bf6191a1a5e5b0f37e092e1b271 -> 
  custom:scripting/monoscript/fileName/SimpleMenu.cs: 90647cc400823b41df847a6cbfc29026 -> 
  custom:scripting/monoscript/fileName/RescalePanel.cs: a379a55181438e3b7a29019da8a3c82c -> 
  custom:scripting/monoscript/fileName/DragCorrector.cs: 89ab4a0369eecb75be2277a80a08c1e7 -> 
  custom:scripting/monoscript/fileName/RangeSliderEditor.cs: 1c09cdb4e75bc10f834bbae9a7b54e1e -> 
  custom:scripting/monoscript/fileName/FancyScrollRect.cs: 0cdf409b5aa8d4c25876d72b5c6a3b60 -> 
  custom:scripting/precompiled-assembly-types:Assembly-CSharp: 24e3b857ac6999d02687837a5ab3b68d -> d9898b08f7aa15a36c94fc52d0b7440b
  custom:scripting/monoscript/fileName/ReorderableList.cs: 944c8e214787d07461c711b29546f976 -> 
  custom:scripting/monoscript/fileName/RadialLayout.cs: 170f31c5fdb54a9fe7ba926effdfd7d4 -> 
  custom:scripting/monoscript/fileName/ColorSlider.cs: a91d06b853e0bf2d5df3ea61a67d5c83 -> 
  custom:scripting/monoscript/fileName/IFancyGridViewContext.cs: be7addf49e5950ebb654fec55c2afa8b -> 
  custom:scripting/precompiled-assembly-types:UnityUIExtensions: c0991a7eaf90618746e467e9e018bd04 -> 
  custom:scripting/monoscript/fileName/CUIGraphic.cs: 4f47fad340418bff51fe6171e2259e7f -> 
  custom:scripting/monoscript/fileName/IFancyCellGroupContext.cs: 323b5f49cc2011b3d2d9088e528ed161 -> 
  custom:scripting/monoscript/fileName/MinMaxSlider.cs: e7d98a511e8b98df33f72f37935821e5 -> 
  custom:scripting/monoscript/fileName/ColorPickerTester.cs: 63b6c03c009a94721b9d41c8d5e5e6ed -> 
========================================================================
Received Prepare
Caller must complete domain reload
Begin MonoManager ReloadAssembly
- Loaded All Assemblies, in  0.520 seconds
Native extension for WindowsStandalone target not found
Native extension for WebGL target not found
Mono: successfully reloaded assembly
- Finished resetting the current domain, in  1.121 seconds
Domain Reload Profiling: 1641ms
	BeginReloadAssembly (166ms)
		ExecutionOrderSort (0ms)
		DisableScriptedObjects (12ms)
		BackupInstance (0ms)
		ReleaseScriptingObjects (0ms)
		CreateAndSetChildDomain (36ms)
	RebuildCommonClasses (35ms)
	RebuildNativeTypeToScriptingClass (13ms)
	initialDomainReloadingComplete (30ms)
	LoadAllAssembliesAndSetupDomain (275ms)
		LoadAssemblies (344ms)
		RebuildTransferFunctionScriptingTraits (0ms)
		AnalyzeDomain (19ms)
			TypeCache.Refresh (7ms)
				TypeCache.ScanAssembly (0ms)
			ScanForSourceGeneratedMonoScriptInfo (0ms)
			ResolveRequiredComponents (11ms)
	FinalizeReload (1122ms)
		ReleaseScriptCaches (0ms)
		RebuildScriptCaches (0ms)
		SetupLoadedEditorAssemblies (453ms)
			LogAssemblyErrors (0ms)
			InitializePlatformSupportModulesInManaged (10ms)
			SetLoadedEditorAssemblies (6ms)
			RefreshPlugins (0ms)
			BeforeProcessingInitializeOnLoad (75ms)
			ProcessInitializeOnLoadAttributes (325ms)
			ProcessInitializeOnLoadMethodAttributes (32ms)
			AfterProcessingInitializeOnLoad (4ms)
			EditorAssembliesLoaded (0ms)
		ExecutionOrderSort2 (0ms)
		AwakeInstancesAfterBackupRestoration (19ms)
Refreshing native plugins compatible for Editor in 11.88 ms, found 7 plugins.
Preloading 0 native plugins for Editor in 0.00 ms.
Unloading 4456 Unused Serialized files (Serialized files now loaded: 0)
Unloading 44 unused Assets / (0.7 MB). Loaded Objects now: 5331.
Memory consumption went from 158.3 MB to 157.6 MB.
Total: 8.787300 ms (FindLiveObjects: 0.872100 ms CreateObjectMapping: 0.386000 ms MarkObjects: 6.453500 ms  DeleteObjects: 1.072900 ms)

Prepare: number of updated asset objects reloaded= 0
AssetImportParameters requested are different than current active one (requested -> active):
  custom:scripting/monoscript/fileName/CardStack2D.cs: 52f7ac406c04f320c1cc31b32fc945ec -> 
  custom:scripting/monoscript/fileName/UILineRendererFIFO.cs: 1a840d7d842445f62c20beee85a5bbc5 -> 
  custom:scripting/monoscript/fileName/FlowLayoutGroup.cs: 4f8c51e99186127173631d5ea0b848a8 -> 
  custom:scripting/monoscript/fileName/UIParticleSystem.cs: 6cef203566a0c9333597e4e233613614 -> 
  custom:scripting/monoscript/fileName/UILineRenderer.cs: 673f1b621ab4781ac78770b1b3c45207 -> 
  custom:scripting/monoscript/fileName/TableLayoutGroup.cs: 9697d88a99d4c91003d206b86eed3a61 -> 
  custom:scripting/monoscript/fileName/Segment.cs: 823b994f6bbb6e32f73e9807948df6b3 -> 
  custom:container-demuxer-ogg: 62fdf1f143b41e24485cea50d1cbac27 -> 
  custom:scripting/monoscript/fileName/SelectionBox.cs: 9eabc2822607d24d284c5c0d720d4a01 -> 
  custom:scripting/monoscript/fileName/ReorderableListContent.cs: a630238339e5f198f723ac29a2329f6d -> 
  custom:scripting/monoscript/fileName/Menu.cs: d0a2652908e797d4064ef9b772450cc8 -> 
  custom:scripting/monoscript/fileName/SetPropertyUtility.cs: 02aade692758e5563210cc05829e9851 -> f604b4b9e6b0979bdfc1e2b40426dd19
  custom:scripting/monoscript/fileName/HSVUtil.cs: 2f204c7a89b046fae714aadbcda42851 -> 
  custom:scripting/monoscript/fileName/FancyCellGroup.cs: 90647cc400823b41df847a6cbfc29026 -> 
  custom:scripting/monoscript/fileName/RescaleDragPanel.cs: 428e5a10a21f2d3fc3805557487d591e -> 
  custom:scripting/monoscript/fileName/ExtensionsToggleGroup.cs: 93967f93faef61aecdca9232fa42b062 -> 
  custom:scripting/monoscript/fileName/ResizePanel.cs: 0a2d1269c62cba913a254b515f8b6020 -> 
  custom:scripting/monoscript/fileName/Circle.cs: cfc2369c92dd039be7c3f572f769fdcf -> 
  custom:scripting/monoscript/fileName/ShaderLibrary.cs: 7a09676978959734a6827051c965f749 -> 
  custom:scripting/monoscript/fileName/CurvedText.cs: c86aabacdca275700720e919fc8a8b52 -> 
  custom:scripting/monoscript/fileName/FancyScrollRectCell.cs: 0cdf409b5aa8d4c25876d72b5c6a3b60 -> 
  custom:scripting/monoscript/fileName/Gradient.cs: a4c2a5a25440c543cd82653fda832632 -> 
  custom:scripting/monoscript/fileName/ScrollSnapBase.cs: 3682088473625968e7b4647a6b4213f6 -> 
  custom:scripting/monoscript/fileName/CUIText.cs: 0be1a405bc9388e4813a74aad6018bec -> 
  custom:scripting/monoscript/fileName/BoundTooltipTrigger.cs: e78e2ee612ba85e075ab794a5cb95e73 -> 
  custom:scripting/monoscript/fileName/UIHighlightable.cs: fd305ad78204cb75a66ce809c3f50e6a -> 
  custom:video-codec-MediaFoundation-h265: 746d11721c4dcdbdad8f713fa42b33f4 -> 
  custom:scripting/monoscript/fileName/UIExtensionsInputManager.cs: 6f468ddae971c3bcce0288549c1beabd -> 
  custom:scripting/monoscript/fileName/Gradient2.cs: 9c1fd6257924e43a80b8fccb859d3828 -> 
  custom:scripting/monoscript/fileName/CooldownButton.cs: 72bd21b90ac71f29908a36179176f8fc -> 
  custom:video-decoder-ogg-theora: a1e56fd34408186e4bbccfd4996cb3dc -> 
  custom:scripting/monoscript/fileName/TileSizeFitter.cs: ba6326e335b6f177a627b992c444832c -> 
  custom:scripting/monoscript/fileName/SelectableScaler.cs: 3ebe175d64b38a572f8dbe8fd345f0c3 -> 
  custom:scripting/monoscript/fileName/AccordionElementEditor.cs: db5ee9b2cff22578a12a4d141614d665 -> 
  custom:scripting/monoscript/fileName/ExtensionsToggle.cs: e0b44aa7e1ff973d74b4857a34a48879 -> 
  custom:scripting/monoscript/fileName/ReorderableListElement.cs: 788a31431a1c95dc9a9a52767f8e812f -> 
  custom:scripting/monoscript/fileName/ShineEffector.cs: 52ed4eb6c7ed8f674a18d2a4db6eba86 -> 
  custom:scripting/monoscript/fileName/UISelectableExtension.cs: b6766007d8a2236e23d4749da2d8cdd2 -> 
  custom:framework-win-MediaFoundation: 216162199b28c13a410421893ffa2e32 -> 
  custom:scripting/monoscript/fileName/UISoftAdditiveEffect.cs: 30a825933c907dec19605ff2f58a292f -> 
  custom:scripting/monoscript/fileName/HexColorField.cs: 425eeca1ce4159bc649962b2337061a4 -> 
  custom:scripting/monoscript/fileName/ColorPickerControl.cs: 97231f899ae243cc634f34e048c22095 -> 
  custom:scripting/monoscript/fileName/ReorderableListDebug.cs: 51cf5a188c464deb681bea16cb795b61 -> 
  custom:scripting/monoscript/fileName/TextPic.cs: 9dbd7bc654cbf19eee33ac6fc452bfb1 -> 
  custom:scripting/monoscript/fileName/CUIImage.cs: 41f29f650aa507f802cd9793d91f3211 -> 
  custom:scripting/monoscript/fileName/DropDownListButton.cs: 71d533f2602e0e099d09a556ef8e4414 -> 
  custom:scripting/monoscript/fileName/ScrollSnap.cs: c5ae67ed5cc8c0ab1f7496803acc2648 -> 
  custom:scripting/monoscript/fileName/TextPicIconListCopier.cs: a564a2a474c019b98650cff2383ccfca -> 
  custom:scripting/monoscript/fileName/UICornerCut.cs: 69b0dfb485aa2b1afa65fcf30028125b -> 
  custom:scripting/monoscript/fileName/ScrollerEditor.cs: 478519b80ad2bc62d4a4b80ae078e694 -> 
  custom:scripting/monoscript/fileName/IBoxSelectable.cs: a5bf39a694cf2b84c65e7bec998d4941 -> 
  custom:scripting/monoscript/fileName/TiltWindow.cs: 7c3356d1b5bc9c6e9fe98345b0be7c30 -> 
  custom:scripting/monoscript/fileName/ExtensionMethods.cs: 943bd8dac5ce9467ce7deb0856dc6b0a -> 
  custom:scripting/monoscript/fileName/ComboBox.cs: a6ca48dde827ff07a9093f3624d58e62 -> 
  custom:scripting/monoscript/fileName/ScrollRectLinker.cs: 0316116e17d192ca2ef7c97539dff50f -> 
  custom:scripting/monoscript/fileName/SVBoxSlider.cs: 1d22c9c16d63e1cf38ad19bbcec9a0da -> 
  custom:scripting/monoscript/fileName/VerticalScrollSnap.cs: a7ebcf1fac8331e70ee01e540cbe484b -> 
  custom:scripting/monoscript/fileName/UILineConnector.cs: ea5f69a32957fe35ae7b512ef3f758ef -> 
  custom:scripting/monoscript/fileName/UIScreenEffect.cs: c36542c529d1f733362556ab22c18bf9 -> 
  custom:scripting/monoscript/fileName/SoftMaskScript.cs: 867049fb2647c9983fb1391409f93d30 -> 
  custom:scripting/monoscript/fileName/DiamondGraph.cs: a01b647a54847840428a395cc0d6fc16 -> 
  custom:scripting/monoscript/fileName/ScrollRectEx.cs: 3f6a881a34055e182fee3ab0baaee0c3 -> 
  custom:scripting/monoscript/fileName/UIGridRenderer.cs: 04c0062f4b7cdd6963fdba9ae03d9c72 -> 
  custom:scripting/monoscript/fileName/NicerOutline.cs: 571a7c7c4af4ebadc9fed23f0c3b0b46 -> 
  custom:CustomObjectIndexerAttribute: 9a22284fe3817be447336de3de66b15e -> 
  custom:scripting/monoscript/fileName/ScrollRectExtensions.cs: c76cb840404ffa9bc24248639e9da4ee -> 
  custom:scripting/monoscript/fileName/FancyGridViewContext.cs: 8738476657d4a33c34bc82bed7ce8bc9 -> 
  custom:scripting/monoscript/fileName/MinMaxValues.cs: 4aa11a61e640749f4ea5f947f86be5ba -> 
  custom:scripting/monoscript/fileName/CardExpanding3D.cs: d8b2b9924677ad2b445b05edbed7f0e3 -> 
  custom:scripting/monoscript/fileName/MinMaxSliderEditor.cs: e0496a7f76fc8934af2a763a7289ad36 -> 
  custom:scripting/monoscript/fileName/StepperSide.cs: 34d9a35c8c2622f327b140f18a7398a7 -> 
  custom:scripting/monoscript/fileName/CUIGraphicEditor.cs: a618262d3e77d462c5a0cd2e608e8a53 -> 
  custom:scripting/monoscript/fileName/DropDownList.cs: 3d51ab81e9571c9027b59874b2c78567 -> 
  custom:scripting/monoscript/fileName/ITweenValue.cs: 1d0eaa4b435fa135e18af6b5fa57e92e -> 
  custom:container-demuxer-webm: 4f35f7cbe854078d1ac9338744f61a02 -> 
  custom:scripting/monoscript/fileName/CardExpanding2D.cs: e0950b450275cb3936a581f286a6b471 -> 
  custom:scripting/monoscript/fileName/ResetSelectableHighlight.cs: 3ea63487fd77e7b22731770a86b4f8b9 -> 
  custom:scripting/monoscript/fileName/UIScrollToSelection.cs: d89fc8e36bdc19715e3104a5f857d175 -> 
  custom:scripting/monoscript/fileName/IScrollSnap.cs: 80b4110dac6695d630b8e7501d8e5aa8 -> 
  custom:scripting/monoscript/fileName/SegmentedControl.cs: 3a6e53207de58cf304ab520e0638e2df -> 
  custom:scripting/monoscript/fileName/ColorSampler.cs: 617678b91f4adc7b3146f51bed3fc4b1 -> 
  custom:scripting/monoscript/fileName/TabNavigationHelper.cs: 43f45dc623750048d2fbac24931c8ac8 -> 
  custom:scripting/monoscript/fileName/AutoCompleteComboBox.cs: 6e2e6cf33d4f5ca4ad3c05ff8f254467 -> 
  custom:scripting/monoscript/fileName/TextPicEditor.cs: c23216fe996c314d4c496ad837485981 -> 
  custom:scripting/monoscript/fileName/CUIMisc.cs: bc26c7f132f5cd28304cbc88070ca4dc -> 
  custom:scripting/monoscript/fileName/UIAdditiveEffect.cs: 50386f7d7d76f5c5e155dbf56c5e5fdd -> 
  custom:scripting/monoscript/fileName/MonoSpacing.cs: 45ba6bf376dd125375a8906a7d8b8b4b -> 
  custom:scripting/monoscript/fileName/FloatTween.cs: c51b551f6abec506d0db9945f7aa25cc -> 
  custom:scripting/monoscript/fileName/BoxSlider.cs: 662335e935a62641f6cb14e99e25e994 -> 
  custom:scripting/monoscript/fileName/BezierLineRendererEditor.cs: 2a50098be424d999e43b888ace13278c -> 
  custom:scripting/monoscript/fileName/NonDrawingGraphic.cs: a309796f6d67e4c1c110ec62b4572b4e -> 
  custom:scripting/monoscript/fileName/ScrollPositionController.cs: 30c392a65a277a4a74b1a6f1a3417601 -> 
  custom:scripting/monoscript/fileName/ContentScrollSnapHorizontal.cs: cb0bf043572062ce08b48904f46c98c8 -> 
  custom:scripting/monoscript/fileName/Triangulator.cs: 4ee9f09ca55767568ee94c9eaaed7244 -> d867a9a7a8385ef82ff357feb70c59d4
  custom:scripting/monoscript/fileName/UIImageCrop.cs: 1ec5d1f18ccf3bbe8ea319cda00ecfbc -> 
  custom:scripting/monoscript/fileName/BoxSliderEditor.cs: 9c680a5a338924fb176605eed0f68a75 -> 
  custom:scripting/monoscript/fileName/FancyScrollView.cs: c5f9c64ec4b4e183b17919204bc381a9 -> 
  custom:scripting/monoscript/fileName/BezierPath.cs: 90cbb6f823f7a03c69c93b3e1653c45e -> 
  custom:scripting/monoscript/fileName/SuperellipsePoints.cs: db2a1c9698f2dea478e1d6bfece554ae -> 
  custom:scripting/monoscript/fileName/UI_Knob.cs: 00244fb2be3e9e1f5ec3a07f175066a9 -> 
  custom:container-muxer-webm: aa71ff27fc2769a1b78a27578f13a17b -> 
  custom:scripting/monoscript/fileName/RaycastMask.cs: b13971e6a124c25b886c6703ae2aab24 -> 
  custom:scripting/monoscript/fileName/MultiTouchScrollRect.cs: 3a778993ea01435b2502c14ea2b2ff98 -> 
  custom:video-decoder-webm-vp8: 9c59270c3fd7afecdb556c50c9e8de78 -> 
  custom:scripting/monoscript/fileName/InputFieldEnterSubmit.cs: cdd5149b8afb8dc59ad57cc53ad8fb3b -> 
  custom:scripting/monoscript/fileName/ExampleSelectable.cs: 8dc7a8cd606154e7d10bb507e235c1f8 -> 
  custom:scripting/monoscript/fileName/uGUITools.cs: aa32797d8a9cdcd2167b6be114b0d5ec -> 
  custom:scripting/monoscript/fileName/UILinearDodgeEffect.cs: f5508d2f3f6addba614d4c08275f4546 -> 
  custom:SearchIndexIgnoredProperties: e643bd26f0fe6173181afceb89e7c659 -> 
  custom:scripting/monoscript/fileName/EasingCore.cs: 0bad7e894488e9b67256d892a478aab1 -> 
  custom:scripting/monoscript/fileName/Stepper.cs: 3ee1a56034750815f9c567b6c54fbbb8 -> 
  custom:scripting/monoscript/fileName/UIPrimitiveBase.cs: 80a945e915822efd5c887ee28f76aa9f -> 
  custom:AudioImporter_EditorPlatform: d09bf68614088b80899f8185d706f6e7 -> 
  custom:scripting/monoscript/fileName/LetterSpacing.cs: c4f4c504ac9c0b708c438c8a0faf6a96 -> 
  custom:scripting/monoscript/fileName/UISquircle.cs: faaa67841792f2c90a13db82841ac6e3 -> 
  custom:scripting/monoscript/fileName/RangeSlider.cs: 026cea0882c5bbc90f7cedc5111cfeb2 -> 
  custom:scripting/monoscript/fileName/UIExtensionMethods.cs: 2621bff24acfb4ddb3b264b7553588d8 -> 
  custom:scripting/monoscript/fileName/UIVerticalScroller.cs: 3532ae0d4ba5f6e2c310cfec2c655a8c -> 
  custom:scripting/monoscript/fileName/ColorLabel.cs: 9a2d62e5e8f65400e4abc881023f36f7 -> 
  custom:scripting/monoscript/fileName/TooltipTrigger.cs: 546a7d73bc42b9e6f1fd03a7e07d7f29 -> 
  custom:scripting/monoscript/fileName/UIMultiplyEffect.cs: 29b6f1f4d98d9b61292d829c0030af4b -> 
  custom:scripting/monoscript/fileName/CardPopup2D.cs: ac929914b8675b3ff1238ddb1cc99789 -> 
  custom:scripting/monoscript/fileName/ScrollSnapScrollbarHelper.cs: d6b043fd7048156ea2ef4da9da4a0a51 -> 
  custom:scripting/monoscript/fileName/HoverTooltip.cs: abdf0400bdf15bb8fdc0bc4d5ecc993f -> 
  custom:scripting/monoscript/fileName/ColorImage.cs: 87dea3e9bf43c94e295d4fa411046c66 -> 
  custom:scripting/monoscript/fileName/FancyScrollRectContext.cs: 9e5d4d8665c04a1190a3fc52908244b0 -> 
  custom:scripting/monoscript/fileName/TextPicIconEditor.cs: 1f41560011fcb93d03be374d10238c0c -> 
  custom:scripting/monoscript/fileName/UI_InfiniteScroll.cs: f7518bdb5ccbb5518282b9c860eef985 -> 
  custom:scripting/monoscript/fileName/UIExtensionsMenuOptions.cs: 25d3bc76bdcc7be45d732e8f064ec6a7 -> 
  custom:scripting/monoscript/fileName/ReadOnlyAttribute.cs: 604ae8fbc27d6402b88ac08f1987318f -> 
  custom:scripting/monoscript/fileName/UICircle.cs: e40253d6117a9fbea82cc285a7e8a36e -> 
  custom:scripting/monoscript/fileName/UIScrollToSelectionXY.cs: 8145d21a6ef6f8610242d2ba291595b9 -> 
  custom:scripting/monoscript/fileName/CUITextEditor.cs: 966cced0a631446b9484c2fe777a7f5b -> 
  custom:scripting/precompiled-assembly-types:UnityUIExtensions.editor: e002030e6fc012878af160bb334541ad -> 
  custom:scripting/monoscript/fileName/TweenRunner.cs: 90647cc400823b41df847a6cbfc29026 -> 
  custom:scripting/monoscript/fileName/UIHorizontalScroller.cs: 758f016ad67e22eff0f26468f408f006 -> 
  custom:scripting/monoscript/fileName/ReturnKeyTriggersButton.cs: 622f27a1a5fce3f8fe14f0fe6c6b39b5 -> 
  custom:scripting/monoscript/fileName/FancyGridViewCell.cs: 0cdf409b5aa8d4c25876d72b5c6a3b60 -> 
  custom:scripting/monoscript/fileName/Scroller.cs: 94938ad1cd7c20206a0339e3bd7f3330 -> 
  custom:scripting/monoscript/fileName/CylinderText.cs: 86c073c10ed890f8e108be86fb350e35 -> 
  custom:scripting/monoscript/fileName/ColorPickerPresets.cs: d20309ac183a87fd46c2e0a03ba5bdef -> 
  custom:scripting/monoscript/fileName/RadialSlider.cs: 24542b53b379116a4f98bb53a64e13b8 -> 
  custom:scripting/monoscript/fileName/PPIViewer.cs: 5269fbe050022d597b2ceba1b1d4cbae -> 
  custom:scripting/monoscript/fileName/InputFocus.cs: 6a5a3b184038cb5e7dbe4882c96bc91b -> 
  custom:scripting/monoscript/fileName/CUIBezierCurve.cs: 32214df0cb137de9f4967269deffb6f3 -> 
  custom:scripting/monoscript/fileName/DropDownListItem.cs: 91c61fd79335f34fb81e114553bf8888 -> 
  custom:scripting/monoscript/fileName/UIFlippable.cs: 9c843e180ea4b6afe9c1ba071336e124 -> 
  custom:scripting/monoscript/fileName/CanvasGroupActivator.cs: f743e9c6e47b0eb8c0b7b2fbf9f7de19 -> 
  custom:scripting/monoscript/fileName/UIWindowBase.cs: 776e605614a77fffd4e0147c8e684e94 -> 
  custom:video-encoder-webm-vp8: eb34c28f22e8b96e1ab97ce403110664 -> 
  custom:scripting/monoscript/fileName/ScrollPositionControllerEditor.cs: fb86570a90d8d5b779234b7f103e1b51 -> 
  custom:scripting/monoscript/fileName/CurvedLayout.cs: 46917779e317aa4a214ea430689de312 -> 
  custom:scripting/monoscript/fileName/ScrollConflictManager.cs: 1a474b2432b80a8b7211f13c79bb991c -> 
  custom:scripting/monoscript/fileName/ReadOnlyDrawer.cs: 1c0aa6472b8e40c24f66a5805d818994 -> 
  custom:audio-decoder-ogg-vorbis: bf7c407c2cedff20999df2af8eb42d56 -> 
  custom:scripting/monoscript/fileName/FancyGridView.cs: 849ed7f5b11c9db237ef61b01c5a5104 -> 
  custom:scripting/monoscript/fileName/CableCurve.cs: 1ed0592bfc80d3ca3db7b55e9a6e9d9a -> 
  custom:scripting/monoscript/fileName/PaginationManager.cs: b5c7a38e1c9bde92ca052679632bc9f1 -> 
  custom:scripting/monoscript/fileName/UILineTextureRenderer.cs: f3042185c83712ad42b2d6694b56f8d3 -> 
  custom:scripting/monoscript/fileName/MenuManager.cs: 8e71de17d45faf11b5ca3e63d3867170 -> 
  custom:scripting/monoscript/fileName/ColorPickerPresetsEditor.cs: 57bebb34d006d8305e8cd353ea00f28b -> 
  custom:scripting/monoscript/fileName/UI_MagneticInfiniteScroll.cs: 7f0db092e1c52c826e7ccbefe21fe7ce -> 
  custom:scripting/monoscript/fileName/ToolTip.cs: 2f05f936126a769ca9a98ef6920928a7 -> 
  custom:scripting/monoscript/fileName/TextPicRenameEditor.cs: b67a1588d964fe3ac177da9872e96689 -> 
  custom:scripting/monoscript/fileName/TestCompression.cs: 2a18178f72c1b3979b9006483863f20e -> 
  custom:scripting/monoscript/fileName/IFancyScrollRectContext.cs: 9c4dee0aef526d67eb0a668a1c9b910a -> 
  custom:scripting/monoscript/fileName/ColorChangedEvent.cs: bafb161b451089e6c72bcae877e0ba66 -> 
  custom:scripting/monoscript/fileName/BestFitOutline.cs: 2ec1c68346f5b721e3d92092cd60b278 -> 
  custom:scripting/monoscript/fileName/NonDrawingGraphicEditor.cs: 1e7abd1e1a4d3da38de70c6d38c19118 -> 
  custom:scripting/monoscript/fileName/HSVChangedEvent.cs: 8a0d7f505f4db7e267a03264293f54eb -> 
  custom:scripting/monoscript/fileName/CUIImageEditor.cs: 0be5a4365a8d65680f88c4d192e5254c -> 
  custom:scripting/monoscript/fileName/HorizontalScrollSnap.cs: 624447835d67a70d90ed2b7f69117316 -> 
  custom:scripting/monoscript/fileName/UI_TweenScale.cs: 50a18c41daf615d82dc37ef0e9dcea31 -> 
  custom:scripting/monoscript/fileName/BoundTooltipItem.cs: 12dc26af634677e40fd7840809357e6c -> 
  custom:scripting/monoscript/fileName/AccordionElement.cs: 69f1a7e537099cc57de9b6eaa86cef32 -> 
  custom:scripting/monoscript/fileName/UI_ScrollRectOcclusion.cs: 491f1c2592ac821eb8de9e533fddd4a9 -> 
  custom:scripting/monoscript/fileName/CUIBezierCurveEditor.cs: be4462c6de2387d5f99ef9d0e93b91ee -> 
  custom:scripting/monoscript/fileName/ColorSliderImage.cs: bbcbfbf23dc2f9fc5450db8f36b24487 -> 
  custom:scripting/monoscript/fileName/Accordion.cs: c31898dc7ffd6f7b32be5689419229bc -> 
  custom:scripting/monoscript/fileName/FancyCell.cs: 0cdf409b5aa8d4c25876d72b5c6a3b60 -> 
  custom:scripting/monoscript/fileName/ShineEffect.cs: 61d233269c4ea687efa548adef5d6e13 -> 
  custom:audio-encoder-webm-vorbis: bf7c407c2cedff20999df2af8eb42d56 -> 
  custom:scripting/monoscript/fileName/ScrollRectTweener.cs: 3437a8fb18bed84a45865e36e83e332f -> 
  custom:scripting/monoscript/fileName/MeshCreator.cs: a2506ad04bac2e5a6d6d50e0d7978d92 -> 
  custom:scripting/monoscript/fileName/UIPolygon.cs: ef7b3e02606f58c56a27e65db10bc7f3 -> 
  custom:scripting/monoscript/fileName/switchToRectTransform.cs: 0ef297259b7f2ab26defc1d718ad1e0a -> 
  custom:scripting/monoscript/fileName/UILineRendererList.cs: efbf4ff76c31aa3e4f61c8b26734d929 -> 
  custom:scripting/monoscript/fileName/CLZF2.cs: 40ef7bf6191a1a5e5b0f37e092e1b271 -> 
  custom:scripting/monoscript/fileName/SimpleMenu.cs: 90647cc400823b41df847a6cbfc29026 -> 
  custom:scripting/monoscript/fileName/RescalePanel.cs: a379a55181438e3b7a29019da8a3c82c -> 
  custom:scripting/monoscript/fileName/DragCorrector.cs: 89ab4a0369eecb75be2277a80a08c1e7 -> 
  custom:scripting/monoscript/fileName/RangeSliderEditor.cs: 1c09cdb4e75bc10f834bbae9a7b54e1e -> 
  custom:scripting/monoscript/fileName/FancyScrollRect.cs: 0cdf409b5aa8d4c25876d72b5c6a3b60 -> 
  custom:scripting/precompiled-assembly-types:Assembly-CSharp: 24e3b857ac6999d02687837a5ab3b68d -> d9898b08f7aa15a36c94fc52d0b7440b
  custom:scripting/monoscript/fileName/ReorderableList.cs: 944c8e214787d07461c711b29546f976 -> 
  custom:scripting/monoscript/fileName/RadialLayout.cs: 170f31c5fdb54a9fe7ba926effdfd7d4 -> 
  custom:scripting/monoscript/fileName/ColorSlider.cs: a91d06b853e0bf2d5df3ea61a67d5c83 -> 
  custom:scripting/monoscript/fileName/IFancyGridViewContext.cs: be7addf49e5950ebb654fec55c2afa8b -> 
  custom:scripting/precompiled-assembly-types:UnityUIExtensions: c0991a7eaf90618746e467e9e018bd04 -> 
  custom:scripting/monoscript/fileName/CUIGraphic.cs: 4f47fad340418bff51fe6171e2259e7f -> 
  custom:scripting/monoscript/fileName/IFancyCellGroupContext.cs: 323b5f49cc2011b3d2d9088e528ed161 -> 
  custom:scripting/monoscript/fileName/MinMaxSlider.cs: e7d98a511e8b98df33f72f37935821e5 -> 
  custom:scripting/monoscript/fileName/ColorPickerTester.cs: 63b6c03c009a94721b9d41c8d5e5e6ed -> 
========================================================================
Received Prepare
Caller must complete domain reload
Begin MonoManager ReloadAssembly
- Loaded All Assemblies, in  0.575 seconds
Native extension for WindowsStandalone target not found
Native extension for WebGL target not found
Mono: successfully reloaded assembly
- Finished resetting the current domain, in  1.209 seconds
Domain Reload Profiling: 1784ms
	BeginReloadAssembly (171ms)
		ExecutionOrderSort (0ms)
		DisableScriptedObjects (12ms)
		BackupInstance (0ms)
		ReleaseScriptingObjects (0ms)
		CreateAndSetChildDomain (39ms)
	RebuildCommonClasses (46ms)
	RebuildNativeTypeToScriptingClass (13ms)
	initialDomainReloadingComplete (31ms)
	LoadAllAssembliesAndSetupDomain (313ms)
		LoadAssemblies (370ms)
		RebuildTransferFunctionScriptingTraits (0ms)
		AnalyzeDomain (34ms)
			TypeCache.Refresh (9ms)
				TypeCache.ScanAssembly (0ms)
			ScanForSourceGeneratedMonoScriptInfo (13ms)
			ResolveRequiredComponents (10ms)
	FinalizeReload (1210ms)
		ReleaseScriptCaches (0ms)
		RebuildScriptCaches (0ms)
		SetupLoadedEditorAssemblies (498ms)
			LogAssemblyErrors (0ms)
			InitializePlatformSupportModulesInManaged (7ms)
			SetLoadedEditorAssemblies (8ms)
			RefreshPlugins (0ms)
			BeforeProcessingInitializeOnLoad (85ms)
			ProcessInitializeOnLoadAttributes (355ms)
			ProcessInitializeOnLoadMethodAttributes (40ms)
			AfterProcessingInitializeOnLoad (3ms)
			EditorAssembliesLoaded (1ms)
		ExecutionOrderSort2 (0ms)
		AwakeInstancesAfterBackupRestoration (18ms)
Refreshing native plugins compatible for Editor in 9.88 ms, found 7 plugins.
Preloading 0 native plugins for Editor in 0.00 ms.
Unloading 4457 Unused Serialized files (Serialized files now loaded: 0)
Unloading 44 unused Assets / (0.7 MB). Loaded Objects now: 5336.
Memory consumption went from 158.3 MB to 157.6 MB.
Total: 4.803800 ms (FindLiveObjects: 0.475200 ms CreateObjectMapping: 0.172100 ms MarkObjects: 3.618300 ms  DeleteObjects: 0.536900 ms)

Prepare: number of updated asset objects reloaded= 0
AssetImportParameters requested are different than current active one (requested -> active):
  custom:scripting/monoscript/fileName/CardStack2D.cs: 52f7ac406c04f320c1cc31b32fc945ec -> 
  custom:scripting/monoscript/fileName/UILineRendererFIFO.cs: 1a840d7d842445f62c20beee85a5bbc5 -> 
  custom:scripting/monoscript/fileName/FlowLayoutGroup.cs: 4f8c51e99186127173631d5ea0b848a8 -> 
  custom:scripting/monoscript/fileName/UIParticleSystem.cs: 6cef203566a0c9333597e4e233613614 -> 
  custom:scripting/monoscript/fileName/UILineRenderer.cs: 673f1b621ab4781ac78770b1b3c45207 -> 
  custom:scripting/monoscript/fileName/TableLayoutGroup.cs: 9697d88a99d4c91003d206b86eed3a61 -> 
  custom:scripting/monoscript/fileName/Segment.cs: 823b994f6bbb6e32f73e9807948df6b3 -> 
  custom:container-demuxer-ogg: 62fdf1f143b41e24485cea50d1cbac27 -> 
  custom:scripting/monoscript/fileName/SelectionBox.cs: 9eabc2822607d24d284c5c0d720d4a01 -> 
  custom:scripting/monoscript/fileName/ReorderableListContent.cs: a630238339e5f198f723ac29a2329f6d -> 
  custom:scripting/monoscript/fileName/Menu.cs: d0a2652908e797d4064ef9b772450cc8 -> 
  custom:scripting/monoscript/fileName/SetPropertyUtility.cs: 02aade692758e5563210cc05829e9851 -> f604b4b9e6b0979bdfc1e2b40426dd19
  custom:scripting/monoscript/fileName/HSVUtil.cs: 2f204c7a89b046fae714aadbcda42851 -> 
  custom:scripting/monoscript/fileName/FancyCellGroup.cs: 90647cc400823b41df847a6cbfc29026 -> 
  custom:scripting/monoscript/fileName/RescaleDragPanel.cs: 428e5a10a21f2d3fc3805557487d591e -> 
  custom:scripting/monoscript/fileName/ExtensionsToggleGroup.cs: 93967f93faef61aecdca9232fa42b062 -> 
  custom:scripting/monoscript/fileName/ResizePanel.cs: 0a2d1269c62cba913a254b515f8b6020 -> 
  custom:scripting/monoscript/fileName/Circle.cs: cfc2369c92dd039be7c3f572f769fdcf -> 
  custom:scripting/monoscript/fileName/ShaderLibrary.cs: 7a09676978959734a6827051c965f749 -> 
  custom:scripting/monoscript/fileName/CurvedText.cs: c86aabacdca275700720e919fc8a8b52 -> 
  custom:scripting/monoscript/fileName/FancyScrollRectCell.cs: 0cdf409b5aa8d4c25876d72b5c6a3b60 -> 
  custom:scripting/monoscript/fileName/Gradient.cs: a4c2a5a25440c543cd82653fda832632 -> 
  custom:scripting/monoscript/fileName/ScrollSnapBase.cs: 3682088473625968e7b4647a6b4213f6 -> 
  custom:scripting/monoscript/fileName/CUIText.cs: 0be1a405bc9388e4813a74aad6018bec -> 
  custom:scripting/monoscript/fileName/BoundTooltipTrigger.cs: e78e2ee612ba85e075ab794a5cb95e73 -> 
  custom:scripting/monoscript/fileName/UIHighlightable.cs: fd305ad78204cb75a66ce809c3f50e6a -> 
  custom:video-codec-MediaFoundation-h265: 746d11721c4dcdbdad8f713fa42b33f4 -> 
  custom:scripting/monoscript/fileName/UIExtensionsInputManager.cs: 6f468ddae971c3bcce0288549c1beabd -> 
  custom:scripting/monoscript/fileName/Gradient2.cs: 9c1fd6257924e43a80b8fccb859d3828 -> 
  custom:scripting/monoscript/fileName/CooldownButton.cs: 72bd21b90ac71f29908a36179176f8fc -> 
  custom:video-decoder-ogg-theora: a1e56fd34408186e4bbccfd4996cb3dc -> 
  custom:scripting/monoscript/fileName/TileSizeFitter.cs: ba6326e335b6f177a627b992c444832c -> 
  custom:scripting/monoscript/fileName/SelectableScaler.cs: 3ebe175d64b38a572f8dbe8fd345f0c3 -> 
  custom:scripting/monoscript/fileName/AccordionElementEditor.cs: db5ee9b2cff22578a12a4d141614d665 -> 
  custom:scripting/monoscript/fileName/ExtensionsToggle.cs: e0b44aa7e1ff973d74b4857a34a48879 -> 
  custom:scripting/monoscript/fileName/ReorderableListElement.cs: 788a31431a1c95dc9a9a52767f8e812f -> 
  custom:scripting/monoscript/fileName/ShineEffector.cs: 52ed4eb6c7ed8f674a18d2a4db6eba86 -> 
  custom:scripting/monoscript/fileName/UISelectableExtension.cs: b6766007d8a2236e23d4749da2d8cdd2 -> 
  custom:framework-win-MediaFoundation: 216162199b28c13a410421893ffa2e32 -> 
  custom:scripting/monoscript/fileName/UISoftAdditiveEffect.cs: 30a825933c907dec19605ff2f58a292f -> 
  custom:scripting/monoscript/fileName/HexColorField.cs: 425eeca1ce4159bc649962b2337061a4 -> 
  custom:scripting/monoscript/fileName/ColorPickerControl.cs: 97231f899ae243cc634f34e048c22095 -> 
  custom:scripting/monoscript/fileName/ReorderableListDebug.cs: 51cf5a188c464deb681bea16cb795b61 -> 
  custom:scripting/monoscript/fileName/TextPic.cs: 9dbd7bc654cbf19eee33ac6fc452bfb1 -> 
  custom:scripting/monoscript/fileName/CUIImage.cs: 41f29f650aa507f802cd9793d91f3211 -> 
  custom:scripting/monoscript/fileName/DropDownListButton.cs: 71d533f2602e0e099d09a556ef8e4414 -> 
  custom:scripting/monoscript/fileName/ScrollSnap.cs: c5ae67ed5cc8c0ab1f7496803acc2648 -> 
  custom:scripting/monoscript/fileName/TextPicIconListCopier.cs: a564a2a474c019b98650cff2383ccfca -> 
  custom:scripting/monoscript/fileName/UICornerCut.cs: 69b0dfb485aa2b1afa65fcf30028125b -> 
  custom:scripting/monoscript/fileName/ScrollerEditor.cs: 478519b80ad2bc62d4a4b80ae078e694 -> 
  custom:scripting/monoscript/fileName/IBoxSelectable.cs: a5bf39a694cf2b84c65e7bec998d4941 -> 
  custom:scripting/monoscript/fileName/TiltWindow.cs: 7c3356d1b5bc9c6e9fe98345b0be7c30 -> 
  custom:scripting/monoscript/fileName/ExtensionMethods.cs: 943bd8dac5ce9467ce7deb0856dc6b0a -> 
  custom:scripting/monoscript/fileName/ComboBox.cs: a6ca48dde827ff07a9093f3624d58e62 -> 
  custom:scripting/monoscript/fileName/ScrollRectLinker.cs: 0316116e17d192ca2ef7c97539dff50f -> 
  custom:scripting/monoscript/fileName/SVBoxSlider.cs: 1d22c9c16d63e1cf38ad19bbcec9a0da -> 
  custom:scripting/monoscript/fileName/VerticalScrollSnap.cs: a7ebcf1fac8331e70ee01e540cbe484b -> 
  custom:scripting/monoscript/fileName/UILineConnector.cs: ea5f69a32957fe35ae7b512ef3f758ef -> 
  custom:scripting/monoscript/fileName/UIScreenEffect.cs: c36542c529d1f733362556ab22c18bf9 -> 
  custom:scripting/monoscript/fileName/SoftMaskScript.cs: 867049fb2647c9983fb1391409f93d30 -> 
  custom:scripting/monoscript/fileName/DiamondGraph.cs: a01b647a54847840428a395cc0d6fc16 -> 
  custom:scripting/monoscript/fileName/ScrollRectEx.cs: 3f6a881a34055e182fee3ab0baaee0c3 -> 
  custom:scripting/monoscript/fileName/UIGridRenderer.cs: 04c0062f4b7cdd6963fdba9ae03d9c72 -> 
  custom:scripting/monoscript/fileName/NicerOutline.cs: 571a7c7c4af4ebadc9fed23f0c3b0b46 -> 
  custom:CustomObjectIndexerAttribute: 9a22284fe3817be447336de3de66b15e -> 
  custom:scripting/monoscript/fileName/ScrollRectExtensions.cs: c76cb840404ffa9bc24248639e9da4ee -> 
  custom:scripting/monoscript/fileName/FancyGridViewContext.cs: 8738476657d4a33c34bc82bed7ce8bc9 -> 
  custom:scripting/monoscript/fileName/MinMaxValues.cs: 4aa11a61e640749f4ea5f947f86be5ba -> 
  custom:scripting/monoscript/fileName/CardExpanding3D.cs: d8b2b9924677ad2b445b05edbed7f0e3 -> 
  custom:scripting/monoscript/fileName/MinMaxSliderEditor.cs: e0496a7f76fc8934af2a763a7289ad36 -> 
  custom:scripting/monoscript/fileName/StepperSide.cs: 34d9a35c8c2622f327b140f18a7398a7 -> 
  custom:scripting/monoscript/fileName/CUIGraphicEditor.cs: a618262d3e77d462c5a0cd2e608e8a53 -> 
  custom:scripting/monoscript/fileName/DropDownList.cs: 3d51ab81e9571c9027b59874b2c78567 -> 
  custom:scripting/monoscript/fileName/ITweenValue.cs: 1d0eaa4b435fa135e18af6b5fa57e92e -> 
  custom:container-demuxer-webm: 4f35f7cbe854078d1ac9338744f61a02 -> 
  custom:scripting/monoscript/fileName/CardExpanding2D.cs: e0950b450275cb3936a581f286a6b471 -> 
  custom:scripting/monoscript/fileName/ResetSelectableHighlight.cs: 3ea63487fd77e7b22731770a86b4f8b9 -> 
  custom:scripting/monoscript/fileName/UIScrollToSelection.cs: d89fc8e36bdc19715e3104a5f857d175 -> 
  custom:scripting/monoscript/fileName/IScrollSnap.cs: 80b4110dac6695d630b8e7501d8e5aa8 -> 
  custom:scripting/monoscript/fileName/SegmentedControl.cs: 3a6e53207de58cf304ab520e0638e2df -> 
  custom:scripting/monoscript/fileName/ColorSampler.cs: 617678b91f4adc7b3146f51bed3fc4b1 -> 
  custom:scripting/monoscript/fileName/TabNavigationHelper.cs: 43f45dc623750048d2fbac24931c8ac8 -> 
  custom:scripting/monoscript/fileName/AutoCompleteComboBox.cs: 6e2e6cf33d4f5ca4ad3c05ff8f254467 -> 
  custom:scripting/monoscript/fileName/TextPicEditor.cs: c23216fe996c314d4c496ad837485981 -> 
  custom:scripting/monoscript/fileName/CUIMisc.cs: bc26c7f132f5cd28304cbc88070ca4dc -> 
  custom:scripting/monoscript/fileName/UIAdditiveEffect.cs: 50386f7d7d76f5c5e155dbf56c5e5fdd -> 
  custom:scripting/monoscript/fileName/MonoSpacing.cs: 45ba6bf376dd125375a8906a7d8b8b4b -> 
  custom:scripting/monoscript/fileName/FloatTween.cs: c51b551f6abec506d0db9945f7aa25cc -> 
  custom:scripting/monoscript/fileName/BoxSlider.cs: 662335e935a62641f6cb14e99e25e994 -> 
  custom:scripting/monoscript/fileName/BezierLineRendererEditor.cs: 2a50098be424d999e43b888ace13278c -> 
  custom:scripting/monoscript/fileName/NonDrawingGraphic.cs: a309796f6d67e4c1c110ec62b4572b4e -> 
  custom:scripting/monoscript/fileName/ScrollPositionController.cs: 30c392a65a277a4a74b1a6f1a3417601 -> 
  custom:scripting/monoscript/fileName/ContentScrollSnapHorizontal.cs: cb0bf043572062ce08b48904f46c98c8 -> 
  custom:scripting/monoscript/fileName/Triangulator.cs: 4ee9f09ca55767568ee94c9eaaed7244 -> d867a9a7a8385ef82ff357feb70c59d4
  custom:scripting/monoscript/fileName/UIImageCrop.cs: 1ec5d1f18ccf3bbe8ea319cda00ecfbc -> 
  custom:scripting/monoscript/fileName/BoxSliderEditor.cs: 9c680a5a338924fb176605eed0f68a75 -> 
  custom:scripting/monoscript/fileName/FancyScrollView.cs: c5f9c64ec4b4e183b17919204bc381a9 -> 
  custom:scripting/monoscript/fileName/BezierPath.cs: 90cbb6f823f7a03c69c93b3e1653c45e -> 
  custom:scripting/monoscript/fileName/SuperellipsePoints.cs: db2a1c9698f2dea478e1d6bfece554ae -> 
  custom:scripting/monoscript/fileName/UI_Knob.cs: 00244fb2be3e9e1f5ec3a07f175066a9 -> 
  custom:container-muxer-webm: aa71ff27fc2769a1b78a27578f13a17b -> 
  custom:scripting/monoscript/fileName/RaycastMask.cs: b13971e6a124c25b886c6703ae2aab24 -> 
  custom:scripting/monoscript/fileName/MultiTouchScrollRect.cs: 3a778993ea01435b2502c14ea2b2ff98 -> 
  custom:video-decoder-webm-vp8: 9c59270c3fd7afecdb556c50c9e8de78 -> 
  custom:scripting/monoscript/fileName/InputFieldEnterSubmit.cs: cdd5149b8afb8dc59ad57cc53ad8fb3b -> 
  custom:scripting/monoscript/fileName/ExampleSelectable.cs: 8dc7a8cd606154e7d10bb507e235c1f8 -> 
  custom:scripting/monoscript/fileName/uGUITools.cs: aa32797d8a9cdcd2167b6be114b0d5ec -> 
  custom:scripting/monoscript/fileName/UILinearDodgeEffect.cs: f5508d2f3f6addba614d4c08275f4546 -> 
  custom:SearchIndexIgnoredProperties: e643bd26f0fe6173181afceb89e7c659 -> 
  custom:scripting/monoscript/fileName/EasingCore.cs: 0bad7e894488e9b67256d892a478aab1 -> 
  custom:scripting/monoscript/fileName/Stepper.cs: 3ee1a56034750815f9c567b6c54fbbb8 -> 
  custom:scripting/monoscript/fileName/UIPrimitiveBase.cs: 80a945e915822efd5c887ee28f76aa9f -> 
  custom:AudioImporter_EditorPlatform: d09bf68614088b80899f8185d706f6e7 -> 
  custom:scripting/monoscript/fileName/LetterSpacing.cs: c4f4c504ac9c0b708c438c8a0faf6a96 -> 
  custom:scripting/monoscript/fileName/UISquircle.cs: faaa67841792f2c90a13db82841ac6e3 -> 
  custom:scripting/monoscript/fileName/RangeSlider.cs: 026cea0882c5bbc90f7cedc5111cfeb2 -> 
  custom:scripting/monoscript/fileName/UIExtensionMethods.cs: 2621bff24acfb4ddb3b264b7553588d8 -> 
  custom:scripting/monoscript/fileName/UIVerticalScroller.cs: 3532ae0d4ba5f6e2c310cfec2c655a8c -> 
  custom:scripting/monoscript/fileName/FiltersPanel.cs: 5dbe4ca523d219ec24889a3783d94d4d -> 
  custom:scripting/monoscript/fileName/ColorLabel.cs: 9a2d62e5e8f65400e4abc881023f36f7 -> 
  custom:scripting/monoscript/fileName/TooltipTrigger.cs: 546a7d73bc42b9e6f1fd03a7e07d7f29 -> 
  custom:scripting/monoscript/fileName/UIMultiplyEffect.cs: 29b6f1f4d98d9b61292d829c0030af4b -> 
  custom:scripting/monoscript/fileName/CardPopup2D.cs: ac929914b8675b3ff1238ddb1cc99789 -> 
  custom:scripting/monoscript/fileName/ScrollSnapScrollbarHelper.cs: d6b043fd7048156ea2ef4da9da4a0a51 -> 
  custom:scripting/monoscript/fileName/HoverTooltip.cs: abdf0400bdf15bb8fdc0bc4d5ecc993f -> 
  custom:scripting/monoscript/fileName/ColorImage.cs: 87dea3e9bf43c94e295d4fa411046c66 -> 
  custom:scripting/monoscript/fileName/FancyScrollRectContext.cs: 9e5d4d8665c04a1190a3fc52908244b0 -> 
  custom:scripting/monoscript/fileName/TextPicIconEditor.cs: 1f41560011fcb93d03be374d10238c0c -> 
  custom:scripting/monoscript/fileName/UI_InfiniteScroll.cs: f7518bdb5ccbb5518282b9c860eef985 -> 
  custom:scripting/monoscript/fileName/UIExtensionsMenuOptions.cs: 25d3bc76bdcc7be45d732e8f064ec6a7 -> 
  custom:scripting/monoscript/fileName/ReadOnlyAttribute.cs: 604ae8fbc27d6402b88ac08f1987318f -> 
  custom:scripting/monoscript/fileName/UICircle.cs: e40253d6117a9fbea82cc285a7e8a36e -> 
  custom:scripting/monoscript/fileName/UIScrollToSelectionXY.cs: 8145d21a6ef6f8610242d2ba291595b9 -> 
  custom:scripting/monoscript/fileName/CUITextEditor.cs: 966cced0a631446b9484c2fe777a7f5b -> 
  custom:scripting/precompiled-assembly-types:UnityUIExtensions.editor: e002030e6fc012878af160bb334541ad -> 
  custom:scripting/monoscript/fileName/TweenRunner.cs: 90647cc400823b41df847a6cbfc29026 -> 
  custom:scripting/monoscript/fileName/UIHorizontalScroller.cs: 758f016ad67e22eff0f26468f408f006 -> 
  custom:scripting/monoscript/fileName/ReturnKeyTriggersButton.cs: 622f27a1a5fce3f8fe14f0fe6c6b39b5 -> 
  custom:scripting/monoscript/fileName/FancyGridViewCell.cs: 0cdf409b5aa8d4c25876d72b5c6a3b60 -> 
  custom:scripting/monoscript/fileName/Scroller.cs: 94938ad1cd7c20206a0339e3bd7f3330 -> 
  custom:scripting/monoscript/fileName/CylinderText.cs: 86c073c10ed890f8e108be86fb350e35 -> 
  custom:scripting/monoscript/fileName/ColorPickerPresets.cs: d20309ac183a87fd46c2e0a03ba5bdef -> 
  custom:scripting/monoscript/fileName/RadialSlider.cs: 24542b53b379116a4f98bb53a64e13b8 -> 
  custom:scripting/monoscript/fileName/PPIViewer.cs: 5269fbe050022d597b2ceba1b1d4cbae -> 
  custom:scripting/monoscript/fileName/InputFocus.cs: 6a5a3b184038cb5e7dbe4882c96bc91b -> 
  custom:scripting/monoscript/fileName/CUIBezierCurve.cs: 32214df0cb137de9f4967269deffb6f3 -> 
  custom:scripting/monoscript/fileName/DropDownListItem.cs: 91c61fd79335f34fb81e114553bf8888 -> 
  custom:scripting/monoscript/fileName/UIFlippable.cs: 9c843e180ea4b6afe9c1ba071336e124 -> 
  custom:scripting/monoscript/fileName/CanvasGroupActivator.cs: f743e9c6e47b0eb8c0b7b2fbf9f7de19 -> 
  custom:scripting/monoscript/fileName/UIWindowBase.cs: 776e605614a77fffd4e0147c8e684e94 -> 
  custom:video-encoder-webm-vp8: eb34c28f22e8b96e1ab97ce403110664 -> 
  custom:scripting/monoscript/fileName/ScrollPositionControllerEditor.cs: fb86570a90d8d5b779234b7f103e1b51 -> 
  custom:scripting/monoscript/fileName/CurvedLayout.cs: 46917779e317aa4a214ea430689de312 -> 
  custom:scripting/monoscript/fileName/ScrollConflictManager.cs: 1a474b2432b80a8b7211f13c79bb991c -> 
  custom:scripting/monoscript/fileName/ReadOnlyDrawer.cs: 1c0aa6472b8e40c24f66a5805d818994 -> 
  custom:audio-decoder-ogg-vorbis: bf7c407c2cedff20999df2af8eb42d56 -> 
  custom:scripting/monoscript/fileName/FancyGridView.cs: 849ed7f5b11c9db237ef61b01c5a5104 -> 
  custom:scripting/monoscript/fileName/CableCurve.cs: 1ed0592bfc80d3ca3db7b55e9a6e9d9a -> 
  custom:scripting/monoscript/fileName/PaginationManager.cs: b5c7a38e1c9bde92ca052679632bc9f1 -> 
  custom:scripting/monoscript/fileName/UILineTextureRenderer.cs: f3042185c83712ad42b2d6694b56f8d3 -> 
  custom:scripting/monoscript/fileName/MenuManager.cs: 8e71de17d45faf11b5ca3e63d3867170 -> 
  custom:scripting/monoscript/fileName/ColorPickerPresetsEditor.cs: 57bebb34d006d8305e8cd353ea00f28b -> 
  custom:scripting/monoscript/fileName/UI_MagneticInfiniteScroll.cs: 7f0db092e1c52c826e7ccbefe21fe7ce -> 
  custom:scripting/monoscript/fileName/ToolTip.cs: 2f05f936126a769ca9a98ef6920928a7 -> 
  custom:scripting/monoscript/fileName/TextPicRenameEditor.cs: b67a1588d964fe3ac177da9872e96689 -> 
  custom:scripting/monoscript/fileName/TestCompression.cs: 2a18178f72c1b3979b9006483863f20e -> 
  custom:scripting/monoscript/fileName/IFancyScrollRectContext.cs: 9c4dee0aef526d67eb0a668a1c9b910a -> 
  custom:scripting/monoscript/fileName/ColorChangedEvent.cs: bafb161b451089e6c72bcae877e0ba66 -> 
  custom:scripting/monoscript/fileName/BestFitOutline.cs: 2ec1c68346f5b721e3d92092cd60b278 -> 
  custom:scripting/monoscript/fileName/NonDrawingGraphicEditor.cs: 1e7abd1e1a4d3da38de70c6d38c19118 -> 
  custom:scripting/monoscript/fileName/HSVChangedEvent.cs: 8a0d7f505f4db7e267a03264293f54eb -> 
  custom:scripting/monoscript/fileName/CUIImageEditor.cs: 0be5a4365a8d65680f88c4d192e5254c -> 
  custom:scripting/monoscript/fileName/HorizontalScrollSnap.cs: 624447835d67a70d90ed2b7f69117316 -> 
  custom:scripting/monoscript/fileName/UI_TweenScale.cs: 50a18c41daf615d82dc37ef0e9dcea31 -> 
  custom:scripting/monoscript/fileName/BoundTooltipItem.cs: 12dc26af634677e40fd7840809357e6c -> 
  custom:scripting/monoscript/fileName/AccordionElement.cs: 69f1a7e537099cc57de9b6eaa86cef32 -> 
  custom:scripting/monoscript/fileName/UI_ScrollRectOcclusion.cs: 491f1c2592ac821eb8de9e533fddd4a9 -> 
  custom:scripting/monoscript/fileName/CUIBezierCurveEditor.cs: be4462c6de2387d5f99ef9d0e93b91ee -> 
  custom:scripting/monoscript/fileName/ColorSliderImage.cs: bbcbfbf23dc2f9fc5450db8f36b24487 -> 
  custom:scripting/monoscript/fileName/Accordion.cs: c31898dc7ffd6f7b32be5689419229bc -> 
  custom:scripting/monoscript/fileName/FancyCell.cs: 0cdf409b5aa8d4c25876d72b5c6a3b60 -> 
  custom:scripting/monoscript/fileName/ShineEffect.cs: 61d233269c4ea687efa548adef5d6e13 -> 
  custom:audio-encoder-webm-vorbis: bf7c407c2cedff20999df2af8eb42d56 -> 
  custom:scripting/monoscript/fileName/ScrollRectTweener.cs: 3437a8fb18bed84a45865e36e83e332f -> 
  custom:scripting/monoscript/fileName/MeshCreator.cs: a2506ad04bac2e5a6d6d50e0d7978d92 -> 
  custom:scripting/monoscript/fileName/UIPolygon.cs: ef7b3e02606f58c56a27e65db10bc7f3 -> 
  custom:scripting/monoscript/fileName/switchToRectTransform.cs: 0ef297259b7f2ab26defc1d718ad1e0a -> 
  custom:scripting/monoscript/fileName/UILineRendererList.cs: efbf4ff76c31aa3e4f61c8b26734d929 -> 
  custom:scripting/monoscript/fileName/CLZF2.cs: 40ef7bf6191a1a5e5b0f37e092e1b271 -> 
  custom:scripting/monoscript/fileName/SimpleMenu.cs: 90647cc400823b41df847a6cbfc29026 -> 
  custom:scripting/monoscript/fileName/RescalePanel.cs: a379a55181438e3b7a29019da8a3c82c -> 
  custom:scripting/monoscript/fileName/DragCorrector.cs: 89ab4a0369eecb75be2277a80a08c1e7 -> 
  custom:scripting/monoscript/fileName/RangeSliderEditor.cs: 1c09cdb4e75bc10f834bbae9a7b54e1e -> 
  custom:scripting/monoscript/fileName/FancyScrollRect.cs: 0cdf409b5aa8d4c25876d72b5c6a3b60 -> 
  custom:scripting/precompiled-assembly-types:Assembly-CSharp: 9d98c5210357a57051bc817a849226c0 -> d9898b08f7aa15a36c94fc52d0b7440b
  custom:scripting/monoscript/fileName/ReorderableList.cs: 944c8e214787d07461c711b29546f976 -> 
  custom:scripting/monoscript/fileName/RadialLayout.cs: 170f31c5fdb54a9fe7ba926effdfd7d4 -> 
  custom:scripting/monoscript/fileName/ColorSlider.cs: a91d06b853e0bf2d5df3ea61a67d5c83 -> 
  custom:scripting/monoscript/fileName/IFancyGridViewContext.cs: be7addf49e5950ebb654fec55c2afa8b -> 
  custom:scripting/precompiled-assembly-types:UnityUIExtensions: c0991a7eaf90618746e467e9e018bd04 -> 
  custom:scripting/monoscript/fileName/CUIGraphic.cs: 4f47fad340418bff51fe6171e2259e7f -> 
  custom:scripting/monoscript/fileName/IFancyCellGroupContext.cs: 323b5f49cc2011b3d2d9088e528ed161 -> 
  custom:scripting/monoscript/fileName/MinMaxSlider.cs: e7d98a511e8b98df33f72f37935821e5 -> 
  custom:scripting/monoscript/fileName/ColorPickerTester.cs: 63b6c03c009a94721b9d41c8d5e5e6ed -> 
========================================================================
Received Prepare
Caller must complete domain reload
Begin MonoManager ReloadAssembly
- Loaded All Assemblies, in  0.535 seconds
Native extension for WindowsStandalone target not found
Native extension for WebGL target not found
Mono: successfully reloaded assembly
- Finished resetting the current domain, in  1.132 seconds
Domain Reload Profiling: 1667ms
	BeginReloadAssembly (167ms)
		ExecutionOrderSort (0ms)
		DisableScriptedObjects (14ms)
		BackupInstance (0ms)
		ReleaseScriptingObjects (0ms)
		CreateAndSetChildDomain (36ms)
	RebuildCommonClasses (35ms)
	RebuildNativeTypeToScriptingClass (13ms)
	initialDomainReloadingComplete (29ms)
	LoadAllAssembliesAndSetupDomain (291ms)
		LoadAssemblies (340ms)
		RebuildTransferFunctionScriptingTraits (0ms)
		AnalyzeDomain (38ms)
			TypeCache.Refresh (10ms)
				TypeCache.ScanAssembly (0ms)
			ScanForSourceGeneratedMonoScriptInfo (15ms)
			ResolveRequiredComponents (11ms)
	FinalizeReload (1132ms)
		ReleaseScriptCaches (0ms)
		RebuildScriptCaches (0ms)
		SetupLoadedEditorAssemblies (479ms)
			LogAssemblyErrors (0ms)
			InitializePlatformSupportModulesInManaged (9ms)
			SetLoadedEditorAssemblies (6ms)
			RefreshPlugins (0ms)
			BeforeProcessingInitializeOnLoad (82ms)
			ProcessInitializeOnLoadAttributes (347ms)
			ProcessInitializeOnLoadMethodAttributes (32ms)
			AfterProcessingInitializeOnLoad (3ms)
			EditorAssembliesLoaded (0ms)
		ExecutionOrderSort2 (0ms)
		AwakeInstancesAfterBackupRestoration (13ms)
Refreshing native plugins compatible for Editor in 6.79 ms, found 7 plugins.
Preloading 0 native plugins for Editor in 0.00 ms.
Unloading 4457 Unused Serialized files (Serialized files now loaded: 0)
Unloading 44 unused Assets / (0.7 MB). Loaded Objects now: 5340.
Memory consumption went from 158.3 MB to 157.6 MB.
Total: 4.007900 ms (FindLiveObjects: 0.446600 ms CreateObjectMapping: 0.153700 ms MarkObjects: 2.855200 ms  DeleteObjects: 0.550400 ms)

Prepare: number of updated asset objects reloaded= 0
AssetImportParameters requested are different than current active one (requested -> active):
  custom:scripting/monoscript/fileName/CardStack2D.cs: 52f7ac406c04f320c1cc31b32fc945ec -> 
  custom:scripting/monoscript/fileName/UILineRendererFIFO.cs: 1a840d7d842445f62c20beee85a5bbc5 -> 
  custom:scripting/monoscript/fileName/FlowLayoutGroup.cs: 4f8c51e99186127173631d5ea0b848a8 -> 
  custom:scripting/monoscript/fileName/UIParticleSystem.cs: 6cef203566a0c9333597e4e233613614 -> 
  custom:scripting/monoscript/fileName/UILineRenderer.cs: 673f1b621ab4781ac78770b1b3c45207 -> 
  custom:scripting/monoscript/fileName/TableLayoutGroup.cs: 9697d88a99d4c91003d206b86eed3a61 -> 
  custom:scripting/monoscript/fileName/Segment.cs: 823b994f6bbb6e32f73e9807948df6b3 -> 
  custom:container-demuxer-ogg: 62fdf1f143b41e24485cea50d1cbac27 -> 
  custom:scripting/monoscript/fileName/SelectionBox.cs: 9eabc2822607d24d284c5c0d720d4a01 -> 
  custom:scripting/monoscript/fileName/ReorderableListContent.cs: a630238339e5f198f723ac29a2329f6d -> 
  custom:scripting/monoscript/fileName/Menu.cs: d0a2652908e797d4064ef9b772450cc8 -> 
  custom:scripting/monoscript/fileName/SetPropertyUtility.cs: 02aade692758e5563210cc05829e9851 -> f604b4b9e6b0979bdfc1e2b40426dd19
  custom:scripting/monoscript/fileName/HSVUtil.cs: 2f204c7a89b046fae714aadbcda42851 -> 
  custom:scripting/monoscript/fileName/FancyCellGroup.cs: 90647cc400823b41df847a6cbfc29026 -> 
  custom:scripting/monoscript/fileName/RescaleDragPanel.cs: 428e5a10a21f2d3fc3805557487d591e -> 
  custom:scripting/monoscript/fileName/ExtensionsToggleGroup.cs: 93967f93faef61aecdca9232fa42b062 -> 
  custom:scripting/monoscript/fileName/ResizePanel.cs: 0a2d1269c62cba913a254b515f8b6020 -> 
  custom:scripting/monoscript/fileName/Circle.cs: cfc2369c92dd039be7c3f572f769fdcf -> 
  custom:scripting/monoscript/fileName/ShaderLibrary.cs: 7a09676978959734a6827051c965f749 -> 
  custom:scripting/monoscript/fileName/CurvedText.cs: c86aabacdca275700720e919fc8a8b52 -> 
  custom:scripting/monoscript/fileName/FancyScrollRectCell.cs: 0cdf409b5aa8d4c25876d72b5c6a3b60 -> 
  custom:scripting/monoscript/fileName/Gradient.cs: a4c2a5a25440c543cd82653fda832632 -> 
  custom:scripting/monoscript/fileName/ScrollSnapBase.cs: 3682088473625968e7b4647a6b4213f6 -> 
  custom:scripting/monoscript/fileName/CUIText.cs: 0be1a405bc9388e4813a74aad6018bec -> 
  custom:scripting/monoscript/fileName/BoundTooltipTrigger.cs: e78e2ee612ba85e075ab794a5cb95e73 -> 
  custom:scripting/monoscript/fileName/UIHighlightable.cs: fd305ad78204cb75a66ce809c3f50e6a -> 
  custom:video-codec-MediaFoundation-h265: 746d11721c4dcdbdad8f713fa42b33f4 -> 
  custom:scripting/monoscript/fileName/UIExtensionsInputManager.cs: 6f468ddae971c3bcce0288549c1beabd -> 
  custom:scripting/monoscript/fileName/Gradient2.cs: 9c1fd6257924e43a80b8fccb859d3828 -> 
  custom:scripting/monoscript/fileName/CooldownButton.cs: 72bd21b90ac71f29908a36179176f8fc -> 
  custom:video-decoder-ogg-theora: a1e56fd34408186e4bbccfd4996cb3dc -> 
  custom:scripting/monoscript/fileName/TileSizeFitter.cs: ba6326e335b6f177a627b992c444832c -> 
  custom:scripting/monoscript/fileName/SelectableScaler.cs: 3ebe175d64b38a572f8dbe8fd345f0c3 -> 
  custom:scripting/monoscript/fileName/AccordionElementEditor.cs: db5ee9b2cff22578a12a4d141614d665 -> 
  custom:scripting/monoscript/fileName/ExtensionsToggle.cs: e0b44aa7e1ff973d74b4857a34a48879 -> 
  custom:scripting/monoscript/fileName/ReorderableListElement.cs: 788a31431a1c95dc9a9a52767f8e812f -> 
  custom:scripting/monoscript/fileName/ShineEffector.cs: 52ed4eb6c7ed8f674a18d2a4db6eba86 -> 
  custom:scripting/monoscript/fileName/UISelectableExtension.cs: b6766007d8a2236e23d4749da2d8cdd2 -> 
  custom:framework-win-MediaFoundation: 216162199b28c13a410421893ffa2e32 -> 
  custom:scripting/monoscript/fileName/UISoftAdditiveEffect.cs: 30a825933c907dec19605ff2f58a292f -> 
  custom:scripting/monoscript/fileName/HexColorField.cs: 425eeca1ce4159bc649962b2337061a4 -> 
  custom:scripting/monoscript/fileName/ColorPickerControl.cs: 97231f899ae243cc634f34e048c22095 -> 
  custom:scripting/monoscript/fileName/ReorderableListDebug.cs: 51cf5a188c464deb681bea16cb795b61 -> 
  custom:scripting/monoscript/fileName/TextPic.cs: 9dbd7bc654cbf19eee33ac6fc452bfb1 -> 
  custom:scripting/monoscript/fileName/CUIImage.cs: 41f29f650aa507f802cd9793d91f3211 -> 
  custom:scripting/monoscript/fileName/DropDownListButton.cs: 71d533f2602e0e099d09a556ef8e4414 -> 
  custom:scripting/monoscript/fileName/ScrollSnap.cs: c5ae67ed5cc8c0ab1f7496803acc2648 -> 
  custom:scripting/monoscript/fileName/TextPicIconListCopier.cs: a564a2a474c019b98650cff2383ccfca -> 
  custom:scripting/monoscript/fileName/UICornerCut.cs: 69b0dfb485aa2b1afa65fcf30028125b -> 
  custom:scripting/monoscript/fileName/ScrollerEditor.cs: 478519b80ad2bc62d4a4b80ae078e694 -> 
  custom:scripting/monoscript/fileName/IBoxSelectable.cs: a5bf39a694cf2b84c65e7bec998d4941 -> 
  custom:scripting/monoscript/fileName/TiltWindow.cs: 7c3356d1b5bc9c6e9fe98345b0be7c30 -> 
  custom:scripting/monoscript/fileName/ExtensionMethods.cs: 943bd8dac5ce9467ce7deb0856dc6b0a -> 
  custom:scripting/monoscript/fileName/ComboBox.cs: a6ca48dde827ff07a9093f3624d58e62 -> 
  custom:scripting/monoscript/fileName/ScrollRectLinker.cs: 0316116e17d192ca2ef7c97539dff50f -> 
  custom:scripting/monoscript/fileName/SVBoxSlider.cs: 1d22c9c16d63e1cf38ad19bbcec9a0da -> 
  custom:scripting/monoscript/fileName/VerticalScrollSnap.cs: a7ebcf1fac8331e70ee01e540cbe484b -> 
  custom:scripting/monoscript/fileName/UILineConnector.cs: ea5f69a32957fe35ae7b512ef3f758ef -> 
  custom:scripting/monoscript/fileName/UIScreenEffect.cs: c36542c529d1f733362556ab22c18bf9 -> 
  custom:scripting/monoscript/fileName/SoftMaskScript.cs: 867049fb2647c9983fb1391409f93d30 -> 
  custom:scripting/monoscript/fileName/DiamondGraph.cs: a01b647a54847840428a395cc0d6fc16 -> 
  custom:scripting/monoscript/fileName/ScrollRectEx.cs: 3f6a881a34055e182fee3ab0baaee0c3 -> 
  custom:scripting/monoscript/fileName/UIGridRenderer.cs: 04c0062f4b7cdd6963fdba9ae03d9c72 -> 
  custom:scripting/monoscript/fileName/NicerOutline.cs: 571a7c7c4af4ebadc9fed23f0c3b0b46 -> 
  custom:CustomObjectIndexerAttribute: 9a22284fe3817be447336de3de66b15e -> 
  custom:scripting/monoscript/fileName/ScrollRectExtensions.cs: c76cb840404ffa9bc24248639e9da4ee -> 
  custom:scripting/monoscript/fileName/FancyGridViewContext.cs: 8738476657d4a33c34bc82bed7ce8bc9 -> 
  custom:scripting/monoscript/fileName/MinMaxValues.cs: 4aa11a61e640749f4ea5f947f86be5ba -> 
  custom:scripting/monoscript/fileName/CardExpanding3D.cs: d8b2b9924677ad2b445b05edbed7f0e3 -> 
  custom:scripting/monoscript/fileName/MinMaxSliderEditor.cs: e0496a7f76fc8934af2a763a7289ad36 -> 
  custom:scripting/monoscript/fileName/StepperSide.cs: 34d9a35c8c2622f327b140f18a7398a7 -> 
  custom:scripting/monoscript/fileName/CUIGraphicEditor.cs: a618262d3e77d462c5a0cd2e608e8a53 -> 
  custom:scripting/monoscript/fileName/DropDownList.cs: 3d51ab81e9571c9027b59874b2c78567 -> 
  custom:scripting/monoscript/fileName/ITweenValue.cs: 1d0eaa4b435fa135e18af6b5fa57e92e -> 
  custom:container-demuxer-webm: 4f35f7cbe854078d1ac9338744f61a02 -> 
  custom:scripting/monoscript/fileName/CardExpanding2D.cs: e0950b450275cb3936a581f286a6b471 -> 
  custom:scripting/monoscript/fileName/ResetSelectableHighlight.cs: 3ea63487fd77e7b22731770a86b4f8b9 -> 
  custom:scripting/monoscript/fileName/UIScrollToSelection.cs: d89fc8e36bdc19715e3104a5f857d175 -> 
  custom:scripting/monoscript/fileName/IScrollSnap.cs: 80b4110dac6695d630b8e7501d8e5aa8 -> 
  custom:scripting/monoscript/fileName/SegmentedControl.cs: 3a6e53207de58cf304ab520e0638e2df -> 
  custom:scripting/monoscript/fileName/ColorSampler.cs: 617678b91f4adc7b3146f51bed3fc4b1 -> 
  custom:scripting/monoscript/fileName/TabNavigationHelper.cs: 43f45dc623750048d2fbac24931c8ac8 -> 
  custom:scripting/monoscript/fileName/AutoCompleteComboBox.cs: 6e2e6cf33d4f5ca4ad3c05ff8f254467 -> 
  custom:scripting/monoscript/fileName/TextPicEditor.cs: c23216fe996c314d4c496ad837485981 -> 
  custom:scripting/monoscript/fileName/CUIMisc.cs: bc26c7f132f5cd28304cbc88070ca4dc -> 
  custom:scripting/monoscript/fileName/UIAdditiveEffect.cs: 50386f7d7d76f5c5e155dbf56c5e5fdd -> 
  custom:scripting/monoscript/fileName/MonoSpacing.cs: 45ba6bf376dd125375a8906a7d8b8b4b -> 
  custom:scripting/monoscript/fileName/FloatTween.cs: c51b551f6abec506d0db9945f7aa25cc -> 
  custom:scripting/monoscript/fileName/BoxSlider.cs: 662335e935a62641f6cb14e99e25e994 -> 
  custom:scripting/monoscript/fileName/BezierLineRendererEditor.cs: 2a50098be424d999e43b888ace13278c -> 
  custom:scripting/monoscript/fileName/NonDrawingGraphic.cs: a309796f6d67e4c1c110ec62b4572b4e -> 
  custom:scripting/monoscript/fileName/ScrollPositionController.cs: 30c392a65a277a4a74b1a6f1a3417601 -> 
  custom:scripting/monoscript/fileName/ContentScrollSnapHorizontal.cs: cb0bf043572062ce08b48904f46c98c8 -> 
  custom:scripting/monoscript/fileName/Triangulator.cs: 4ee9f09ca55767568ee94c9eaaed7244 -> d867a9a7a8385ef82ff357feb70c59d4
  custom:scripting/monoscript/fileName/UIImageCrop.cs: 1ec5d1f18ccf3bbe8ea319cda00ecfbc -> 
  custom:scripting/monoscript/fileName/BoxSliderEditor.cs: 9c680a5a338924fb176605eed0f68a75 -> 
  custom:scripting/monoscript/fileName/FancyScrollView.cs: c5f9c64ec4b4e183b17919204bc381a9 -> 
  custom:scripting/monoscript/fileName/BezierPath.cs: 90cbb6f823f7a03c69c93b3e1653c45e -> 
  custom:scripting/monoscript/fileName/SuperellipsePoints.cs: db2a1c9698f2dea478e1d6bfece554ae -> 
  custom:scripting/monoscript/fileName/UI_Knob.cs: 00244fb2be3e9e1f5ec3a07f175066a9 -> 
  custom:container-muxer-webm: aa71ff27fc2769a1b78a27578f13a17b -> 
  custom:scripting/monoscript/fileName/RaycastMask.cs: b13971e6a124c25b886c6703ae2aab24 -> 
  custom:scripting/monoscript/fileName/MultiTouchScrollRect.cs: 3a778993ea01435b2502c14ea2b2ff98 -> 
  custom:video-decoder-webm-vp8: 9c59270c3fd7afecdb556c50c9e8de78 -> 
  custom:scripting/monoscript/fileName/InputFieldEnterSubmit.cs: cdd5149b8afb8dc59ad57cc53ad8fb3b -> 
  custom:scripting/monoscript/fileName/ExampleSelectable.cs: 8dc7a8cd606154e7d10bb507e235c1f8 -> 
  custom:scripting/monoscript/fileName/uGUITools.cs: aa32797d8a9cdcd2167b6be114b0d5ec -> 
  custom:scripting/monoscript/fileName/UILinearDodgeEffect.cs: f5508d2f3f6addba614d4c08275f4546 -> 
  custom:SearchIndexIgnoredProperties: e643bd26f0fe6173181afceb89e7c659 -> 
  custom:scripting/monoscript/fileName/EasingCore.cs: 0bad7e894488e9b67256d892a478aab1 -> 
  custom:scripting/monoscript/fileName/Stepper.cs: 3ee1a56034750815f9c567b6c54fbbb8 -> 
  custom:scripting/monoscript/fileName/UIPrimitiveBase.cs: 80a945e915822efd5c887ee28f76aa9f -> 
  custom:AudioImporter_EditorPlatform: d09bf68614088b80899f8185d706f6e7 -> 
  custom:scripting/monoscript/fileName/LetterSpacing.cs: c4f4c504ac9c0b708c438c8a0faf6a96 -> 
  custom:scripting/monoscript/fileName/UISquircle.cs: faaa67841792f2c90a13db82841ac6e3 -> 
  custom:scripting/monoscript/fileName/RangeSlider.cs: 026cea0882c5bbc90f7cedc5111cfeb2 -> 
  custom:scripting/monoscript/fileName/UIExtensionMethods.cs: 2621bff24acfb4ddb3b264b7553588d8 -> 
  custom:scripting/monoscript/fileName/UIVerticalScroller.cs: 3532ae0d4ba5f6e2c310cfec2c655a8c -> 
  custom:scripting/monoscript/fileName/FiltersPanel.cs: 5dbe4ca523d219ec24889a3783d94d4d -> 
  custom:scripting/monoscript/fileName/ColorLabel.cs: 9a2d62e5e8f65400e4abc881023f36f7 -> 
  custom:scripting/monoscript/fileName/TooltipTrigger.cs: 546a7d73bc42b9e6f1fd03a7e07d7f29 -> 
  custom:scripting/monoscript/fileName/UIMultiplyEffect.cs: 29b6f1f4d98d9b61292d829c0030af4b -> 
  custom:scripting/monoscript/fileName/CardPopup2D.cs: ac929914b8675b3ff1238ddb1cc99789 -> 
  custom:scripting/monoscript/fileName/ScrollSnapScrollbarHelper.cs: d6b043fd7048156ea2ef4da9da4a0a51 -> 
  custom:scripting/monoscript/fileName/HoverTooltip.cs: abdf0400bdf15bb8fdc0bc4d5ecc993f -> 
  custom:scripting/monoscript/fileName/ColorImage.cs: 87dea3e9bf43c94e295d4fa411046c66 -> 
  custom:scripting/monoscript/fileName/FancyScrollRectContext.cs: 9e5d4d8665c04a1190a3fc52908244b0 -> 
  custom:scripting/monoscript/fileName/TextPicIconEditor.cs: 1f41560011fcb93d03be374d10238c0c -> 
  custom:scripting/monoscript/fileName/UI_InfiniteScroll.cs: f7518bdb5ccbb5518282b9c860eef985 -> 
  custom:scripting/monoscript/fileName/UIExtensionsMenuOptions.cs: 25d3bc76bdcc7be45d732e8f064ec6a7 -> 
  custom:scripting/monoscript/fileName/ReadOnlyAttribute.cs: 604ae8fbc27d6402b88ac08f1987318f -> 
  custom:scripting/monoscript/fileName/UICircle.cs: e40253d6117a9fbea82cc285a7e8a36e -> 
  custom:scripting/monoscript/fileName/UIScrollToSelectionXY.cs: 8145d21a6ef6f8610242d2ba291595b9 -> 
  custom:scripting/monoscript/fileName/CUITextEditor.cs: 966cced0a631446b9484c2fe777a7f5b -> 
  custom:scripting/precompiled-assembly-types:UnityUIExtensions.editor: e002030e6fc012878af160bb334541ad -> 
  custom:scripting/monoscript/fileName/TweenRunner.cs: 90647cc400823b41df847a6cbfc29026 -> 
  custom:scripting/monoscript/fileName/UIHorizontalScroller.cs: 758f016ad67e22eff0f26468f408f006 -> 
  custom:scripting/monoscript/fileName/ReturnKeyTriggersButton.cs: 622f27a1a5fce3f8fe14f0fe6c6b39b5 -> 
  custom:scripting/monoscript/fileName/FancyGridViewCell.cs: 0cdf409b5aa8d4c25876d72b5c6a3b60 -> 
  custom:scripting/monoscript/fileName/Scroller.cs: 94938ad1cd7c20206a0339e3bd7f3330 -> 
  custom:scripting/monoscript/fileName/CylinderText.cs: 86c073c10ed890f8e108be86fb350e35 -> 
  custom:scripting/monoscript/fileName/ColorPickerPresets.cs: d20309ac183a87fd46c2e0a03ba5bdef -> 
  custom:scripting/monoscript/fileName/RadialSlider.cs: 24542b53b379116a4f98bb53a64e13b8 -> 
  custom:scripting/monoscript/fileName/PPIViewer.cs: 5269fbe050022d597b2ceba1b1d4cbae -> 
  custom:scripting/monoscript/fileName/InputFocus.cs: 6a5a3b184038cb5e7dbe4882c96bc91b -> 
  custom:scripting/monoscript/fileName/CUIBezierCurve.cs: 32214df0cb137de9f4967269deffb6f3 -> 
  custom:scripting/monoscript/fileName/DropDownListItem.cs: 91c61fd79335f34fb81e114553bf8888 -> 
  custom:scripting/monoscript/fileName/UIFlippable.cs: 9c843e180ea4b6afe9c1ba071336e124 -> 
  custom:scripting/monoscript/fileName/CanvasGroupActivator.cs: f743e9c6e47b0eb8c0b7b2fbf9f7de19 -> 
  custom:scripting/monoscript/fileName/UIWindowBase.cs: 776e605614a77fffd4e0147c8e684e94 -> 
  custom:video-encoder-webm-vp8: eb34c28f22e8b96e1ab97ce403110664 -> 
  custom:scripting/monoscript/fileName/ScrollPositionControllerEditor.cs: fb86570a90d8d5b779234b7f103e1b51 -> 
  custom:scripting/monoscript/fileName/CurvedLayout.cs: 46917779e317aa4a214ea430689de312 -> 
  custom:scripting/monoscript/fileName/ScrollConflictManager.cs: 1a474b2432b80a8b7211f13c79bb991c -> 
  custom:scripting/monoscript/fileName/ReadOnlyDrawer.cs: 1c0aa6472b8e40c24f66a5805d818994 -> 
  custom:audio-decoder-ogg-vorbis: bf7c407c2cedff20999df2af8eb42d56 -> 
  custom:scripting/monoscript/fileName/FancyGridView.cs: 849ed7f5b11c9db237ef61b01c5a5104 -> 
  custom:scripting/monoscript/fileName/CableCurve.cs: 1ed0592bfc80d3ca3db7b55e9a6e9d9a -> 
  custom:scripting/monoscript/fileName/PaginationManager.cs: b5c7a38e1c9bde92ca052679632bc9f1 -> 
  custom:scripting/monoscript/fileName/UILineTextureRenderer.cs: f3042185c83712ad42b2d6694b56f8d3 -> 
  custom:scripting/monoscript/fileName/MenuManager.cs: 8e71de17d45faf11b5ca3e63d3867170 -> 
  custom:scripting/monoscript/fileName/ColorPickerPresetsEditor.cs: 57bebb34d006d8305e8cd353ea00f28b -> 
  custom:scripting/monoscript/fileName/UI_MagneticInfiniteScroll.cs: 7f0db092e1c52c826e7ccbefe21fe7ce -> 
  custom:scripting/monoscript/fileName/ToolTip.cs: 2f05f936126a769ca9a98ef6920928a7 -> 
  custom:scripting/monoscript/fileName/TextPicRenameEditor.cs: b67a1588d964fe3ac177da9872e96689 -> 
  custom:scripting/monoscript/fileName/TestCompression.cs: 2a18178f72c1b3979b9006483863f20e -> 
  custom:scripting/monoscript/fileName/IFancyScrollRectContext.cs: 9c4dee0aef526d67eb0a668a1c9b910a -> 
  custom:scripting/monoscript/fileName/ColorChangedEvent.cs: bafb161b451089e6c72bcae877e0ba66 -> 
  custom:scripting/monoscript/fileName/BestFitOutline.cs: 2ec1c68346f5b721e3d92092cd60b278 -> 
  custom:scripting/monoscript/fileName/NonDrawingGraphicEditor.cs: 1e7abd1e1a4d3da38de70c6d38c19118 -> 
  custom:scripting/monoscript/fileName/HSVChangedEvent.cs: 8a0d7f505f4db7e267a03264293f54eb -> 
  custom:scripting/monoscript/fileName/CUIImageEditor.cs: 0be5a4365a8d65680f88c4d192e5254c -> 
  custom:scripting/monoscript/fileName/HorizontalScrollSnap.cs: 624447835d67a70d90ed2b7f69117316 -> 
  custom:scripting/monoscript/fileName/UI_TweenScale.cs: 50a18c41daf615d82dc37ef0e9dcea31 -> 
  custom:scripting/monoscript/fileName/BoundTooltipItem.cs: 12dc26af634677e40fd7840809357e6c -> 
  custom:scripting/monoscript/fileName/AccordionElement.cs: 69f1a7e537099cc57de9b6eaa86cef32 -> 
  custom:scripting/monoscript/fileName/UI_ScrollRectOcclusion.cs: 491f1c2592ac821eb8de9e533fddd4a9 -> 
  custom:scripting/monoscript/fileName/CUIBezierCurveEditor.cs: be4462c6de2387d5f99ef9d0e93b91ee -> 
  custom:scripting/monoscript/fileName/ColorSliderImage.cs: bbcbfbf23dc2f9fc5450db8f36b24487 -> 
  custom:scripting/monoscript/fileName/Accordion.cs: c31898dc7ffd6f7b32be5689419229bc -> 
  custom:scripting/monoscript/fileName/FancyCell.cs: 0cdf409b5aa8d4c25876d72b5c6a3b60 -> 
  custom:scripting/monoscript/fileName/ShineEffect.cs: 61d233269c4ea687efa548adef5d6e13 -> 
  custom:audio-encoder-webm-vorbis: bf7c407c2cedff20999df2af8eb42d56 -> 
  custom:scripting/monoscript/fileName/ScrollRectTweener.cs: 3437a8fb18bed84a45865e36e83e332f -> 
  custom:scripting/monoscript/fileName/MeshCreator.cs: a2506ad04bac2e5a6d6d50e0d7978d92 -> 
  custom:scripting/monoscript/fileName/UIPolygon.cs: ef7b3e02606f58c56a27e65db10bc7f3 -> 
  custom:scripting/monoscript/fileName/switchToRectTransform.cs: 0ef297259b7f2ab26defc1d718ad1e0a -> 
  custom:scripting/monoscript/fileName/UILineRendererList.cs: efbf4ff76c31aa3e4f61c8b26734d929 -> 
  custom:scripting/monoscript/fileName/CLZF2.cs: 40ef7bf6191a1a5e5b0f37e092e1b271 -> 
  custom:scripting/monoscript/fileName/SimpleMenu.cs: 90647cc400823b41df847a6cbfc29026 -> 
  custom:scripting/monoscript/fileName/RescalePanel.cs: a379a55181438e3b7a29019da8a3c82c -> 
  custom:scripting/monoscript/fileName/DragCorrector.cs: 89ab4a0369eecb75be2277a80a08c1e7 -> 
  custom:scripting/monoscript/fileName/RangeSliderEditor.cs: 1c09cdb4e75bc10f834bbae9a7b54e1e -> 
  custom:scripting/monoscript/fileName/FancyScrollRect.cs: 0cdf409b5aa8d4c25876d72b5c6a3b60 -> 
  custom:scripting/precompiled-assembly-types:Assembly-CSharp: 9d98c5210357a57051bc817a849226c0 -> d9898b08f7aa15a36c94fc52d0b7440b
  custom:scripting/monoscript/fileName/ReorderableList.cs: 944c8e214787d07461c711b29546f976 -> 
  custom:scripting/monoscript/fileName/RadialLayout.cs: 170f31c5fdb54a9fe7ba926effdfd7d4 -> 
  custom:scripting/monoscript/fileName/ColorSlider.cs: a91d06b853e0bf2d5df3ea61a67d5c83 -> 
  custom:scripting/monoscript/fileName/IFancyGridViewContext.cs: be7addf49e5950ebb654fec55c2afa8b -> 
  custom:scripting/precompiled-assembly-types:UnityUIExtensions: c0991a7eaf90618746e467e9e018bd04 -> 
  custom:scripting/monoscript/fileName/CUIGraphic.cs: 4f47fad340418bff51fe6171e2259e7f -> 
  custom:scripting/monoscript/fileName/IFancyCellGroupContext.cs: 323b5f49cc2011b3d2d9088e528ed161 -> 
  custom:scripting/monoscript/fileName/MinMaxSlider.cs: e7d98a511e8b98df33f72f37935821e5 -> 
  custom:scripting/monoscript/fileName/ColorPickerTester.cs: 63b6c03c009a94721b9d41c8d5e5e6ed -> 
========================================================================
Received Prepare
Caller must complete domain reload
Begin MonoManager ReloadAssembly
- Loaded All Assemblies, in  0.520 seconds
Native extension for WindowsStandalone target not found
Native extension for WebGL target not found
Mono: successfully reloaded assembly
- Finished resetting the current domain, in  1.090 seconds
Domain Reload Profiling: 1610ms
	BeginReloadAssembly (169ms)
		ExecutionOrderSort (0ms)
		DisableScriptedObjects (12ms)
		BackupInstance (0ms)
		ReleaseScriptingObjects (0ms)
		CreateAndSetChildDomain (38ms)
	RebuildCommonClasses (39ms)
	RebuildNativeTypeToScriptingClass (12ms)
	initialDomainReloadingComplete (28ms)
	LoadAllAssembliesAndSetupDomain (271ms)
		LoadAssemblies (343ms)
		RebuildTransferFunctionScriptingTraits (0ms)
		AnalyzeDomain (18ms)
			TypeCache.Refresh (6ms)
				TypeCache.ScanAssembly (0ms)
			ScanForSourceGeneratedMonoScriptInfo (0ms)
			ResolveRequiredComponents (10ms)
	FinalizeReload (1091ms)
		ReleaseScriptCaches (0ms)
		RebuildScriptCaches (0ms)
		SetupLoadedEditorAssemblies (444ms)
			LogAssemblyErrors (0ms)
			InitializePlatformSupportModulesInManaged (6ms)
			SetLoadedEditorAssemblies (5ms)
			RefreshPlugins (0ms)
			BeforeProcessingInitializeOnLoad (73ms)
			ProcessInitializeOnLoadAttributes (320ms)
			ProcessInitializeOnLoadMethodAttributes (35ms)
			AfterProcessingInitializeOnLoad (3ms)
			EditorAssembliesLoaded (0ms)
		ExecutionOrderSort2 (0ms)
		AwakeInstancesAfterBackupRestoration (16ms)
Refreshing native plugins compatible for Editor in 9.44 ms, found 7 plugins.
Preloading 0 native plugins for Editor in 0.00 ms.
Unloading 4457 Unused Serialized files (Serialized files now loaded: 0)
Unloading 44 unused Assets / (0.7 MB). Loaded Objects now: 5344.
Memory consumption went from 158.3 MB to 157.7 MB.
Total: 4.353300 ms (FindLiveObjects: 0.631100 ms CreateObjectMapping: 0.313800 ms MarkObjects: 2.871300 ms  DeleteObjects: 0.535300 ms)

Prepare: number of updated asset objects reloaded= 0
AssetImportParameters requested are different than current active one (requested -> active):
  custom:scripting/monoscript/fileName/CardStack2D.cs: 52f7ac406c04f320c1cc31b32fc945ec -> 
  custom:scripting/monoscript/fileName/UILineRendererFIFO.cs: 1a840d7d842445f62c20beee85a5bbc5 -> 
  custom:scripting/monoscript/fileName/FlowLayoutGroup.cs: 4f8c51e99186127173631d5ea0b848a8 -> 
  custom:scripting/monoscript/fileName/UIParticleSystem.cs: 6cef203566a0c9333597e4e233613614 -> 
  custom:scripting/monoscript/fileName/UILineRenderer.cs: 673f1b621ab4781ac78770b1b3c45207 -> 
  custom:scripting/monoscript/fileName/TableLayoutGroup.cs: 9697d88a99d4c91003d206b86eed3a61 -> 
  custom:scripting/monoscript/fileName/Segment.cs: 823b994f6bbb6e32f73e9807948df6b3 -> 
  custom:container-demuxer-ogg: 62fdf1f143b41e24485cea50d1cbac27 -> 
  custom:scripting/monoscript/fileName/SelectionBox.cs: 9eabc2822607d24d284c5c0d720d4a01 -> 
  custom:scripting/monoscript/fileName/ReorderableListContent.cs: a630238339e5f198f723ac29a2329f6d -> 
  custom:scripting/monoscript/fileName/Menu.cs: d0a2652908e797d4064ef9b772450cc8 -> 
  custom:scripting/monoscript/fileName/SetPropertyUtility.cs: 02aade692758e5563210cc05829e9851 -> f604b4b9e6b0979bdfc1e2b40426dd19
  custom:scripting/monoscript/fileName/HSVUtil.cs: 2f204c7a89b046fae714aadbcda42851 -> 
  custom:scripting/monoscript/fileName/FancyCellGroup.cs: 90647cc400823b41df847a6cbfc29026 -> 
  custom:scripting/monoscript/fileName/RescaleDragPanel.cs: 428e5a10a21f2d3fc3805557487d591e -> 
  custom:scripting/monoscript/fileName/ExtensionsToggleGroup.cs: 93967f93faef61aecdca9232fa42b062 -> 
  custom:scripting/monoscript/fileName/ResizePanel.cs: 0a2d1269c62cba913a254b515f8b6020 -> 
  custom:scripting/monoscript/fileName/Circle.cs: cfc2369c92dd039be7c3f572f769fdcf -> 
  custom:scripting/monoscript/fileName/ShaderLibrary.cs: 7a09676978959734a6827051c965f749 -> 
  custom:scripting/monoscript/fileName/CurvedText.cs: c86aabacdca275700720e919fc8a8b52 -> 
  custom:scripting/monoscript/fileName/FancyScrollRectCell.cs: 0cdf409b5aa8d4c25876d72b5c6a3b60 -> 
  custom:scripting/monoscript/fileName/Gradient.cs: a4c2a5a25440c543cd82653fda832632 -> 
  custom:scripting/monoscript/fileName/ScrollSnapBase.cs: 3682088473625968e7b4647a6b4213f6 -> 
  custom:scripting/monoscript/fileName/CUIText.cs: 0be1a405bc9388e4813a74aad6018bec -> 
  custom:scripting/monoscript/fileName/BoundTooltipTrigger.cs: e78e2ee612ba85e075ab794a5cb95e73 -> 
  custom:scripting/monoscript/fileName/UIHighlightable.cs: fd305ad78204cb75a66ce809c3f50e6a -> 
  custom:video-codec-MediaFoundation-h265: 746d11721c4dcdbdad8f713fa42b33f4 -> 
  custom:scripting/monoscript/fileName/UIExtensionsInputManager.cs: 6f468ddae971c3bcce0288549c1beabd -> 
  custom:scripting/monoscript/fileName/Gradient2.cs: 9c1fd6257924e43a80b8fccb859d3828 -> 
  custom:scripting/monoscript/fileName/CooldownButton.cs: 72bd21b90ac71f29908a36179176f8fc -> 
  custom:video-decoder-ogg-theora: a1e56fd34408186e4bbccfd4996cb3dc -> 
  custom:scripting/monoscript/fileName/TileSizeFitter.cs: ba6326e335b6f177a627b992c444832c -> 
  custom:scripting/monoscript/fileName/SelectableScaler.cs: 3ebe175d64b38a572f8dbe8fd345f0c3 -> 
  custom:scripting/monoscript/fileName/AccordionElementEditor.cs: db5ee9b2cff22578a12a4d141614d665 -> 
  custom:scripting/monoscript/fileName/ExtensionsToggle.cs: e0b44aa7e1ff973d74b4857a34a48879 -> 
  custom:scripting/monoscript/fileName/ReorderableListElement.cs: 788a31431a1c95dc9a9a52767f8e812f -> 
  custom:scripting/monoscript/fileName/ShineEffector.cs: 52ed4eb6c7ed8f674a18d2a4db6eba86 -> 
  custom:scripting/monoscript/fileName/UISelectableExtension.cs: b6766007d8a2236e23d4749da2d8cdd2 -> 
  custom:framework-win-MediaFoundation: 216162199b28c13a410421893ffa2e32 -> 
  custom:scripting/monoscript/fileName/UISoftAdditiveEffect.cs: 30a825933c907dec19605ff2f58a292f -> 
  custom:scripting/monoscript/fileName/HexColorField.cs: 425eeca1ce4159bc649962b2337061a4 -> 
  custom:scripting/monoscript/fileName/ColorPickerControl.cs: 97231f899ae243cc634f34e048c22095 -> 
  custom:scripting/monoscript/fileName/ReorderableListDebug.cs: 51cf5a188c464deb681bea16cb795b61 -> 
  custom:scripting/monoscript/fileName/TextPic.cs: 9dbd7bc654cbf19eee33ac6fc452bfb1 -> 
  custom:scripting/monoscript/fileName/CUIImage.cs: 41f29f650aa507f802cd9793d91f3211 -> 
  custom:scripting/monoscript/fileName/DropDownListButton.cs: 71d533f2602e0e099d09a556ef8e4414 -> 
  custom:scripting/monoscript/fileName/ScrollSnap.cs: c5ae67ed5cc8c0ab1f7496803acc2648 -> 
  custom:scripting/monoscript/fileName/TextPicIconListCopier.cs: a564a2a474c019b98650cff2383ccfca -> 
  custom:scripting/monoscript/fileName/UICornerCut.cs: 69b0dfb485aa2b1afa65fcf30028125b -> 
  custom:scripting/monoscript/fileName/ScrollerEditor.cs: 478519b80ad2bc62d4a4b80ae078e694 -> 
  custom:scripting/monoscript/fileName/IBoxSelectable.cs: a5bf39a694cf2b84c65e7bec998d4941 -> 
  custom:scripting/monoscript/fileName/TiltWindow.cs: 7c3356d1b5bc9c6e9fe98345b0be7c30 -> 
  custom:scripting/monoscript/fileName/ExtensionMethods.cs: 943bd8dac5ce9467ce7deb0856dc6b0a -> 
  custom:scripting/monoscript/fileName/ComboBox.cs: a6ca48dde827ff07a9093f3624d58e62 -> 
  custom:scripting/monoscript/fileName/ScrollRectLinker.cs: 0316116e17d192ca2ef7c97539dff50f -> 
  custom:scripting/monoscript/fileName/SVBoxSlider.cs: 1d22c9c16d63e1cf38ad19bbcec9a0da -> 
  custom:scripting/monoscript/fileName/VerticalScrollSnap.cs: a7ebcf1fac8331e70ee01e540cbe484b -> 
  custom:scripting/monoscript/fileName/UILineConnector.cs: ea5f69a32957fe35ae7b512ef3f758ef -> 
  custom:scripting/monoscript/fileName/UIScreenEffect.cs: c36542c529d1f733362556ab22c18bf9 -> 
  custom:scripting/monoscript/fileName/SoftMaskScript.cs: 867049fb2647c9983fb1391409f93d30 -> 
  custom:scripting/monoscript/fileName/DiamondGraph.cs: a01b647a54847840428a395cc0d6fc16 -> 
  custom:scripting/monoscript/fileName/ScrollRectEx.cs: 3f6a881a34055e182fee3ab0baaee0c3 -> 
  custom:scripting/monoscript/fileName/UIGridRenderer.cs: 04c0062f4b7cdd6963fdba9ae03d9c72 -> 
  custom:scripting/monoscript/fileName/NicerOutline.cs: 571a7c7c4af4ebadc9fed23f0c3b0b46 -> 
  custom:CustomObjectIndexerAttribute: 9a22284fe3817be447336de3de66b15e -> 
  custom:scripting/monoscript/fileName/ScrollRectExtensions.cs: c76cb840404ffa9bc24248639e9da4ee -> 
  custom:scripting/monoscript/fileName/FancyGridViewContext.cs: 8738476657d4a33c34bc82bed7ce8bc9 -> 
  custom:scripting/monoscript/fileName/MinMaxValues.cs: 4aa11a61e640749f4ea5f947f86be5ba -> 
  custom:scripting/monoscript/fileName/CardExpanding3D.cs: d8b2b9924677ad2b445b05edbed7f0e3 -> 
  custom:scripting/monoscript/fileName/MinMaxSliderEditor.cs: e0496a7f76fc8934af2a763a7289ad36 -> 
  custom:scripting/monoscript/fileName/StepperSide.cs: 34d9a35c8c2622f327b140f18a7398a7 -> 
  custom:scripting/monoscript/fileName/CUIGraphicEditor.cs: a618262d3e77d462c5a0cd2e608e8a53 -> 
  custom:scripting/monoscript/fileName/DropDownList.cs: 3d51ab81e9571c9027b59874b2c78567 -> 
  custom:scripting/monoscript/fileName/ITweenValue.cs: 1d0eaa4b435fa135e18af6b5fa57e92e -> 
  custom:container-demuxer-webm: 4f35f7cbe854078d1ac9338744f61a02 -> 
  custom:scripting/monoscript/fileName/CardExpanding2D.cs: e0950b450275cb3936a581f286a6b471 -> 
  custom:scripting/monoscript/fileName/ResetSelectableHighlight.cs: 3ea63487fd77e7b22731770a86b4f8b9 -> 
  custom:scripting/monoscript/fileName/UIScrollToSelection.cs: d89fc8e36bdc19715e3104a5f857d175 -> 
  custom:scripting/monoscript/fileName/IScrollSnap.cs: 80b4110dac6695d630b8e7501d8e5aa8 -> 
  custom:scripting/monoscript/fileName/SegmentedControl.cs: 3a6e53207de58cf304ab520e0638e2df -> 
  custom:scripting/monoscript/fileName/ColorSampler.cs: 617678b91f4adc7b3146f51bed3fc4b1 -> 
  custom:scripting/monoscript/fileName/TabNavigationHelper.cs: 43f45dc623750048d2fbac24931c8ac8 -> 
  custom:scripting/monoscript/fileName/AutoCompleteComboBox.cs: 6e2e6cf33d4f5ca4ad3c05ff8f254467 -> 
  custom:scripting/monoscript/fileName/TextPicEditor.cs: c23216fe996c314d4c496ad837485981 -> 
  custom:scripting/monoscript/fileName/CUIMisc.cs: bc26c7f132f5cd28304cbc88070ca4dc -> 
  custom:scripting/monoscript/fileName/UIAdditiveEffect.cs: 50386f7d7d76f5c5e155dbf56c5e5fdd -> 
  custom:scripting/monoscript/fileName/MonoSpacing.cs: 45ba6bf376dd125375a8906a7d8b8b4b -> 
  custom:scripting/monoscript/fileName/FloatTween.cs: c51b551f6abec506d0db9945f7aa25cc -> 
  custom:scripting/monoscript/fileName/BoxSlider.cs: 662335e935a62641f6cb14e99e25e994 -> 
  custom:scripting/monoscript/fileName/BezierLineRendererEditor.cs: 2a50098be424d999e43b888ace13278c -> 
  custom:scripting/monoscript/fileName/NonDrawingGraphic.cs: a309796f6d67e4c1c110ec62b4572b4e -> 
  custom:scripting/monoscript/fileName/ScrollPositionController.cs: 30c392a65a277a4a74b1a6f1a3417601 -> 
  custom:scripting/monoscript/fileName/ContentScrollSnapHorizontal.cs: cb0bf043572062ce08b48904f46c98c8 -> 
  custom:scripting/monoscript/fileName/Triangulator.cs: 4ee9f09ca55767568ee94c9eaaed7244 -> d867a9a7a8385ef82ff357feb70c59d4
  custom:scripting/monoscript/fileName/UIImageCrop.cs: 1ec5d1f18ccf3bbe8ea319cda00ecfbc -> 
  custom:scripting/monoscript/fileName/BoxSliderEditor.cs: 9c680a5a338924fb176605eed0f68a75 -> 
  custom:scripting/monoscript/fileName/FancyScrollView.cs: c5f9c64ec4b4e183b17919204bc381a9 -> 
  custom:scripting/monoscript/fileName/BezierPath.cs: 90cbb6f823f7a03c69c93b3e1653c45e -> 
  custom:scripting/monoscript/fileName/SuperellipsePoints.cs: db2a1c9698f2dea478e1d6bfece554ae -> 
  custom:scripting/monoscript/fileName/UI_Knob.cs: 00244fb2be3e9e1f5ec3a07f175066a9 -> 
  custom:container-muxer-webm: aa71ff27fc2769a1b78a27578f13a17b -> 
  custom:scripting/monoscript/fileName/RaycastMask.cs: b13971e6a124c25b886c6703ae2aab24 -> 
  custom:scripting/monoscript/fileName/MultiTouchScrollRect.cs: 3a778993ea01435b2502c14ea2b2ff98 -> 
  custom:video-decoder-webm-vp8: 9c59270c3fd7afecdb556c50c9e8de78 -> 
  custom:scripting/monoscript/fileName/InputFieldEnterSubmit.cs: cdd5149b8afb8dc59ad57cc53ad8fb3b -> 
  custom:scripting/monoscript/fileName/ExampleSelectable.cs: 8dc7a8cd606154e7d10bb507e235c1f8 -> 
  custom:scripting/monoscript/fileName/uGUITools.cs: aa32797d8a9cdcd2167b6be114b0d5ec -> 
  custom:scripting/monoscript/fileName/UILinearDodgeEffect.cs: f5508d2f3f6addba614d4c08275f4546 -> 
  custom:SearchIndexIgnoredProperties: e643bd26f0fe6173181afceb89e7c659 -> 
  custom:scripting/monoscript/fileName/EasingCore.cs: 0bad7e894488e9b67256d892a478aab1 -> 
  custom:scripting/monoscript/fileName/Stepper.cs: 3ee1a56034750815f9c567b6c54fbbb8 -> 
  custom:scripting/monoscript/fileName/UIPrimitiveBase.cs: 80a945e915822efd5c887ee28f76aa9f -> 
  custom:AudioImporter_EditorPlatform: d09bf68614088b80899f8185d706f6e7 -> 
  custom:scripting/monoscript/fileName/LetterSpacing.cs: c4f4c504ac9c0b708c438c8a0faf6a96 -> 
  custom:scripting/monoscript/fileName/UISquircle.cs: faaa67841792f2c90a13db82841ac6e3 -> 
  custom:scripting/monoscript/fileName/RangeSlider.cs: 026cea0882c5bbc90f7cedc5111cfeb2 -> 
  custom:scripting/monoscript/fileName/UIExtensionMethods.cs: 2621bff24acfb4ddb3b264b7553588d8 -> 
  custom:scripting/monoscript/fileName/UIVerticalScroller.cs: 3532ae0d4ba5f6e2c310cfec2c655a8c -> 
  custom:scripting/monoscript/fileName/FiltersPanel.cs: 5dbe4ca523d219ec24889a3783d94d4d -> 
  custom:scripting/monoscript/fileName/ColorLabel.cs: 9a2d62e5e8f65400e4abc881023f36f7 -> 
  custom:scripting/monoscript/fileName/TooltipTrigger.cs: 546a7d73bc42b9e6f1fd03a7e07d7f29 -> 
  custom:scripting/monoscript/fileName/UIMultiplyEffect.cs: 29b6f1f4d98d9b61292d829c0030af4b -> 
  custom:scripting/monoscript/fileName/CardPopup2D.cs: ac929914b8675b3ff1238ddb1cc99789 -> 
  custom:scripting/monoscript/fileName/ScrollSnapScrollbarHelper.cs: d6b043fd7048156ea2ef4da9da4a0a51 -> 
  custom:scripting/monoscript/fileName/HoverTooltip.cs: abdf0400bdf15bb8fdc0bc4d5ecc993f -> 
  custom:scripting/monoscript/fileName/ColorImage.cs: 87dea3e9bf43c94e295d4fa411046c66 -> 
  custom:scripting/monoscript/fileName/FancyScrollRectContext.cs: 9e5d4d8665c04a1190a3fc52908244b0 -> 
  custom:scripting/monoscript/fileName/TextPicIconEditor.cs: 1f41560011fcb93d03be374d10238c0c -> 
  custom:scripting/monoscript/fileName/UI_InfiniteScroll.cs: f7518bdb5ccbb5518282b9c860eef985 -> 
  custom:scripting/monoscript/fileName/UIExtensionsMenuOptions.cs: 25d3bc76bdcc7be45d732e8f064ec6a7 -> 
  custom:scripting/monoscript/fileName/ReadOnlyAttribute.cs: 604ae8fbc27d6402b88ac08f1987318f -> 
  custom:scripting/monoscript/fileName/UICircle.cs: e40253d6117a9fbea82cc285a7e8a36e -> 
  custom:scripting/monoscript/fileName/UIScrollToSelectionXY.cs: 8145d21a6ef6f8610242d2ba291595b9 -> 
  custom:scripting/monoscript/fileName/CUITextEditor.cs: 966cced0a631446b9484c2fe777a7f5b -> 
  custom:scripting/precompiled-assembly-types:UnityUIExtensions.editor: e002030e6fc012878af160bb334541ad -> 
  custom:scripting/monoscript/fileName/TweenRunner.cs: 90647cc400823b41df847a6cbfc29026 -> 
  custom:scripting/monoscript/fileName/UIHorizontalScroller.cs: 758f016ad67e22eff0f26468f408f006 -> 
  custom:scripting/monoscript/fileName/ReturnKeyTriggersButton.cs: 622f27a1a5fce3f8fe14f0fe6c6b39b5 -> 
  custom:scripting/monoscript/fileName/FancyGridViewCell.cs: 0cdf409b5aa8d4c25876d72b5c6a3b60 -> 
  custom:scripting/monoscript/fileName/Scroller.cs: 94938ad1cd7c20206a0339e3bd7f3330 -> 
  custom:scripting/monoscript/fileName/CylinderText.cs: 86c073c10ed890f8e108be86fb350e35 -> 
  custom:scripting/monoscript/fileName/ColorPickerPresets.cs: d20309ac183a87fd46c2e0a03ba5bdef -> 
  custom:scripting/monoscript/fileName/RadialSlider.cs: 24542b53b379116a4f98bb53a64e13b8 -> 
  custom:scripting/monoscript/fileName/PPIViewer.cs: 5269fbe050022d597b2ceba1b1d4cbae -> 
  custom:scripting/monoscript/fileName/InputFocus.cs: 6a5a3b184038cb5e7dbe4882c96bc91b -> 
  custom:scripting/monoscript/fileName/CUIBezierCurve.cs: 32214df0cb137de9f4967269deffb6f3 -> 
  custom:scripting/monoscript/fileName/DropDownListItem.cs: 91c61fd79335f34fb81e114553bf8888 -> 
  custom:scripting/monoscript/fileName/UIFlippable.cs: 9c843e180ea4b6afe9c1ba071336e124 -> 
  custom:scripting/monoscript/fileName/CanvasGroupActivator.cs: f743e9c6e47b0eb8c0b7b2fbf9f7de19 -> 
  custom:scripting/monoscript/fileName/UIWindowBase.cs: 776e605614a77fffd4e0147c8e684e94 -> 
  custom:video-encoder-webm-vp8: eb34c28f22e8b96e1ab97ce403110664 -> 
  custom:scripting/monoscript/fileName/ScrollPositionControllerEditor.cs: fb86570a90d8d5b779234b7f103e1b51 -> 
  custom:scripting/monoscript/fileName/CurvedLayout.cs: 46917779e317aa4a214ea430689de312 -> 
  custom:scripting/monoscript/fileName/ScrollConflictManager.cs: 1a474b2432b80a8b7211f13c79bb991c -> 
  custom:scripting/monoscript/fileName/ReadOnlyDrawer.cs: 1c0aa6472b8e40c24f66a5805d818994 -> 
  custom:audio-decoder-ogg-vorbis: bf7c407c2cedff20999df2af8eb42d56 -> 
  custom:scripting/monoscript/fileName/FancyGridView.cs: 849ed7f5b11c9db237ef61b01c5a5104 -> 
  custom:scripting/monoscript/fileName/CableCurve.cs: 1ed0592bfc80d3ca3db7b55e9a6e9d9a -> 
  custom:scripting/monoscript/fileName/PaginationManager.cs: b5c7a38e1c9bde92ca052679632bc9f1 -> 
  custom:scripting/monoscript/fileName/UILineTextureRenderer.cs: f3042185c83712ad42b2d6694b56f8d3 -> 
  custom:scripting/monoscript/fileName/MenuManager.cs: 8e71de17d45faf11b5ca3e63d3867170 -> 
  custom:scripting/monoscript/fileName/ColorPickerPresetsEditor.cs: 57bebb34d006d8305e8cd353ea00f28b -> 
  custom:scripting/monoscript/fileName/UI_MagneticInfiniteScroll.cs: 7f0db092e1c52c826e7ccbefe21fe7ce -> 
  custom:scripting/monoscript/fileName/ToolTip.cs: 2f05f936126a769ca9a98ef6920928a7 -> 
  custom:scripting/monoscript/fileName/TextPicRenameEditor.cs: b67a1588d964fe3ac177da9872e96689 -> 
  custom:scripting/monoscript/fileName/TestCompression.cs: 2a18178f72c1b3979b9006483863f20e -> 
  custom:scripting/monoscript/fileName/IFancyScrollRectContext.cs: 9c4dee0aef526d67eb0a668a1c9b910a -> 
  custom:scripting/monoscript/fileName/ColorChangedEvent.cs: bafb161b451089e6c72bcae877e0ba66 -> 
  custom:scripting/monoscript/fileName/BestFitOutline.cs: 2ec1c68346f5b721e3d92092cd60b278 -> 
  custom:scripting/monoscript/fileName/NonDrawingGraphicEditor.cs: 1e7abd1e1a4d3da38de70c6d38c19118 -> 
  custom:scripting/monoscript/fileName/HSVChangedEvent.cs: 8a0d7f505f4db7e267a03264293f54eb -> 
  custom:scripting/monoscript/fileName/CUIImageEditor.cs: 0be5a4365a8d65680f88c4d192e5254c -> 
  custom:scripting/monoscript/fileName/HorizontalScrollSnap.cs: 624447835d67a70d90ed2b7f69117316 -> 
  custom:scripting/monoscript/fileName/UI_TweenScale.cs: 50a18c41daf615d82dc37ef0e9dcea31 -> 
  custom:scripting/monoscript/fileName/BoundTooltipItem.cs: 12dc26af634677e40fd7840809357e6c -> 
  custom:scripting/monoscript/fileName/AccordionElement.cs: 69f1a7e537099cc57de9b6eaa86cef32 -> 
  custom:scripting/monoscript/fileName/UI_ScrollRectOcclusion.cs: 491f1c2592ac821eb8de9e533fddd4a9 -> 
  custom:scripting/monoscript/fileName/CUIBezierCurveEditor.cs: be4462c6de2387d5f99ef9d0e93b91ee -> 
  custom:scripting/monoscript/fileName/ColorSliderImage.cs: bbcbfbf23dc2f9fc5450db8f36b24487 -> 
  custom:scripting/monoscript/fileName/Accordion.cs: c31898dc7ffd6f7b32be5689419229bc -> 
  custom:scripting/monoscript/fileName/FancyCell.cs: 0cdf409b5aa8d4c25876d72b5c6a3b60 -> 
  custom:scripting/monoscript/fileName/ShineEffect.cs: 61d233269c4ea687efa548adef5d6e13 -> 
  custom:audio-encoder-webm-vorbis: bf7c407c2cedff20999df2af8eb42d56 -> 
  custom:scripting/monoscript/fileName/ScrollRectTweener.cs: 3437a8fb18bed84a45865e36e83e332f -> 
  custom:scripting/monoscript/fileName/MeshCreator.cs: a2506ad04bac2e5a6d6d50e0d7978d92 -> 
  custom:scripting/monoscript/fileName/UIPolygon.cs: ef7b3e02606f58c56a27e65db10bc7f3 -> 
  custom:scripting/monoscript/fileName/switchToRectTransform.cs: 0ef297259b7f2ab26defc1d718ad1e0a -> 
  custom:scripting/monoscript/fileName/UILineRendererList.cs: efbf4ff76c31aa3e4f61c8b26734d929 -> 
  custom:scripting/monoscript/fileName/CLZF2.cs: 40ef7bf6191a1a5e5b0f37e092e1b271 -> 
  custom:scripting/monoscript/fileName/SimpleMenu.cs: 90647cc400823b41df847a6cbfc29026 -> 
  custom:scripting/monoscript/fileName/RescalePanel.cs: a379a55181438e3b7a29019da8a3c82c -> 
  custom:scripting/monoscript/fileName/DragCorrector.cs: 89ab4a0369eecb75be2277a80a08c1e7 -> 
  custom:scripting/monoscript/fileName/RangeSliderEditor.cs: 1c09cdb4e75bc10f834bbae9a7b54e1e -> 
  custom:scripting/monoscript/fileName/FancyScrollRect.cs: 0cdf409b5aa8d4c25876d72b5c6a3b60 -> 
  custom:scripting/precompiled-assembly-types:Assembly-CSharp: 9d98c5210357a57051bc817a849226c0 -> d9898b08f7aa15a36c94fc52d0b7440b
  custom:scripting/monoscript/fileName/ReorderableList.cs: 944c8e214787d07461c711b29546f976 -> 
  custom:scripting/monoscript/fileName/RadialLayout.cs: 170f31c5fdb54a9fe7ba926effdfd7d4 -> 
  custom:scripting/monoscript/fileName/ColorSlider.cs: a91d06b853e0bf2d5df3ea61a67d5c83 -> 
  custom:scripting/monoscript/fileName/IFancyGridViewContext.cs: be7addf49e5950ebb654fec55c2afa8b -> 
  custom:scripting/precompiled-assembly-types:UnityUIExtensions: c0991a7eaf90618746e467e9e018bd04 -> 
  custom:scripting/monoscript/fileName/CUIGraphic.cs: 4f47fad340418bff51fe6171e2259e7f -> 
  custom:scripting/monoscript/fileName/IFancyCellGroupContext.cs: 323b5f49cc2011b3d2d9088e528ed161 -> 
  custom:scripting/monoscript/fileName/MinMaxSlider.cs: e7d98a511e8b98df33f72f37935821e5 -> 
  custom:scripting/monoscript/fileName/ColorPickerTester.cs: 63b6c03c009a94721b9d41c8d5e5e6ed -> 
========================================================================
Received Prepare
Caller must complete domain reload
Begin MonoManager ReloadAssembly
- Loaded All Assemblies, in  0.539 seconds
Native extension for WindowsStandalone target not found
Native extension for WebGL target not found
Mono: successfully reloaded assembly
- Finished resetting the current domain, in  1.098 seconds
Domain Reload Profiling: 1637ms
	BeginReloadAssembly (178ms)
		ExecutionOrderSort (0ms)
		DisableScriptedObjects (13ms)
		BackupInstance (0ms)
		ReleaseScriptingObjects (0ms)
		CreateAndSetChildDomain (40ms)
	RebuildCommonClasses (36ms)
	RebuildNativeTypeToScriptingClass (13ms)
	initialDomainReloadingComplete (29ms)
	LoadAllAssembliesAndSetupDomain (282ms)
		LoadAssemblies (357ms)
		RebuildTransferFunctionScriptingTraits (0ms)
		AnalyzeDomain (17ms)
			TypeCache.Refresh (6ms)
				TypeCache.ScanAssembly (0ms)
			ScanForSourceGeneratedMonoScriptInfo (0ms)
			ResolveRequiredComponents (11ms)
	FinalizeReload (1098ms)
		ReleaseScriptCaches (0ms)
		RebuildScriptCaches (0ms)
		SetupLoadedEditorAssemblies (448ms)
			LogAssemblyErrors (0ms)
			InitializePlatformSupportModulesInManaged (7ms)
			SetLoadedEditorAssemblies (5ms)
			RefreshPlugins (0ms)
			BeforeProcessingInitializeOnLoad (74ms)
			ProcessInitializeOnLoadAttributes (321ms)
			ProcessInitializeOnLoadMethodAttributes (37ms)
			AfterProcessingInitializeOnLoad (3ms)
			EditorAssembliesLoaded (1ms)
		ExecutionOrderSort2 (0ms)
		AwakeInstancesAfterBackupRestoration (16ms)
Refreshing native plugins compatible for Editor in 7.28 ms, found 7 plugins.
Preloading 0 native plugins for Editor in 0.00 ms.
Unloading 4457 Unused Serialized files (Serialized files now loaded: 0)
Unloading 44 unused Assets / (0.7 MB). Loaded Objects now: 5348.
Memory consumption went from 158.3 MB to 157.6 MB.
Total: 4.324100 ms (FindLiveObjects: 0.541500 ms CreateObjectMapping: 0.146100 ms MarkObjects: 3.120900 ms  DeleteObjects: 0.514000 ms)

Prepare: number of updated asset objects reloaded= 0
AssetImportParameters requested are different than current active one (requested -> active):
  custom:scripting/monoscript/fileName/CardStack2D.cs: 52f7ac406c04f320c1cc31b32fc945ec -> 
  custom:scripting/monoscript/fileName/UILineRendererFIFO.cs: 1a840d7d842445f62c20beee85a5bbc5 -> 
  custom:scripting/monoscript/fileName/FlowLayoutGroup.cs: 4f8c51e99186127173631d5ea0b848a8 -> 
  custom:scripting/monoscript/fileName/UIParticleSystem.cs: 6cef203566a0c9333597e4e233613614 -> 
  custom:scripting/monoscript/fileName/UILineRenderer.cs: 673f1b621ab4781ac78770b1b3c45207 -> 
  custom:scripting/monoscript/fileName/TableLayoutGroup.cs: 9697d88a99d4c91003d206b86eed3a61 -> 
  custom:scripting/monoscript/fileName/Segment.cs: 823b994f6bbb6e32f73e9807948df6b3 -> 
  custom:container-demuxer-ogg: 62fdf1f143b41e24485cea50d1cbac27 -> 
  custom:scripting/monoscript/fileName/SelectionBox.cs: 9eabc2822607d24d284c5c0d720d4a01 -> 
  custom:scripting/monoscript/fileName/ReorderableListContent.cs: a630238339e5f198f723ac29a2329f6d -> 
  custom:scripting/monoscript/fileName/Menu.cs: d0a2652908e797d4064ef9b772450cc8 -> 
  custom:scripting/monoscript/fileName/SetPropertyUtility.cs: 02aade692758e5563210cc05829e9851 -> f604b4b9e6b0979bdfc1e2b40426dd19
  custom:scripting/monoscript/fileName/HSVUtil.cs: 2f204c7a89b046fae714aadbcda42851 -> 
  custom:scripting/monoscript/fileName/FancyCellGroup.cs: 90647cc400823b41df847a6cbfc29026 -> 
  custom:scripting/monoscript/fileName/RescaleDragPanel.cs: 428e5a10a21f2d3fc3805557487d591e -> 
  custom:scripting/monoscript/fileName/ExtensionsToggleGroup.cs: 93967f93faef61aecdca9232fa42b062 -> 
  custom:scripting/monoscript/fileName/ResizePanel.cs: 0a2d1269c62cba913a254b515f8b6020 -> 
  custom:scripting/monoscript/fileName/Circle.cs: cfc2369c92dd039be7c3f572f769fdcf -> 
  custom:scripting/monoscript/fileName/ShaderLibrary.cs: 7a09676978959734a6827051c965f749 -> 
  custom:scripting/monoscript/fileName/CurvedText.cs: c86aabacdca275700720e919fc8a8b52 -> 
  custom:scripting/monoscript/fileName/FancyScrollRectCell.cs: 0cdf409b5aa8d4c25876d72b5c6a3b60 -> 
  custom:scripting/monoscript/fileName/Gradient.cs: a4c2a5a25440c543cd82653fda832632 -> 
  custom:scripting/monoscript/fileName/ScrollSnapBase.cs: 3682088473625968e7b4647a6b4213f6 -> 
  custom:scripting/monoscript/fileName/CUIText.cs: 0be1a405bc9388e4813a74aad6018bec -> 
  custom:scripting/monoscript/fileName/BoundTooltipTrigger.cs: e78e2ee612ba85e075ab794a5cb95e73 -> 
  custom:scripting/monoscript/fileName/UIHighlightable.cs: fd305ad78204cb75a66ce809c3f50e6a -> 
  custom:video-codec-MediaFoundation-h265: 746d11721c4dcdbdad8f713fa42b33f4 -> 
  custom:scripting/monoscript/fileName/UIExtensionsInputManager.cs: 6f468ddae971c3bcce0288549c1beabd -> 
  custom:scripting/monoscript/fileName/Gradient2.cs: 9c1fd6257924e43a80b8fccb859d3828 -> 
  custom:scripting/monoscript/fileName/CooldownButton.cs: 72bd21b90ac71f29908a36179176f8fc -> 
  custom:video-decoder-ogg-theora: a1e56fd34408186e4bbccfd4996cb3dc -> 
  custom:scripting/monoscript/fileName/TileSizeFitter.cs: ba6326e335b6f177a627b992c444832c -> 
  custom:scripting/monoscript/fileName/SelectableScaler.cs: 3ebe175d64b38a572f8dbe8fd345f0c3 -> 
  custom:scripting/monoscript/fileName/AccordionElementEditor.cs: db5ee9b2cff22578a12a4d141614d665 -> 
  custom:scripting/monoscript/fileName/ExtensionsToggle.cs: e0b44aa7e1ff973d74b4857a34a48879 -> 
  custom:scripting/monoscript/fileName/ReorderableListElement.cs: 788a31431a1c95dc9a9a52767f8e812f -> 
  custom:scripting/monoscript/fileName/ShineEffector.cs: 52ed4eb6c7ed8f674a18d2a4db6eba86 -> 
  custom:scripting/monoscript/fileName/UISelectableExtension.cs: b6766007d8a2236e23d4749da2d8cdd2 -> 
  custom:framework-win-MediaFoundation: 216162199b28c13a410421893ffa2e32 -> 
  custom:scripting/monoscript/fileName/UISoftAdditiveEffect.cs: 30a825933c907dec19605ff2f58a292f -> 
  custom:scripting/monoscript/fileName/HexColorField.cs: 425eeca1ce4159bc649962b2337061a4 -> 
  custom:scripting/monoscript/fileName/ColorPickerControl.cs: 97231f899ae243cc634f34e048c22095 -> 
  custom:scripting/monoscript/fileName/ReorderableListDebug.cs: 51cf5a188c464deb681bea16cb795b61 -> 
  custom:scripting/monoscript/fileName/TextPic.cs: 9dbd7bc654cbf19eee33ac6fc452bfb1 -> 
  custom:scripting/monoscript/fileName/CUIImage.cs: 41f29f650aa507f802cd9793d91f3211 -> 
  custom:scripting/monoscript/fileName/DropDownListButton.cs: 71d533f2602e0e099d09a556ef8e4414 -> 
  custom:scripting/monoscript/fileName/ScrollSnap.cs: c5ae67ed5cc8c0ab1f7496803acc2648 -> 
  custom:scripting/monoscript/fileName/TextPicIconListCopier.cs: a564a2a474c019b98650cff2383ccfca -> 
  custom:scripting/monoscript/fileName/UICornerCut.cs: 69b0dfb485aa2b1afa65fcf30028125b -> 
  custom:scripting/monoscript/fileName/ScrollerEditor.cs: 478519b80ad2bc62d4a4b80ae078e694 -> 
  custom:scripting/monoscript/fileName/IBoxSelectable.cs: a5bf39a694cf2b84c65e7bec998d4941 -> 
  custom:scripting/monoscript/fileName/TiltWindow.cs: 7c3356d1b5bc9c6e9fe98345b0be7c30 -> 
  custom:scripting/monoscript/fileName/ExtensionMethods.cs: 943bd8dac5ce9467ce7deb0856dc6b0a -> 
  custom:scripting/monoscript/fileName/ComboBox.cs: a6ca48dde827ff07a9093f3624d58e62 -> 
  custom:scripting/monoscript/fileName/ScrollRectLinker.cs: 0316116e17d192ca2ef7c97539dff50f -> 
  custom:scripting/monoscript/fileName/SVBoxSlider.cs: 1d22c9c16d63e1cf38ad19bbcec9a0da -> 
  custom:scripting/monoscript/fileName/VerticalScrollSnap.cs: a7ebcf1fac8331e70ee01e540cbe484b -> 
  custom:scripting/monoscript/fileName/UILineConnector.cs: ea5f69a32957fe35ae7b512ef3f758ef -> 
  custom:scripting/monoscript/fileName/UIScreenEffect.cs: c36542c529d1f733362556ab22c18bf9 -> 
  custom:scripting/monoscript/fileName/SoftMaskScript.cs: 867049fb2647c9983fb1391409f93d30 -> 
  custom:scripting/monoscript/fileName/DiamondGraph.cs: a01b647a54847840428a395cc0d6fc16 -> 
  custom:scripting/monoscript/fileName/ScrollRectEx.cs: 3f6a881a34055e182fee3ab0baaee0c3 -> 
  custom:scripting/monoscript/fileName/UIGridRenderer.cs: 04c0062f4b7cdd6963fdba9ae03d9c72 -> 
  custom:scripting/monoscript/fileName/NicerOutline.cs: 571a7c7c4af4ebadc9fed23f0c3b0b46 -> 
  custom:CustomObjectIndexerAttribute: 9a22284fe3817be447336de3de66b15e -> 
  custom:scripting/monoscript/fileName/ScrollRectExtensions.cs: c76cb840404ffa9bc24248639e9da4ee -> 
  custom:scripting/monoscript/fileName/FancyGridViewContext.cs: 8738476657d4a33c34bc82bed7ce8bc9 -> 
  custom:scripting/monoscript/fileName/MinMaxValues.cs: 4aa11a61e640749f4ea5f947f86be5ba -> 
  custom:scripting/monoscript/fileName/CardExpanding3D.cs: d8b2b9924677ad2b445b05edbed7f0e3 -> 
  custom:scripting/monoscript/fileName/MinMaxSliderEditor.cs: e0496a7f76fc8934af2a763a7289ad36 -> 
  custom:scripting/monoscript/fileName/StepperSide.cs: 34d9a35c8c2622f327b140f18a7398a7 -> 
  custom:scripting/monoscript/fileName/CUIGraphicEditor.cs: a618262d3e77d462c5a0cd2e608e8a53 -> 
  custom:scripting/monoscript/fileName/DropDownList.cs: 3d51ab81e9571c9027b59874b2c78567 -> 
  custom:scripting/monoscript/fileName/ITweenValue.cs: 1d0eaa4b435fa135e18af6b5fa57e92e -> 
  custom:container-demuxer-webm: 4f35f7cbe854078d1ac9338744f61a02 -> 
  custom:scripting/monoscript/fileName/CardExpanding2D.cs: e0950b450275cb3936a581f286a6b471 -> 
  custom:scripting/monoscript/fileName/ResetSelectableHighlight.cs: 3ea63487fd77e7b22731770a86b4f8b9 -> 
  custom:scripting/monoscript/fileName/UIScrollToSelection.cs: d89fc8e36bdc19715e3104a5f857d175 -> 
  custom:scripting/monoscript/fileName/IScrollSnap.cs: 80b4110dac6695d630b8e7501d8e5aa8 -> 
  custom:scripting/monoscript/fileName/SegmentedControl.cs: 3a6e53207de58cf304ab520e0638e2df -> 
  custom:scripting/monoscript/fileName/ColorSampler.cs: 617678b91f4adc7b3146f51bed3fc4b1 -> 
  custom:scripting/monoscript/fileName/TabNavigationHelper.cs: 43f45dc623750048d2fbac24931c8ac8 -> 
  custom:scripting/monoscript/fileName/AutoCompleteComboBox.cs: 6e2e6cf33d4f5ca4ad3c05ff8f254467 -> 
  custom:scripting/monoscript/fileName/TextPicEditor.cs: c23216fe996c314d4c496ad837485981 -> 
  custom:scripting/monoscript/fileName/CUIMisc.cs: bc26c7f132f5cd28304cbc88070ca4dc -> 
  custom:scripting/monoscript/fileName/UIAdditiveEffect.cs: 50386f7d7d76f5c5e155dbf56c5e5fdd -> 
  custom:scripting/monoscript/fileName/MonoSpacing.cs: 45ba6bf376dd125375a8906a7d8b8b4b -> 
  custom:scripting/monoscript/fileName/FloatTween.cs: c51b551f6abec506d0db9945f7aa25cc -> 
  custom:scripting/monoscript/fileName/BoxSlider.cs: 662335e935a62641f6cb14e99e25e994 -> 
  custom:scripting/monoscript/fileName/BezierLineRendererEditor.cs: 2a50098be424d999e43b888ace13278c -> 
  custom:scripting/monoscript/fileName/NonDrawingGraphic.cs: a309796f6d67e4c1c110ec62b4572b4e -> 
  custom:scripting/monoscript/fileName/ScrollPositionController.cs: 30c392a65a277a4a74b1a6f1a3417601 -> 
  custom:scripting/monoscript/fileName/ContentScrollSnapHorizontal.cs: cb0bf043572062ce08b48904f46c98c8 -> 
  custom:scripting/monoscript/fileName/Triangulator.cs: 4ee9f09ca55767568ee94c9eaaed7244 -> d867a9a7a8385ef82ff357feb70c59d4
  custom:scripting/monoscript/fileName/UIImageCrop.cs: 1ec5d1f18ccf3bbe8ea319cda00ecfbc -> 
  custom:scripting/monoscript/fileName/BoxSliderEditor.cs: 9c680a5a338924fb176605eed0f68a75 -> 
  custom:scripting/monoscript/fileName/FancyScrollView.cs: c5f9c64ec4b4e183b17919204bc381a9 -> 
  custom:scripting/monoscript/fileName/BezierPath.cs: 90cbb6f823f7a03c69c93b3e1653c45e -> 
  custom:scripting/monoscript/fileName/SuperellipsePoints.cs: db2a1c9698f2dea478e1d6bfece554ae -> 
  custom:scripting/monoscript/fileName/UI_Knob.cs: 00244fb2be3e9e1f5ec3a07f175066a9 -> 
  custom:container-muxer-webm: aa71ff27fc2769a1b78a27578f13a17b -> 
  custom:scripting/monoscript/fileName/RaycastMask.cs: b13971e6a124c25b886c6703ae2aab24 -> 
  custom:scripting/monoscript/fileName/MultiTouchScrollRect.cs: 3a778993ea01435b2502c14ea2b2ff98 -> 
  custom:video-decoder-webm-vp8: 9c59270c3fd7afecdb556c50c9e8de78 -> 
  custom:scripting/monoscript/fileName/InputFieldEnterSubmit.cs: cdd5149b8afb8dc59ad57cc53ad8fb3b -> 
  custom:scripting/monoscript/fileName/ExampleSelectable.cs: 8dc7a8cd606154e7d10bb507e235c1f8 -> 
  custom:scripting/monoscript/fileName/uGUITools.cs: aa32797d8a9cdcd2167b6be114b0d5ec -> 
  custom:scripting/monoscript/fileName/UILinearDodgeEffect.cs: f5508d2f3f6addba614d4c08275f4546 -> 
  custom:SearchIndexIgnoredProperties: e643bd26f0fe6173181afceb89e7c659 -> 
  custom:scripting/monoscript/fileName/EasingCore.cs: 0bad7e894488e9b67256d892a478aab1 -> 
  custom:scripting/monoscript/fileName/Stepper.cs: 3ee1a56034750815f9c567b6c54fbbb8 -> 
  custom:scripting/monoscript/fileName/UIPrimitiveBase.cs: 80a945e915822efd5c887ee28f76aa9f -> 
  custom:AudioImporter_EditorPlatform: d09bf68614088b80899f8185d706f6e7 -> 
  custom:scripting/monoscript/fileName/LetterSpacing.cs: c4f4c504ac9c0b708c438c8a0faf6a96 -> 
  custom:scripting/monoscript/fileName/UISquircle.cs: faaa67841792f2c90a13db82841ac6e3 -> 
  custom:scripting/monoscript/fileName/RangeSlider.cs: 026cea0882c5bbc90f7cedc5111cfeb2 -> 
  custom:scripting/monoscript/fileName/UIExtensionMethods.cs: 2621bff24acfb4ddb3b264b7553588d8 -> 
  custom:scripting/monoscript/fileName/UIVerticalScroller.cs: 3532ae0d4ba5f6e2c310cfec2c655a8c -> 
  custom:scripting/monoscript/fileName/FiltersPanel.cs: 5dbe4ca523d219ec24889a3783d94d4d -> 
  custom:scripting/monoscript/fileName/ColorLabel.cs: 9a2d62e5e8f65400e4abc881023f36f7 -> 
  custom:scripting/monoscript/fileName/TooltipTrigger.cs: 546a7d73bc42b9e6f1fd03a7e07d7f29 -> 
  custom:scripting/monoscript/fileName/UIMultiplyEffect.cs: 29b6f1f4d98d9b61292d829c0030af4b -> 
  custom:scripting/monoscript/fileName/CardPopup2D.cs: ac929914b8675b3ff1238ddb1cc99789 -> 
  custom:scripting/monoscript/fileName/ScrollSnapScrollbarHelper.cs: d6b043fd7048156ea2ef4da9da4a0a51 -> 
  custom:scripting/monoscript/fileName/HoverTooltip.cs: abdf0400bdf15bb8fdc0bc4d5ecc993f -> 
  custom:scripting/monoscript/fileName/ColorImage.cs: 87dea3e9bf43c94e295d4fa411046c66 -> 
  custom:scripting/monoscript/fileName/FancyScrollRectContext.cs: 9e5d4d8665c04a1190a3fc52908244b0 -> 
  custom:scripting/monoscript/fileName/TextPicIconEditor.cs: 1f41560011fcb93d03be374d10238c0c -> 
  custom:scripting/monoscript/fileName/UI_InfiniteScroll.cs: f7518bdb5ccbb5518282b9c860eef985 -> 
  custom:scripting/monoscript/fileName/UIExtensionsMenuOptions.cs: 25d3bc76bdcc7be45d732e8f064ec6a7 -> 
  custom:scripting/monoscript/fileName/ReadOnlyAttribute.cs: 604ae8fbc27d6402b88ac08f1987318f -> 
  custom:scripting/monoscript/fileName/UICircle.cs: e40253d6117a9fbea82cc285a7e8a36e -> 
  custom:scripting/monoscript/fileName/UIScrollToSelectionXY.cs: 8145d21a6ef6f8610242d2ba291595b9 -> 
  custom:scripting/monoscript/fileName/CUITextEditor.cs: 966cced0a631446b9484c2fe777a7f5b -> 
  custom:scripting/precompiled-assembly-types:UnityUIExtensions.editor: e002030e6fc012878af160bb334541ad -> 
  custom:scripting/monoscript/fileName/TweenRunner.cs: 90647cc400823b41df847a6cbfc29026 -> 
  custom:scripting/monoscript/fileName/UIHorizontalScroller.cs: 758f016ad67e22eff0f26468f408f006 -> 
  custom:scripting/monoscript/fileName/ReturnKeyTriggersButton.cs: 622f27a1a5fce3f8fe14f0fe6c6b39b5 -> 
  custom:scripting/monoscript/fileName/FancyGridViewCell.cs: 0cdf409b5aa8d4c25876d72b5c6a3b60 -> 
  custom:scripting/monoscript/fileName/Scroller.cs: 94938ad1cd7c20206a0339e3bd7f3330 -> 
  custom:scripting/monoscript/fileName/CylinderText.cs: 86c073c10ed890f8e108be86fb350e35 -> 
  custom:scripting/monoscript/fileName/ColorPickerPresets.cs: d20309ac183a87fd46c2e0a03ba5bdef -> 
  custom:scripting/monoscript/fileName/RadialSlider.cs: 24542b53b379116a4f98bb53a64e13b8 -> 
  custom:scripting/monoscript/fileName/PPIViewer.cs: 5269fbe050022d597b2ceba1b1d4cbae -> 
  custom:scripting/monoscript/fileName/InputFocus.cs: 6a5a3b184038cb5e7dbe4882c96bc91b -> 
  custom:scripting/monoscript/fileName/CUIBezierCurve.cs: 32214df0cb137de9f4967269deffb6f3 -> 
  custom:scripting/monoscript/fileName/DropDownListItem.cs: 91c61fd79335f34fb81e114553bf8888 -> 
  custom:scripting/monoscript/fileName/UIFlippable.cs: 9c843e180ea4b6afe9c1ba071336e124 -> 
  custom:scripting/monoscript/fileName/CanvasGroupActivator.cs: f743e9c6e47b0eb8c0b7b2fbf9f7de19 -> 
  custom:scripting/monoscript/fileName/UIWindowBase.cs: 776e605614a77fffd4e0147c8e684e94 -> 
  custom:video-encoder-webm-vp8: eb34c28f22e8b96e1ab97ce403110664 -> 
  custom:scripting/monoscript/fileName/ScrollPositionControllerEditor.cs: fb86570a90d8d5b779234b7f103e1b51 -> 
  custom:scripting/monoscript/fileName/CurvedLayout.cs: 46917779e317aa4a214ea430689de312 -> 
  custom:scripting/monoscript/fileName/ScrollConflictManager.cs: 1a474b2432b80a8b7211f13c79bb991c -> 
  custom:scripting/monoscript/fileName/ReadOnlyDrawer.cs: 1c0aa6472b8e40c24f66a5805d818994 -> 
  custom:audio-decoder-ogg-vorbis: bf7c407c2cedff20999df2af8eb42d56 -> 
  custom:scripting/monoscript/fileName/FancyGridView.cs: 849ed7f5b11c9db237ef61b01c5a5104 -> 
  custom:scripting/monoscript/fileName/CableCurve.cs: 1ed0592bfc80d3ca3db7b55e9a6e9d9a -> 
  custom:scripting/monoscript/fileName/PaginationManager.cs: b5c7a38e1c9bde92ca052679632bc9f1 -> 
  custom:scripting/monoscript/fileName/UILineTextureRenderer.cs: f3042185c83712ad42b2d6694b56f8d3 -> 
  custom:scripting/monoscript/fileName/MenuManager.cs: 8e71de17d45faf11b5ca3e63d3867170 -> 
  custom:scripting/monoscript/fileName/ColorPickerPresetsEditor.cs: 57bebb34d006d8305e8cd353ea00f28b -> 
  custom:scripting/monoscript/fileName/UI_MagneticInfiniteScroll.cs: 7f0db092e1c52c826e7ccbefe21fe7ce -> 
  custom:scripting/monoscript/fileName/ToolTip.cs: 2f05f936126a769ca9a98ef6920928a7 -> 
  custom:scripting/monoscript/fileName/TextPicRenameEditor.cs: b67a1588d964fe3ac177da9872e96689 -> 
  custom:scripting/monoscript/fileName/TestCompression.cs: 2a18178f72c1b3979b9006483863f20e -> 
  custom:scripting/monoscript/fileName/IFancyScrollRectContext.cs: 9c4dee0aef526d67eb0a668a1c9b910a -> 
  custom:scripting/monoscript/fileName/ColorChangedEvent.cs: bafb161b451089e6c72bcae877e0ba66 -> 
  custom:scripting/monoscript/fileName/BestFitOutline.cs: 2ec1c68346f5b721e3d92092cd60b278 -> 
  custom:scripting/monoscript/fileName/NonDrawingGraphicEditor.cs: 1e7abd1e1a4d3da38de70c6d38c19118 -> 
  custom:scripting/monoscript/fileName/HSVChangedEvent.cs: 8a0d7f505f4db7e267a03264293f54eb -> 
  custom:scripting/monoscript/fileName/CUIImageEditor.cs: 0be5a4365a8d65680f88c4d192e5254c -> 
  custom:scripting/monoscript/fileName/HorizontalScrollSnap.cs: 624447835d67a70d90ed2b7f69117316 -> 
  custom:scripting/monoscript/fileName/UI_TweenScale.cs: 50a18c41daf615d82dc37ef0e9dcea31 -> 
  custom:scripting/monoscript/fileName/BoundTooltipItem.cs: 12dc26af634677e40fd7840809357e6c -> 
  custom:scripting/monoscript/fileName/AccordionElement.cs: 69f1a7e537099cc57de9b6eaa86cef32 -> 
  custom:scripting/monoscript/fileName/UI_ScrollRectOcclusion.cs: 491f1c2592ac821eb8de9e533fddd4a9 -> 
  custom:scripting/monoscript/fileName/CUIBezierCurveEditor.cs: be4462c6de2387d5f99ef9d0e93b91ee -> 
  custom:scripting/monoscript/fileName/ColorSliderImage.cs: bbcbfbf23dc2f9fc5450db8f36b24487 -> 
  custom:scripting/monoscript/fileName/Accordion.cs: c31898dc7ffd6f7b32be5689419229bc -> 
  custom:scripting/monoscript/fileName/FancyCell.cs: 0cdf409b5aa8d4c25876d72b5c6a3b60 -> 
  custom:scripting/monoscript/fileName/ShineEffect.cs: 61d233269c4ea687efa548adef5d6e13 -> 
  custom:audio-encoder-webm-vorbis: bf7c407c2cedff20999df2af8eb42d56 -> 
  custom:scripting/monoscript/fileName/ScrollRectTweener.cs: 3437a8fb18bed84a45865e36e83e332f -> 
  custom:scripting/monoscript/fileName/MeshCreator.cs: a2506ad04bac2e5a6d6d50e0d7978d92 -> 
  custom:scripting/monoscript/fileName/UIPolygon.cs: ef7b3e02606f58c56a27e65db10bc7f3 -> 
  custom:scripting/monoscript/fileName/switchToRectTransform.cs: 0ef297259b7f2ab26defc1d718ad1e0a -> 
  custom:scripting/monoscript/fileName/UILineRendererList.cs: efbf4ff76c31aa3e4f61c8b26734d929 -> 
  custom:scripting/monoscript/fileName/CLZF2.cs: 40ef7bf6191a1a5e5b0f37e092e1b271 -> 
  custom:scripting/monoscript/fileName/SimpleMenu.cs: 90647cc400823b41df847a6cbfc29026 -> 
  custom:scripting/monoscript/fileName/RescalePanel.cs: a379a55181438e3b7a29019da8a3c82c -> 
  custom:scripting/monoscript/fileName/DragCorrector.cs: 89ab4a0369eecb75be2277a80a08c1e7 -> 
  custom:scripting/monoscript/fileName/RangeSliderEditor.cs: 1c09cdb4e75bc10f834bbae9a7b54e1e -> 
  custom:scripting/monoscript/fileName/FancyScrollRect.cs: 0cdf409b5aa8d4c25876d72b5c6a3b60 -> 
  custom:scripting/precompiled-assembly-types:Assembly-CSharp: 9d98c5210357a57051bc817a849226c0 -> d9898b08f7aa15a36c94fc52d0b7440b
  custom:scripting/monoscript/fileName/ReorderableList.cs: 944c8e214787d07461c711b29546f976 -> 
  custom:scripting/monoscript/fileName/RadialLayout.cs: 170f31c5fdb54a9fe7ba926effdfd7d4 -> 
  custom:scripting/monoscript/fileName/ColorSlider.cs: a91d06b853e0bf2d5df3ea61a67d5c83 -> 
  custom:scripting/monoscript/fileName/IFancyGridViewContext.cs: be7addf49e5950ebb654fec55c2afa8b -> 
  custom:scripting/precompiled-assembly-types:UnityUIExtensions: c0991a7eaf90618746e467e9e018bd04 -> 
  custom:scripting/monoscript/fileName/CUIGraphic.cs: 4f47fad340418bff51fe6171e2259e7f -> 
  custom:scripting/monoscript/fileName/IFancyCellGroupContext.cs: 323b5f49cc2011b3d2d9088e528ed161 -> 
  custom:scripting/monoscript/fileName/MinMaxSlider.cs: e7d98a511e8b98df33f72f37935821e5 -> 
  custom:scripting/monoscript/fileName/ColorPickerTester.cs: 63b6c03c009a94721b9d41c8d5e5e6ed -> 
========================================================================
Received Prepare
Caller must complete domain reload
Begin MonoManager ReloadAssembly
- Loaded All Assemblies, in  0.514 seconds
Native extension for WindowsStandalone target not found
Native extension for WebGL target not found
Mono: successfully reloaded assembly
- Finished resetting the current domain, in  1.072 seconds
Domain Reload Profiling: 1586ms
	BeginReloadAssembly (163ms)
		ExecutionOrderSort (0ms)
		DisableScriptedObjects (12ms)
		BackupInstance (0ms)
		ReleaseScriptingObjects (0ms)
		CreateAndSetChildDomain (38ms)
	RebuildCommonClasses (36ms)
	RebuildNativeTypeToScriptingClass (11ms)
	initialDomainReloadingComplete (35ms)
	LoadAllAssembliesAndSetupDomain (268ms)
		LoadAssemblies (332ms)
		RebuildTransferFunctionScriptingTraits (0ms)
		AnalyzeDomain (19ms)
			TypeCache.Refresh (6ms)
				TypeCache.ScanAssembly (0ms)
			ScanForSourceGeneratedMonoScriptInfo (0ms)
			ResolveRequiredComponents (12ms)
	FinalizeReload (1073ms)
		ReleaseScriptCaches (0ms)
		RebuildScriptCaches (0ms)
		SetupLoadedEditorAssemblies (447ms)
			LogAssemblyErrors (0ms)
			InitializePlatformSupportModulesInManaged (7ms)
			SetLoadedEditorAssemblies (6ms)
			RefreshPlugins (0ms)
			BeforeProcessingInitializeOnLoad (75ms)
			ProcessInitializeOnLoadAttributes (318ms)
			ProcessInitializeOnLoadMethodAttributes (36ms)
			AfterProcessingInitializeOnLoad (4ms)
			EditorAssembliesLoaded (1ms)
		ExecutionOrderSort2 (0ms)
		AwakeInstancesAfterBackupRestoration (17ms)
Refreshing native plugins compatible for Editor in 7.91 ms, found 7 plugins.
Preloading 0 native plugins for Editor in 0.00 ms.
Unloading 4457 Unused Serialized files (Serialized files now loaded: 0)
Unloading 44 unused Assets / (0.7 MB). Loaded Objects now: 5352.
Memory consumption went from 158.3 MB to 157.7 MB.
Total: 4.564800 ms (FindLiveObjects: 0.510700 ms CreateObjectMapping: 0.189500 ms MarkObjects: 3.352300 ms  DeleteObjects: 0.511300 ms)

Prepare: number of updated asset objects reloaded= 0
AssetImportParameters requested are different than current active one (requested -> active):
  custom:scripting/monoscript/fileName/CardStack2D.cs: 52f7ac406c04f320c1cc31b32fc945ec -> 
  custom:scripting/monoscript/fileName/UILineRendererFIFO.cs: 1a840d7d842445f62c20beee85a5bbc5 -> 
  custom:scripting/monoscript/fileName/FlowLayoutGroup.cs: 4f8c51e99186127173631d5ea0b848a8 -> 
  custom:scripting/monoscript/fileName/UIParticleSystem.cs: 6cef203566a0c9333597e4e233613614 -> 
  custom:scripting/monoscript/fileName/UILineRenderer.cs: 673f1b621ab4781ac78770b1b3c45207 -> 
  custom:scripting/monoscript/fileName/TableLayoutGroup.cs: 9697d88a99d4c91003d206b86eed3a61 -> 
  custom:scripting/monoscript/fileName/Segment.cs: 823b994f6bbb6e32f73e9807948df6b3 -> 
  custom:container-demuxer-ogg: 62fdf1f143b41e24485cea50d1cbac27 -> 
  custom:scripting/monoscript/fileName/SelectionBox.cs: 9eabc2822607d24d284c5c0d720d4a01 -> 
  custom:scripting/monoscript/fileName/ReorderableListContent.cs: a630238339e5f198f723ac29a2329f6d -> 
  custom:scripting/monoscript/fileName/Menu.cs: d0a2652908e797d4064ef9b772450cc8 -> 
  custom:scripting/monoscript/fileName/SetPropertyUtility.cs: 02aade692758e5563210cc05829e9851 -> f604b4b9e6b0979bdfc1e2b40426dd19
  custom:scripting/monoscript/fileName/HSVUtil.cs: 2f204c7a89b046fae714aadbcda42851 -> 
  custom:scripting/monoscript/fileName/FancyCellGroup.cs: 90647cc400823b41df847a6cbfc29026 -> 
  custom:scripting/monoscript/fileName/RescaleDragPanel.cs: 428e5a10a21f2d3fc3805557487d591e -> 
  custom:scripting/monoscript/fileName/ExtensionsToggleGroup.cs: 93967f93faef61aecdca9232fa42b062 -> 
  custom:scripting/monoscript/fileName/ResizePanel.cs: 0a2d1269c62cba913a254b515f8b6020 -> 
  custom:scripting/monoscript/fileName/Circle.cs: cfc2369c92dd039be7c3f572f769fdcf -> 
  custom:scripting/monoscript/fileName/ShaderLibrary.cs: 7a09676978959734a6827051c965f749 -> 
  custom:scripting/monoscript/fileName/CurvedText.cs: c86aabacdca275700720e919fc8a8b52 -> 
  custom:scripting/monoscript/fileName/FancyScrollRectCell.cs: 0cdf409b5aa8d4c25876d72b5c6a3b60 -> 
  custom:scripting/monoscript/fileName/Gradient.cs: a4c2a5a25440c543cd82653fda832632 -> 
  custom:scripting/monoscript/fileName/ScrollSnapBase.cs: 3682088473625968e7b4647a6b4213f6 -> 
  custom:scripting/monoscript/fileName/CUIText.cs: 0be1a405bc9388e4813a74aad6018bec -> 
  custom:scripting/monoscript/fileName/BoundTooltipTrigger.cs: e78e2ee612ba85e075ab794a5cb95e73 -> 
  custom:scripting/monoscript/fileName/UIHighlightable.cs: fd305ad78204cb75a66ce809c3f50e6a -> 
  custom:video-codec-MediaFoundation-h265: 746d11721c4dcdbdad8f713fa42b33f4 -> 
  custom:scripting/monoscript/fileName/UIExtensionsInputManager.cs: 6f468ddae971c3bcce0288549c1beabd -> 
  custom:scripting/monoscript/fileName/Gradient2.cs: 9c1fd6257924e43a80b8fccb859d3828 -> 
  custom:scripting/monoscript/fileName/CooldownButton.cs: 72bd21b90ac71f29908a36179176f8fc -> 
  custom:video-decoder-ogg-theora: a1e56fd34408186e4bbccfd4996cb3dc -> 
  custom:scripting/monoscript/fileName/TileSizeFitter.cs: ba6326e335b6f177a627b992c444832c -> 
  custom:scripting/monoscript/fileName/SelectableScaler.cs: 3ebe175d64b38a572f8dbe8fd345f0c3 -> 
  custom:scripting/monoscript/fileName/AccordionElementEditor.cs: db5ee9b2cff22578a12a4d141614d665 -> 
  custom:scripting/monoscript/fileName/ExtensionsToggle.cs: e0b44aa7e1ff973d74b4857a34a48879 -> 
  custom:scripting/monoscript/fileName/ReorderableListElement.cs: 788a31431a1c95dc9a9a52767f8e812f -> 
  custom:scripting/monoscript/fileName/ShineEffector.cs: 52ed4eb6c7ed8f674a18d2a4db6eba86 -> 
  custom:scripting/monoscript/fileName/UISelectableExtension.cs: b6766007d8a2236e23d4749da2d8cdd2 -> 
  custom:framework-win-MediaFoundation: 216162199b28c13a410421893ffa2e32 -> 
  custom:scripting/monoscript/fileName/UISoftAdditiveEffect.cs: 30a825933c907dec19605ff2f58a292f -> 
  custom:scripting/monoscript/fileName/HexColorField.cs: 425eeca1ce4159bc649962b2337061a4 -> 
  custom:scripting/monoscript/fileName/ColorPickerControl.cs: 97231f899ae243cc634f34e048c22095 -> 
  custom:scripting/monoscript/fileName/ReorderableListDebug.cs: 51cf5a188c464deb681bea16cb795b61 -> 
  custom:scripting/monoscript/fileName/TextPic.cs: 9dbd7bc654cbf19eee33ac6fc452bfb1 -> 
  custom:scripting/monoscript/fileName/CUIImage.cs: 41f29f650aa507f802cd9793d91f3211 -> 
  custom:scripting/monoscript/fileName/DropDownListButton.cs: 71d533f2602e0e099d09a556ef8e4414 -> 
  custom:scripting/monoscript/fileName/ScrollSnap.cs: c5ae67ed5cc8c0ab1f7496803acc2648 -> 
  custom:scripting/monoscript/fileName/TextPicIconListCopier.cs: a564a2a474c019b98650cff2383ccfca -> 
  custom:scripting/monoscript/fileName/UICornerCut.cs: 69b0dfb485aa2b1afa65fcf30028125b -> 
  custom:scripting/monoscript/fileName/ScrollerEditor.cs: 478519b80ad2bc62d4a4b80ae078e694 -> 
  custom:scripting/monoscript/fileName/IBoxSelectable.cs: a5bf39a694cf2b84c65e7bec998d4941 -> 
  custom:scripting/monoscript/fileName/TiltWindow.cs: 7c3356d1b5bc9c6e9fe98345b0be7c30 -> 
  custom:scripting/monoscript/fileName/ExtensionMethods.cs: 943bd8dac5ce9467ce7deb0856dc6b0a -> 
  custom:scripting/monoscript/fileName/ComboBox.cs: a6ca48dde827ff07a9093f3624d58e62 -> 
  custom:scripting/monoscript/fileName/ScrollRectLinker.cs: 0316116e17d192ca2ef7c97539dff50f -> 
  custom:scripting/monoscript/fileName/SVBoxSlider.cs: 1d22c9c16d63e1cf38ad19bbcec9a0da -> 
  custom:scripting/monoscript/fileName/VerticalScrollSnap.cs: a7ebcf1fac8331e70ee01e540cbe484b -> 
  custom:scripting/monoscript/fileName/UILineConnector.cs: ea5f69a32957fe35ae7b512ef3f758ef -> 
  custom:scripting/monoscript/fileName/UIScreenEffect.cs: c36542c529d1f733362556ab22c18bf9 -> 
  custom:scripting/monoscript/fileName/SoftMaskScript.cs: 867049fb2647c9983fb1391409f93d30 -> 
  custom:scripting/monoscript/fileName/DiamondGraph.cs: a01b647a54847840428a395cc0d6fc16 -> 
  custom:scripting/monoscript/fileName/ScrollRectEx.cs: 3f6a881a34055e182fee3ab0baaee0c3 -> 
  custom:scripting/monoscript/fileName/UIGridRenderer.cs: 04c0062f4b7cdd6963fdba9ae03d9c72 -> 
  custom:scripting/monoscript/fileName/NicerOutline.cs: 571a7c7c4af4ebadc9fed23f0c3b0b46 -> 
  custom:CustomObjectIndexerAttribute: 9a22284fe3817be447336de3de66b15e -> 
  custom:scripting/monoscript/fileName/ScrollRectExtensions.cs: c76cb840404ffa9bc24248639e9da4ee -> 
  custom:scripting/monoscript/fileName/FancyGridViewContext.cs: 8738476657d4a33c34bc82bed7ce8bc9 -> 
  custom:scripting/monoscript/fileName/MinMaxValues.cs: 4aa11a61e640749f4ea5f947f86be5ba -> 
  custom:scripting/monoscript/fileName/CardExpanding3D.cs: d8b2b9924677ad2b445b05edbed7f0e3 -> 
  custom:scripting/monoscript/fileName/MinMaxSliderEditor.cs: e0496a7f76fc8934af2a763a7289ad36 -> 
  custom:scripting/monoscript/fileName/StepperSide.cs: 34d9a35c8c2622f327b140f18a7398a7 -> 
  custom:scripting/monoscript/fileName/CUIGraphicEditor.cs: a618262d3e77d462c5a0cd2e608e8a53 -> 
  custom:scripting/monoscript/fileName/DropDownList.cs: 3d51ab81e9571c9027b59874b2c78567 -> 
  custom:scripting/monoscript/fileName/ITweenValue.cs: 1d0eaa4b435fa135e18af6b5fa57e92e -> 
  custom:container-demuxer-webm: 4f35f7cbe854078d1ac9338744f61a02 -> 
  custom:scripting/monoscript/fileName/CardExpanding2D.cs: e0950b450275cb3936a581f286a6b471 -> 
  custom:scripting/monoscript/fileName/ResetSelectableHighlight.cs: 3ea63487fd77e7b22731770a86b4f8b9 -> 
  custom:scripting/monoscript/fileName/UIScrollToSelection.cs: d89fc8e36bdc19715e3104a5f857d175 -> 
  custom:scripting/monoscript/fileName/IScrollSnap.cs: 80b4110dac6695d630b8e7501d8e5aa8 -> 
  custom:scripting/monoscript/fileName/SegmentedControl.cs: 3a6e53207de58cf304ab520e0638e2df -> 
  custom:scripting/monoscript/fileName/ColorSampler.cs: 617678b91f4adc7b3146f51bed3fc4b1 -> 
  custom:scripting/monoscript/fileName/TabNavigationHelper.cs: 43f45dc623750048d2fbac24931c8ac8 -> 
  custom:scripting/monoscript/fileName/AutoCompleteComboBox.cs: 6e2e6cf33d4f5ca4ad3c05ff8f254467 -> 
  custom:scripting/monoscript/fileName/TextPicEditor.cs: c23216fe996c314d4c496ad837485981 -> 
  custom:scripting/monoscript/fileName/CUIMisc.cs: bc26c7f132f5cd28304cbc88070ca4dc -> 
  custom:scripting/monoscript/fileName/UIAdditiveEffect.cs: 50386f7d7d76f5c5e155dbf56c5e5fdd -> 
  custom:scripting/monoscript/fileName/MonoSpacing.cs: 45ba6bf376dd125375a8906a7d8b8b4b -> 
  custom:scripting/monoscript/fileName/FloatTween.cs: c51b551f6abec506d0db9945f7aa25cc -> 
  custom:scripting/monoscript/fileName/BoxSlider.cs: 662335e935a62641f6cb14e99e25e994 -> 
  custom:scripting/monoscript/fileName/BezierLineRendererEditor.cs: 2a50098be424d999e43b888ace13278c -> 
  custom:scripting/monoscript/fileName/NonDrawingGraphic.cs: a309796f6d67e4c1c110ec62b4572b4e -> 
  custom:scripting/monoscript/fileName/ScrollPositionController.cs: 30c392a65a277a4a74b1a6f1a3417601 -> 
  custom:scripting/monoscript/fileName/ContentScrollSnapHorizontal.cs: cb0bf043572062ce08b48904f46c98c8 -> 
  custom:scripting/monoscript/fileName/Triangulator.cs: 4ee9f09ca55767568ee94c9eaaed7244 -> d867a9a7a8385ef82ff357feb70c59d4
  custom:scripting/monoscript/fileName/UIImageCrop.cs: 1ec5d1f18ccf3bbe8ea319cda00ecfbc -> 
  custom:scripting/monoscript/fileName/BoxSliderEditor.cs: 9c680a5a338924fb176605eed0f68a75 -> 
  custom:scripting/monoscript/fileName/FancyScrollView.cs: c5f9c64ec4b4e183b17919204bc381a9 -> 
  custom:scripting/monoscript/fileName/BezierPath.cs: 90cbb6f823f7a03c69c93b3e1653c45e -> 
  custom:scripting/monoscript/fileName/SuperellipsePoints.cs: db2a1c9698f2dea478e1d6bfece554ae -> 
  custom:scripting/monoscript/fileName/UI_Knob.cs: 00244fb2be3e9e1f5ec3a07f175066a9 -> 
  custom:container-muxer-webm: aa71ff27fc2769a1b78a27578f13a17b -> 
  custom:scripting/monoscript/fileName/RaycastMask.cs: b13971e6a124c25b886c6703ae2aab24 -> 
  custom:scripting/monoscript/fileName/MultiTouchScrollRect.cs: 3a778993ea01435b2502c14ea2b2ff98 -> 
  custom:video-decoder-webm-vp8: 9c59270c3fd7afecdb556c50c9e8de78 -> 
  custom:scripting/monoscript/fileName/InputFieldEnterSubmit.cs: cdd5149b8afb8dc59ad57cc53ad8fb3b -> 
  custom:scripting/monoscript/fileName/ExampleSelectable.cs: 8dc7a8cd606154e7d10bb507e235c1f8 -> 
  custom:scripting/monoscript/fileName/uGUITools.cs: aa32797d8a9cdcd2167b6be114b0d5ec -> 
  custom:scripting/monoscript/fileName/UILinearDodgeEffect.cs: f5508d2f3f6addba614d4c08275f4546 -> 
  custom:SearchIndexIgnoredProperties: e643bd26f0fe6173181afceb89e7c659 -> 
  custom:scripting/monoscript/fileName/EasingCore.cs: 0bad7e894488e9b67256d892a478aab1 -> 
  custom:scripting/monoscript/fileName/Stepper.cs: 3ee1a56034750815f9c567b6c54fbbb8 -> 
  custom:scripting/monoscript/fileName/UIPrimitiveBase.cs: 80a945e915822efd5c887ee28f76aa9f -> 
  custom:AudioImporter_EditorPlatform: d09bf68614088b80899f8185d706f6e7 -> 
  custom:scripting/monoscript/fileName/LetterSpacing.cs: c4f4c504ac9c0b708c438c8a0faf6a96 -> 
  custom:scripting/monoscript/fileName/UISquircle.cs: faaa67841792f2c90a13db82841ac6e3 -> 
  custom:scripting/monoscript/fileName/RangeSlider.cs: 026cea0882c5bbc90f7cedc5111cfeb2 -> 
  custom:scripting/monoscript/fileName/UIExtensionMethods.cs: 2621bff24acfb4ddb3b264b7553588d8 -> 
  custom:scripting/monoscript/fileName/UIVerticalScroller.cs: 3532ae0d4ba5f6e2c310cfec2c655a8c -> 
  custom:scripting/monoscript/fileName/FiltersPanel.cs: 5dbe4ca523d219ec24889a3783d94d4d -> 
  custom:scripting/monoscript/fileName/ColorLabel.cs: 9a2d62e5e8f65400e4abc881023f36f7 -> 
  custom:scripting/monoscript/fileName/TooltipTrigger.cs: 546a7d73bc42b9e6f1fd03a7e07d7f29 -> 
  custom:scripting/monoscript/fileName/UIMultiplyEffect.cs: 29b6f1f4d98d9b61292d829c0030af4b -> 
  custom:scripting/monoscript/fileName/CardPopup2D.cs: ac929914b8675b3ff1238ddb1cc99789 -> 
  custom:scripting/monoscript/fileName/ScrollSnapScrollbarHelper.cs: d6b043fd7048156ea2ef4da9da4a0a51 -> 
  custom:scripting/monoscript/fileName/HoverTooltip.cs: abdf0400bdf15bb8fdc0bc4d5ecc993f -> 
  custom:scripting/monoscript/fileName/ColorImage.cs: 87dea3e9bf43c94e295d4fa411046c66 -> 
  custom:scripting/monoscript/fileName/FancyScrollRectContext.cs: 9e5d4d8665c04a1190a3fc52908244b0 -> 
  custom:scripting/monoscript/fileName/TextPicIconEditor.cs: 1f41560011fcb93d03be374d10238c0c -> 
  custom:scripting/monoscript/fileName/UI_InfiniteScroll.cs: f7518bdb5ccbb5518282b9c860eef985 -> 
  custom:scripting/monoscript/fileName/UIExtensionsMenuOptions.cs: 25d3bc76bdcc7be45d732e8f064ec6a7 -> 
  custom:scripting/monoscript/fileName/ReadOnlyAttribute.cs: 604ae8fbc27d6402b88ac08f1987318f -> 
  custom:scripting/monoscript/fileName/UICircle.cs: e40253d6117a9fbea82cc285a7e8a36e -> 
  custom:scripting/monoscript/fileName/UIScrollToSelectionXY.cs: 8145d21a6ef6f8610242d2ba291595b9 -> 
  custom:scripting/monoscript/fileName/CUITextEditor.cs: 966cced0a631446b9484c2fe777a7f5b -> 
  custom:scripting/precompiled-assembly-types:UnityUIExtensions.editor: e002030e6fc012878af160bb334541ad -> 
  custom:scripting/monoscript/fileName/TweenRunner.cs: 90647cc400823b41df847a6cbfc29026 -> 
  custom:scripting/monoscript/fileName/UIHorizontalScroller.cs: 758f016ad67e22eff0f26468f408f006 -> 
  custom:scripting/monoscript/fileName/ReturnKeyTriggersButton.cs: 622f27a1a5fce3f8fe14f0fe6c6b39b5 -> 
  custom:scripting/monoscript/fileName/FancyGridViewCell.cs: 0cdf409b5aa8d4c25876d72b5c6a3b60 -> 
  custom:scripting/monoscript/fileName/Scroller.cs: 94938ad1cd7c20206a0339e3bd7f3330 -> 
  custom:scripting/monoscript/fileName/CylinderText.cs: 86c073c10ed890f8e108be86fb350e35 -> 
  custom:scripting/monoscript/fileName/ColorPickerPresets.cs: d20309ac183a87fd46c2e0a03ba5bdef -> 
  custom:scripting/monoscript/fileName/RadialSlider.cs: 24542b53b379116a4f98bb53a64e13b8 -> 
  custom:scripting/monoscript/fileName/PPIViewer.cs: 5269fbe050022d597b2ceba1b1d4cbae -> 
  custom:scripting/monoscript/fileName/InputFocus.cs: 6a5a3b184038cb5e7dbe4882c96bc91b -> 
  custom:scripting/monoscript/fileName/CUIBezierCurve.cs: 32214df0cb137de9f4967269deffb6f3 -> 
  custom:scripting/monoscript/fileName/DropDownListItem.cs: 91c61fd79335f34fb81e114553bf8888 -> 
  custom:scripting/monoscript/fileName/UIFlippable.cs: 9c843e180ea4b6afe9c1ba071336e124 -> 
  custom:scripting/monoscript/fileName/CanvasGroupActivator.cs: f743e9c6e47b0eb8c0b7b2fbf9f7de19 -> 
  custom:scripting/monoscript/fileName/UIWindowBase.cs: 776e605614a77fffd4e0147c8e684e94 -> 
  custom:video-encoder-webm-vp8: eb34c28f22e8b96e1ab97ce403110664 -> 
  custom:scripting/monoscript/fileName/ScrollPositionControllerEditor.cs: fb86570a90d8d5b779234b7f103e1b51 -> 
  custom:scripting/monoscript/fileName/CurvedLayout.cs: 46917779e317aa4a214ea430689de312 -> 
  custom:scripting/monoscript/fileName/ScrollConflictManager.cs: 1a474b2432b80a8b7211f13c79bb991c -> 
  custom:scripting/monoscript/fileName/ReadOnlyDrawer.cs: 1c0aa6472b8e40c24f66a5805d818994 -> 
  custom:audio-decoder-ogg-vorbis: bf7c407c2cedff20999df2af8eb42d56 -> 
  custom:scripting/monoscript/fileName/FancyGridView.cs: 849ed7f5b11c9db237ef61b01c5a5104 -> 
  custom:scripting/monoscript/fileName/CableCurve.cs: 1ed0592bfc80d3ca3db7b55e9a6e9d9a -> 
  custom:scripting/monoscript/fileName/PaginationManager.cs: b5c7a38e1c9bde92ca052679632bc9f1 -> 
  custom:scripting/monoscript/fileName/UILineTextureRenderer.cs: f3042185c83712ad42b2d6694b56f8d3 -> 
  custom:scripting/monoscript/fileName/MenuManager.cs: 8e71de17d45faf11b5ca3e63d3867170 -> 
  custom:scripting/monoscript/fileName/ColorPickerPresetsEditor.cs: 57bebb34d006d8305e8cd353ea00f28b -> 
  custom:scripting/monoscript/fileName/UI_MagneticInfiniteScroll.cs: 7f0db092e1c52c826e7ccbefe21fe7ce -> 
  custom:scripting/monoscript/fileName/ToolTip.cs: 2f05f936126a769ca9a98ef6920928a7 -> 
  custom:scripting/monoscript/fileName/TextPicRenameEditor.cs: b67a1588d964fe3ac177da9872e96689 -> 
  custom:scripting/monoscript/fileName/TestCompression.cs: 2a18178f72c1b3979b9006483863f20e -> 
  custom:scripting/monoscript/fileName/IFancyScrollRectContext.cs: 9c4dee0aef526d67eb0a668a1c9b910a -> 
  custom:scripting/monoscript/fileName/ColorChangedEvent.cs: bafb161b451089e6c72bcae877e0ba66 -> 
  custom:scripting/monoscript/fileName/BestFitOutline.cs: 2ec1c68346f5b721e3d92092cd60b278 -> 
  custom:scripting/monoscript/fileName/NonDrawingGraphicEditor.cs: 1e7abd1e1a4d3da38de70c6d38c19118 -> 
  custom:scripting/monoscript/fileName/HSVChangedEvent.cs: 8a0d7f505f4db7e267a03264293f54eb -> 
  custom:scripting/monoscript/fileName/CUIImageEditor.cs: 0be5a4365a8d65680f88c4d192e5254c -> 
  custom:scripting/monoscript/fileName/HorizontalScrollSnap.cs: 624447835d67a70d90ed2b7f69117316 -> 
  custom:scripting/monoscript/fileName/UI_TweenScale.cs: 50a18c41daf615d82dc37ef0e9dcea31 -> 
  custom:scripting/monoscript/fileName/BoundTooltipItem.cs: 12dc26af634677e40fd7840809357e6c -> 
  custom:scripting/monoscript/fileName/AccordionElement.cs: 69f1a7e537099cc57de9b6eaa86cef32 -> 
  custom:scripting/monoscript/fileName/UI_ScrollRectOcclusion.cs: 491f1c2592ac821eb8de9e533fddd4a9 -> 
  custom:scripting/monoscript/fileName/CUIBezierCurveEditor.cs: be4462c6de2387d5f99ef9d0e93b91ee -> 
  custom:scripting/monoscript/fileName/ColorSliderImage.cs: bbcbfbf23dc2f9fc5450db8f36b24487 -> 
  custom:scripting/monoscript/fileName/Accordion.cs: c31898dc7ffd6f7b32be5689419229bc -> 
  custom:scripting/monoscript/fileName/FancyCell.cs: 0cdf409b5aa8d4c25876d72b5c6a3b60 -> 
  custom:scripting/monoscript/fileName/ShineEffect.cs: 61d233269c4ea687efa548adef5d6e13 -> 
  custom:audio-encoder-webm-vorbis: bf7c407c2cedff20999df2af8eb42d56 -> 
  custom:scripting/monoscript/fileName/ScrollRectTweener.cs: 3437a8fb18bed84a45865e36e83e332f -> 
  custom:scripting/monoscript/fileName/MeshCreator.cs: a2506ad04bac2e5a6d6d50e0d7978d92 -> 
  custom:scripting/monoscript/fileName/UIPolygon.cs: ef7b3e02606f58c56a27e65db10bc7f3 -> 
  custom:scripting/monoscript/fileName/switchToRectTransform.cs: 0ef297259b7f2ab26defc1d718ad1e0a -> 
  custom:scripting/monoscript/fileName/UILineRendererList.cs: efbf4ff76c31aa3e4f61c8b26734d929 -> 
  custom:scripting/monoscript/fileName/CLZF2.cs: 40ef7bf6191a1a5e5b0f37e092e1b271 -> 
  custom:scripting/monoscript/fileName/SimpleMenu.cs: 90647cc400823b41df847a6cbfc29026 -> 
  custom:scripting/monoscript/fileName/RescalePanel.cs: a379a55181438e3b7a29019da8a3c82c -> 
  custom:scripting/monoscript/fileName/DragCorrector.cs: 89ab4a0369eecb75be2277a80a08c1e7 -> 
  custom:scripting/monoscript/fileName/RangeSliderEditor.cs: 1c09cdb4e75bc10f834bbae9a7b54e1e -> 
  custom:scripting/monoscript/fileName/FancyScrollRect.cs: 0cdf409b5aa8d4c25876d72b5c6a3b60 -> 
  custom:scripting/precompiled-assembly-types:Assembly-CSharp: 9d98c5210357a57051bc817a849226c0 -> d9898b08f7aa15a36c94fc52d0b7440b
  custom:scripting/monoscript/fileName/ReorderableList.cs: 944c8e214787d07461c711b29546f976 -> 
  custom:scripting/monoscript/fileName/RadialLayout.cs: 170f31c5fdb54a9fe7ba926effdfd7d4 -> 
  custom:scripting/monoscript/fileName/ColorSlider.cs: a91d06b853e0bf2d5df3ea61a67d5c83 -> 
  custom:scripting/monoscript/fileName/IFancyGridViewContext.cs: be7addf49e5950ebb654fec55c2afa8b -> 
  custom:scripting/precompiled-assembly-types:UnityUIExtensions: c0991a7eaf90618746e467e9e018bd04 -> 
  custom:scripting/monoscript/fileName/CUIGraphic.cs: 4f47fad340418bff51fe6171e2259e7f -> 
  custom:scripting/monoscript/fileName/IFancyCellGroupContext.cs: 323b5f49cc2011b3d2d9088e528ed161 -> 
  custom:scripting/monoscript/fileName/MinMaxSlider.cs: e7d98a511e8b98df33f72f37935821e5 -> 
  custom:scripting/monoscript/fileName/ColorPickerTester.cs: 63b6c03c009a94721b9d41c8d5e5e6ed -> 
========================================================================
Received Prepare
Caller must complete domain reload
Begin MonoManager ReloadAssembly
- Loaded All Assemblies, in  0.549 seconds
Native extension for WindowsStandalone target not found
Native extension for WebGL target not found
Mono: successfully reloaded assembly
- Finished resetting the current domain, in  1.120 seconds
Domain Reload Profiling: 1669ms
	BeginReloadAssembly (181ms)
		ExecutionOrderSort (0ms)
		DisableScriptedObjects (12ms)
		BackupInstance (0ms)
		ReleaseScriptingObjects (0ms)
		CreateAndSetChildDomain (39ms)
	RebuildCommonClasses (39ms)
	RebuildNativeTypeToScriptingClass (13ms)
	initialDomainReloadingComplete (29ms)
	LoadAllAssembliesAndSetupDomain (287ms)
		LoadAssemblies (363ms)
		RebuildTransferFunctionScriptingTraits (0ms)
		AnalyzeDomain (18ms)
			TypeCache.Refresh (6ms)
				TypeCache.ScanAssembly (0ms)
			ScanForSourceGeneratedMonoScriptInfo (0ms)
			ResolveRequiredComponents (10ms)
	FinalizeReload (1120ms)
		ReleaseScriptCaches (0ms)
		RebuildScriptCaches (0ms)
		SetupLoadedEditorAssemblies (471ms)
			LogAssemblyErrors (0ms)
			InitializePlatformSupportModulesInManaged (6ms)
			SetLoadedEditorAssemblies (5ms)
			RefreshPlugins (0ms)
			BeforeProcessingInitializeOnLoad (73ms)
			ProcessInitializeOnLoadAttributes (348ms)
			ProcessInitializeOnLoadMethodAttributes (36ms)
			AfterProcessingInitializeOnLoad (3ms)
			EditorAssembliesLoaded (0ms)
		ExecutionOrderSort2 (0ms)
		AwakeInstancesAfterBackupRestoration (16ms)
Refreshing native plugins compatible for Editor in 12.94 ms, found 7 plugins.
Preloading 0 native plugins for Editor in 0.00 ms.
Unloading 4457 Unused Serialized files (Serialized files now loaded: 0)
Unloading 44 unused Assets / (0.7 MB). Loaded Objects now: 5356.
Memory consumption went from 158.3 MB to 157.7 MB.
Total: 4.361700 ms (FindLiveObjects: 0.462900 ms CreateObjectMapping: 0.116100 ms MarkObjects: 3.115500 ms  DeleteObjects: 0.665700 ms)

Prepare: number of updated asset objects reloaded= 0
AssetImportParameters requested are different than current active one (requested -> active):
  custom:scripting/monoscript/fileName/CardStack2D.cs: 52f7ac406c04f320c1cc31b32fc945ec -> 
  custom:scripting/monoscript/fileName/UILineRendererFIFO.cs: 1a840d7d842445f62c20beee85a5bbc5 -> 
  custom:scripting/monoscript/fileName/FlowLayoutGroup.cs: 4f8c51e99186127173631d5ea0b848a8 -> 
  custom:scripting/monoscript/fileName/UIParticleSystem.cs: 6cef203566a0c9333597e4e233613614 -> 
  custom:scripting/monoscript/fileName/UILineRenderer.cs: 673f1b621ab4781ac78770b1b3c45207 -> 
  custom:scripting/monoscript/fileName/TableLayoutGroup.cs: 9697d88a99d4c91003d206b86eed3a61 -> 
  custom:scripting/monoscript/fileName/Segment.cs: 823b994f6bbb6e32f73e9807948df6b3 -> 
  custom:container-demuxer-ogg: 62fdf1f143b41e24485cea50d1cbac27 -> 
  custom:scripting/monoscript/fileName/SelectionBox.cs: 9eabc2822607d24d284c5c0d720d4a01 -> 
  custom:scripting/monoscript/fileName/ReorderableListContent.cs: a630238339e5f198f723ac29a2329f6d -> 
  custom:scripting/monoscript/fileName/Menu.cs: d0a2652908e797d4064ef9b772450cc8 -> 
  custom:scripting/monoscript/fileName/SetPropertyUtility.cs: 02aade692758e5563210cc05829e9851 -> f604b4b9e6b0979bdfc1e2b40426dd19
  custom:scripting/monoscript/fileName/HSVUtil.cs: 2f204c7a89b046fae714aadbcda42851 -> 
  custom:scripting/monoscript/fileName/FancyCellGroup.cs: 90647cc400823b41df847a6cbfc29026 -> 
  custom:scripting/monoscript/fileName/RescaleDragPanel.cs: 428e5a10a21f2d3fc3805557487d591e -> 
  custom:scripting/monoscript/fileName/ExtensionsToggleGroup.cs: 93967f93faef61aecdca9232fa42b062 -> 
  custom:scripting/monoscript/fileName/ResizePanel.cs: 0a2d1269c62cba913a254b515f8b6020 -> 
  custom:scripting/monoscript/fileName/Circle.cs: cfc2369c92dd039be7c3f572f769fdcf -> 
  custom:scripting/monoscript/fileName/ShaderLibrary.cs: 7a09676978959734a6827051c965f749 -> 
  custom:scripting/monoscript/fileName/CurvedText.cs: c86aabacdca275700720e919fc8a8b52 -> 
  custom:scripting/monoscript/fileName/FancyScrollRectCell.cs: 0cdf409b5aa8d4c25876d72b5c6a3b60 -> 
  custom:scripting/monoscript/fileName/Gradient.cs: a4c2a5a25440c543cd82653fda832632 -> 
  custom:scripting/monoscript/fileName/ScrollSnapBase.cs: 3682088473625968e7b4647a6b4213f6 -> 
  custom:scripting/monoscript/fileName/CUIText.cs: 0be1a405bc9388e4813a74aad6018bec -> 
  custom:scripting/monoscript/fileName/BoundTooltipTrigger.cs: e78e2ee612ba85e075ab794a5cb95e73 -> 
  custom:scripting/monoscript/fileName/UIHighlightable.cs: fd305ad78204cb75a66ce809c3f50e6a -> 
  custom:video-codec-MediaFoundation-h265: 746d11721c4dcdbdad8f713fa42b33f4 -> 
  custom:scripting/monoscript/fileName/UIExtensionsInputManager.cs: 6f468ddae971c3bcce0288549c1beabd -> 
  custom:scripting/monoscript/fileName/Gradient2.cs: 9c1fd6257924e43a80b8fccb859d3828 -> 
  custom:scripting/monoscript/fileName/CooldownButton.cs: 72bd21b90ac71f29908a36179176f8fc -> 
  custom:video-decoder-ogg-theora: a1e56fd34408186e4bbccfd4996cb3dc -> 
  custom:scripting/monoscript/fileName/TileSizeFitter.cs: ba6326e335b6f177a627b992c444832c -> 
  custom:scripting/monoscript/fileName/SelectableScaler.cs: 3ebe175d64b38a572f8dbe8fd345f0c3 -> 
  custom:scripting/monoscript/fileName/AccordionElementEditor.cs: db5ee9b2cff22578a12a4d141614d665 -> 
  custom:scripting/monoscript/fileName/ExtensionsToggle.cs: e0b44aa7e1ff973d74b4857a34a48879 -> 
  custom:scripting/monoscript/fileName/ReorderableListElement.cs: 788a31431a1c95dc9a9a52767f8e812f -> 
  custom:scripting/monoscript/fileName/ShineEffector.cs: 52ed4eb6c7ed8f674a18d2a4db6eba86 -> 
  custom:scripting/monoscript/fileName/UISelectableExtension.cs: b6766007d8a2236e23d4749da2d8cdd2 -> 
  custom:framework-win-MediaFoundation: 216162199b28c13a410421893ffa2e32 -> 
  custom:scripting/monoscript/fileName/UISoftAdditiveEffect.cs: 30a825933c907dec19605ff2f58a292f -> 
  custom:scripting/monoscript/fileName/HexColorField.cs: 425eeca1ce4159bc649962b2337061a4 -> 
  custom:scripting/monoscript/fileName/ColorPickerControl.cs: 97231f899ae243cc634f34e048c22095 -> 
  custom:scripting/monoscript/fileName/ReorderableListDebug.cs: 51cf5a188c464deb681bea16cb795b61 -> 
  custom:scripting/monoscript/fileName/TextPic.cs: 9dbd7bc654cbf19eee33ac6fc452bfb1 -> 
  custom:scripting/monoscript/fileName/CUIImage.cs: 41f29f650aa507f802cd9793d91f3211 -> 
  custom:scripting/monoscript/fileName/DropDownListButton.cs: 71d533f2602e0e099d09a556ef8e4414 -> 
  custom:scripting/monoscript/fileName/ScrollSnap.cs: c5ae67ed5cc8c0ab1f7496803acc2648 -> 
  custom:scripting/monoscript/fileName/TextPicIconListCopier.cs: a564a2a474c019b98650cff2383ccfca -> 
  custom:scripting/monoscript/fileName/UICornerCut.cs: 69b0dfb485aa2b1afa65fcf30028125b -> 
  custom:scripting/monoscript/fileName/ScrollerEditor.cs: 478519b80ad2bc62d4a4b80ae078e694 -> 
  custom:scripting/monoscript/fileName/IBoxSelectable.cs: a5bf39a694cf2b84c65e7bec998d4941 -> 
  custom:scripting/monoscript/fileName/TiltWindow.cs: 7c3356d1b5bc9c6e9fe98345b0be7c30 -> 
  custom:scripting/monoscript/fileName/ExtensionMethods.cs: 943bd8dac5ce9467ce7deb0856dc6b0a -> 
  custom:scripting/monoscript/fileName/ComboBox.cs: a6ca48dde827ff07a9093f3624d58e62 -> 
  custom:scripting/monoscript/fileName/ScrollRectLinker.cs: 0316116e17d192ca2ef7c97539dff50f -> 
  custom:scripting/monoscript/fileName/SVBoxSlider.cs: 1d22c9c16d63e1cf38ad19bbcec9a0da -> 
  custom:scripting/monoscript/fileName/VerticalScrollSnap.cs: a7ebcf1fac8331e70ee01e540cbe484b -> 
  custom:scripting/monoscript/fileName/UILineConnector.cs: ea5f69a32957fe35ae7b512ef3f758ef -> 
  custom:scripting/monoscript/fileName/UIScreenEffect.cs: c36542c529d1f733362556ab22c18bf9 -> 
  custom:scripting/monoscript/fileName/SoftMaskScript.cs: 867049fb2647c9983fb1391409f93d30 -> 
  custom:scripting/monoscript/fileName/DiamondGraph.cs: a01b647a54847840428a395cc0d6fc16 -> 
  custom:scripting/monoscript/fileName/ScrollRectEx.cs: 3f6a881a34055e182fee3ab0baaee0c3 -> 
  custom:scripting/monoscript/fileName/UIGridRenderer.cs: 04c0062f4b7cdd6963fdba9ae03d9c72 -> 
  custom:scripting/monoscript/fileName/NicerOutline.cs: 571a7c7c4af4ebadc9fed23f0c3b0b46 -> 
  custom:CustomObjectIndexerAttribute: 9a22284fe3817be447336de3de66b15e -> 
  custom:scripting/monoscript/fileName/ScrollRectExtensions.cs: c76cb840404ffa9bc24248639e9da4ee -> 
  custom:scripting/monoscript/fileName/FancyGridViewContext.cs: 8738476657d4a33c34bc82bed7ce8bc9 -> 
  custom:scripting/monoscript/fileName/MinMaxValues.cs: 4aa11a61e640749f4ea5f947f86be5ba -> 
  custom:scripting/monoscript/fileName/CardExpanding3D.cs: d8b2b9924677ad2b445b05edbed7f0e3 -> 
  custom:scripting/monoscript/fileName/MinMaxSliderEditor.cs: e0496a7f76fc8934af2a763a7289ad36 -> 
  custom:scripting/monoscript/fileName/StepperSide.cs: 34d9a35c8c2622f327b140f18a7398a7 -> 
  custom:scripting/monoscript/fileName/CUIGraphicEditor.cs: a618262d3e77d462c5a0cd2e608e8a53 -> 
  custom:scripting/monoscript/fileName/DropDownList.cs: 3d51ab81e9571c9027b59874b2c78567 -> 
  custom:scripting/monoscript/fileName/ITweenValue.cs: 1d0eaa4b435fa135e18af6b5fa57e92e -> 
  custom:container-demuxer-webm: 4f35f7cbe854078d1ac9338744f61a02 -> 
  custom:scripting/monoscript/fileName/CardExpanding2D.cs: e0950b450275cb3936a581f286a6b471 -> 
  custom:scripting/monoscript/fileName/ResetSelectableHighlight.cs: 3ea63487fd77e7b22731770a86b4f8b9 -> 
  custom:scripting/monoscript/fileName/UIScrollToSelection.cs: d89fc8e36bdc19715e3104a5f857d175 -> 
  custom:scripting/monoscript/fileName/IScrollSnap.cs: 80b4110dac6695d630b8e7501d8e5aa8 -> 
  custom:scripting/monoscript/fileName/SegmentedControl.cs: 3a6e53207de58cf304ab520e0638e2df -> 
  custom:scripting/monoscript/fileName/ColorSampler.cs: 617678b91f4adc7b3146f51bed3fc4b1 -> 
  custom:scripting/monoscript/fileName/TabNavigationHelper.cs: 43f45dc623750048d2fbac24931c8ac8 -> 
  custom:scripting/monoscript/fileName/AutoCompleteComboBox.cs: 6e2e6cf33d4f5ca4ad3c05ff8f254467 -> 
  custom:scripting/monoscript/fileName/TextPicEditor.cs: c23216fe996c314d4c496ad837485981 -> 
  custom:scripting/monoscript/fileName/CUIMisc.cs: bc26c7f132f5cd28304cbc88070ca4dc -> 
  custom:scripting/monoscript/fileName/UIAdditiveEffect.cs: 50386f7d7d76f5c5e155dbf56c5e5fdd -> 
  custom:scripting/monoscript/fileName/MonoSpacing.cs: 45ba6bf376dd125375a8906a7d8b8b4b -> 
  custom:scripting/monoscript/fileName/FloatTween.cs: c51b551f6abec506d0db9945f7aa25cc -> 
  custom:scripting/monoscript/fileName/BoxSlider.cs: 662335e935a62641f6cb14e99e25e994 -> 
  custom:scripting/monoscript/fileName/BezierLineRendererEditor.cs: 2a50098be424d999e43b888ace13278c -> 
  custom:scripting/monoscript/fileName/NonDrawingGraphic.cs: a309796f6d67e4c1c110ec62b4572b4e -> 
  custom:scripting/monoscript/fileName/ScrollPositionController.cs: 30c392a65a277a4a74b1a6f1a3417601 -> 
  custom:scripting/monoscript/fileName/ContentScrollSnapHorizontal.cs: cb0bf043572062ce08b48904f46c98c8 -> 
  custom:scripting/monoscript/fileName/Triangulator.cs: 4ee9f09ca55767568ee94c9eaaed7244 -> d867a9a7a8385ef82ff357feb70c59d4
  custom:scripting/monoscript/fileName/UIImageCrop.cs: 1ec5d1f18ccf3bbe8ea319cda00ecfbc -> 
  custom:scripting/monoscript/fileName/BoxSliderEditor.cs: 9c680a5a338924fb176605eed0f68a75 -> 
  custom:scripting/monoscript/fileName/FancyScrollView.cs: c5f9c64ec4b4e183b17919204bc381a9 -> 
  custom:scripting/monoscript/fileName/BezierPath.cs: 90cbb6f823f7a03c69c93b3e1653c45e -> 
  custom:scripting/monoscript/fileName/SuperellipsePoints.cs: db2a1c9698f2dea478e1d6bfece554ae -> 
  custom:scripting/monoscript/fileName/UI_Knob.cs: 00244fb2be3e9e1f5ec3a07f175066a9 -> 
  custom:container-muxer-webm: aa71ff27fc2769a1b78a27578f13a17b -> 
  custom:scripting/monoscript/fileName/RaycastMask.cs: b13971e6a124c25b886c6703ae2aab24 -> 
  custom:scripting/monoscript/fileName/MultiTouchScrollRect.cs: 3a778993ea01435b2502c14ea2b2ff98 -> 
  custom:video-decoder-webm-vp8: 9c59270c3fd7afecdb556c50c9e8de78 -> 
  custom:scripting/monoscript/fileName/InputFieldEnterSubmit.cs: cdd5149b8afb8dc59ad57cc53ad8fb3b -> 
  custom:scripting/monoscript/fileName/ExampleSelectable.cs: 8dc7a8cd606154e7d10bb507e235c1f8 -> 
  custom:scripting/monoscript/fileName/uGUITools.cs: aa32797d8a9cdcd2167b6be114b0d5ec -> 
  custom:scripting/monoscript/fileName/UILinearDodgeEffect.cs: f5508d2f3f6addba614d4c08275f4546 -> 
  custom:SearchIndexIgnoredProperties: e643bd26f0fe6173181afceb89e7c659 -> 
  custom:scripting/monoscript/fileName/EasingCore.cs: 0bad7e894488e9b67256d892a478aab1 -> 
  custom:scripting/monoscript/fileName/Stepper.cs: 3ee1a56034750815f9c567b6c54fbbb8 -> 
  custom:scripting/monoscript/fileName/UIPrimitiveBase.cs: 80a945e915822efd5c887ee28f76aa9f -> 
  custom:AudioImporter_EditorPlatform: d09bf68614088b80899f8185d706f6e7 -> 
  custom:scripting/monoscript/fileName/LetterSpacing.cs: c4f4c504ac9c0b708c438c8a0faf6a96 -> 
  custom:scripting/monoscript/fileName/UISquircle.cs: faaa67841792f2c90a13db82841ac6e3 -> 
  custom:scripting/monoscript/fileName/RangeSlider.cs: 026cea0882c5bbc90f7cedc5111cfeb2 -> 
  custom:scripting/monoscript/fileName/UIExtensionMethods.cs: 2621bff24acfb4ddb3b264b7553588d8 -> 
  custom:scripting/monoscript/fileName/UIVerticalScroller.cs: 3532ae0d4ba5f6e2c310cfec2c655a8c -> 
  custom:scripting/monoscript/fileName/FiltersPanel.cs: 5dbe4ca523d219ec24889a3783d94d4d -> 
  custom:scripting/monoscript/fileName/ColorLabel.cs: 9a2d62e5e8f65400e4abc881023f36f7 -> 
  custom:scripting/monoscript/fileName/TooltipTrigger.cs: 546a7d73bc42b9e6f1fd03a7e07d7f29 -> 
  custom:scripting/monoscript/fileName/UIMultiplyEffect.cs: 29b6f1f4d98d9b61292d829c0030af4b -> 
  custom:scripting/monoscript/fileName/CardPopup2D.cs: ac929914b8675b3ff1238ddb1cc99789 -> 
  custom:scripting/monoscript/fileName/ScrollSnapScrollbarHelper.cs: d6b043fd7048156ea2ef4da9da4a0a51 -> 
  custom:scripting/monoscript/fileName/HoverTooltip.cs: abdf0400bdf15bb8fdc0bc4d5ecc993f -> 
  custom:scripting/monoscript/fileName/ColorImage.cs: 87dea3e9bf43c94e295d4fa411046c66 -> 
  custom:scripting/monoscript/fileName/FancyScrollRectContext.cs: 9e5d4d8665c04a1190a3fc52908244b0 -> 
  custom:scripting/monoscript/fileName/TextPicIconEditor.cs: 1f41560011fcb93d03be374d10238c0c -> 
  custom:scripting/monoscript/fileName/UI_InfiniteScroll.cs: f7518bdb5ccbb5518282b9c860eef985 -> 
  custom:scripting/monoscript/fileName/UIExtensionsMenuOptions.cs: 25d3bc76bdcc7be45d732e8f064ec6a7 -> 
  custom:scripting/monoscript/fileName/ReadOnlyAttribute.cs: 604ae8fbc27d6402b88ac08f1987318f -> 
  custom:scripting/monoscript/fileName/UICircle.cs: e40253d6117a9fbea82cc285a7e8a36e -> 
  custom:scripting/monoscript/fileName/UIScrollToSelectionXY.cs: 8145d21a6ef6f8610242d2ba291595b9 -> 
  custom:scripting/monoscript/fileName/CUITextEditor.cs: 966cced0a631446b9484c2fe777a7f5b -> 
  custom:scripting/precompiled-assembly-types:UnityUIExtensions.editor: e002030e6fc012878af160bb334541ad -> 
  custom:scripting/monoscript/fileName/TweenRunner.cs: 90647cc400823b41df847a6cbfc29026 -> 
  custom:scripting/monoscript/fileName/UIHorizontalScroller.cs: 758f016ad67e22eff0f26468f408f006 -> 
  custom:scripting/monoscript/fileName/ReturnKeyTriggersButton.cs: 622f27a1a5fce3f8fe14f0fe6c6b39b5 -> 
  custom:scripting/monoscript/fileName/FancyGridViewCell.cs: 0cdf409b5aa8d4c25876d72b5c6a3b60 -> 
  custom:scripting/monoscript/fileName/Scroller.cs: 94938ad1cd7c20206a0339e3bd7f3330 -> 
  custom:scripting/monoscript/fileName/CylinderText.cs: 86c073c10ed890f8e108be86fb350e35 -> 
  custom:scripting/monoscript/fileName/ColorPickerPresets.cs: d20309ac183a87fd46c2e0a03ba5bdef -> 
  custom:scripting/monoscript/fileName/RadialSlider.cs: 24542b53b379116a4f98bb53a64e13b8 -> 
  custom:scripting/monoscript/fileName/PPIViewer.cs: 5269fbe050022d597b2ceba1b1d4cbae -> 
  custom:scripting/monoscript/fileName/InputFocus.cs: 6a5a3b184038cb5e7dbe4882c96bc91b -> 
  custom:scripting/monoscript/fileName/CUIBezierCurve.cs: 32214df0cb137de9f4967269deffb6f3 -> 
  custom:scripting/monoscript/fileName/DropDownListItem.cs: 91c61fd79335f34fb81e114553bf8888 -> 
  custom:scripting/monoscript/fileName/UIFlippable.cs: 9c843e180ea4b6afe9c1ba071336e124 -> 
  custom:scripting/monoscript/fileName/CanvasGroupActivator.cs: f743e9c6e47b0eb8c0b7b2fbf9f7de19 -> 
  custom:scripting/monoscript/fileName/UIWindowBase.cs: 776e605614a77fffd4e0147c8e684e94 -> 
  custom:video-encoder-webm-vp8: eb34c28f22e8b96e1ab97ce403110664 -> 
  custom:scripting/monoscript/fileName/ScrollPositionControllerEditor.cs: fb86570a90d8d5b779234b7f103e1b51 -> 
  custom:scripting/monoscript/fileName/CurvedLayout.cs: 46917779e317aa4a214ea430689de312 -> 
  custom:scripting/monoscript/fileName/ScrollConflictManager.cs: 1a474b2432b80a8b7211f13c79bb991c -> 
  custom:scripting/monoscript/fileName/ReadOnlyDrawer.cs: 1c0aa6472b8e40c24f66a5805d818994 -> 
  custom:audio-decoder-ogg-vorbis: bf7c407c2cedff20999df2af8eb42d56 -> 
  custom:scripting/monoscript/fileName/FancyGridView.cs: 849ed7f5b11c9db237ef61b01c5a5104 -> 
  custom:scripting/monoscript/fileName/CableCurve.cs: 1ed0592bfc80d3ca3db7b55e9a6e9d9a -> 
  custom:scripting/monoscript/fileName/PaginationManager.cs: b5c7a38e1c9bde92ca052679632bc9f1 -> 
  custom:scripting/monoscript/fileName/UILineTextureRenderer.cs: f3042185c83712ad42b2d6694b56f8d3 -> 
  custom:scripting/monoscript/fileName/MenuManager.cs: 8e71de17d45faf11b5ca3e63d3867170 -> 
  custom:scripting/monoscript/fileName/ColorPickerPresetsEditor.cs: 57bebb34d006d8305e8cd353ea00f28b -> 
  custom:scripting/monoscript/fileName/UI_MagneticInfiniteScroll.cs: 7f0db092e1c52c826e7ccbefe21fe7ce -> 
  custom:scripting/monoscript/fileName/ToolTip.cs: 2f05f936126a769ca9a98ef6920928a7 -> 
  custom:scripting/monoscript/fileName/TextPicRenameEditor.cs: b67a1588d964fe3ac177da9872e96689 -> 
  custom:scripting/monoscript/fileName/TestCompression.cs: 2a18178f72c1b3979b9006483863f20e -> 
  custom:scripting/monoscript/fileName/IFancyScrollRectContext.cs: 9c4dee0aef526d67eb0a668a1c9b910a -> 
  custom:scripting/monoscript/fileName/ColorChangedEvent.cs: bafb161b451089e6c72bcae877e0ba66 -> 
  custom:scripting/monoscript/fileName/BestFitOutline.cs: 2ec1c68346f5b721e3d92092cd60b278 -> 
  custom:scripting/monoscript/fileName/NonDrawingGraphicEditor.cs: 1e7abd1e1a4d3da38de70c6d38c19118 -> 
  custom:scripting/monoscript/fileName/HSVChangedEvent.cs: 8a0d7f505f4db7e267a03264293f54eb -> 
  custom:scripting/monoscript/fileName/CUIImageEditor.cs: 0be5a4365a8d65680f88c4d192e5254c -> 
  custom:scripting/monoscript/fileName/HorizontalScrollSnap.cs: 624447835d67a70d90ed2b7f69117316 -> 
  custom:scripting/monoscript/fileName/UI_TweenScale.cs: 50a18c41daf615d82dc37ef0e9dcea31 -> 
  custom:scripting/monoscript/fileName/BoundTooltipItem.cs: 12dc26af634677e40fd7840809357e6c -> 
  custom:scripting/monoscript/fileName/AccordionElement.cs: 69f1a7e537099cc57de9b6eaa86cef32 -> 
  custom:scripting/monoscript/fileName/UI_ScrollRectOcclusion.cs: 491f1c2592ac821eb8de9e533fddd4a9 -> 
  custom:scripting/monoscript/fileName/CUIBezierCurveEditor.cs: be4462c6de2387d5f99ef9d0e93b91ee -> 
  custom:scripting/monoscript/fileName/ColorSliderImage.cs: bbcbfbf23dc2f9fc5450db8f36b24487 -> 
  custom:scripting/monoscript/fileName/Accordion.cs: c31898dc7ffd6f7b32be5689419229bc -> 
  custom:scripting/monoscript/fileName/FancyCell.cs: 0cdf409b5aa8d4c25876d72b5c6a3b60 -> 
  custom:scripting/monoscript/fileName/ShineEffect.cs: 61d233269c4ea687efa548adef5d6e13 -> 
  custom:audio-encoder-webm-vorbis: bf7c407c2cedff20999df2af8eb42d56 -> 
  custom:scripting/monoscript/fileName/ScrollRectTweener.cs: 3437a8fb18bed84a45865e36e83e332f -> 
  custom:scripting/monoscript/fileName/MeshCreator.cs: a2506ad04bac2e5a6d6d50e0d7978d92 -> 
  custom:scripting/monoscript/fileName/UIPolygon.cs: ef7b3e02606f58c56a27e65db10bc7f3 -> 
  custom:scripting/monoscript/fileName/switchToRectTransform.cs: 0ef297259b7f2ab26defc1d718ad1e0a -> 
  custom:scripting/monoscript/fileName/UILineRendererList.cs: efbf4ff76c31aa3e4f61c8b26734d929 -> 
  custom:scripting/monoscript/fileName/CLZF2.cs: 40ef7bf6191a1a5e5b0f37e092e1b271 -> 
  custom:scripting/monoscript/fileName/SimpleMenu.cs: 90647cc400823b41df847a6cbfc29026 -> 
  custom:scripting/monoscript/fileName/RescalePanel.cs: a379a55181438e3b7a29019da8a3c82c -> 
  custom:scripting/monoscript/fileName/DragCorrector.cs: 89ab4a0369eecb75be2277a80a08c1e7 -> 
  custom:scripting/monoscript/fileName/RangeSliderEditor.cs: 1c09cdb4e75bc10f834bbae9a7b54e1e -> 
  custom:scripting/monoscript/fileName/FancyScrollRect.cs: 0cdf409b5aa8d4c25876d72b5c6a3b60 -> 
  custom:scripting/precompiled-assembly-types:Assembly-CSharp: 9d98c5210357a57051bc817a849226c0 -> d9898b08f7aa15a36c94fc52d0b7440b
  custom:scripting/monoscript/fileName/ReorderableList.cs: 944c8e214787d07461c711b29546f976 -> 
  custom:scripting/monoscript/fileName/RadialLayout.cs: 170f31c5fdb54a9fe7ba926effdfd7d4 -> 
  custom:scripting/monoscript/fileName/ColorSlider.cs: a91d06b853e0bf2d5df3ea61a67d5c83 -> 
  custom:scripting/monoscript/fileName/IFancyGridViewContext.cs: be7addf49e5950ebb654fec55c2afa8b -> 
  custom:scripting/precompiled-assembly-types:UnityUIExtensions: c0991a7eaf90618746e467e9e018bd04 -> 
  custom:scripting/monoscript/fileName/CUIGraphic.cs: 4f47fad340418bff51fe6171e2259e7f -> 
  custom:scripting/monoscript/fileName/IFancyCellGroupContext.cs: 323b5f49cc2011b3d2d9088e528ed161 -> 
  custom:scripting/monoscript/fileName/MinMaxSlider.cs: e7d98a511e8b98df33f72f37935821e5 -> 
  custom:scripting/monoscript/fileName/ColorPickerTester.cs: 63b6c03c009a94721b9d41c8d5e5e6ed -> 
========================================================================
Received Prepare
Caller must complete domain reload
Begin MonoManager ReloadAssembly
- Loaded All Assemblies, in  0.586 seconds
Native extension for WindowsStandalone target not found
Native extension for WebGL target not found
Mono: successfully reloaded assembly
- Finished resetting the current domain, in  1.689 seconds
Domain Reload Profiling: 2274ms
	BeginReloadAssembly (171ms)
		ExecutionOrderSort (0ms)
		DisableScriptedObjects (12ms)
		BackupInstance (0ms)
		ReleaseScriptingObjects (0ms)
		CreateAndSetChildDomain (37ms)
	RebuildCommonClasses (36ms)
	RebuildNativeTypeToScriptingClass (11ms)
	initialDomainReloadingComplete (31ms)
	LoadAllAssembliesAndSetupDomain (336ms)
		LoadAssemblies (410ms)
		RebuildTransferFunctionScriptingTraits (0ms)
		AnalyzeDomain (17ms)
			TypeCache.Refresh (6ms)
				TypeCache.ScanAssembly (0ms)
			ScanForSourceGeneratedMonoScriptInfo (0ms)
			ResolveRequiredComponents (10ms)
	FinalizeReload (1690ms)
		ReleaseScriptCaches (0ms)
		RebuildScriptCaches (0ms)
		SetupLoadedEditorAssemblies (479ms)
			LogAssemblyErrors (0ms)
			InitializePlatformSupportModulesInManaged (6ms)
			SetLoadedEditorAssemblies (6ms)
			RefreshPlugins (0ms)
			BeforeProcessingInitializeOnLoad (78ms)
			ProcessInitializeOnLoadAttributes (344ms)
			ProcessInitializeOnLoadMethodAttributes (40ms)
			AfterProcessingInitializeOnLoad (3ms)
			EditorAssembliesLoaded (0ms)
		ExecutionOrderSort2 (0ms)
		AwakeInstancesAfterBackupRestoration (20ms)
Refreshing native plugins compatible for Editor in 11.92 ms, found 7 plugins.
Preloading 0 native plugins for Editor in 0.00 ms.
Unloading 4457 Unused Serialized files (Serialized files now loaded: 0)
Unloading 44 unused Assets / (0.7 MB). Loaded Objects now: 5360.
Memory consumption went from 158.3 MB to 157.7 MB.
Total: 4.998800 ms (FindLiveObjects: 0.548500 ms CreateObjectMapping: 0.181700 ms MarkObjects: 3.401000 ms  DeleteObjects: 0.866000 ms)

Prepare: number of updated asset objects reloaded= 0
AssetImportParameters requested are different than current active one (requested -> active):
  custom:scripting/monoscript/fileName/CardStack2D.cs: 52f7ac406c04f320c1cc31b32fc945ec -> 
  custom:scripting/monoscript/fileName/UILineRendererFIFO.cs: 1a840d7d842445f62c20beee85a5bbc5 -> 
  custom:scripting/monoscript/fileName/FlowLayoutGroup.cs: 4f8c51e99186127173631d5ea0b848a8 -> 
  custom:scripting/monoscript/fileName/UIParticleSystem.cs: 6cef203566a0c9333597e4e233613614 -> 
  custom:scripting/monoscript/fileName/UILineRenderer.cs: 673f1b621ab4781ac78770b1b3c45207 -> 
  custom:scripting/monoscript/fileName/TableLayoutGroup.cs: 9697d88a99d4c91003d206b86eed3a61 -> 
  custom:scripting/monoscript/fileName/Segment.cs: 823b994f6bbb6e32f73e9807948df6b3 -> 
  custom:container-demuxer-ogg: 62fdf1f143b41e24485cea50d1cbac27 -> 
  custom:scripting/monoscript/fileName/SelectionBox.cs: 9eabc2822607d24d284c5c0d720d4a01 -> 
  custom:scripting/monoscript/fileName/ReorderableListContent.cs: a630238339e5f198f723ac29a2329f6d -> 
  custom:scripting/monoscript/fileName/Menu.cs: d0a2652908e797d4064ef9b772450cc8 -> 
  custom:scripting/monoscript/fileName/SetPropertyUtility.cs: 02aade692758e5563210cc05829e9851 -> f604b4b9e6b0979bdfc1e2b40426dd19
  custom:scripting/monoscript/fileName/HSVUtil.cs: 2f204c7a89b046fae714aadbcda42851 -> 
  custom:scripting/monoscript/fileName/FancyCellGroup.cs: 90647cc400823b41df847a6cbfc29026 -> 
  custom:scripting/monoscript/fileName/RescaleDragPanel.cs: 428e5a10a21f2d3fc3805557487d591e -> 
  custom:scripting/monoscript/fileName/ExtensionsToggleGroup.cs: 93967f93faef61aecdca9232fa42b062 -> 
  custom:scripting/monoscript/fileName/ResizePanel.cs: 0a2d1269c62cba913a254b515f8b6020 -> 
  custom:scripting/monoscript/fileName/Circle.cs: cfc2369c92dd039be7c3f572f769fdcf -> 
  custom:scripting/monoscript/fileName/ShaderLibrary.cs: 7a09676978959734a6827051c965f749 -> 
  custom:scripting/monoscript/fileName/CurvedText.cs: c86aabacdca275700720e919fc8a8b52 -> 
  custom:scripting/monoscript/fileName/FancyScrollRectCell.cs: 0cdf409b5aa8d4c25876d72b5c6a3b60 -> 
  custom:scripting/monoscript/fileName/Gradient.cs: a4c2a5a25440c543cd82653fda832632 -> 
  custom:scripting/monoscript/fileName/ScrollSnapBase.cs: 3682088473625968e7b4647a6b4213f6 -> 
  custom:scripting/monoscript/fileName/CUIText.cs: 0be1a405bc9388e4813a74aad6018bec -> 
  custom:scripting/monoscript/fileName/BoundTooltipTrigger.cs: e78e2ee612ba85e075ab794a5cb95e73 -> 
  custom:scripting/monoscript/fileName/UIHighlightable.cs: fd305ad78204cb75a66ce809c3f50e6a -> 
  custom:video-codec-MediaFoundation-h265: 746d11721c4dcdbdad8f713fa42b33f4 -> 
  custom:scripting/monoscript/fileName/UIExtensionsInputManager.cs: 6f468ddae971c3bcce0288549c1beabd -> 
  custom:scripting/monoscript/fileName/Gradient2.cs: 9c1fd6257924e43a80b8fccb859d3828 -> 
  custom:scripting/monoscript/fileName/CooldownButton.cs: 72bd21b90ac71f29908a36179176f8fc -> 
  custom:video-decoder-ogg-theora: a1e56fd34408186e4bbccfd4996cb3dc -> 
  custom:scripting/monoscript/fileName/TileSizeFitter.cs: ba6326e335b6f177a627b992c444832c -> 
  custom:scripting/monoscript/fileName/SelectableScaler.cs: 3ebe175d64b38a572f8dbe8fd345f0c3 -> 
  custom:scripting/monoscript/fileName/AccordionElementEditor.cs: db5ee9b2cff22578a12a4d141614d665 -> 
  custom:scripting/monoscript/fileName/ExtensionsToggle.cs: e0b44aa7e1ff973d74b4857a34a48879 -> 
  custom:scripting/monoscript/fileName/ReorderableListElement.cs: 788a31431a1c95dc9a9a52767f8e812f -> 
  custom:scripting/monoscript/fileName/ShineEffector.cs: 52ed4eb6c7ed8f674a18d2a4db6eba86 -> 
  custom:scripting/monoscript/fileName/UISelectableExtension.cs: b6766007d8a2236e23d4749da2d8cdd2 -> 
  custom:framework-win-MediaFoundation: 216162199b28c13a410421893ffa2e32 -> 
  custom:scripting/monoscript/fileName/UISoftAdditiveEffect.cs: 30a825933c907dec19605ff2f58a292f -> 
  custom:scripting/monoscript/fileName/HexColorField.cs: 425eeca1ce4159bc649962b2337061a4 -> 
  custom:scripting/monoscript/fileName/ColorPickerControl.cs: 97231f899ae243cc634f34e048c22095 -> 
  custom:scripting/monoscript/fileName/ReorderableListDebug.cs: 51cf5a188c464deb681bea16cb795b61 -> 
  custom:scripting/monoscript/fileName/TextPic.cs: 9dbd7bc654cbf19eee33ac6fc452bfb1 -> 
  custom:scripting/monoscript/fileName/CUIImage.cs: 41f29f650aa507f802cd9793d91f3211 -> 
  custom:scripting/monoscript/fileName/DropDownListButton.cs: 71d533f2602e0e099d09a556ef8e4414 -> 
  custom:scripting/monoscript/fileName/ScrollSnap.cs: c5ae67ed5cc8c0ab1f7496803acc2648 -> 
  custom:scripting/monoscript/fileName/TextPicIconListCopier.cs: a564a2a474c019b98650cff2383ccfca -> 
  custom:scripting/monoscript/fileName/UICornerCut.cs: 69b0dfb485aa2b1afa65fcf30028125b -> 
  custom:scripting/monoscript/fileName/ScrollerEditor.cs: 478519b80ad2bc62d4a4b80ae078e694 -> 
  custom:scripting/monoscript/fileName/IBoxSelectable.cs: a5bf39a694cf2b84c65e7bec998d4941 -> 
  custom:scripting/monoscript/fileName/TiltWindow.cs: 7c3356d1b5bc9c6e9fe98345b0be7c30 -> 
  custom:scripting/monoscript/fileName/ExtensionMethods.cs: 943bd8dac5ce9467ce7deb0856dc6b0a -> 
  custom:scripting/monoscript/fileName/ComboBox.cs: a6ca48dde827ff07a9093f3624d58e62 -> 
  custom:scripting/monoscript/fileName/ScrollRectLinker.cs: 0316116e17d192ca2ef7c97539dff50f -> 
  custom:scripting/monoscript/fileName/SVBoxSlider.cs: 1d22c9c16d63e1cf38ad19bbcec9a0da -> 
  custom:scripting/monoscript/fileName/VerticalScrollSnap.cs: a7ebcf1fac8331e70ee01e540cbe484b -> 
  custom:scripting/monoscript/fileName/UILineConnector.cs: ea5f69a32957fe35ae7b512ef3f758ef -> 
  custom:scripting/monoscript/fileName/UIScreenEffect.cs: c36542c529d1f733362556ab22c18bf9 -> 
  custom:scripting/monoscript/fileName/SoftMaskScript.cs: 867049fb2647c9983fb1391409f93d30 -> 
  custom:scripting/monoscript/fileName/DiamondGraph.cs: a01b647a54847840428a395cc0d6fc16 -> 
  custom:scripting/monoscript/fileName/ScrollRectEx.cs: 3f6a881a34055e182fee3ab0baaee0c3 -> 
  custom:scripting/monoscript/fileName/UIGridRenderer.cs: 04c0062f4b7cdd6963fdba9ae03d9c72 -> 
  custom:scripting/monoscript/fileName/NicerOutline.cs: 571a7c7c4af4ebadc9fed23f0c3b0b46 -> 
  custom:CustomObjectIndexerAttribute: 9a22284fe3817be447336de3de66b15e -> 
  custom:scripting/monoscript/fileName/ScrollRectExtensions.cs: c76cb840404ffa9bc24248639e9da4ee -> 
  custom:scripting/monoscript/fileName/FancyGridViewContext.cs: 8738476657d4a33c34bc82bed7ce8bc9 -> 
  custom:scripting/monoscript/fileName/MinMaxValues.cs: 4aa11a61e640749f4ea5f947f86be5ba -> 
  custom:scripting/monoscript/fileName/CardExpanding3D.cs: d8b2b9924677ad2b445b05edbed7f0e3 -> 
  custom:scripting/monoscript/fileName/MinMaxSliderEditor.cs: e0496a7f76fc8934af2a763a7289ad36 -> 
  custom:scripting/monoscript/fileName/StepperSide.cs: 34d9a35c8c2622f327b140f18a7398a7 -> 
  custom:scripting/monoscript/fileName/CUIGraphicEditor.cs: a618262d3e77d462c5a0cd2e608e8a53 -> 
  custom:scripting/monoscript/fileName/DropDownList.cs: 3d51ab81e9571c9027b59874b2c78567 -> 
  custom:scripting/monoscript/fileName/ITweenValue.cs: 1d0eaa4b435fa135e18af6b5fa57e92e -> 
  custom:container-demuxer-webm: 4f35f7cbe854078d1ac9338744f61a02 -> 
  custom:scripting/monoscript/fileName/CardExpanding2D.cs: e0950b450275cb3936a581f286a6b471 -> 
  custom:scripting/monoscript/fileName/ResetSelectableHighlight.cs: 3ea63487fd77e7b22731770a86b4f8b9 -> 
  custom:scripting/monoscript/fileName/UIScrollToSelection.cs: d89fc8e36bdc19715e3104a5f857d175 -> 
  custom:scripting/monoscript/fileName/IScrollSnap.cs: 80b4110dac6695d630b8e7501d8e5aa8 -> 
  custom:scripting/monoscript/fileName/SegmentedControl.cs: 3a6e53207de58cf304ab520e0638e2df -> 
  custom:scripting/monoscript/fileName/ColorSampler.cs: 617678b91f4adc7b3146f51bed3fc4b1 -> 
  custom:scripting/monoscript/fileName/TabNavigationHelper.cs: 43f45dc623750048d2fbac24931c8ac8 -> 
  custom:scripting/monoscript/fileName/AutoCompleteComboBox.cs: 6e2e6cf33d4f5ca4ad3c05ff8f254467 -> 
  custom:scripting/monoscript/fileName/TextPicEditor.cs: c23216fe996c314d4c496ad837485981 -> 
  custom:scripting/monoscript/fileName/CUIMisc.cs: bc26c7f132f5cd28304cbc88070ca4dc -> 
  custom:scripting/monoscript/fileName/UIAdditiveEffect.cs: 50386f7d7d76f5c5e155dbf56c5e5fdd -> 
  custom:scripting/monoscript/fileName/MonoSpacing.cs: 45ba6bf376dd125375a8906a7d8b8b4b -> 
  custom:scripting/monoscript/fileName/FloatTween.cs: c51b551f6abec506d0db9945f7aa25cc -> 
  custom:scripting/monoscript/fileName/BoxSlider.cs: 662335e935a62641f6cb14e99e25e994 -> 
  custom:scripting/monoscript/fileName/BezierLineRendererEditor.cs: 2a50098be424d999e43b888ace13278c -> 
  custom:scripting/monoscript/fileName/NonDrawingGraphic.cs: a309796f6d67e4c1c110ec62b4572b4e -> 
  custom:scripting/monoscript/fileName/ScrollPositionController.cs: 30c392a65a277a4a74b1a6f1a3417601 -> 
  custom:scripting/monoscript/fileName/ContentScrollSnapHorizontal.cs: cb0bf043572062ce08b48904f46c98c8 -> 
  custom:scripting/monoscript/fileName/Triangulator.cs: 4ee9f09ca55767568ee94c9eaaed7244 -> d867a9a7a8385ef82ff357feb70c59d4
  custom:scripting/monoscript/fileName/UIImageCrop.cs: 1ec5d1f18ccf3bbe8ea319cda00ecfbc -> 
  custom:scripting/monoscript/fileName/BoxSliderEditor.cs: 9c680a5a338924fb176605eed0f68a75 -> 
  custom:scripting/monoscript/fileName/FancyScrollView.cs: c5f9c64ec4b4e183b17919204bc381a9 -> 
  custom:scripting/monoscript/fileName/BezierPath.cs: 90cbb6f823f7a03c69c93b3e1653c45e -> 
  custom:scripting/monoscript/fileName/SuperellipsePoints.cs: db2a1c9698f2dea478e1d6bfece554ae -> 
  custom:scripting/monoscript/fileName/UI_Knob.cs: 00244fb2be3e9e1f5ec3a07f175066a9 -> 
  custom:container-muxer-webm: aa71ff27fc2769a1b78a27578f13a17b -> 
  custom:scripting/monoscript/fileName/RaycastMask.cs: b13971e6a124c25b886c6703ae2aab24 -> 
  custom:scripting/monoscript/fileName/MultiTouchScrollRect.cs: 3a778993ea01435b2502c14ea2b2ff98 -> 
  custom:video-decoder-webm-vp8: 9c59270c3fd7afecdb556c50c9e8de78 -> 
  custom:scripting/monoscript/fileName/InputFieldEnterSubmit.cs: cdd5149b8afb8dc59ad57cc53ad8fb3b -> 
  custom:scripting/monoscript/fileName/ExampleSelectable.cs: 8dc7a8cd606154e7d10bb507e235c1f8 -> 
  custom:scripting/monoscript/fileName/uGUITools.cs: aa32797d8a9cdcd2167b6be114b0d5ec -> 
  custom:scripting/monoscript/fileName/UILinearDodgeEffect.cs: f5508d2f3f6addba614d4c08275f4546 -> 
  custom:SearchIndexIgnoredProperties: e643bd26f0fe6173181afceb89e7c659 -> 
  custom:scripting/monoscript/fileName/EasingCore.cs: 0bad7e894488e9b67256d892a478aab1 -> 
  custom:scripting/monoscript/fileName/Stepper.cs: 3ee1a56034750815f9c567b6c54fbbb8 -> 
  custom:scripting/monoscript/fileName/UIPrimitiveBase.cs: 80a945e915822efd5c887ee28f76aa9f -> 
  custom:AudioImporter_EditorPlatform: d09bf68614088b80899f8185d706f6e7 -> 
  custom:scripting/monoscript/fileName/LetterSpacing.cs: c4f4c504ac9c0b708c438c8a0faf6a96 -> 
  custom:scripting/monoscript/fileName/UISquircle.cs: faaa67841792f2c90a13db82841ac6e3 -> 
  custom:scripting/monoscript/fileName/RangeSlider.cs: 026cea0882c5bbc90f7cedc5111cfeb2 -> 
  custom:scripting/monoscript/fileName/UIExtensionMethods.cs: 2621bff24acfb4ddb3b264b7553588d8 -> 
  custom:scripting/monoscript/fileName/UIVerticalScroller.cs: 3532ae0d4ba5f6e2c310cfec2c655a8c -> 
  custom:scripting/monoscript/fileName/FiltersPanel.cs: 5dbe4ca523d219ec24889a3783d94d4d -> 
  custom:scripting/monoscript/fileName/ColorLabel.cs: 9a2d62e5e8f65400e4abc881023f36f7 -> 
  custom:scripting/monoscript/fileName/TooltipTrigger.cs: 546a7d73bc42b9e6f1fd03a7e07d7f29 -> 
  custom:scripting/monoscript/fileName/UIMultiplyEffect.cs: 29b6f1f4d98d9b61292d829c0030af4b -> 
  custom:scripting/monoscript/fileName/CardPopup2D.cs: ac929914b8675b3ff1238ddb1cc99789 -> 
  custom:scripting/monoscript/fileName/ScrollSnapScrollbarHelper.cs: d6b043fd7048156ea2ef4da9da4a0a51 -> 
  custom:scripting/monoscript/fileName/HoverTooltip.cs: abdf0400bdf15bb8fdc0bc4d5ecc993f -> 
  custom:scripting/monoscript/fileName/ColorImage.cs: 87dea3e9bf43c94e295d4fa411046c66 -> 
  custom:scripting/monoscript/fileName/FancyScrollRectContext.cs: 9e5d4d8665c04a1190a3fc52908244b0 -> 
  custom:scripting/monoscript/fileName/TextPicIconEditor.cs: 1f41560011fcb93d03be374d10238c0c -> 
  custom:scripting/monoscript/fileName/UI_InfiniteScroll.cs: f7518bdb5ccbb5518282b9c860eef985 -> 
  custom:scripting/monoscript/fileName/UIExtensionsMenuOptions.cs: 25d3bc76bdcc7be45d732e8f064ec6a7 -> 
  custom:scripting/monoscript/fileName/ReadOnlyAttribute.cs: 604ae8fbc27d6402b88ac08f1987318f -> 
  custom:scripting/monoscript/fileName/UICircle.cs: e40253d6117a9fbea82cc285a7e8a36e -> 
  custom:scripting/monoscript/fileName/UIScrollToSelectionXY.cs: 8145d21a6ef6f8610242d2ba291595b9 -> 
  custom:scripting/monoscript/fileName/CUITextEditor.cs: 966cced0a631446b9484c2fe777a7f5b -> 
  custom:scripting/precompiled-assembly-types:UnityUIExtensions.editor: e002030e6fc012878af160bb334541ad -> 
  custom:scripting/monoscript/fileName/TweenRunner.cs: 90647cc400823b41df847a6cbfc29026 -> 
  custom:scripting/monoscript/fileName/UIHorizontalScroller.cs: 758f016ad67e22eff0f26468f408f006 -> 
  custom:scripting/monoscript/fileName/ReturnKeyTriggersButton.cs: 622f27a1a5fce3f8fe14f0fe6c6b39b5 -> 
  custom:scripting/monoscript/fileName/FancyGridViewCell.cs: 0cdf409b5aa8d4c25876d72b5c6a3b60 -> 
  custom:scripting/monoscript/fileName/Scroller.cs: 94938ad1cd7c20206a0339e3bd7f3330 -> 
  custom:scripting/monoscript/fileName/CylinderText.cs: 86c073c10ed890f8e108be86fb350e35 -> 
  custom:scripting/monoscript/fileName/ColorPickerPresets.cs: d20309ac183a87fd46c2e0a03ba5bdef -> 
  custom:scripting/monoscript/fileName/RadialSlider.cs: 24542b53b379116a4f98bb53a64e13b8 -> 
  custom:scripting/monoscript/fileName/PPIViewer.cs: 5269fbe050022d597b2ceba1b1d4cbae -> 
  custom:scripting/monoscript/fileName/InputFocus.cs: 6a5a3b184038cb5e7dbe4882c96bc91b -> 
  custom:scripting/monoscript/fileName/CUIBezierCurve.cs: 32214df0cb137de9f4967269deffb6f3 -> 
  custom:scripting/monoscript/fileName/DropDownListItem.cs: 91c61fd79335f34fb81e114553bf8888 -> 
  custom:scripting/monoscript/fileName/UIFlippable.cs: 9c843e180ea4b6afe9c1ba071336e124 -> 
  custom:scripting/monoscript/fileName/CanvasGroupActivator.cs: f743e9c6e47b0eb8c0b7b2fbf9f7de19 -> 
  custom:scripting/monoscript/fileName/UIWindowBase.cs: 776e605614a77fffd4e0147c8e684e94 -> 
  custom:video-encoder-webm-vp8: eb34c28f22e8b96e1ab97ce403110664 -> 
  custom:scripting/monoscript/fileName/ScrollPositionControllerEditor.cs: fb86570a90d8d5b779234b7f103e1b51 -> 
  custom:scripting/monoscript/fileName/CurvedLayout.cs: 46917779e317aa4a214ea430689de312 -> 
  custom:scripting/monoscript/fileName/ScrollConflictManager.cs: 1a474b2432b80a8b7211f13c79bb991c -> 
  custom:scripting/monoscript/fileName/ReadOnlyDrawer.cs: 1c0aa6472b8e40c24f66a5805d818994 -> 
  custom:audio-decoder-ogg-vorbis: bf7c407c2cedff20999df2af8eb42d56 -> 
  custom:scripting/monoscript/fileName/FancyGridView.cs: 849ed7f5b11c9db237ef61b01c5a5104 -> 
  custom:scripting/monoscript/fileName/CableCurve.cs: 1ed0592bfc80d3ca3db7b55e9a6e9d9a -> 
  custom:scripting/monoscript/fileName/PaginationManager.cs: b5c7a38e1c9bde92ca052679632bc9f1 -> 
  custom:scripting/monoscript/fileName/UILineTextureRenderer.cs: f3042185c83712ad42b2d6694b56f8d3 -> 
  custom:scripting/monoscript/fileName/MenuManager.cs: 8e71de17d45faf11b5ca3e63d3867170 -> 
  custom:scripting/monoscript/fileName/ColorPickerPresetsEditor.cs: 57bebb34d006d8305e8cd353ea00f28b -> 
  custom:scripting/monoscript/fileName/UI_MagneticInfiniteScroll.cs: 7f0db092e1c52c826e7ccbefe21fe7ce -> 
  custom:scripting/monoscript/fileName/ToolTip.cs: 2f05f936126a769ca9a98ef6920928a7 -> 
  custom:scripting/monoscript/fileName/TextPicRenameEditor.cs: b67a1588d964fe3ac177da9872e96689 -> 
  custom:scripting/monoscript/fileName/TestCompression.cs: 2a18178f72c1b3979b9006483863f20e -> 
  custom:scripting/monoscript/fileName/IFancyScrollRectContext.cs: 9c4dee0aef526d67eb0a668a1c9b910a -> 
  custom:scripting/monoscript/fileName/ColorChangedEvent.cs: bafb161b451089e6c72bcae877e0ba66 -> 
  custom:scripting/monoscript/fileName/BestFitOutline.cs: 2ec1c68346f5b721e3d92092cd60b278 -> 
  custom:scripting/monoscript/fileName/NonDrawingGraphicEditor.cs: 1e7abd1e1a4d3da38de70c6d38c19118 -> 
  custom:scripting/monoscript/fileName/HSVChangedEvent.cs: 8a0d7f505f4db7e267a03264293f54eb -> 
  custom:scripting/monoscript/fileName/CUIImageEditor.cs: 0be5a4365a8d65680f88c4d192e5254c -> 
  custom:scripting/monoscript/fileName/HorizontalScrollSnap.cs: 624447835d67a70d90ed2b7f69117316 -> 
  custom:scripting/monoscript/fileName/UI_TweenScale.cs: 50a18c41daf615d82dc37ef0e9dcea31 -> 
  custom:scripting/monoscript/fileName/BoundTooltipItem.cs: 12dc26af634677e40fd7840809357e6c -> 
  custom:scripting/monoscript/fileName/AccordionElement.cs: 69f1a7e537099cc57de9b6eaa86cef32 -> 
  custom:scripting/monoscript/fileName/UI_ScrollRectOcclusion.cs: 491f1c2592ac821eb8de9e533fddd4a9 -> 
  custom:scripting/monoscript/fileName/CUIBezierCurveEditor.cs: be4462c6de2387d5f99ef9d0e93b91ee -> 
  custom:scripting/monoscript/fileName/ColorSliderImage.cs: bbcbfbf23dc2f9fc5450db8f36b24487 -> 
  custom:scripting/monoscript/fileName/Accordion.cs: c31898dc7ffd6f7b32be5689419229bc -> 
  custom:scripting/monoscript/fileName/FancyCell.cs: 0cdf409b5aa8d4c25876d72b5c6a3b60 -> 
  custom:scripting/monoscript/fileName/ShineEffect.cs: 61d233269c4ea687efa548adef5d6e13 -> 
  custom:audio-encoder-webm-vorbis: bf7c407c2cedff20999df2af8eb42d56 -> 
  custom:scripting/monoscript/fileName/ScrollRectTweener.cs: 3437a8fb18bed84a45865e36e83e332f -> 
  custom:scripting/monoscript/fileName/MeshCreator.cs: a2506ad04bac2e5a6d6d50e0d7978d92 -> 
  custom:scripting/monoscript/fileName/UIPolygon.cs: ef7b3e02606f58c56a27e65db10bc7f3 -> 
  custom:scripting/monoscript/fileName/switchToRectTransform.cs: 0ef297259b7f2ab26defc1d718ad1e0a -> 
  custom:scripting/monoscript/fileName/UILineRendererList.cs: efbf4ff76c31aa3e4f61c8b26734d929 -> 
  custom:scripting/monoscript/fileName/CLZF2.cs: 40ef7bf6191a1a5e5b0f37e092e1b271 -> 
  custom:scripting/monoscript/fileName/SimpleMenu.cs: 90647cc400823b41df847a6cbfc29026 -> 
  custom:scripting/monoscript/fileName/RescalePanel.cs: a379a55181438e3b7a29019da8a3c82c -> 
  custom:scripting/monoscript/fileName/DragCorrector.cs: 89ab4a0369eecb75be2277a80a08c1e7 -> 
  custom:scripting/monoscript/fileName/RangeSliderEditor.cs: 1c09cdb4e75bc10f834bbae9a7b54e1e -> 
  custom:scripting/monoscript/fileName/FancyScrollRect.cs: 0cdf409b5aa8d4c25876d72b5c6a3b60 -> 
  custom:scripting/precompiled-assembly-types:Assembly-CSharp: 9d98c5210357a57051bc817a849226c0 -> d9898b08f7aa15a36c94fc52d0b7440b
  custom:scripting/monoscript/fileName/ReorderableList.cs: 944c8e214787d07461c711b29546f976 -> 
  custom:scripting/monoscript/fileName/RadialLayout.cs: 170f31c5fdb54a9fe7ba926effdfd7d4 -> 
  custom:scripting/monoscript/fileName/ColorSlider.cs: a91d06b853e0bf2d5df3ea61a67d5c83 -> 
  custom:scripting/monoscript/fileName/IFancyGridViewContext.cs: be7addf49e5950ebb654fec55c2afa8b -> 
  custom:scripting/precompiled-assembly-types:UnityUIExtensions: c0991a7eaf90618746e467e9e018bd04 -> 
  custom:scripting/monoscript/fileName/CUIGraphic.cs: 4f47fad340418bff51fe6171e2259e7f -> 
  custom:scripting/monoscript/fileName/IFancyCellGroupContext.cs: 323b5f49cc2011b3d2d9088e528ed161 -> 
  custom:scripting/monoscript/fileName/MinMaxSlider.cs: e7d98a511e8b98df33f72f37935821e5 -> 
  custom:scripting/monoscript/fileName/ColorPickerTester.cs: 63b6c03c009a94721b9d41c8d5e5e6ed -> 
========================================================================
Received Prepare
Caller must complete domain reload
Begin MonoManager ReloadAssembly
- Loaded All Assemblies, in  0.594 seconds
Native extension for WindowsStandalone target not found
Native extension for WebGL target not found
Mono: successfully reloaded assembly
- Finished resetting the current domain, in  1.216 seconds
Domain Reload Profiling: 1809ms
	BeginReloadAssembly (187ms)
		ExecutionOrderSort (0ms)
		DisableScriptedObjects (13ms)
		BackupInstance (0ms)
		ReleaseScriptingObjects (0ms)
		CreateAndSetChildDomain (44ms)
	RebuildCommonClasses (47ms)
	RebuildNativeTypeToScriptingClass (13ms)
	initialDomainReloadingComplete (32ms)
	LoadAllAssembliesAndSetupDomain (313ms)
		LoadAssemblies (393ms)
		RebuildTransferFunctionScriptingTraits (0ms)
		AnalyzeDomain (19ms)
			TypeCache.Refresh (7ms)
				TypeCache.ScanAssembly (0ms)
			ScanForSourceGeneratedMonoScriptInfo (0ms)
			ResolveRequiredComponents (10ms)
	FinalizeReload (1217ms)
		ReleaseScriptCaches (0ms)
		RebuildScriptCaches (0ms)
		SetupLoadedEditorAssemblies (464ms)
			LogAssemblyErrors (0ms)
			InitializePlatformSupportModulesInManaged (7ms)
			SetLoadedEditorAssemblies (6ms)
			RefreshPlugins (0ms)
			BeforeProcessingInitializeOnLoad (74ms)
			ProcessInitializeOnLoadAttributes (338ms)
			ProcessInitializeOnLoadMethodAttributes (36ms)
			AfterProcessingInitializeOnLoad (3ms)
			EditorAssembliesLoaded (0ms)
		ExecutionOrderSort2 (0ms)
		AwakeInstancesAfterBackupRestoration (15ms)
Refreshing native plugins compatible for Editor in 8.12 ms, found 7 plugins.
Preloading 0 native plugins for Editor in 0.00 ms.
Unloading 4457 Unused Serialized files (Serialized files now loaded: 0)
Unloading 44 unused Assets / (0.7 MB). Loaded Objects now: 5364.
Memory consumption went from 158.4 MB to 157.7 MB.
Total: 5.486000 ms (FindLiveObjects: 0.481400 ms CreateObjectMapping: 0.145300 ms MarkObjects: 3.988400 ms  DeleteObjects: 0.869000 ms)

Prepare: number of updated asset objects reloaded= 0
AssetImportParameters requested are different than current active one (requested -> active):
  custom:scripting/monoscript/fileName/CardStack2D.cs: 52f7ac406c04f320c1cc31b32fc945ec -> 
  custom:scripting/monoscript/fileName/UILineRendererFIFO.cs: 1a840d7d842445f62c20beee85a5bbc5 -> 
  custom:scripting/monoscript/fileName/FlowLayoutGroup.cs: 4f8c51e99186127173631d5ea0b848a8 -> 
  custom:scripting/monoscript/fileName/UIParticleSystem.cs: 6cef203566a0c9333597e4e233613614 -> 
  custom:scripting/monoscript/fileName/UILineRenderer.cs: 673f1b621ab4781ac78770b1b3c45207 -> 
  custom:scripting/monoscript/fileName/TableLayoutGroup.cs: 9697d88a99d4c91003d206b86eed3a61 -> 
  custom:scripting/monoscript/fileName/Segment.cs: 823b994f6bbb6e32f73e9807948df6b3 -> 
  custom:container-demuxer-ogg: 62fdf1f143b41e24485cea50d1cbac27 -> 
  custom:scripting/monoscript/fileName/SelectionBox.cs: 9eabc2822607d24d284c5c0d720d4a01 -> 
  custom:scripting/monoscript/fileName/ReorderableListContent.cs: a630238339e5f198f723ac29a2329f6d -> 
  custom:scripting/monoscript/fileName/Menu.cs: d0a2652908e797d4064ef9b772450cc8 -> 
  custom:scripting/monoscript/fileName/SetPropertyUtility.cs: 02aade692758e5563210cc05829e9851 -> f604b4b9e6b0979bdfc1e2b40426dd19
  custom:scripting/monoscript/fileName/HSVUtil.cs: 2f204c7a89b046fae714aadbcda42851 -> 
  custom:scripting/monoscript/fileName/FancyCellGroup.cs: 90647cc400823b41df847a6cbfc29026 -> 
  custom:scripting/monoscript/fileName/RescaleDragPanel.cs: 428e5a10a21f2d3fc3805557487d591e -> 
  custom:scripting/monoscript/fileName/ExtensionsToggleGroup.cs: 93967f93faef61aecdca9232fa42b062 -> 
  custom:scripting/monoscript/fileName/ResizePanel.cs: 0a2d1269c62cba913a254b515f8b6020 -> 
  custom:scripting/monoscript/fileName/Circle.cs: cfc2369c92dd039be7c3f572f769fdcf -> 
  custom:scripting/monoscript/fileName/ShaderLibrary.cs: 7a09676978959734a6827051c965f749 -> 
  custom:scripting/monoscript/fileName/CurvedText.cs: c86aabacdca275700720e919fc8a8b52 -> 
  custom:scripting/monoscript/fileName/FancyScrollRectCell.cs: 0cdf409b5aa8d4c25876d72b5c6a3b60 -> 
  custom:scripting/monoscript/fileName/Gradient.cs: a4c2a5a25440c543cd82653fda832632 -> 
  custom:scripting/monoscript/fileName/ScrollSnapBase.cs: 3682088473625968e7b4647a6b4213f6 -> 
  custom:scripting/monoscript/fileName/CUIText.cs: 0be1a405bc9388e4813a74aad6018bec -> 
  custom:scripting/monoscript/fileName/BoundTooltipTrigger.cs: e78e2ee612ba85e075ab794a5cb95e73 -> 
  custom:scripting/monoscript/fileName/UIHighlightable.cs: fd305ad78204cb75a66ce809c3f50e6a -> 
  custom:video-codec-MediaFoundation-h265: 746d11721c4dcdbdad8f713fa42b33f4 -> 
  custom:scripting/monoscript/fileName/UIExtensionsInputManager.cs: 6f468ddae971c3bcce0288549c1beabd -> 
  custom:scripting/monoscript/fileName/Gradient2.cs: 9c1fd6257924e43a80b8fccb859d3828 -> 
  custom:scripting/monoscript/fileName/CooldownButton.cs: 72bd21b90ac71f29908a36179176f8fc -> 
  custom:video-decoder-ogg-theora: a1e56fd34408186e4bbccfd4996cb3dc -> 
  custom:scripting/monoscript/fileName/TileSizeFitter.cs: ba6326e335b6f177a627b992c444832c -> 
  custom:scripting/monoscript/fileName/SelectableScaler.cs: 3ebe175d64b38a572f8dbe8fd345f0c3 -> 
  custom:scripting/monoscript/fileName/AccordionElementEditor.cs: db5ee9b2cff22578a12a4d141614d665 -> 
  custom:scripting/monoscript/fileName/ExtensionsToggle.cs: e0b44aa7e1ff973d74b4857a34a48879 -> 
  custom:scripting/monoscript/fileName/ReorderableListElement.cs: 788a31431a1c95dc9a9a52767f8e812f -> 
  custom:scripting/monoscript/fileName/ShineEffector.cs: 52ed4eb6c7ed8f674a18d2a4db6eba86 -> 
  custom:scripting/monoscript/fileName/UISelectableExtension.cs: b6766007d8a2236e23d4749da2d8cdd2 -> 
  custom:framework-win-MediaFoundation: 216162199b28c13a410421893ffa2e32 -> 
  custom:scripting/monoscript/fileName/UISoftAdditiveEffect.cs: 30a825933c907dec19605ff2f58a292f -> 
  custom:scripting/monoscript/fileName/HexColorField.cs: 425eeca1ce4159bc649962b2337061a4 -> 
  custom:scripting/monoscript/fileName/ColorPickerControl.cs: 97231f899ae243cc634f34e048c22095 -> 
  custom:scripting/monoscript/fileName/ReorderableListDebug.cs: 51cf5a188c464deb681bea16cb795b61 -> 
  custom:scripting/monoscript/fileName/TextPic.cs: 9dbd7bc654cbf19eee33ac6fc452bfb1 -> 
  custom:scripting/monoscript/fileName/CUIImage.cs: 41f29f650aa507f802cd9793d91f3211 -> 
  custom:scripting/monoscript/fileName/DropDownListButton.cs: 71d533f2602e0e099d09a556ef8e4414 -> 
  custom:scripting/monoscript/fileName/ScrollSnap.cs: c5ae67ed5cc8c0ab1f7496803acc2648 -> 
  custom:scripting/monoscript/fileName/TextPicIconListCopier.cs: a564a2a474c019b98650cff2383ccfca -> 
  custom:scripting/monoscript/fileName/UICornerCut.cs: 69b0dfb485aa2b1afa65fcf30028125b -> 
  custom:scripting/monoscript/fileName/ScrollerEditor.cs: 478519b80ad2bc62d4a4b80ae078e694 -> 
  custom:scripting/monoscript/fileName/IBoxSelectable.cs: a5bf39a694cf2b84c65e7bec998d4941 -> 
  custom:scripting/monoscript/fileName/TiltWindow.cs: 7c3356d1b5bc9c6e9fe98345b0be7c30 -> 
  custom:scripting/monoscript/fileName/ExtensionMethods.cs: 943bd8dac5ce9467ce7deb0856dc6b0a -> 
  custom:scripting/monoscript/fileName/ComboBox.cs: a6ca48dde827ff07a9093f3624d58e62 -> 
  custom:scripting/monoscript/fileName/ScrollRectLinker.cs: 0316116e17d192ca2ef7c97539dff50f -> 
  custom:scripting/monoscript/fileName/SVBoxSlider.cs: 1d22c9c16d63e1cf38ad19bbcec9a0da -> 
  custom:scripting/monoscript/fileName/VerticalScrollSnap.cs: a7ebcf1fac8331e70ee01e540cbe484b -> 
  custom:scripting/monoscript/fileName/UILineConnector.cs: ea5f69a32957fe35ae7b512ef3f758ef -> 
  custom:scripting/monoscript/fileName/UIScreenEffect.cs: c36542c529d1f733362556ab22c18bf9 -> 
  custom:scripting/monoscript/fileName/SoftMaskScript.cs: 867049fb2647c9983fb1391409f93d30 -> 
  custom:scripting/monoscript/fileName/DiamondGraph.cs: a01b647a54847840428a395cc0d6fc16 -> 
  custom:scripting/monoscript/fileName/ScrollRectEx.cs: 3f6a881a34055e182fee3ab0baaee0c3 -> 
  custom:scripting/monoscript/fileName/UIGridRenderer.cs: 04c0062f4b7cdd6963fdba9ae03d9c72 -> 
  custom:scripting/monoscript/fileName/NicerOutline.cs: 571a7c7c4af4ebadc9fed23f0c3b0b46 -> 
  custom:CustomObjectIndexerAttribute: 9a22284fe3817be447336de3de66b15e -> 
  custom:scripting/monoscript/fileName/ScrollRectExtensions.cs: c76cb840404ffa9bc24248639e9da4ee -> 
  custom:scripting/monoscript/fileName/FancyGridViewContext.cs: 8738476657d4a33c34bc82bed7ce8bc9 -> 
  custom:scripting/monoscript/fileName/MinMaxValues.cs: 4aa11a61e640749f4ea5f947f86be5ba -> 
  custom:scripting/monoscript/fileName/CardExpanding3D.cs: d8b2b9924677ad2b445b05edbed7f0e3 -> 
  custom:scripting/monoscript/fileName/MinMaxSliderEditor.cs: e0496a7f76fc8934af2a763a7289ad36 -> 
  custom:scripting/monoscript/fileName/StepperSide.cs: 34d9a35c8c2622f327b140f18a7398a7 -> 
  custom:scripting/monoscript/fileName/CUIGraphicEditor.cs: a618262d3e77d462c5a0cd2e608e8a53 -> 
  custom:scripting/monoscript/fileName/DropDownList.cs: 3d51ab81e9571c9027b59874b2c78567 -> 
  custom:scripting/monoscript/fileName/ITweenValue.cs: 1d0eaa4b435fa135e18af6b5fa57e92e -> 
  custom:container-demuxer-webm: 4f35f7cbe854078d1ac9338744f61a02 -> 
  custom:scripting/monoscript/fileName/CardExpanding2D.cs: e0950b450275cb3936a581f286a6b471 -> 
  custom:scripting/monoscript/fileName/ResetSelectableHighlight.cs: 3ea63487fd77e7b22731770a86b4f8b9 -> 
  custom:scripting/monoscript/fileName/UIScrollToSelection.cs: d89fc8e36bdc19715e3104a5f857d175 -> 
  custom:scripting/monoscript/fileName/IScrollSnap.cs: 80b4110dac6695d630b8e7501d8e5aa8 -> 
  custom:scripting/monoscript/fileName/SegmentedControl.cs: 3a6e53207de58cf304ab520e0638e2df -> 
  custom:scripting/monoscript/fileName/ColorSampler.cs: 617678b91f4adc7b3146f51bed3fc4b1 -> 
  custom:scripting/monoscript/fileName/TabNavigationHelper.cs: 43f45dc623750048d2fbac24931c8ac8 -> 
  custom:scripting/monoscript/fileName/AutoCompleteComboBox.cs: 6e2e6cf33d4f5ca4ad3c05ff8f254467 -> 
  custom:scripting/monoscript/fileName/TextPicEditor.cs: c23216fe996c314d4c496ad837485981 -> 
  custom:scripting/monoscript/fileName/CUIMisc.cs: bc26c7f132f5cd28304cbc88070ca4dc -> 
  custom:scripting/monoscript/fileName/UIAdditiveEffect.cs: 50386f7d7d76f5c5e155dbf56c5e5fdd -> 
  custom:scripting/monoscript/fileName/MonoSpacing.cs: 45ba6bf376dd125375a8906a7d8b8b4b -> 
  custom:scripting/monoscript/fileName/FloatTween.cs: c51b551f6abec506d0db9945f7aa25cc -> 
  custom:scripting/monoscript/fileName/BoxSlider.cs: 662335e935a62641f6cb14e99e25e994 -> 
  custom:scripting/monoscript/fileName/BezierLineRendererEditor.cs: 2a50098be424d999e43b888ace13278c -> 
  custom:scripting/monoscript/fileName/NonDrawingGraphic.cs: a309796f6d67e4c1c110ec62b4572b4e -> 
  custom:scripting/monoscript/fileName/ScrollPositionController.cs: 30c392a65a277a4a74b1a6f1a3417601 -> 
  custom:scripting/monoscript/fileName/ContentScrollSnapHorizontal.cs: cb0bf043572062ce08b48904f46c98c8 -> 
  custom:scripting/monoscript/fileName/Triangulator.cs: 4ee9f09ca55767568ee94c9eaaed7244 -> d867a9a7a8385ef82ff357feb70c59d4
  custom:scripting/monoscript/fileName/UIImageCrop.cs: 1ec5d1f18ccf3bbe8ea319cda00ecfbc -> 
  custom:scripting/monoscript/fileName/BoxSliderEditor.cs: 9c680a5a338924fb176605eed0f68a75 -> 
  custom:scripting/monoscript/fileName/FancyScrollView.cs: c5f9c64ec4b4e183b17919204bc381a9 -> 
  custom:scripting/monoscript/fileName/BezierPath.cs: 90cbb6f823f7a03c69c93b3e1653c45e -> 
  custom:scripting/monoscript/fileName/SuperellipsePoints.cs: db2a1c9698f2dea478e1d6bfece554ae -> 
  custom:scripting/monoscript/fileName/UI_Knob.cs: 00244fb2be3e9e1f5ec3a07f175066a9 -> 
  custom:container-muxer-webm: aa71ff27fc2769a1b78a27578f13a17b -> 
  custom:scripting/monoscript/fileName/RaycastMask.cs: b13971e6a124c25b886c6703ae2aab24 -> 
  custom:scripting/monoscript/fileName/MultiTouchScrollRect.cs: 3a778993ea01435b2502c14ea2b2ff98 -> 
  custom:video-decoder-webm-vp8: 9c59270c3fd7afecdb556c50c9e8de78 -> 
  custom:scripting/monoscript/fileName/InputFieldEnterSubmit.cs: cdd5149b8afb8dc59ad57cc53ad8fb3b -> 
  custom:scripting/monoscript/fileName/ExampleSelectable.cs: 8dc7a8cd606154e7d10bb507e235c1f8 -> 
  custom:scripting/monoscript/fileName/uGUITools.cs: aa32797d8a9cdcd2167b6be114b0d5ec -> 
  custom:scripting/monoscript/fileName/UILinearDodgeEffect.cs: f5508d2f3f6addba614d4c08275f4546 -> 
  custom:SearchIndexIgnoredProperties: e643bd26f0fe6173181afceb89e7c659 -> 
  custom:scripting/monoscript/fileName/EasingCore.cs: 0bad7e894488e9b67256d892a478aab1 -> 
  custom:scripting/monoscript/fileName/Stepper.cs: 3ee1a56034750815f9c567b6c54fbbb8 -> 
  custom:scripting/monoscript/fileName/UIPrimitiveBase.cs: 80a945e915822efd5c887ee28f76aa9f -> 
  custom:AudioImporter_EditorPlatform: d09bf68614088b80899f8185d706f6e7 -> 
  custom:scripting/monoscript/fileName/LetterSpacing.cs: c4f4c504ac9c0b708c438c8a0faf6a96 -> 
  custom:scripting/monoscript/fileName/UISquircle.cs: faaa67841792f2c90a13db82841ac6e3 -> 
  custom:scripting/monoscript/fileName/RangeSlider.cs: 026cea0882c5bbc90f7cedc5111cfeb2 -> 
  custom:scripting/monoscript/fileName/UIExtensionMethods.cs: 2621bff24acfb4ddb3b264b7553588d8 -> 
  custom:scripting/monoscript/fileName/UIVerticalScroller.cs: 3532ae0d4ba5f6e2c310cfec2c655a8c -> 
  custom:scripting/monoscript/fileName/FiltersPanel.cs: 5dbe4ca523d219ec24889a3783d94d4d -> 
  custom:scripting/monoscript/fileName/ColorLabel.cs: 9a2d62e5e8f65400e4abc881023f36f7 -> 
  custom:scripting/monoscript/fileName/TooltipTrigger.cs: 546a7d73bc42b9e6f1fd03a7e07d7f29 -> 
  custom:scripting/monoscript/fileName/UIMultiplyEffect.cs: 29b6f1f4d98d9b61292d829c0030af4b -> 
  custom:scripting/monoscript/fileName/CardPopup2D.cs: ac929914b8675b3ff1238ddb1cc99789 -> 
  custom:scripting/monoscript/fileName/ScrollSnapScrollbarHelper.cs: d6b043fd7048156ea2ef4da9da4a0a51 -> 
  custom:scripting/monoscript/fileName/HoverTooltip.cs: abdf0400bdf15bb8fdc0bc4d5ecc993f -> 
  custom:scripting/monoscript/fileName/ColorImage.cs: 87dea3e9bf43c94e295d4fa411046c66 -> 
  custom:scripting/monoscript/fileName/FancyScrollRectContext.cs: 9e5d4d8665c04a1190a3fc52908244b0 -> 
  custom:scripting/monoscript/fileName/TextPicIconEditor.cs: 1f41560011fcb93d03be374d10238c0c -> 
  custom:scripting/monoscript/fileName/UI_InfiniteScroll.cs: f7518bdb5ccbb5518282b9c860eef985 -> 
  custom:scripting/monoscript/fileName/UIExtensionsMenuOptions.cs: 25d3bc76bdcc7be45d732e8f064ec6a7 -> 
  custom:scripting/monoscript/fileName/ReadOnlyAttribute.cs: 604ae8fbc27d6402b88ac08f1987318f -> 
  custom:scripting/monoscript/fileName/UICircle.cs: e40253d6117a9fbea82cc285a7e8a36e -> 
  custom:scripting/monoscript/fileName/UIScrollToSelectionXY.cs: 8145d21a6ef6f8610242d2ba291595b9 -> 
  custom:scripting/monoscript/fileName/CUITextEditor.cs: 966cced0a631446b9484c2fe777a7f5b -> 
  custom:scripting/precompiled-assembly-types:UnityUIExtensions.editor: e002030e6fc012878af160bb334541ad -> 
  custom:scripting/monoscript/fileName/TweenRunner.cs: 90647cc400823b41df847a6cbfc29026 -> 
  custom:scripting/monoscript/fileName/UIHorizontalScroller.cs: 758f016ad67e22eff0f26468f408f006 -> 
  custom:scripting/monoscript/fileName/ReturnKeyTriggersButton.cs: 622f27a1a5fce3f8fe14f0fe6c6b39b5 -> 
  custom:scripting/monoscript/fileName/FancyGridViewCell.cs: 0cdf409b5aa8d4c25876d72b5c6a3b60 -> 
  custom:scripting/monoscript/fileName/Scroller.cs: 94938ad1cd7c20206a0339e3bd7f3330 -> 
  custom:scripting/monoscript/fileName/CylinderText.cs: 86c073c10ed890f8e108be86fb350e35 -> 
  custom:scripting/monoscript/fileName/ColorPickerPresets.cs: d20309ac183a87fd46c2e0a03ba5bdef -> 
  custom:scripting/monoscript/fileName/RadialSlider.cs: 24542b53b379116a4f98bb53a64e13b8 -> 
  custom:scripting/monoscript/fileName/PPIViewer.cs: 5269fbe050022d597b2ceba1b1d4cbae -> 
  custom:scripting/monoscript/fileName/InputFocus.cs: 6a5a3b184038cb5e7dbe4882c96bc91b -> 
  custom:scripting/monoscript/fileName/CUIBezierCurve.cs: 32214df0cb137de9f4967269deffb6f3 -> 
  custom:scripting/monoscript/fileName/DropDownListItem.cs: 91c61fd79335f34fb81e114553bf8888 -> 
  custom:scripting/monoscript/fileName/UIFlippable.cs: 9c843e180ea4b6afe9c1ba071336e124 -> 
  custom:scripting/monoscript/fileName/CanvasGroupActivator.cs: f743e9c6e47b0eb8c0b7b2fbf9f7de19 -> 
  custom:scripting/monoscript/fileName/UIWindowBase.cs: 776e605614a77fffd4e0147c8e684e94 -> 
  custom:video-encoder-webm-vp8: eb34c28f22e8b96e1ab97ce403110664 -> 
  custom:scripting/monoscript/fileName/ScrollPositionControllerEditor.cs: fb86570a90d8d5b779234b7f103e1b51 -> 
  custom:scripting/monoscript/fileName/CurvedLayout.cs: 46917779e317aa4a214ea430689de312 -> 
  custom:scripting/monoscript/fileName/ScrollConflictManager.cs: 1a474b2432b80a8b7211f13c79bb991c -> 
  custom:scripting/monoscript/fileName/ReadOnlyDrawer.cs: 1c0aa6472b8e40c24f66a5805d818994 -> 
  custom:audio-decoder-ogg-vorbis: bf7c407c2cedff20999df2af8eb42d56 -> 
  custom:scripting/monoscript/fileName/FancyGridView.cs: 849ed7f5b11c9db237ef61b01c5a5104 -> 
  custom:scripting/monoscript/fileName/CableCurve.cs: 1ed0592bfc80d3ca3db7b55e9a6e9d9a -> 
  custom:scripting/monoscript/fileName/PaginationManager.cs: b5c7a38e1c9bde92ca052679632bc9f1 -> 
  custom:scripting/monoscript/fileName/UILineTextureRenderer.cs: f3042185c83712ad42b2d6694b56f8d3 -> 
  custom:scripting/monoscript/fileName/MenuManager.cs: 8e71de17d45faf11b5ca3e63d3867170 -> 
  custom:scripting/monoscript/fileName/ColorPickerPresetsEditor.cs: 57bebb34d006d8305e8cd353ea00f28b -> 
  custom:scripting/monoscript/fileName/UI_MagneticInfiniteScroll.cs: 7f0db092e1c52c826e7ccbefe21fe7ce -> 
  custom:scripting/monoscript/fileName/ToolTip.cs: 2f05f936126a769ca9a98ef6920928a7 -> 
  custom:scripting/monoscript/fileName/TextPicRenameEditor.cs: b67a1588d964fe3ac177da9872e96689 -> 
  custom:scripting/monoscript/fileName/TestCompression.cs: 2a18178f72c1b3979b9006483863f20e -> 
  custom:scripting/monoscript/fileName/IFancyScrollRectContext.cs: 9c4dee0aef526d67eb0a668a1c9b910a -> 
  custom:scripting/monoscript/fileName/ColorChangedEvent.cs: bafb161b451089e6c72bcae877e0ba66 -> 
  custom:scripting/monoscript/fileName/BestFitOutline.cs: 2ec1c68346f5b721e3d92092cd60b278 -> 
  custom:scripting/monoscript/fileName/NonDrawingGraphicEditor.cs: 1e7abd1e1a4d3da38de70c6d38c19118 -> 
  custom:scripting/monoscript/fileName/HSVChangedEvent.cs: 8a0d7f505f4db7e267a03264293f54eb -> 
  custom:scripting/monoscript/fileName/CUIImageEditor.cs: 0be5a4365a8d65680f88c4d192e5254c -> 
  custom:scripting/monoscript/fileName/HorizontalScrollSnap.cs: 624447835d67a70d90ed2b7f69117316 -> 
  custom:scripting/monoscript/fileName/UI_TweenScale.cs: 50a18c41daf615d82dc37ef0e9dcea31 -> 
  custom:scripting/monoscript/fileName/BoundTooltipItem.cs: 12dc26af634677e40fd7840809357e6c -> 
  custom:scripting/monoscript/fileName/AccordionElement.cs: 69f1a7e537099cc57de9b6eaa86cef32 -> 
  custom:scripting/monoscript/fileName/UI_ScrollRectOcclusion.cs: 491f1c2592ac821eb8de9e533fddd4a9 -> 
  custom:scripting/monoscript/fileName/CUIBezierCurveEditor.cs: be4462c6de2387d5f99ef9d0e93b91ee -> 
  custom:scripting/monoscript/fileName/ColorSliderImage.cs: bbcbfbf23dc2f9fc5450db8f36b24487 -> 
  custom:scripting/monoscript/fileName/Accordion.cs: c31898dc7ffd6f7b32be5689419229bc -> 
  custom:scripting/monoscript/fileName/FancyCell.cs: 0cdf409b5aa8d4c25876d72b5c6a3b60 -> 
  custom:scripting/monoscript/fileName/ShineEffect.cs: 61d233269c4ea687efa548adef5d6e13 -> 
  custom:audio-encoder-webm-vorbis: bf7c407c2cedff20999df2af8eb42d56 -> 
  custom:scripting/monoscript/fileName/ScrollRectTweener.cs: 3437a8fb18bed84a45865e36e83e332f -> 
  custom:scripting/monoscript/fileName/MeshCreator.cs: a2506ad04bac2e5a6d6d50e0d7978d92 -> 
  custom:scripting/monoscript/fileName/UIPolygon.cs: ef7b3e02606f58c56a27e65db10bc7f3 -> 
  custom:scripting/monoscript/fileName/switchToRectTransform.cs: 0ef297259b7f2ab26defc1d718ad1e0a -> 
  custom:scripting/monoscript/fileName/UILineRendererList.cs: efbf4ff76c31aa3e4f61c8b26734d929 -> 
  custom:scripting/monoscript/fileName/CLZF2.cs: 40ef7bf6191a1a5e5b0f37e092e1b271 -> 
  custom:scripting/monoscript/fileName/SimpleMenu.cs: 90647cc400823b41df847a6cbfc29026 -> 
  custom:scripting/monoscript/fileName/RescalePanel.cs: a379a55181438e3b7a29019da8a3c82c -> 
  custom:scripting/monoscript/fileName/DragCorrector.cs: 89ab4a0369eecb75be2277a80a08c1e7 -> 
  custom:scripting/monoscript/fileName/RangeSliderEditor.cs: 1c09cdb4e75bc10f834bbae9a7b54e1e -> 
  custom:scripting/monoscript/fileName/FancyScrollRect.cs: 0cdf409b5aa8d4c25876d72b5c6a3b60 -> 
  custom:scripting/precompiled-assembly-types:Assembly-CSharp: 9d98c5210357a57051bc817a849226c0 -> d9898b08f7aa15a36c94fc52d0b7440b
  custom:scripting/monoscript/fileName/ReorderableList.cs: 944c8e214787d07461c711b29546f976 -> 
  custom:scripting/monoscript/fileName/RadialLayout.cs: 170f31c5fdb54a9fe7ba926effdfd7d4 -> 
  custom:scripting/monoscript/fileName/ColorSlider.cs: a91d06b853e0bf2d5df3ea61a67d5c83 -> 
  custom:scripting/monoscript/fileName/IFancyGridViewContext.cs: be7addf49e5950ebb654fec55c2afa8b -> 
  custom:scripting/precompiled-assembly-types:UnityUIExtensions: c0991a7eaf90618746e467e9e018bd04 -> 
  custom:scripting/monoscript/fileName/CUIGraphic.cs: 4f47fad340418bff51fe6171e2259e7f -> 
  custom:scripting/monoscript/fileName/IFancyCellGroupContext.cs: 323b5f49cc2011b3d2d9088e528ed161 -> 
  custom:scripting/monoscript/fileName/MinMaxSlider.cs: e7d98a511e8b98df33f72f37935821e5 -> 
  custom:scripting/monoscript/fileName/ColorPickerTester.cs: 63b6c03c009a94721b9d41c8d5e5e6ed -> 
========================================================================
Received Prepare
Caller must complete domain reload
Begin MonoManager ReloadAssembly
- Loaded All Assemblies, in  0.584 seconds
Native extension for WindowsStandalone target not found
Native extension for WebGL target not found
Mono: successfully reloaded assembly
- Finished resetting the current domain, in  1.687 seconds
Domain Reload Profiling: 2271ms
	BeginReloadAssembly (163ms)
		ExecutionOrderSort (0ms)
		DisableScriptedObjects (14ms)
		BackupInstance (0ms)
		ReleaseScriptingObjects (0ms)
		CreateAndSetChildDomain (35ms)
	RebuildCommonClasses (34ms)
	RebuildNativeTypeToScriptingClass (12ms)
	initialDomainReloadingComplete (29ms)
	LoadAllAssembliesAndSetupDomain (345ms)
		LoadAssemblies (409ms)
		RebuildTransferFunctionScriptingTraits (0ms)
		AnalyzeDomain (19ms)
			TypeCache.Refresh (5ms)
				TypeCache.ScanAssembly (0ms)
			ScanForSourceGeneratedMonoScriptInfo (0ms)
			ResolveRequiredComponents (13ms)
	FinalizeReload (1687ms)
		ReleaseScriptCaches (0ms)
		RebuildScriptCaches (0ms)
		SetupLoadedEditorAssemblies (483ms)
			LogAssemblyErrors (0ms)
			InitializePlatformSupportModulesInManaged (7ms)
			SetLoadedEditorAssemblies (6ms)
			RefreshPlugins (0ms)
			BeforeProcessingInitializeOnLoad (85ms)
			ProcessInitializeOnLoadAttributes (347ms)
			ProcessInitializeOnLoadMethodAttributes (34ms)
			AfterProcessingInitializeOnLoad (3ms)
			EditorAssembliesLoaded (0ms)
		ExecutionOrderSort2 (0ms)
		AwakeInstancesAfterBackupRestoration (17ms)
Refreshing native plugins compatible for Editor in 9.00 ms, found 7 plugins.
Preloading 0 native plugins for Editor in 0.00 ms.
Unloading 4457 Unused Serialized files (Serialized files now loaded: 0)
Unloading 44 unused Assets / (0.7 MB). Loaded Objects now: 5368.
Memory consumption went from 158.3 MB to 157.6 MB.
Total: 5.296900 ms (FindLiveObjects: 0.530900 ms CreateObjectMapping: 0.264200 ms MarkObjects: 3.861200 ms  DeleteObjects: 0.638900 ms)

Prepare: number of updated asset objects reloaded= 0
AssetImportParameters requested are different than current active one (requested -> active):
  custom:scripting/monoscript/fileName/CardStack2D.cs: 52f7ac406c04f320c1cc31b32fc945ec -> 
  custom:scripting/monoscript/fileName/UILineRendererFIFO.cs: 1a840d7d842445f62c20beee85a5bbc5 -> 
  custom:scripting/monoscript/fileName/FlowLayoutGroup.cs: 4f8c51e99186127173631d5ea0b848a8 -> 
  custom:scripting/monoscript/fileName/UIParticleSystem.cs: 6cef203566a0c9333597e4e233613614 -> 
  custom:scripting/monoscript/fileName/UILineRenderer.cs: 673f1b621ab4781ac78770b1b3c45207 -> 
  custom:scripting/monoscript/fileName/TableLayoutGroup.cs: 9697d88a99d4c91003d206b86eed3a61 -> 
  custom:scripting/monoscript/fileName/Segment.cs: 823b994f6bbb6e32f73e9807948df6b3 -> 
  custom:container-demuxer-ogg: 62fdf1f143b41e24485cea50d1cbac27 -> 
  custom:scripting/monoscript/fileName/SelectionBox.cs: 9eabc2822607d24d284c5c0d720d4a01 -> 
  custom:scripting/monoscript/fileName/ReorderableListContent.cs: a630238339e5f198f723ac29a2329f6d -> 
  custom:scripting/monoscript/fileName/Menu.cs: d0a2652908e797d4064ef9b772450cc8 -> 
  custom:scripting/monoscript/fileName/SetPropertyUtility.cs: 02aade692758e5563210cc05829e9851 -> f604b4b9e6b0979bdfc1e2b40426dd19
  custom:scripting/monoscript/fileName/HSVUtil.cs: 2f204c7a89b046fae714aadbcda42851 -> 
  custom:scripting/monoscript/fileName/FancyCellGroup.cs: 90647cc400823b41df847a6cbfc29026 -> 
  custom:scripting/monoscript/fileName/RescaleDragPanel.cs: 428e5a10a21f2d3fc3805557487d591e -> 
  custom:scripting/monoscript/fileName/ExtensionsToggleGroup.cs: 93967f93faef61aecdca9232fa42b062 -> 
  custom:scripting/monoscript/fileName/ResizePanel.cs: 0a2d1269c62cba913a254b515f8b6020 -> 
  custom:scripting/monoscript/fileName/Circle.cs: cfc2369c92dd039be7c3f572f769fdcf -> 
  custom:scripting/monoscript/fileName/ShaderLibrary.cs: 7a09676978959734a6827051c965f749 -> 
  custom:scripting/monoscript/fileName/CurvedText.cs: c86aabacdca275700720e919fc8a8b52 -> 
  custom:scripting/monoscript/fileName/FancyScrollRectCell.cs: 0cdf409b5aa8d4c25876d72b5c6a3b60 -> 
  custom:scripting/monoscript/fileName/Gradient.cs: a4c2a5a25440c543cd82653fda832632 -> 
  custom:scripting/monoscript/fileName/ScrollSnapBase.cs: 3682088473625968e7b4647a6b4213f6 -> 
  custom:scripting/monoscript/fileName/CUIText.cs: 0be1a405bc9388e4813a74aad6018bec -> 
  custom:scripting/monoscript/fileName/BoundTooltipTrigger.cs: e78e2ee612ba85e075ab794a5cb95e73 -> 
  custom:scripting/monoscript/fileName/UIHighlightable.cs: fd305ad78204cb75a66ce809c3f50e6a -> 
  custom:video-codec-MediaFoundation-h265: 746d11721c4dcdbdad8f713fa42b33f4 -> 
  custom:scripting/monoscript/fileName/UIExtensionsInputManager.cs: 6f468ddae971c3bcce0288549c1beabd -> 
  custom:scripting/monoscript/fileName/Gradient2.cs: 9c1fd6257924e43a80b8fccb859d3828 -> 
  custom:scripting/monoscript/fileName/CooldownButton.cs: 72bd21b90ac71f29908a36179176f8fc -> 
  custom:video-decoder-ogg-theora: a1e56fd34408186e4bbccfd4996cb3dc -> 
  custom:scripting/monoscript/fileName/TileSizeFitter.cs: ba6326e335b6f177a627b992c444832c -> 
  custom:scripting/monoscript/fileName/SelectableScaler.cs: 3ebe175d64b38a572f8dbe8fd345f0c3 -> 
  custom:scripting/monoscript/fileName/AccordionElementEditor.cs: db5ee9b2cff22578a12a4d141614d665 -> 
  custom:scripting/monoscript/fileName/ExtensionsToggle.cs: e0b44aa7e1ff973d74b4857a34a48879 -> 
  custom:scripting/monoscript/fileName/ReorderableListElement.cs: 788a31431a1c95dc9a9a52767f8e812f -> 
  custom:scripting/monoscript/fileName/ShineEffector.cs: 52ed4eb6c7ed8f674a18d2a4db6eba86 -> 
  custom:scripting/monoscript/fileName/UISelectableExtension.cs: b6766007d8a2236e23d4749da2d8cdd2 -> 
  custom:framework-win-MediaFoundation: 216162199b28c13a410421893ffa2e32 -> 
  custom:scripting/monoscript/fileName/UISoftAdditiveEffect.cs: 30a825933c907dec19605ff2f58a292f -> 
  custom:scripting/monoscript/fileName/HexColorField.cs: 425eeca1ce4159bc649962b2337061a4 -> 
  custom:scripting/monoscript/fileName/ColorPickerControl.cs: 97231f899ae243cc634f34e048c22095 -> 
  custom:scripting/monoscript/fileName/ReorderableListDebug.cs: 51cf5a188c464deb681bea16cb795b61 -> 
  custom:scripting/monoscript/fileName/TextPic.cs: 9dbd7bc654cbf19eee33ac6fc452bfb1 -> 
  custom:scripting/monoscript/fileName/CUIImage.cs: 41f29f650aa507f802cd9793d91f3211 -> 
  custom:scripting/monoscript/fileName/DropDownListButton.cs: 71d533f2602e0e099d09a556ef8e4414 -> 
  custom:scripting/monoscript/fileName/ScrollSnap.cs: c5ae67ed5cc8c0ab1f7496803acc2648 -> 
  custom:scripting/monoscript/fileName/TextPicIconListCopier.cs: a564a2a474c019b98650cff2383ccfca -> 
  custom:scripting/monoscript/fileName/UICornerCut.cs: 69b0dfb485aa2b1afa65fcf30028125b -> 
  custom:scripting/monoscript/fileName/ScrollerEditor.cs: 478519b80ad2bc62d4a4b80ae078e694 -> 
  custom:scripting/monoscript/fileName/IBoxSelectable.cs: a5bf39a694cf2b84c65e7bec998d4941 -> 
  custom:scripting/monoscript/fileName/TiltWindow.cs: 7c3356d1b5bc9c6e9fe98345b0be7c30 -> 
  custom:scripting/monoscript/fileName/ExtensionMethods.cs: 943bd8dac5ce9467ce7deb0856dc6b0a -> 
  custom:scripting/monoscript/fileName/ComboBox.cs: a6ca48dde827ff07a9093f3624d58e62 -> 
  custom:scripting/monoscript/fileName/ScrollRectLinker.cs: 0316116e17d192ca2ef7c97539dff50f -> 
  custom:scripting/monoscript/fileName/SVBoxSlider.cs: 1d22c9c16d63e1cf38ad19bbcec9a0da -> 
  custom:scripting/monoscript/fileName/VerticalScrollSnap.cs: a7ebcf1fac8331e70ee01e540cbe484b -> 
  custom:scripting/monoscript/fileName/UILineConnector.cs: ea5f69a32957fe35ae7b512ef3f758ef -> 
  custom:scripting/monoscript/fileName/UIScreenEffect.cs: c36542c529d1f733362556ab22c18bf9 -> 
  custom:scripting/monoscript/fileName/SoftMaskScript.cs: 867049fb2647c9983fb1391409f93d30 -> 
  custom:scripting/monoscript/fileName/DiamondGraph.cs: a01b647a54847840428a395cc0d6fc16 -> 
  custom:scripting/monoscript/fileName/ScrollRectEx.cs: 3f6a881a34055e182fee3ab0baaee0c3 -> 
  custom:scripting/monoscript/fileName/UIGridRenderer.cs: 04c0062f4b7cdd6963fdba9ae03d9c72 -> 
  custom:scripting/monoscript/fileName/NicerOutline.cs: 571a7c7c4af4ebadc9fed23f0c3b0b46 -> 
  custom:CustomObjectIndexerAttribute: 9a22284fe3817be447336de3de66b15e -> 
  custom:scripting/monoscript/fileName/ScrollRectExtensions.cs: c76cb840404ffa9bc24248639e9da4ee -> 
  custom:scripting/monoscript/fileName/FancyGridViewContext.cs: 8738476657d4a33c34bc82bed7ce8bc9 -> 
  custom:scripting/monoscript/fileName/MinMaxValues.cs: 4aa11a61e640749f4ea5f947f86be5ba -> 
  custom:scripting/monoscript/fileName/CardExpanding3D.cs: d8b2b9924677ad2b445b05edbed7f0e3 -> 
  custom:scripting/monoscript/fileName/MinMaxSliderEditor.cs: e0496a7f76fc8934af2a763a7289ad36 -> 
  custom:scripting/monoscript/fileName/StepperSide.cs: 34d9a35c8c2622f327b140f18a7398a7 -> 
  custom:scripting/monoscript/fileName/CUIGraphicEditor.cs: a618262d3e77d462c5a0cd2e608e8a53 -> 
  custom:scripting/monoscript/fileName/DropDownList.cs: 3d51ab81e9571c9027b59874b2c78567 -> 
  custom:scripting/monoscript/fileName/ITweenValue.cs: 1d0eaa4b435fa135e18af6b5fa57e92e -> 
  custom:container-demuxer-webm: 4f35f7cbe854078d1ac9338744f61a02 -> 
  custom:scripting/monoscript/fileName/CardExpanding2D.cs: e0950b450275cb3936a581f286a6b471 -> 
  custom:scripting/monoscript/fileName/ResetSelectableHighlight.cs: 3ea63487fd77e7b22731770a86b4f8b9 -> 
  custom:scripting/monoscript/fileName/UIScrollToSelection.cs: d89fc8e36bdc19715e3104a5f857d175 -> 
  custom:scripting/monoscript/fileName/IScrollSnap.cs: 80b4110dac6695d630b8e7501d8e5aa8 -> 
  custom:scripting/monoscript/fileName/SegmentedControl.cs: 3a6e53207de58cf304ab520e0638e2df -> 
  custom:scripting/monoscript/fileName/ColorSampler.cs: 617678b91f4adc7b3146f51bed3fc4b1 -> 
  custom:scripting/monoscript/fileName/TabNavigationHelper.cs: 43f45dc623750048d2fbac24931c8ac8 -> 
  custom:scripting/monoscript/fileName/AutoCompleteComboBox.cs: 6e2e6cf33d4f5ca4ad3c05ff8f254467 -> 
  custom:scripting/monoscript/fileName/TextPicEditor.cs: c23216fe996c314d4c496ad837485981 -> 
  custom:scripting/monoscript/fileName/CUIMisc.cs: bc26c7f132f5cd28304cbc88070ca4dc -> 
  custom:scripting/monoscript/fileName/UIAdditiveEffect.cs: 50386f7d7d76f5c5e155dbf56c5e5fdd -> 
  custom:scripting/monoscript/fileName/MonoSpacing.cs: 45ba6bf376dd125375a8906a7d8b8b4b -> 
  custom:scripting/monoscript/fileName/FloatTween.cs: c51b551f6abec506d0db9945f7aa25cc -> 
  custom:scripting/monoscript/fileName/BoxSlider.cs: 662335e935a62641f6cb14e99e25e994 -> 
  custom:scripting/monoscript/fileName/BezierLineRendererEditor.cs: 2a50098be424d999e43b888ace13278c -> 
  custom:scripting/monoscript/fileName/NonDrawingGraphic.cs: a309796f6d67e4c1c110ec62b4572b4e -> 
  custom:scripting/monoscript/fileName/ScrollPositionController.cs: 30c392a65a277a4a74b1a6f1a3417601 -> 
  custom:scripting/monoscript/fileName/ContentScrollSnapHorizontal.cs: cb0bf043572062ce08b48904f46c98c8 -> 
  custom:scripting/monoscript/fileName/Triangulator.cs: 4ee9f09ca55767568ee94c9eaaed7244 -> d867a9a7a8385ef82ff357feb70c59d4
  custom:scripting/monoscript/fileName/UIImageCrop.cs: 1ec5d1f18ccf3bbe8ea319cda00ecfbc -> 
  custom:scripting/monoscript/fileName/BoxSliderEditor.cs: 9c680a5a338924fb176605eed0f68a75 -> 
  custom:scripting/monoscript/fileName/FancyScrollView.cs: c5f9c64ec4b4e183b17919204bc381a9 -> 
  custom:scripting/monoscript/fileName/BezierPath.cs: 90cbb6f823f7a03c69c93b3e1653c45e -> 
  custom:scripting/monoscript/fileName/SuperellipsePoints.cs: db2a1c9698f2dea478e1d6bfece554ae -> 
  custom:scripting/monoscript/fileName/UI_Knob.cs: 00244fb2be3e9e1f5ec3a07f175066a9 -> 
  custom:container-muxer-webm: aa71ff27fc2769a1b78a27578f13a17b -> 
  custom:scripting/monoscript/fileName/RaycastMask.cs: b13971e6a124c25b886c6703ae2aab24 -> 
  custom:scripting/monoscript/fileName/MultiTouchScrollRect.cs: 3a778993ea01435b2502c14ea2b2ff98 -> 
  custom:video-decoder-webm-vp8: 9c59270c3fd7afecdb556c50c9e8de78 -> 
  custom:scripting/monoscript/fileName/InputFieldEnterSubmit.cs: cdd5149b8afb8dc59ad57cc53ad8fb3b -> 
  custom:scripting/monoscript/fileName/ExampleSelectable.cs: 8dc7a8cd606154e7d10bb507e235c1f8 -> 
  custom:scripting/monoscript/fileName/uGUITools.cs: aa32797d8a9cdcd2167b6be114b0d5ec -> 
  custom:scripting/monoscript/fileName/UILinearDodgeEffect.cs: f5508d2f3f6addba614d4c08275f4546 -> 
  custom:SearchIndexIgnoredProperties: e643bd26f0fe6173181afceb89e7c659 -> 
  custom:scripting/monoscript/fileName/EasingCore.cs: 0bad7e894488e9b67256d892a478aab1 -> 
  custom:scripting/monoscript/fileName/Stepper.cs: 3ee1a56034750815f9c567b6c54fbbb8 -> 
  custom:scripting/monoscript/fileName/UIPrimitiveBase.cs: 80a945e915822efd5c887ee28f76aa9f -> 
  custom:AudioImporter_EditorPlatform: d09bf68614088b80899f8185d706f6e7 -> 
  custom:scripting/monoscript/fileName/LetterSpacing.cs: c4f4c504ac9c0b708c438c8a0faf6a96 -> 
  custom:scripting/monoscript/fileName/UISquircle.cs: faaa67841792f2c90a13db82841ac6e3 -> 
  custom:scripting/monoscript/fileName/RangeSlider.cs: 026cea0882c5bbc90f7cedc5111cfeb2 -> 
  custom:scripting/monoscript/fileName/UIExtensionMethods.cs: 2621bff24acfb4ddb3b264b7553588d8 -> 
  custom:scripting/monoscript/fileName/UIVerticalScroller.cs: 3532ae0d4ba5f6e2c310cfec2c655a8c -> 
  custom:scripting/monoscript/fileName/FiltersPanel.cs: 5dbe4ca523d219ec24889a3783d94d4d -> 
  custom:scripting/monoscript/fileName/ColorLabel.cs: 9a2d62e5e8f65400e4abc881023f36f7 -> 
  custom:scripting/monoscript/fileName/TooltipTrigger.cs: 546a7d73bc42b9e6f1fd03a7e07d7f29 -> 
  custom:scripting/monoscript/fileName/UIMultiplyEffect.cs: 29b6f1f4d98d9b61292d829c0030af4b -> 
  custom:scripting/monoscript/fileName/CardPopup2D.cs: ac929914b8675b3ff1238ddb1cc99789 -> 
  custom:scripting/monoscript/fileName/ScrollSnapScrollbarHelper.cs: d6b043fd7048156ea2ef4da9da4a0a51 -> 
  custom:scripting/monoscript/fileName/HoverTooltip.cs: abdf0400bdf15bb8fdc0bc4d5ecc993f -> 
  custom:scripting/monoscript/fileName/ColorImage.cs: 87dea3e9bf43c94e295d4fa411046c66 -> 
  custom:scripting/monoscript/fileName/FancyScrollRectContext.cs: 9e5d4d8665c04a1190a3fc52908244b0 -> 
  custom:scripting/monoscript/fileName/TextPicIconEditor.cs: 1f41560011fcb93d03be374d10238c0c -> 
  custom:scripting/monoscript/fileName/UI_InfiniteScroll.cs: f7518bdb5ccbb5518282b9c860eef985 -> 
  custom:scripting/monoscript/fileName/UIExtensionsMenuOptions.cs: 25d3bc76bdcc7be45d732e8f064ec6a7 -> 
  custom:scripting/monoscript/fileName/ReadOnlyAttribute.cs: 604ae8fbc27d6402b88ac08f1987318f -> 
  custom:scripting/monoscript/fileName/UICircle.cs: e40253d6117a9fbea82cc285a7e8a36e -> 
  custom:scripting/monoscript/fileName/UIScrollToSelectionXY.cs: 8145d21a6ef6f8610242d2ba291595b9 -> 
  custom:scripting/monoscript/fileName/CUITextEditor.cs: 966cced0a631446b9484c2fe777a7f5b -> 
  custom:scripting/precompiled-assembly-types:UnityUIExtensions.editor: e002030e6fc012878af160bb334541ad -> 
  custom:scripting/monoscript/fileName/TweenRunner.cs: 90647cc400823b41df847a6cbfc29026 -> 
  custom:scripting/monoscript/fileName/UIHorizontalScroller.cs: 758f016ad67e22eff0f26468f408f006 -> 
  custom:scripting/monoscript/fileName/ReturnKeyTriggersButton.cs: 622f27a1a5fce3f8fe14f0fe6c6b39b5 -> 
  custom:scripting/monoscript/fileName/FancyGridViewCell.cs: 0cdf409b5aa8d4c25876d72b5c6a3b60 -> 
  custom:scripting/monoscript/fileName/Scroller.cs: 94938ad1cd7c20206a0339e3bd7f3330 -> 
  custom:scripting/monoscript/fileName/CylinderText.cs: 86c073c10ed890f8e108be86fb350e35 -> 
  custom:scripting/monoscript/fileName/ColorPickerPresets.cs: d20309ac183a87fd46c2e0a03ba5bdef -> 
  custom:scripting/monoscript/fileName/RadialSlider.cs: 24542b53b379116a4f98bb53a64e13b8 -> 
  custom:scripting/monoscript/fileName/PPIViewer.cs: 5269fbe050022d597b2ceba1b1d4cbae -> 
  custom:scripting/monoscript/fileName/InputFocus.cs: 6a5a3b184038cb5e7dbe4882c96bc91b -> 
  custom:scripting/monoscript/fileName/CUIBezierCurve.cs: 32214df0cb137de9f4967269deffb6f3 -> 
  custom:scripting/monoscript/fileName/DropDownListItem.cs: 91c61fd79335f34fb81e114553bf8888 -> 
  custom:scripting/monoscript/fileName/UIFlippable.cs: 9c843e180ea4b6afe9c1ba071336e124 -> 
  custom:scripting/monoscript/fileName/CanvasGroupActivator.cs: f743e9c6e47b0eb8c0b7b2fbf9f7de19 -> 
  custom:scripting/monoscript/fileName/UIWindowBase.cs: 776e605614a77fffd4e0147c8e684e94 -> 
  custom:video-encoder-webm-vp8: eb34c28f22e8b96e1ab97ce403110664 -> 
  custom:scripting/monoscript/fileName/ScrollPositionControllerEditor.cs: fb86570a90d8d5b779234b7f103e1b51 -> 
  custom:scripting/monoscript/fileName/CurvedLayout.cs: 46917779e317aa4a214ea430689de312 -> 
  custom:scripting/monoscript/fileName/ScrollConflictManager.cs: 1a474b2432b80a8b7211f13c79bb991c -> 
  custom:scripting/monoscript/fileName/ReadOnlyDrawer.cs: 1c0aa6472b8e40c24f66a5805d818994 -> 
  custom:audio-decoder-ogg-vorbis: bf7c407c2cedff20999df2af8eb42d56 -> 
  custom:scripting/monoscript/fileName/FancyGridView.cs: 849ed7f5b11c9db237ef61b01c5a5104 -> 
  custom:scripting/monoscript/fileName/CableCurve.cs: 1ed0592bfc80d3ca3db7b55e9a6e9d9a -> 
  custom:scripting/monoscript/fileName/PaginationManager.cs: b5c7a38e1c9bde92ca052679632bc9f1 -> 
  custom:scripting/monoscript/fileName/UILineTextureRenderer.cs: f3042185c83712ad42b2d6694b56f8d3 -> 
  custom:scripting/monoscript/fileName/MenuManager.cs: 8e71de17d45faf11b5ca3e63d3867170 -> 
  custom:scripting/monoscript/fileName/ColorPickerPresetsEditor.cs: 57bebb34d006d8305e8cd353ea00f28b -> 
  custom:scripting/monoscript/fileName/UI_MagneticInfiniteScroll.cs: 7f0db092e1c52c826e7ccbefe21fe7ce -> 
  custom:scripting/monoscript/fileName/ToolTip.cs: 2f05f936126a769ca9a98ef6920928a7 -> 
  custom:scripting/monoscript/fileName/TextPicRenameEditor.cs: b67a1588d964fe3ac177da9872e96689 -> 
  custom:scripting/monoscript/fileName/TestCompression.cs: 2a18178f72c1b3979b9006483863f20e -> 
  custom:scripting/monoscript/fileName/IFancyScrollRectContext.cs: 9c4dee0aef526d67eb0a668a1c9b910a -> 
  custom:scripting/monoscript/fileName/ColorChangedEvent.cs: bafb161b451089e6c72bcae877e0ba66 -> 
  custom:scripting/monoscript/fileName/BestFitOutline.cs: 2ec1c68346f5b721e3d92092cd60b278 -> 
  custom:scripting/monoscript/fileName/NonDrawingGraphicEditor.cs: 1e7abd1e1a4d3da38de70c6d38c19118 -> 
  custom:scripting/monoscript/fileName/HSVChangedEvent.cs: 8a0d7f505f4db7e267a03264293f54eb -> 
  custom:scripting/monoscript/fileName/CUIImageEditor.cs: 0be5a4365a8d65680f88c4d192e5254c -> 
  custom:scripting/monoscript/fileName/HorizontalScrollSnap.cs: 624447835d67a70d90ed2b7f69117316 -> 
  custom:scripting/monoscript/fileName/UI_TweenScale.cs: 50a18c41daf615d82dc37ef0e9dcea31 -> 
  custom:scripting/monoscript/fileName/BoundTooltipItem.cs: 12dc26af634677e40fd7840809357e6c -> 
  custom:scripting/monoscript/fileName/AccordionElement.cs: 69f1a7e537099cc57de9b6eaa86cef32 -> 
  custom:scripting/monoscript/fileName/UI_ScrollRectOcclusion.cs: 491f1c2592ac821eb8de9e533fddd4a9 -> 
  custom:scripting/monoscript/fileName/CUIBezierCurveEditor.cs: be4462c6de2387d5f99ef9d0e93b91ee -> 
  custom:scripting/monoscript/fileName/ColorSliderImage.cs: bbcbfbf23dc2f9fc5450db8f36b24487 -> 
  custom:scripting/monoscript/fileName/Accordion.cs: c31898dc7ffd6f7b32be5689419229bc -> 
  custom:scripting/monoscript/fileName/FancyCell.cs: 0cdf409b5aa8d4c25876d72b5c6a3b60 -> 
  custom:scripting/monoscript/fileName/ShineEffect.cs: 61d233269c4ea687efa548adef5d6e13 -> 
  custom:audio-encoder-webm-vorbis: bf7c407c2cedff20999df2af8eb42d56 -> 
  custom:scripting/monoscript/fileName/ScrollRectTweener.cs: 3437a8fb18bed84a45865e36e83e332f -> 
  custom:scripting/monoscript/fileName/MeshCreator.cs: a2506ad04bac2e5a6d6d50e0d7978d92 -> 
  custom:scripting/monoscript/fileName/UIPolygon.cs: ef7b3e02606f58c56a27e65db10bc7f3 -> 
  custom:scripting/monoscript/fileName/switchToRectTransform.cs: 0ef297259b7f2ab26defc1d718ad1e0a -> 
  custom:scripting/monoscript/fileName/UILineRendererList.cs: efbf4ff76c31aa3e4f61c8b26734d929 -> 
  custom:scripting/monoscript/fileName/CLZF2.cs: 40ef7bf6191a1a5e5b0f37e092e1b271 -> 
  custom:scripting/monoscript/fileName/SimpleMenu.cs: 90647cc400823b41df847a6cbfc29026 -> 
  custom:scripting/monoscript/fileName/RescalePanel.cs: a379a55181438e3b7a29019da8a3c82c -> 
  custom:scripting/monoscript/fileName/DragCorrector.cs: 89ab4a0369eecb75be2277a80a08c1e7 -> 
  custom:scripting/monoscript/fileName/RangeSliderEditor.cs: 1c09cdb4e75bc10f834bbae9a7b54e1e -> 
  custom:scripting/monoscript/fileName/FancyScrollRect.cs: 0cdf409b5aa8d4c25876d72b5c6a3b60 -> 
  custom:scripting/precompiled-assembly-types:Assembly-CSharp: 9d98c5210357a57051bc817a849226c0 -> d9898b08f7aa15a36c94fc52d0b7440b
  custom:scripting/monoscript/fileName/ReorderableList.cs: 944c8e214787d07461c711b29546f976 -> 
  custom:scripting/monoscript/fileName/RadialLayout.cs: 170f31c5fdb54a9fe7ba926effdfd7d4 -> 
  custom:scripting/monoscript/fileName/ColorSlider.cs: a91d06b853e0bf2d5df3ea61a67d5c83 -> 
  custom:scripting/monoscript/fileName/IFancyGridViewContext.cs: be7addf49e5950ebb654fec55c2afa8b -> 
  custom:scripting/precompiled-assembly-types:UnityUIExtensions: c0991a7eaf90618746e467e9e018bd04 -> 
  custom:scripting/monoscript/fileName/CUIGraphic.cs: 4f47fad340418bff51fe6171e2259e7f -> 
  custom:scripting/monoscript/fileName/IFancyCellGroupContext.cs: 323b5f49cc2011b3d2d9088e528ed161 -> 
  custom:scripting/monoscript/fileName/MinMaxSlider.cs: e7d98a511e8b98df33f72f37935821e5 -> 
  custom:scripting/monoscript/fileName/ColorPickerTester.cs: 63b6c03c009a94721b9d41c8d5e5e6ed -> 
========================================================================
Received Import Request.
  Time since last request: 24671.855820 seconds.
  path: Assets/Animations/Filters.controller
  artifactKey: Guid(ee587d2f3c43a904f8ed852dbbe75155) Importer(2089858483,0ecaa5967403d082aa24f35e1b516d23)
Start importing Assets/Animations/Filters.controller using Guid(ee587d2f3c43a904f8ed852dbbe75155) Importer(2089858483,0ecaa5967403d082aa24f35e1b516d23) [PhysX] Initialized MultithreadedTaskDispatcher with 16 workers.
 -> (artifact id: '4b53936be0de009f37ae2b297df4bc1d') in 0.237482 seconds
Number of updated asset objects reloaded before import = 0
Number of asset objects unloaded after import = 8
========================================================================
Received Import Request.
  Time since last request: 0.000044 seconds.
  path: Assets/TextMesh Pro/Resources/LineBreaking Leading Characters.txt
  artifactKey: Guid(d82c1b31c7e74239bff1220585707d2b) Importer(2089858483,0ecaa5967403d082aa24f35e1b516d23)
Start importing Assets/TextMesh Pro/Resources/LineBreaking Leading Characters.txt using Guid(d82c1b31c7e74239bff1220585707d2b) Importer(2089858483,0ecaa5967403d082aa24f35e1b516d23) [PhysX] Initialized MultithreadedTaskDispatcher with 16 workers.
 -> (artifact id: '31906d08c1b0b0427cae99828cb4cce9') in 0.009098 seconds
Number of updated asset objects reloaded before import = 0
Number of asset objects unloaded after import = 1
========================================================================
Received Import Request.
  Time since last request: 0.000044 seconds.
  path: Assets/TextMesh Pro/Shaders/TMPro_Mobile.cginc
  artifactKey: Guid(c334973cef89a9840b0b0c507e0377ab) Importer(2089858483,0ecaa5967403d082aa24f35e1b516d23)
Start importing Assets/TextMesh Pro/Shaders/TMPro_Mobile.cginc using Guid(c334973cef89a9840b0b0c507e0377ab) Importer(2089858483,0ecaa5967403d082aa24f35e1b516d23) [PhysX] Initialized MultithreadedTaskDispatcher with 16 workers.
 -> (artifact id: '61ebb1c73fc58dafd956779e1b56db31') in 0.011949 seconds
Number of updated asset objects reloaded before import = 0
Number of asset objects unloaded after import = 1
========================================================================
Received Import Request.
  Time since last request: 0.000035 seconds.
  path: Assets/Content/Fonts/Paprika-Regular.ttf
  artifactKey: Guid(5fe952013e4c46c4a86b1723df613dfd) Importer(2089858483,0ecaa5967403d082aa24f35e1b516d23)
Start importing Assets/Content/Fonts/Paprika-Regular.ttf using Guid(5fe952013e4c46c4a86b1723df613dfd) Importer(2089858483,0ecaa5967403d082aa24f35e1b516d23) [PhysX] Initialized MultithreadedTaskDispatcher with 16 workers.
 -> (artifact id: '5f9ac6903486ee066b48ac5906080634') in 0.091667 seconds
Number of updated asset objects reloaded before import = 0
Number of asset objects unloaded after import = 3
========================================================================
Received Import Request.
  Time since last request: 0.000037 seconds.
  path: Assets/TextMesh Pro/Shaders/TMPro.cginc
  artifactKey: Guid(407bc68d299748449bbf7f48ee690f8d) Importer(2089858483,0ecaa5967403d082aa24f35e1b516d23)
Start importing Assets/TextMesh Pro/Shaders/TMPro.cginc using Guid(407bc68d299748449bbf7f48ee690f8d) Importer(2089858483,0ecaa5967403d082aa24f35e1b516d23) [PhysX] Initialized MultithreadedTaskDispatcher with 16 workers.
 -> (artifact id: '856f6bcb5daa6e8393e6623796c3a5d2') in 0.006974 seconds
Number of updated asset objects reloaded before import = 0
Number of asset objects unloaded after import = 1
========================================================================
Received Import Request.
  Time since last request: 0.000046 seconds.
  path: Assets/Content/Maps/MapDayPreview.jpg
  artifactKey: Guid(77fe25423eae2354184e380924b2711a) Importer(2089858483,0ecaa5967403d082aa24f35e1b516d23)
Start importing Assets/Content/Maps/MapDayPreview.jpg using Guid(77fe25423eae2354184e380924b2711a) Importer(2089858483,0ecaa5967403d082aa24f35e1b516d23) [PhysX] Initialized MultithreadedTaskDispatcher with 16 workers.
 -> (artifact id: '6691679829a6069e95beaf81503ac46c') in 0.079403 seconds
Number of updated asset objects reloaded before import = 0
Number of asset objects unloaded after import = 3
========================================================================
Received Import Request.
  Time since last request: 0.000020 seconds.
  path: Assets/Content/States/shield.png
  artifactKey: Guid(1ece3a35833d1954da6d7139669e4b37) Importer(2089858483,0ecaa5967403d082aa24f35e1b516d23)
Start importing Assets/Content/States/shield.png using Guid(1ece3a35833d1954da6d7139669e4b37) Importer(2089858483,0ecaa5967403d082aa24f35e1b516d23) [PhysX] Initialized MultithreadedTaskDispatcher with 16 workers.
 -> (artifact id: '4065c3d84153d484a8232fc02214a7a6') in 0.015635 seconds
Number of updated asset objects reloaded before import = 0
Number of asset objects unloaded after import = 3
========================================================================
Received Import Request.
  Time since last request: 0.000023 seconds.
  path: Assets/Plugins/Demigiant/DOTween/Modules/DOTweenModuleSprite.cs
  artifactKey: Guid(188918ab119d93148aa0de59ccf5286b) Importer(2089858483,0ecaa5967403d082aa24f35e1b516d23)
Start importing Assets/Plugins/Demigiant/DOTween/Modules/DOTweenModuleSprite.cs using Guid(188918ab119d93148aa0de59ccf5286b) Importer(2089858483,0ecaa5967403d082aa24f35e1b516d23) [PhysX] Initialized MultithreadedTaskDispatcher with 16 workers.
 -> (artifact id: '23a2ad7c6d4fb6e6b9149909b161fbb5') in 0.008221 seconds
Number of updated asset objects reloaded before import = 0
Number of asset objects unloaded after import = 1
========================================================================
Received Import Request.
  Time since last request: 0.000128 seconds.
  path: Assets/Plugins/Demigiant/DOTween/readme.txt
  artifactKey: Guid(fccfc62abf2eb0a4db614853430894fd) Importer(2089858483,0ecaa5967403d082aa24f35e1b516d23)
Start importing Assets/Plugins/Demigiant/DOTween/readme.txt using Guid(fccfc62abf2eb0a4db614853430894fd) Importer(2089858483,0ecaa5967403d082aa24f35e1b516d23) [PhysX] Initialized MultithreadedTaskDispatcher with 16 workers.
 -> (artifact id: 'c020365d275d0427bf5470a170bf32ec') in 0.006905 seconds
Number of updated asset objects reloaded before import = 0
Number of asset objects unloaded after import = 1
========================================================================
Received Import Request.
  Time since last request: 0.000052 seconds.
  path: Assets/Plugins/Demigiant/DOTween/DOTween.XML
  artifactKey: Guid(34192c5e0d14aee43a0e86cc4823268a) Importer(2089858483,0ecaa5967403d082aa24f35e1b516d23)
Start importing Assets/Plugins/Demigiant/DOTween/DOTween.XML using Guid(34192c5e0d14aee43a0e86cc4823268a) Importer(2089858483,0ecaa5967403d082aa24f35e1b516d23) [PhysX] Initialized MultithreadedTaskDispatcher with 16 workers.
 -> (artifact id: 'e54549618ccad1617a7b81f7302a9984') in 0.009333 seconds
Number of updated asset objects reloaded before import = 0
Number of asset objects unloaded after import = 1
========================================================================
Received Import Request.
  Time since last request: 0.000043 seconds.
  path: Assets/Plugins/Demigiant/DOTween/Editor/Imgs/DOTweenIcon.png
  artifactKey: Guid(8da095e39e9b4df488dfd436f81116d6) Importer(2089858483,0ecaa5967403d082aa24f35e1b516d23)
Start importing Assets/Plugins/Demigiant/DOTween/Editor/Imgs/DOTweenIcon.png using Guid(8da095e39e9b4df488dfd436f81116d6) Importer(2089858483,0ecaa5967403d082aa24f35e1b516d23) [PhysX] Initialized MultithreadedTaskDispatcher with 16 workers.
 -> (artifact id: '6b91457f06c98d90957701ac20de694c') in 0.016714 seconds
Number of updated asset objects reloaded before import = 0
Number of asset objects unloaded after import = 1
========================================================================
Received Import Request.
  Time since last request: 0.000058 seconds.
  path: Assets/Content/player.png
  artifactKey: Guid(437bdf7d401df284e8c44683335b66cd) Importer(2089858483,0ecaa5967403d082aa24f35e1b516d23)
Start importing Assets/Content/player.png using Guid(437bdf7d401df284e8c44683335b66cd) Importer(2089858483,0ecaa5967403d082aa24f35e1b516d23) [PhysX] Initialized MultithreadedTaskDispatcher with 16 workers.
 -> (artifact id: 'd2b5f398463e14ccef5ee6239cf01bbc') in 0.017260 seconds
Number of updated asset objects reloaded before import = 0
Number of asset objects unloaded after import = 3
========================================================================
Received Import Request.
  Time since last request: 0.000026 seconds.
  path: Assets/Plugins/Demigiant/DOTween/Modules/DOTweenModuleUnityVersion.cs
  artifactKey: Guid(63c02322328255542995bd02b47b0457) Importer(2089858483,0ecaa5967403d082aa24f35e1b516d23)
Start importing Assets/Plugins/Demigiant/DOTween/Modules/DOTweenModuleUnityVersion.cs using Guid(63c02322328255542995bd02b47b0457) Importer(2089858483,0ecaa5967403d082aa24f35e1b516d23) [PhysX] Initialized MultithreadedTaskDispatcher with 16 workers.
 -> (artifact id: 'f4993990e26ce57489d212970550a0e8') in 0.008257 seconds
Number of updated asset objects reloaded before import = 0
Number of asset objects unloaded after import = 1
========================================================================
Received Import Request.
  Time since last request: 0.000043 seconds.
  path: Assets/Plugins/Demigiant/DOTween/Modules/DOTweenModuleAudio.cs
  artifactKey: Guid(b766d08851589514b97afb23c6f30a70) Importer(2089858483,0ecaa5967403d082aa24f35e1b516d23)
Start importing Assets/Plugins/Demigiant/DOTween/Modules/DOTweenModuleAudio.cs using Guid(b766d08851589514b97afb23c6f30a70) Importer(2089858483,0ecaa5967403d082aa24f35e1b516d23) [PhysX] Initialized MultithreadedTaskDispatcher with 16 workers.
 -> (artifact id: '5fe14de79b1501bfa9af83914f8580b4') in 0.006920 seconds
Number of updated asset objects reloaded before import = 0
Number of asset objects unloaded after import = 1
========================================================================
Received Import Request.
  Time since last request: 0.000024 seconds.
  path: Assets/TextMesh Pro/Shaders/TMP_Sprite.shader
  artifactKey: Guid(cf81c85f95fe47e1a27f6ae460cf182c) Importer(2089858483,0ecaa5967403d082aa24f35e1b516d23)
Start importing Assets/TextMesh Pro/Shaders/TMP_Sprite.shader using Guid(cf81c85f95fe47e1a27f6ae460cf182c) Importer(2089858483,0ecaa5967403d082aa24f35e1b516d23) [PhysX] Initialized MultithreadedTaskDispatcher with 16 workers.
 -> (artifact id: '845d41deeaa56ea2d7ff148a21825e7b') in 0.012238 seconds
Number of updated asset objects reloaded before import = 0
Number of asset objects unloaded after import = 1
========================================================================
Received Import Request.
  Time since last request: 0.000029 seconds.
  path: Assets/TextMesh Pro/Shaders/TMP_SDF-Mobile Masking.shader
  artifactKey: Guid(bc1ede39bf3643ee8e493720e4259791) Importer(2089858483,0ecaa5967403d082aa24f35e1b516d23)
Start importing Assets/TextMesh Pro/Shaders/TMP_SDF-Mobile Masking.shader using Guid(bc1ede39bf3643ee8e493720e4259791) Importer(2089858483,0ecaa5967403d082aa24f35e1b516d23) [PhysX] Initialized MultithreadedTaskDispatcher with 16 workers.
 -> (artifact id: '8e7986444e39e4023b7a30921afcfa15') in 0.010378 seconds
Number of updated asset objects reloaded before import = 0
Number of asset objects unloaded after import = 1
========================================================================
Received Import Request.
  Time since last request: 0.000073 seconds.
  path: Assets/Content/Landscape/home.png
  artifactKey: Guid(3d164aff4463f1d45aa7a373138b820a) Importer(2089858483,0ecaa5967403d082aa24f35e1b516d23)
Start importing Assets/Content/Landscape/home.png using Guid(3d164aff4463f1d45aa7a373138b820a) Importer(2089858483,0ecaa5967403d082aa24f35e1b516d23) [PhysX] Initialized MultithreadedTaskDispatcher with 16 workers.
 -> (artifact id: '4b0052725c385725c0ff3b429e88041f') in 0.018413 seconds
Number of updated asset objects reloaded before import = 0
Number of asset objects unloaded after import = 3
========================================================================
Received Import Request.
  Time since last request: 0.000041 seconds.
  path: Assets/Content/Landscape/Castle.png
  artifactKey: Guid(8d03c85d351860146bbb9d36b4269b63) Importer(2089858483,0ecaa5967403d082aa24f35e1b516d23)
Start importing Assets/Content/Landscape/Castle.png using Guid(8d03c85d351860146bbb9d36b4269b63) Importer(2089858483,0ecaa5967403d082aa24f35e1b516d23) [PhysX] Initialized MultithreadedTaskDispatcher with 16 workers.
 -> (artifact id: '5e1b334019fbd09413e3a3086a441826') in 0.015405 seconds
Number of updated asset objects reloaded before import = 0
Number of asset objects unloaded after import = 3
========================================================================
Received Import Request.
  Time since last request: 0.000024 seconds.
  path: Assets/Content/Maps/MapDay.jpeg
  artifactKey: Guid(4eb354ad4cf7dca4b85a116262aab924) Importer(2089858483,0ecaa5967403d082aa24f35e1b516d23)
Start importing Assets/Content/Maps/MapDay.jpeg using Guid(4eb354ad4cf7dca4b85a116262aab924) Importer(2089858483,0ecaa5967403d082aa24f35e1b516d23) [PhysX] Initialized MultithreadedTaskDispatcher with 16 workers.
 -> (artifact id: 'effb829b0f9046308ffd7457a69ea0d9') in 0.035795 seconds
Number of updated asset objects reloaded before import = 0
Number of asset objects unloaded after import = 3
========================================================================
Received Import Request.
  Time since last request: 0.000053 seconds.
  path: Assets/TextMesh Pro/Fonts/LiberationSans.ttf
  artifactKey: Guid(e3265ab4bf004d28a9537516768c1c75) Importer(2089858483,0ecaa5967403d082aa24f35e1b516d23)
Start importing Assets/TextMesh Pro/Fonts/LiberationSans.ttf using Guid(e3265ab4bf004d28a9537516768c1c75) Importer(2089858483,0ecaa5967403d082aa24f35e1b516d23) [PhysX] Initialized MultithreadedTaskDispatcher with 16 workers.
 -> (artifact id: 'c3aa697f368f689ab78dbd6e70c16785') in 0.013683 seconds
Number of updated asset objects reloaded before import = 0
Number of asset objects unloaded after import = 3
========================================================================
Received Import Request.
  Time since last request: 0.000033 seconds.
  path: Assets/Content/Maps/MapNightPreview.jpg
  artifactKey: Guid(27cb323fc1fcf414e96a6cecad4cf03c) Importer(2089858483,0ecaa5967403d082aa24f35e1b516d23)
Start importing Assets/Content/Maps/MapNightPreview.jpg using Guid(27cb323fc1fcf414e96a6cecad4cf03c) Importer(2089858483,0ecaa5967403d082aa24f35e1b516d23) [PhysX] Initialized MultithreadedTaskDispatcher with 16 workers.
 -> (artifact id: '115875e435fa0bdbd27a6bfbc984f0f7') in 0.020661 seconds
Number of updated asset objects reloaded before import = 0
Number of asset objects unloaded after import = 3
========================================================================
Received Import Request.
  Time since last request: 0.000027 seconds.
  path: Assets/Content/States/smile.png
  artifactKey: Guid(8f3674e55375f5c40a7c24971a95bf3e) Importer(2089858483,0ecaa5967403d082aa24f35e1b516d23)
Start importing Assets/Content/States/smile.png using Guid(8f3674e55375f5c40a7c24971a95bf3e) Importer(2089858483,0ecaa5967403d082aa24f35e1b516d23) [PhysX] Initialized MultithreadedTaskDispatcher with 16 workers.
 -> (artifact id: '5bcbfc1e95130ade00256ad6c613a424') in 0.017172 seconds
Number of updated asset objects reloaded before import = 0
Number of asset objects unloaded after import = 3
========================================================================
Received Import Request.
  Time since last request: 0.000046 seconds.
  path: Assets/TextMesh Pro/Shaders/TMP_SDF-Mobile SSD.shader
  artifactKey: Guid(c8d12adcee749c344b8117cf7c7eb912) Importer(2089858483,0ecaa5967403d082aa24f35e1b516d23)
Start importing Assets/TextMesh Pro/Shaders/TMP_SDF-Mobile SSD.shader using Guid(c8d12adcee749c344b8117cf7c7eb912) Importer(2089858483,0ecaa5967403d082aa24f35e1b516d23) [PhysX] Initialized MultithreadedTaskDispatcher with 16 workers.
 -> (artifact id: '343cff0a73bb64e274010a636ec20443') in 0.007882 seconds
Number of updated asset objects reloaded before import = 0
Number of asset objects unloaded after import = 1
========================================================================
Received Import Request.
  Time since last request: 0.000024 seconds.
  path: Assets/Content/States/sword.png
  artifactKey: Guid(1baff3bd9fe63ac449c5b083d964b796) Importer(2089858483,0ecaa5967403d082aa24f35e1b516d23)
Start importing Assets/Content/States/sword.png using Guid(1baff3bd9fe63ac449c5b083d964b796) Importer(2089858483,0ecaa5967403d082aa24f35e1b516d23) [PhysX] Initialized MultithreadedTaskDispatcher with 16 workers.
 -> (artifact id: 'd5250c47aa409b75c4d9d0bac3496a6d') in 0.014707 seconds
Number of updated asset objects reloaded before import = 0
Number of asset objects unloaded after import = 3
========================================================================
Received Import Request.
  Time since last request: 0.000038 seconds.
  path: Assets/Content/5pxAllCorners@2x.png
  artifactKey: Guid(64ae1ae1547a8614ea14bee8ed101a9e) Importer(2089858483,0ecaa5967403d082aa24f35e1b516d23)
Start importing Assets/Content/5pxAllCorners@2x.png using Guid(64ae1ae1547a8614ea14bee8ed101a9e) Importer(2089858483,0ecaa5967403d082aa24f35e1b516d23) [PhysX] Initialized MultithreadedTaskDispatcher with 16 workers.
 -> (artifact id: '90da41a8aa29aff81f21760233726cf3') in 0.015276 seconds
Number of updated asset objects reloaded before import = 0
Number of asset objects unloaded after import = 3
========================================================================
Received Import Request.
  Time since last request: 0.000026 seconds.
  path: Assets/TextMesh Pro/Resources/LineBreaking Following Characters.txt
  artifactKey: Guid(fade42e8bc714b018fac513c043d323b) Importer(2089858483,0ecaa5967403d082aa24f35e1b516d23)
Start importing Assets/TextMesh Pro/Resources/LineBreaking Following Characters.txt using Guid(fade42e8bc714b018fac513c043d323b) Importer(2089858483,0ecaa5967403d082aa24f35e1b516d23) [PhysX] Initialized MultithreadedTaskDispatcher with 16 workers.
 -> (artifact id: 'f15335134dec6cfac2e162ac33eee774') in 0.005122 seconds
Number of updated asset objects reloaded before import = 0
Number of asset objects unloaded after import = 1
========================================================================
Received Import Request.
  Time since last request: 0.000024 seconds.
  path: Assets/TextMesh Pro/Shaders/TMP_SDF SSD.shader
  artifactKey: Guid(14eb328de4b8eb245bb7cea29e4ac00b) Importer(2089858483,0ecaa5967403d082aa24f35e1b516d23)
Start importing Assets/TextMesh Pro/Shaders/TMP_SDF SSD.shader using Guid(14eb328de4b8eb245bb7cea29e4ac00b) Importer(2089858483,0ecaa5967403d082aa24f35e1b516d23) [PhysX] Initialized MultithreadedTaskDispatcher with 16 workers.
 -> (artifact id: '977db2d958b47b0650a4b35c64e8f4de') in 0.009156 seconds
Number of updated asset objects reloaded before import = 0
Number of asset objects unloaded after import = 1
========================================================================
Received Import Request.
  Time since last request: 0.000031 seconds.
  path: Assets/Content/Landscape/volcano.png
  artifactKey: Guid(3907d2f006365bf4e8815942c86f3157) Importer(2089858483,0ecaa5967403d082aa24f35e1b516d23)
Start importing Assets/Content/Landscape/volcano.png using Guid(3907d2f006365bf4e8815942c86f3157) Importer(2089858483,0ecaa5967403d082aa24f35e1b516d23) [PhysX] Initialized MultithreadedTaskDispatcher with 16 workers.
 -> (artifact id: '2d4f1d064aedf9bedc380e4abcb04866') in 0.014477 seconds
Number of updated asset objects reloaded before import = 0
Number of asset objects unloaded after import = 3
========================================================================
Received Import Request.
  Time since last request: 0.000053 seconds.
  path: Assets/Plugins/Demigiant/DOTween/Editor/Imgs/DOTweenMiniIcon.png
  artifactKey: Guid(61521df2e071645488ba3d05e49289ae) Importer(2089858483,0ecaa5967403d082aa24f35e1b516d23)
Start importing Assets/Plugins/Demigiant/DOTween/Editor/Imgs/DOTweenMiniIcon.png using Guid(61521df2e071645488ba3d05e49289ae) Importer(2089858483,0ecaa5967403d082aa24f35e1b516d23) [PhysX] Initialized MultithreadedTaskDispatcher with 16 workers.
 -> (artifact id: 'f915565c6f62c6eae0945471dae5df5e') in 0.015824 seconds
Number of updated asset objects reloaded before import = 0
Number of asset objects unloaded after import = 1
========================================================================
Received Import Request.
  Time since last request: 0.000021 seconds.
  path: Assets/TextMesh Pro/Resources/Fonts & Materials/LiberationSans SDF - Fallback.asset
  artifactKey: Guid(2e498d1c8094910479dc3e1b768306a4) Importer(2089858483,0ecaa5967403d082aa24f35e1b516d23)
Start importing Assets/TextMesh Pro/Resources/Fonts & Materials/LiberationSans SDF - Fallback.asset using Guid(2e498d1c8094910479dc3e1b768306a4) Importer(2089858483,0ecaa5967403d082aa24f35e1b516d23) [PhysX] Initialized MultithreadedTaskDispatcher with 16 workers.
 -> (artifact id: '753b92e7e5a29283fef47392dd4b8f4e') in 0.069181 seconds
Number of updated asset objects reloaded before import = 0
Number of asset objects unloaded after import = 5
========================================================================
Received Import Request.
  Time since last request: 0.000036 seconds.
  path: Assets/Content/line.png
  artifactKey: Guid(2cf9d54ee2f87bf4ea69a3f5b6db9bc8) Importer(2089858483,0ecaa5967403d082aa24f35e1b516d23)
Start importing Assets/Content/line.png using Guid(2cf9d54ee2f87bf4ea69a3f5b6db9bc8) Importer(2089858483,0ecaa5967403d082aa24f35e1b516d23) [PhysX] Initialized MultithreadedTaskDispatcher with 16 workers.
 -> (artifact id: 'f5ce5534f913063453100fa25131d757') in 0.016274 seconds
Number of updated asset objects reloaded before import = 0
Number of asset objects unloaded after import = 3
========================================================================
Received Import Request.
  Time since last request: 0.000021 seconds.
  path: Assets/Plugins/Demigiant/DOTween/DOTween.dll.mdb
  artifactKey: Guid(4f007001a22b3d24dae350342c4d19c8) Importer(2089858483,0ecaa5967403d082aa24f35e1b516d23)
Start importing Assets/Plugins/Demigiant/DOTween/DOTween.dll.mdb using Guid(4f007001a22b3d24dae350342c4d19c8) Importer(2089858483,0ecaa5967403d082aa24f35e1b516d23) [PhysX] Initialized MultithreadedTaskDispatcher with 16 workers.
 -> (artifact id: '1d54e8cc49151a0b51b8d90f93361f46') in 0.005054 seconds
Number of updated asset objects reloaded before import = 0
Number of asset objects unloaded after import = 1
========================================================================
Received Import Request.
  Time since last request: 0.000026 seconds.
  path: Assets/TextMesh Pro/Shaders/TMP_Bitmap-Mobile.shader
  artifactKey: Guid(1e3b057af24249748ff873be7fafee47) Importer(2089858483,0ecaa5967403d082aa24f35e1b516d23)
Start importing Assets/TextMesh Pro/Shaders/TMP_Bitmap-Mobile.shader using Guid(1e3b057af24249748ff873be7fafee47) Importer(2089858483,0ecaa5967403d082aa24f35e1b516d23) [PhysX] Initialized MultithreadedTaskDispatcher with 16 workers.
 -> (artifact id: 'e743987d6e08cb541366bdec5c954fed') in 0.007236 seconds
Number of updated asset objects reloaded before import = 0
Number of asset objects unloaded after import = 1
========================================================================
Received Import Request.
  Time since last request: 0.000024 seconds.
  path: Assets/Scripts/FiltersPanel.cs
  artifactKey: Guid(96c70c890b430c54cad0b88592cea19b) Importer(2089858483,0ecaa5967403d082aa24f35e1b516d23)
Start importing Assets/Scripts/FiltersPanel.cs using Guid(96c70c890b430c54cad0b88592cea19b) Importer(2089858483,0ecaa5967403d082aa24f35e1b516d23) [PhysX] Initialized MultithreadedTaskDispatcher with 16 workers.
 -> (artifact id: '2163ce9db2807232eb1ec78a61c57eba') in 0.005422 seconds
Number of updated asset objects reloaded before import = 0
Number of asset objects unloaded after import = 1
========================================================================
Received Import Request.
  Time since last request: 0.000023 seconds.
  path: Assets/Scenes/SampleScene.unity
  artifactKey: Guid(2cda990e2423bbf4892e6590ba056729) Importer(2089858483,0ecaa5967403d082aa24f35e1b516d23)
Start importing Assets/Scenes/SampleScene.unity using Guid(2cda990e2423bbf4892e6590ba056729) Importer(2089858483,0ecaa5967403d082aa24f35e1b516d23) [PhysX] Initialized MultithreadedTaskDispatcher with 16 workers.
 -> (artifact id: '1ce0f2c54b466e47a14ce229ac64b6ff') in 0.004761 seconds
Number of updated asset objects reloaded before import = 0
Number of asset objects unloaded after import = 1
========================================================================
Received Import Request.
  Time since last request: 0.000025 seconds.
  path: Assets/Content/Rounded10px@2x.png
  artifactKey: Guid(a3318e0183983604cae9ed72ea475092) Importer(2089858483,0ecaa5967403d082aa24f35e1b516d23)
Start importing Assets/Content/Rounded10px@2x.png using Guid(a3318e0183983604cae9ed72ea475092) Importer(2089858483,0ecaa5967403d082aa24f35e1b516d23) [PhysX] Initialized MultithreadedTaskDispatcher with 16 workers.
 -> (artifact id: 'd171323f52a53e8af4fb4b5266091637') in 0.015053 seconds
Number of updated asset objects reloaded before import = 0
Number of asset objects unloaded after import = 3
========================================================================
Received Import Request.
  Time since last request: 0.000032 seconds.
  path: Assets/Content/Fonts/Paprika-Regular SDF.asset
  artifactKey: Guid(6bb13b55cf80460479cfda119391235c) Importer(2089858483,0ecaa5967403d082aa24f35e1b516d23)
Start importing Assets/Content/Fonts/Paprika-Regular SDF.asset using Guid(6bb13b55cf80460479cfda119391235c) Importer(2089858483,0ecaa5967403d082aa24f35e1b516d23) [PhysX] Initialized MultithreadedTaskDispatcher with 16 workers.
 -> (artifact id: '49e2b6cc75e4192a0082e1a339ac01c7') in 0.025381 seconds
Number of updated asset objects reloaded before import = 0
Number of asset objects unloaded after import = 5
========================================================================
Received Import Request.
  Time since last request: 0.000021 seconds.
  path: Assets/Scripts/DropShadow.cs
  artifactKey: Guid(5dfb556ed39eee540ba4199e89f023f8) Importer(2089858483,0ecaa5967403d082aa24f35e1b516d23)
Start importing Assets/Scripts/DropShadow.cs using Guid(5dfb556ed39eee540ba4199e89f023f8) Importer(2089858483,0ecaa5967403d082aa24f35e1b516d23) [PhysX] Initialized MultithreadedTaskDispatcher with 16 workers.
 -> (artifact id: 'a4abad1bb637d3c3e43fcd4f037a405c') in 0.006379 seconds
Number of updated asset objects reloaded before import = 0
Number of asset objects unloaded after import = 1
========================================================================
Received Import Request.
  Time since last request: 0.000029 seconds.
  path: Assets/Content/background.jpg
  artifactKey: Guid(f400616c42026644699f50cbf0cd3917) Importer(2089858483,0ecaa5967403d082aa24f35e1b516d23)
Start importing Assets/Content/background.jpg using Guid(f400616c42026644699f50cbf0cd3917) Importer(2089858483,0ecaa5967403d082aa24f35e1b516d23) [PhysX] Initialized MultithreadedTaskDispatcher with 16 workers.
 -> (artifact id: 'c6cfdf092c8f38faae5c11f6f4b2e078') in 0.017081 seconds
Number of updated asset objects reloaded before import = 0
Number of asset objects unloaded after import = 3
========================================================================
Received Import Request.
  Time since last request: 0.000022 seconds.
  path: Assets/Scripts/PinManager.cs
  artifactKey: Guid(221312375e2772d48b4969c59ad3b04b) Importer(2089858483,0ecaa5967403d082aa24f35e1b516d23)
Start importing Assets/Scripts/PinManager.cs using Guid(221312375e2772d48b4969c59ad3b04b) Importer(2089858483,0ecaa5967403d082aa24f35e1b516d23) [PhysX] Initialized MultithreadedTaskDispatcher with 16 workers.
 -> (artifact id: 'c272582f5ade1cca9cffcfaef4604982') in 0.008159 seconds
Number of updated asset objects reloaded before import = 0
Number of asset objects unloaded after import = 1
========================================================================
Received Import Request.
  Time since last request: 0.000028 seconds.
  path: Assets/Content/Landscape/Ocean_Tusnami.png
  artifactKey: Guid(e40f9bb38ae9b6f4e8fb09b2625ddcb9) Importer(2089858483,0ecaa5967403d082aa24f35e1b516d23)
Start importing Assets/Content/Landscape/Ocean_Tusnami.png using Guid(e40f9bb38ae9b6f4e8fb09b2625ddcb9) Importer(2089858483,0ecaa5967403d082aa24f35e1b516d23) [PhysX] Initialized MultithreadedTaskDispatcher with 16 workers.
 -> (artifact id: '51733b1e82dc0899a1ffb8ffb81f9db6') in 0.016767 seconds
Number of updated asset objects reloaded before import = 0
Number of asset objects unloaded after import = 3
========================================================================
Received Import Request.
  Time since last request: 0.000034 seconds.
  path: Assets/TextMesh Pro/Shaders/TMPro_Properties.cginc
  artifactKey: Guid(3997e2241185407d80309a82f9148466) Importer(2089858483,0ecaa5967403d082aa24f35e1b516d23)
Start importing Assets/TextMesh Pro/Shaders/TMPro_Properties.cginc using Guid(3997e2241185407d80309a82f9148466) Importer(2089858483,0ecaa5967403d082aa24f35e1b516d23) [PhysX] Initialized MultithreadedTaskDispatcher with 16 workers.
 -> (artifact id: '5228e40baecc2cbb555c3fa3d672a18b') in 0.006904 seconds
Number of updated asset objects reloaded before import = 0
Number of asset objects unloaded after import = 1
========================================================================
Received Import Request.
  Time since last request: 0.000028 seconds.
  path: Assets/TextMesh Pro/Shaders/TMP_SDF.shader
  artifactKey: Guid(68e6db2ebdc24f95958faec2be5558d6) Importer(2089858483,0ecaa5967403d082aa24f35e1b516d23)
Start importing Assets/TextMesh Pro/Shaders/TMP_SDF.shader using Guid(68e6db2ebdc24f95958faec2be5558d6) Importer(2089858483,0ecaa5967403d082aa24f35e1b516d23) [PhysX] Initialized MultithreadedTaskDispatcher with 16 workers.
 -> (artifact id: '05b27eb0ea744236e11bd46839819b7a') in 0.011757 seconds
Number of updated asset objects reloaded before import = 0
Number of asset objects unloaded after import = 1
========================================================================
Received Import Request.
  Time since last request: 0.000031 seconds.
  path: Assets/Plugins/Demigiant/DOTween/Modules/DOTweenModulePhysics2D.cs
  artifactKey: Guid(230fe34542e175245ba74b4659dae700) Importer(2089858483,0ecaa5967403d082aa24f35e1b516d23)
Start importing Assets/Plugins/Demigiant/DOTween/Modules/DOTweenModulePhysics2D.cs using Guid(230fe34542e175245ba74b4659dae700) Importer(2089858483,0ecaa5967403d082aa24f35e1b516d23) [PhysX] Initialized MultithreadedTaskDispatcher with 16 workers.
 -> (artifact id: '99c1e4dee114fc033b7588794b80dc42') in 0.007890 seconds
Number of updated asset objects reloaded before import = 0
Number of asset objects unloaded after import = 1
========================================================================
Received Import Request.
  Time since last request: 0.000030 seconds.
  path: Assets/Plugins/Demigiant/DOTween/Editor/DOTweenEditor.dll
  artifactKey: Guid(45d5034162d6cf04dbe46da84fc7d074) Importer(2089858483,0ecaa5967403d082aa24f35e1b516d23)
Start importing Assets/Plugins/Demigiant/DOTween/Editor/DOTweenEditor.dll using Guid(45d5034162d6cf04dbe46da84fc7d074) Importer(2089858483,0ecaa5967403d082aa24f35e1b516d23) [PhysX] Initialized MultithreadedTaskDispatcher with 16 workers.
 -> (artifact id: '2d4398afeb935dfaba0e20b4c026e28d') in 0.014122 seconds
Number of updated asset objects reloaded before import = 0
Number of asset objects unloaded after import = 1
========================================================================
Received Import Request.
  Time since last request: 0.000053 seconds.
  path: Assets/Prefabs/UserPoint.prefab
  artifactKey: Guid(b44ae90e44809f645a37877ec1cc4fd3) Importer(2089858483,0ecaa5967403d082aa24f35e1b516d23)
Start importing Assets/Prefabs/UserPoint.prefab using Guid(b44ae90e44809f645a37877ec1cc4fd3) Importer(2089858483,0ecaa5967403d082aa24f35e1b516d23) [PhysX] Initialized MultithreadedTaskDispatcher with 16 workers.
 -> (artifact id: 'cd3b559c10b0d8d88b0c712198ebf0d0') in 0.057698 seconds
Number of updated asset objects reloaded before import = 0
Number of asset objects unloaded after import = 10
========================================================================
Received Prepare
Caller must complete domain reload
Begin MonoManager ReloadAssembly
- Loaded All Assemblies, in  0.639 seconds
Native extension for WindowsStandalone target not found
Native extension for WebGL target not found
Mono: successfully reloaded assembly
- Finished resetting the current domain, in  1.288 seconds
Domain Reload Profiling: 1927ms
	BeginReloadAssembly (216ms)
		ExecutionOrderSort (0ms)
		DisableScriptedObjects (13ms)
		BackupInstance (0ms)
		ReleaseScriptingObjects (0ms)
		CreateAndSetChildDomain (51ms)
	RebuildCommonClasses (56ms)
	RebuildNativeTypeToScriptingClass (12ms)
	initialDomainReloadingComplete (30ms)
	LoadAllAssembliesAndSetupDomain (323ms)
		LoadAssemblies (412ms)
		RebuildTransferFunctionScriptingTraits (0ms)
		AnalyzeDomain (25ms)
			TypeCache.Refresh (7ms)
				TypeCache.ScanAssembly (0ms)
			ScanForSourceGeneratedMonoScriptInfo (0ms)
			ResolveRequiredComponents (16ms)
	FinalizeReload (1289ms)
		ReleaseScriptCaches (0ms)
		RebuildScriptCaches (0ms)
		SetupLoadedEditorAssemblies (515ms)
			LogAssemblyErrors (0ms)
			InitializePlatformSupportModulesInManaged (7ms)
			SetLoadedEditorAssemblies (6ms)
			RefreshPlugins (0ms)
			BeforeProcessingInitializeOnLoad (83ms)
			ProcessInitializeOnLoadAttributes (377ms)
			ProcessInitializeOnLoadMethodAttributes (38ms)
			AfterProcessingInitializeOnLoad (3ms)
			EditorAssembliesLoaded (0ms)
		ExecutionOrderSort2 (0ms)
		AwakeInstancesAfterBackupRestoration (20ms)
Refreshing native plugins compatible for Editor in 10.14 ms, found 7 plugins.
Preloading 0 native plugins for Editor in 0.00 ms.
Unloading 4456 Unused Serialized files (Serialized files now loaded: 0)
Unloading 44 unused Assets / (0.7 MB). Loaded Objects now: 5373.
Memory consumption went from 158.4 MB to 157.7 MB.
Total: 7.575200 ms (FindLiveObjects: 1.009200 ms CreateObjectMapping: 0.802000 ms MarkObjects: 4.925000 ms  DeleteObjects: 0.834300 ms)

Prepare: number of updated asset objects reloaded= 0
AssetImportParameters requested are different than current active one (requested -> active):
  custom:scripting/monoscript/fileName/CardStack2D.cs: 52f7ac406c04f320c1cc31b32fc945ec -> 
  custom:scripting/monoscript/fileName/UILineRendererFIFO.cs: 1a840d7d842445f62c20beee85a5bbc5 -> 
  custom:scripting/monoscript/fileName/FlowLayoutGroup.cs: 4f8c51e99186127173631d5ea0b848a8 -> 
  custom:scripting/monoscript/fileName/UIParticleSystem.cs: 6cef203566a0c9333597e4e233613614 -> 
  custom:scripting/monoscript/fileName/UILineRenderer.cs: 673f1b621ab4781ac78770b1b3c45207 -> 
  custom:scripting/monoscript/fileName/TableLayoutGroup.cs: 9697d88a99d4c91003d206b86eed3a61 -> 
  custom:scripting/monoscript/fileName/Segment.cs: 823b994f6bbb6e32f73e9807948df6b3 -> 
  custom:container-demuxer-ogg: 62fdf1f143b41e24485cea50d1cbac27 -> 
  custom:scripting/monoscript/fileName/SelectionBox.cs: 9eabc2822607d24d284c5c0d720d4a01 -> 
  custom:scripting/monoscript/fileName/ReorderableListContent.cs: a630238339e5f198f723ac29a2329f6d -> 
  custom:scripting/monoscript/fileName/Menu.cs: d0a2652908e797d4064ef9b772450cc8 -> 
  custom:scripting/monoscript/fileName/SetPropertyUtility.cs: 02aade692758e5563210cc05829e9851 -> f604b4b9e6b0979bdfc1e2b40426dd19
  custom:scripting/monoscript/fileName/HSVUtil.cs: 2f204c7a89b046fae714aadbcda42851 -> 
  custom:scripting/monoscript/fileName/FancyCellGroup.cs: 90647cc400823b41df847a6cbfc29026 -> 
  custom:scripting/monoscript/fileName/RescaleDragPanel.cs: 428e5a10a21f2d3fc3805557487d591e -> 
  custom:scripting/monoscript/fileName/ExtensionsToggleGroup.cs: 93967f93faef61aecdca9232fa42b062 -> 
  custom:scripting/monoscript/fileName/ResizePanel.cs: 0a2d1269c62cba913a254b515f8b6020 -> 
  custom:scripting/monoscript/fileName/Circle.cs: cfc2369c92dd039be7c3f572f769fdcf -> 
  custom:scripting/monoscript/fileName/ShaderLibrary.cs: 7a09676978959734a6827051c965f749 -> 
  custom:scripting/monoscript/fileName/CurvedText.cs: c86aabacdca275700720e919fc8a8b52 -> 
  custom:scripting/monoscript/fileName/FancyScrollRectCell.cs: 0cdf409b5aa8d4c25876d72b5c6a3b60 -> 
  custom:scripting/monoscript/fileName/Gradient.cs: a4c2a5a25440c543cd82653fda832632 -> 
  custom:scripting/monoscript/fileName/ScrollSnapBase.cs: 3682088473625968e7b4647a6b4213f6 -> 
  custom:scripting/monoscript/fileName/CUIText.cs: 0be1a405bc9388e4813a74aad6018bec -> 
  custom:scripting/monoscript/fileName/BoundTooltipTrigger.cs: e78e2ee612ba85e075ab794a5cb95e73 -> 
  custom:scripting/monoscript/fileName/UIHighlightable.cs: fd305ad78204cb75a66ce809c3f50e6a -> 
  custom:video-codec-MediaFoundation-h265: 746d11721c4dcdbdad8f713fa42b33f4 -> 
  custom:scripting/monoscript/fileName/UIExtensionsInputManager.cs: 6f468ddae971c3bcce0288549c1beabd -> 
  custom:scripting/monoscript/fileName/Gradient2.cs: 9c1fd6257924e43a80b8fccb859d3828 -> 
  custom:scripting/monoscript/fileName/CooldownButton.cs: 72bd21b90ac71f29908a36179176f8fc -> 
  custom:video-decoder-ogg-theora: a1e56fd34408186e4bbccfd4996cb3dc -> 
  custom:scripting/monoscript/fileName/TileSizeFitter.cs: ba6326e335b6f177a627b992c444832c -> 
  custom:scripting/monoscript/fileName/SelectableScaler.cs: 3ebe175d64b38a572f8dbe8fd345f0c3 -> 
  custom:scripting/monoscript/fileName/AccordionElementEditor.cs: db5ee9b2cff22578a12a4d141614d665 -> 
  custom:scripting/monoscript/fileName/ExtensionsToggle.cs: e0b44aa7e1ff973d74b4857a34a48879 -> 
  custom:scripting/monoscript/fileName/ReorderableListElement.cs: 788a31431a1c95dc9a9a52767f8e812f -> 
  custom:scripting/monoscript/fileName/ShineEffector.cs: 52ed4eb6c7ed8f674a18d2a4db6eba86 -> 
  custom:scripting/monoscript/fileName/UISelectableExtension.cs: b6766007d8a2236e23d4749da2d8cdd2 -> 
  custom:framework-win-MediaFoundation: 216162199b28c13a410421893ffa2e32 -> 
  custom:scripting/monoscript/fileName/UISoftAdditiveEffect.cs: 30a825933c907dec19605ff2f58a292f -> 
  custom:scripting/monoscript/fileName/HexColorField.cs: 425eeca1ce4159bc649962b2337061a4 -> 
  custom:scripting/monoscript/fileName/ColorPickerControl.cs: 97231f899ae243cc634f34e048c22095 -> 
  custom:scripting/monoscript/fileName/ReorderableListDebug.cs: 51cf5a188c464deb681bea16cb795b61 -> 
  custom:scripting/monoscript/fileName/TextPic.cs: 9dbd7bc654cbf19eee33ac6fc452bfb1 -> 
  custom:scripting/monoscript/fileName/CUIImage.cs: 41f29f650aa507f802cd9793d91f3211 -> 
  custom:scripting/monoscript/fileName/DropDownListButton.cs: 71d533f2602e0e099d09a556ef8e4414 -> 
  custom:scripting/monoscript/fileName/ScrollSnap.cs: c5ae67ed5cc8c0ab1f7496803acc2648 -> 
  custom:scripting/monoscript/fileName/TextPicIconListCopier.cs: a564a2a474c019b98650cff2383ccfca -> 
  custom:scripting/monoscript/fileName/UICornerCut.cs: 69b0dfb485aa2b1afa65fcf30028125b -> 
  custom:scripting/monoscript/fileName/ScrollerEditor.cs: 478519b80ad2bc62d4a4b80ae078e694 -> 
  custom:scripting/monoscript/fileName/IBoxSelectable.cs: a5bf39a694cf2b84c65e7bec998d4941 -> 
  custom:scripting/monoscript/fileName/TiltWindow.cs: 7c3356d1b5bc9c6e9fe98345b0be7c30 -> 
  custom:scripting/monoscript/fileName/ExtensionMethods.cs: 943bd8dac5ce9467ce7deb0856dc6b0a -> 
  custom:scripting/monoscript/fileName/ComboBox.cs: a6ca48dde827ff07a9093f3624d58e62 -> 
  custom:scripting/monoscript/fileName/ScrollRectLinker.cs: 0316116e17d192ca2ef7c97539dff50f -> 
  custom:scripting/monoscript/fileName/SVBoxSlider.cs: 1d22c9c16d63e1cf38ad19bbcec9a0da -> 
  custom:scripting/monoscript/fileName/VerticalScrollSnap.cs: a7ebcf1fac8331e70ee01e540cbe484b -> 
  custom:scripting/monoscript/fileName/UILineConnector.cs: ea5f69a32957fe35ae7b512ef3f758ef -> 
  custom:scripting/monoscript/fileName/UIScreenEffect.cs: c36542c529d1f733362556ab22c18bf9 -> 
  custom:scripting/monoscript/fileName/SoftMaskScript.cs: 867049fb2647c9983fb1391409f93d30 -> 
  custom:scripting/monoscript/fileName/DiamondGraph.cs: a01b647a54847840428a395cc0d6fc16 -> 
  custom:scripting/monoscript/fileName/ScrollRectEx.cs: 3f6a881a34055e182fee3ab0baaee0c3 -> 
  custom:scripting/monoscript/fileName/UIGridRenderer.cs: 04c0062f4b7cdd6963fdba9ae03d9c72 -> 
  custom:scripting/monoscript/fileName/NicerOutline.cs: 571a7c7c4af4ebadc9fed23f0c3b0b46 -> 
  custom:CustomObjectIndexerAttribute: 9a22284fe3817be447336de3de66b15e -> 
  custom:scripting/monoscript/fileName/ScrollRectExtensions.cs: c76cb840404ffa9bc24248639e9da4ee -> 
  custom:scripting/monoscript/fileName/FancyGridViewContext.cs: 8738476657d4a33c34bc82bed7ce8bc9 -> 
  custom:scripting/monoscript/fileName/MinMaxValues.cs: 4aa11a61e640749f4ea5f947f86be5ba -> 
  custom:scripting/monoscript/fileName/CardExpanding3D.cs: d8b2b9924677ad2b445b05edbed7f0e3 -> 
  custom:scripting/monoscript/fileName/MinMaxSliderEditor.cs: e0496a7f76fc8934af2a763a7289ad36 -> 
  custom:scripting/monoscript/fileName/StepperSide.cs: 34d9a35c8c2622f327b140f18a7398a7 -> 
  custom:scripting/monoscript/fileName/CUIGraphicEditor.cs: a618262d3e77d462c5a0cd2e608e8a53 -> 
  custom:scripting/monoscript/fileName/DropDownList.cs: 3d51ab81e9571c9027b59874b2c78567 -> 
  custom:scripting/monoscript/fileName/ITweenValue.cs: 1d0eaa4b435fa135e18af6b5fa57e92e -> 
  custom:container-demuxer-webm: 4f35f7cbe854078d1ac9338744f61a02 -> 
  custom:scripting/monoscript/fileName/CardExpanding2D.cs: e0950b450275cb3936a581f286a6b471 -> 
  custom:scripting/monoscript/fileName/ResetSelectableHighlight.cs: 3ea63487fd77e7b22731770a86b4f8b9 -> 
  custom:scripting/monoscript/fileName/UIScrollToSelection.cs: d89fc8e36bdc19715e3104a5f857d175 -> 
  custom:scripting/monoscript/fileName/IScrollSnap.cs: 80b4110dac6695d630b8e7501d8e5aa8 -> 
  custom:scripting/monoscript/fileName/SegmentedControl.cs: 3a6e53207de58cf304ab520e0638e2df -> 
  custom:scripting/monoscript/fileName/ColorSampler.cs: 617678b91f4adc7b3146f51bed3fc4b1 -> 
  custom:scripting/monoscript/fileName/TabNavigationHelper.cs: 43f45dc623750048d2fbac24931c8ac8 -> 
  custom:scripting/monoscript/fileName/AutoCompleteComboBox.cs: 6e2e6cf33d4f5ca4ad3c05ff8f254467 -> 
  custom:scripting/monoscript/fileName/TextPicEditor.cs: c23216fe996c314d4c496ad837485981 -> 
  custom:scripting/monoscript/fileName/CUIMisc.cs: bc26c7f132f5cd28304cbc88070ca4dc -> 
  custom:scripting/monoscript/fileName/UIAdditiveEffect.cs: 50386f7d7d76f5c5e155dbf56c5e5fdd -> 
  custom:scripting/monoscript/fileName/MonoSpacing.cs: 45ba6bf376dd125375a8906a7d8b8b4b -> 
  custom:scripting/monoscript/fileName/FloatTween.cs: c51b551f6abec506d0db9945f7aa25cc -> 
  custom:scripting/monoscript/fileName/BoxSlider.cs: 662335e935a62641f6cb14e99e25e994 -> 
  custom:scripting/monoscript/fileName/BezierLineRendererEditor.cs: 2a50098be424d999e43b888ace13278c -> 
  custom:scripting/monoscript/fileName/NonDrawingGraphic.cs: a309796f6d67e4c1c110ec62b4572b4e -> 
  custom:scripting/monoscript/fileName/ScrollPositionController.cs: 30c392a65a277a4a74b1a6f1a3417601 -> 
  custom:scripting/monoscript/fileName/ContentScrollSnapHorizontal.cs: cb0bf043572062ce08b48904f46c98c8 -> 
  custom:scripting/monoscript/fileName/Triangulator.cs: 4ee9f09ca55767568ee94c9eaaed7244 -> d867a9a7a8385ef82ff357feb70c59d4
  custom:scripting/monoscript/fileName/UIImageCrop.cs: 1ec5d1f18ccf3bbe8ea319cda00ecfbc -> 
  custom:scripting/monoscript/fileName/BoxSliderEditor.cs: 9c680a5a338924fb176605eed0f68a75 -> 
  custom:scripting/monoscript/fileName/FancyScrollView.cs: c5f9c64ec4b4e183b17919204bc381a9 -> 
  custom:scripting/monoscript/fileName/BezierPath.cs: 90cbb6f823f7a03c69c93b3e1653c45e -> 
  custom:scripting/monoscript/fileName/SuperellipsePoints.cs: db2a1c9698f2dea478e1d6bfece554ae -> 
  custom:scripting/monoscript/fileName/UI_Knob.cs: 00244fb2be3e9e1f5ec3a07f175066a9 -> 
  custom:container-muxer-webm: aa71ff27fc2769a1b78a27578f13a17b -> 
  custom:scripting/monoscript/fileName/RaycastMask.cs: b13971e6a124c25b886c6703ae2aab24 -> 
  custom:scripting/monoscript/fileName/MultiTouchScrollRect.cs: 3a778993ea01435b2502c14ea2b2ff98 -> 
  custom:video-decoder-webm-vp8: 9c59270c3fd7afecdb556c50c9e8de78 -> 
  custom:scripting/monoscript/fileName/InputFieldEnterSubmit.cs: cdd5149b8afb8dc59ad57cc53ad8fb3b -> 
  custom:scripting/monoscript/fileName/ExampleSelectable.cs: 8dc7a8cd606154e7d10bb507e235c1f8 -> 
  custom:scripting/monoscript/fileName/uGUITools.cs: aa32797d8a9cdcd2167b6be114b0d5ec -> 
  custom:scripting/monoscript/fileName/UILinearDodgeEffect.cs: f5508d2f3f6addba614d4c08275f4546 -> 
  custom:SearchIndexIgnoredProperties: e643bd26f0fe6173181afceb89e7c659 -> 
  custom:scripting/monoscript/fileName/EasingCore.cs: 0bad7e894488e9b67256d892a478aab1 -> 
  custom:scripting/monoscript/fileName/Stepper.cs: 3ee1a56034750815f9c567b6c54fbbb8 -> 
  custom:scripting/monoscript/fileName/UIPrimitiveBase.cs: 80a945e915822efd5c887ee28f76aa9f -> 
  custom:AudioImporter_EditorPlatform: d09bf68614088b80899f8185d706f6e7 -> 
  custom:scripting/monoscript/fileName/LetterSpacing.cs: c4f4c504ac9c0b708c438c8a0faf6a96 -> 
  custom:scripting/monoscript/fileName/UISquircle.cs: faaa67841792f2c90a13db82841ac6e3 -> 
  custom:scripting/monoscript/fileName/RangeSlider.cs: 026cea0882c5bbc90f7cedc5111cfeb2 -> 
  custom:scripting/monoscript/fileName/UIExtensionMethods.cs: 2621bff24acfb4ddb3b264b7553588d8 -> 
  custom:scripting/monoscript/fileName/UIVerticalScroller.cs: 3532ae0d4ba5f6e2c310cfec2c655a8c -> 
  custom:scripting/monoscript/fileName/FiltersPanel.cs: 5dbe4ca523d219ec24889a3783d94d4d -> 
  custom:scripting/monoscript/fileName/ColorLabel.cs: 9a2d62e5e8f65400e4abc881023f36f7 -> 
  custom:scripting/monoscript/fileName/TooltipTrigger.cs: 546a7d73bc42b9e6f1fd03a7e07d7f29 -> 
  custom:scripting/monoscript/fileName/UIMultiplyEffect.cs: 29b6f1f4d98d9b61292d829c0030af4b -> 
  custom:scripting/monoscript/fileName/CardPopup2D.cs: ac929914b8675b3ff1238ddb1cc99789 -> 
  custom:scripting/monoscript/fileName/ScrollSnapScrollbarHelper.cs: d6b043fd7048156ea2ef4da9da4a0a51 -> 
  custom:scripting/monoscript/fileName/HoverTooltip.cs: abdf0400bdf15bb8fdc0bc4d5ecc993f -> 
  custom:scripting/monoscript/fileName/ColorImage.cs: 87dea3e9bf43c94e295d4fa411046c66 -> 
  custom:scripting/monoscript/fileName/FancyScrollRectContext.cs: 9e5d4d8665c04a1190a3fc52908244b0 -> 
  custom:scripting/monoscript/fileName/TextPicIconEditor.cs: 1f41560011fcb93d03be374d10238c0c -> 
  custom:scripting/monoscript/fileName/UI_InfiniteScroll.cs: f7518bdb5ccbb5518282b9c860eef985 -> 
  custom:scripting/monoscript/fileName/UIExtensionsMenuOptions.cs: 25d3bc76bdcc7be45d732e8f064ec6a7 -> 
  custom:scripting/monoscript/fileName/ReadOnlyAttribute.cs: 604ae8fbc27d6402b88ac08f1987318f -> 
  custom:scripting/monoscript/fileName/UICircle.cs: e40253d6117a9fbea82cc285a7e8a36e -> 
  custom:scripting/monoscript/fileName/UIScrollToSelectionXY.cs: 8145d21a6ef6f8610242d2ba291595b9 -> 
  custom:scripting/monoscript/fileName/CUITextEditor.cs: 966cced0a631446b9484c2fe777a7f5b -> 
  custom:scripting/precompiled-assembly-types:UnityUIExtensions.editor: e002030e6fc012878af160bb334541ad -> 
  custom:scripting/monoscript/fileName/TweenRunner.cs: 90647cc400823b41df847a6cbfc29026 -> 
  custom:scripting/monoscript/fileName/UIHorizontalScroller.cs: 758f016ad67e22eff0f26468f408f006 -> 
  custom:scripting/monoscript/fileName/ReturnKeyTriggersButton.cs: 622f27a1a5fce3f8fe14f0fe6c6b39b5 -> 
  custom:scripting/monoscript/fileName/FancyGridViewCell.cs: 0cdf409b5aa8d4c25876d72b5c6a3b60 -> 
  custom:scripting/monoscript/fileName/Scroller.cs: 94938ad1cd7c20206a0339e3bd7f3330 -> 
  custom:scripting/monoscript/fileName/CylinderText.cs: 86c073c10ed890f8e108be86fb350e35 -> 
  custom:scripting/monoscript/fileName/ColorPickerPresets.cs: d20309ac183a87fd46c2e0a03ba5bdef -> 
  custom:scripting/monoscript/fileName/RadialSlider.cs: 24542b53b379116a4f98bb53a64e13b8 -> 
  custom:scripting/monoscript/fileName/PPIViewer.cs: 5269fbe050022d597b2ceba1b1d4cbae -> 
  custom:scripting/monoscript/fileName/InputFocus.cs: 6a5a3b184038cb5e7dbe4882c96bc91b -> 
  custom:scripting/monoscript/fileName/CUIBezierCurve.cs: 32214df0cb137de9f4967269deffb6f3 -> 
  custom:scripting/monoscript/fileName/DropDownListItem.cs: 91c61fd79335f34fb81e114553bf8888 -> 
  custom:scripting/monoscript/fileName/UIFlippable.cs: 9c843e180ea4b6afe9c1ba071336e124 -> 
  custom:scripting/monoscript/fileName/CanvasGroupActivator.cs: f743e9c6e47b0eb8c0b7b2fbf9f7de19 -> 
  custom:scripting/monoscript/fileName/UIWindowBase.cs: 776e605614a77fffd4e0147c8e684e94 -> 
  custom:video-encoder-webm-vp8: eb34c28f22e8b96e1ab97ce403110664 -> 
  custom:scripting/monoscript/fileName/ScrollPositionControllerEditor.cs: fb86570a90d8d5b779234b7f103e1b51 -> 
  custom:scripting/monoscript/fileName/CurvedLayout.cs: 46917779e317aa4a214ea430689de312 -> 
  custom:scripting/monoscript/fileName/ScrollConflictManager.cs: 1a474b2432b80a8b7211f13c79bb991c -> 
  custom:scripting/monoscript/fileName/ReadOnlyDrawer.cs: 1c0aa6472b8e40c24f66a5805d818994 -> 
  custom:audio-decoder-ogg-vorbis: bf7c407c2cedff20999df2af8eb42d56 -> 
  custom:scripting/monoscript/fileName/FancyGridView.cs: 849ed7f5b11c9db237ef61b01c5a5104 -> 
  custom:scripting/monoscript/fileName/CableCurve.cs: 1ed0592bfc80d3ca3db7b55e9a6e9d9a -> 
  custom:scripting/monoscript/fileName/PaginationManager.cs: b5c7a38e1c9bde92ca052679632bc9f1 -> 
  custom:scripting/monoscript/fileName/UILineTextureRenderer.cs: f3042185c83712ad42b2d6694b56f8d3 -> 
  custom:scripting/monoscript/fileName/MenuManager.cs: 8e71de17d45faf11b5ca3e63d3867170 -> 
  custom:scripting/monoscript/fileName/ColorPickerPresetsEditor.cs: 57bebb34d006d8305e8cd353ea00f28b -> 
  custom:scripting/monoscript/fileName/UI_MagneticInfiniteScroll.cs: 7f0db092e1c52c826e7ccbefe21fe7ce -> 
  custom:scripting/monoscript/fileName/ToolTip.cs: 2f05f936126a769ca9a98ef6920928a7 -> 
  custom:scripting/monoscript/fileName/TextPicRenameEditor.cs: b67a1588d964fe3ac177da9872e96689 -> 
  custom:scripting/monoscript/fileName/TestCompression.cs: 2a18178f72c1b3979b9006483863f20e -> 
  custom:scripting/monoscript/fileName/IFancyScrollRectContext.cs: 9c4dee0aef526d67eb0a668a1c9b910a -> 
  custom:scripting/monoscript/fileName/ColorChangedEvent.cs: bafb161b451089e6c72bcae877e0ba66 -> 
  custom:scripting/monoscript/fileName/BestFitOutline.cs: 2ec1c68346f5b721e3d92092cd60b278 -> 
  custom:scripting/monoscript/fileName/NonDrawingGraphicEditor.cs: 1e7abd1e1a4d3da38de70c6d38c19118 -> 
  custom:scripting/monoscript/fileName/HSVChangedEvent.cs: 8a0d7f505f4db7e267a03264293f54eb -> 
  custom:scripting/monoscript/fileName/CUIImageEditor.cs: 0be5a4365a8d65680f88c4d192e5254c -> 
  custom:scripting/monoscript/fileName/HorizontalScrollSnap.cs: 624447835d67a70d90ed2b7f69117316 -> 
  custom:scripting/monoscript/fileName/UI_TweenScale.cs: 50a18c41daf615d82dc37ef0e9dcea31 -> 
  custom:scripting/monoscript/fileName/BoundTooltipItem.cs: 12dc26af634677e40fd7840809357e6c -> 
  custom:scripting/monoscript/fileName/AccordionElement.cs: 69f1a7e537099cc57de9b6eaa86cef32 -> 
  custom:scripting/monoscript/fileName/UI_ScrollRectOcclusion.cs: 491f1c2592ac821eb8de9e533fddd4a9 -> 
  custom:scripting/monoscript/fileName/CUIBezierCurveEditor.cs: be4462c6de2387d5f99ef9d0e93b91ee -> 
  custom:scripting/monoscript/fileName/ColorSliderImage.cs: bbcbfbf23dc2f9fc5450db8f36b24487 -> 
  custom:scripting/monoscript/fileName/Accordion.cs: c31898dc7ffd6f7b32be5689419229bc -> 
  custom:scripting/monoscript/fileName/FancyCell.cs: 0cdf409b5aa8d4c25876d72b5c6a3b60 -> 
  custom:scripting/monoscript/fileName/ShineEffect.cs: 61d233269c4ea687efa548adef5d6e13 -> 
  custom:audio-encoder-webm-vorbis: bf7c407c2cedff20999df2af8eb42d56 -> 
  custom:scripting/monoscript/fileName/ScrollRectTweener.cs: 3437a8fb18bed84a45865e36e83e332f -> 
  custom:scripting/monoscript/fileName/MeshCreator.cs: a2506ad04bac2e5a6d6d50e0d7978d92 -> 
  custom:scripting/monoscript/fileName/UIPolygon.cs: ef7b3e02606f58c56a27e65db10bc7f3 -> 
  custom:scripting/monoscript/fileName/switchToRectTransform.cs: 0ef297259b7f2ab26defc1d718ad1e0a -> 
  custom:scripting/monoscript/fileName/UILineRendererList.cs: efbf4ff76c31aa3e4f61c8b26734d929 -> 
  custom:scripting/monoscript/fileName/CLZF2.cs: 40ef7bf6191a1a5e5b0f37e092e1b271 -> 
  custom:scripting/monoscript/fileName/SimpleMenu.cs: 90647cc400823b41df847a6cbfc29026 -> 
  custom:scripting/monoscript/fileName/RescalePanel.cs: a379a55181438e3b7a29019da8a3c82c -> 
  custom:scripting/monoscript/fileName/DragCorrector.cs: 89ab4a0369eecb75be2277a80a08c1e7 -> 
  custom:scripting/monoscript/fileName/RangeSliderEditor.cs: 1c09cdb4e75bc10f834bbae9a7b54e1e -> 
  custom:scripting/monoscript/fileName/FancyScrollRect.cs: 0cdf409b5aa8d4c25876d72b5c6a3b60 -> 
  custom:scripting/precompiled-assembly-types:Assembly-CSharp: 9d98c5210357a57051bc817a849226c0 -> d9898b08f7aa15a36c94fc52d0b7440b
  custom:scripting/monoscript/fileName/ReorderableList.cs: 944c8e214787d07461c711b29546f976 -> 
  custom:scripting/monoscript/fileName/RadialLayout.cs: 170f31c5fdb54a9fe7ba926effdfd7d4 -> 
  custom:scripting/monoscript/fileName/ColorSlider.cs: a91d06b853e0bf2d5df3ea61a67d5c83 -> 
  custom:scripting/monoscript/fileName/IFancyGridViewContext.cs: be7addf49e5950ebb654fec55c2afa8b -> 
  custom:scripting/precompiled-assembly-types:UnityUIExtensions: c0991a7eaf90618746e467e9e018bd04 -> 
  custom:scripting/monoscript/fileName/CUIGraphic.cs: 4f47fad340418bff51fe6171e2259e7f -> 
  custom:scripting/monoscript/fileName/IFancyCellGroupContext.cs: 323b5f49cc2011b3d2d9088e528ed161 -> 
  custom:scripting/monoscript/fileName/MinMaxSlider.cs: e7d98a511e8b98df33f72f37935821e5 -> 
  custom:scripting/monoscript/fileName/ColorPickerTester.cs: 63b6c03c009a94721b9d41c8d5e5e6ed -> 
Editor requested this worker to shutdown with reason: Scaling down because of idle timeout
TcpMessagingSession - receive error: operation aborted. errorcode: 995, details: 由于线程退出或应用程序请求，已中止 I/O 操作。
AssetImportWorker is now disconnected from the server
Process exiting
Exiting without the bug reporter. Application will terminate with return code 0