Using pre-set license
Built from '2022.3/china_unity/release' branch; Version is '2022.3.57f1c2 (32588f90613b) revision 3299471'; Using compiler version '192829333'; Build Type 'Release'
OS: 'Windows 10  (10.0.19045) 64bit CoreCountrySpecific' Language: 'zh' Physical Memory: 15789 MB
BatchMode: 1, IsHumanControllingUs: 0, StartBugReporterOnCrash: 0, Is64bit: 1, IsPro: 1

COMMAND LINE ARGUMENTS:
D:\Unity\Editor\2022.3.57f1c2\Editor\Unity.exe
-adb2
-batchMode
-noUpm
-name
AssetImportWorker0
-projectPath
D:/U3Dprojects/UIDemo/Map Interactive
-logFile
Logs/AssetImportWorker0.log
-srvPort
11758
Successfully changed project path to: D:/U3Dprojects/UIDemo/Map Interactive
D:/U3Dprojects/UIDemo/Map Interactive
[UnityMemory] Configuration Parameters - Can be set up in boot.config
    "memorysetup-bucket-allocator-granularity=16"
    "memorysetup-bucket-allocator-bucket-count=8"
    "memorysetup-bucket-allocator-block-size=33554432"
    "memorysetup-bucket-allocator-block-count=8"
    "memorysetup-main-allocator-block-size=16777216"
    "memorysetup-thread-allocator-block-size=16777216"
    "memorysetup-gfx-main-allocator-block-size=16777216"
    "memorysetup-gfx-thread-allocator-block-size=16777216"
    "memorysetup-cache-allocator-block-size=4194304"
    "memorysetup-typetree-allocator-block-size=2097152"
    "memorysetup-profiler-bucket-allocator-granularity=16"
    "memorysetup-profiler-bucket-allocator-bucket-count=8"
    "memorysetup-profiler-bucket-allocator-block-size=33554432"
    "memorysetup-profiler-bucket-allocator-block-count=8"
    "memorysetup-profiler-allocator-block-size=16777216"
    "memorysetup-profiler-editor-allocator-block-size=1048576"
    "memorysetup-temp-allocator-size-main=16777216"
    "memorysetup-job-temp-allocator-block-size=2097152"
    "memorysetup-job-temp-allocator-block-size-background=1048576"
    "memorysetup-job-temp-allocator-reduction-small-platforms=262144"
    "memorysetup-allocator-temp-initial-block-size-main=262144"
    "memorysetup-allocator-temp-initial-block-size-worker=262144"
    "memorysetup-temp-allocator-size-background-worker=32768"
    "memorysetup-temp-allocator-size-job-worker=262144"
    "memorysetup-temp-allocator-size-preload-manager=33554432"
    "memorysetup-temp-allocator-size-nav-mesh-worker=65536"
    "memorysetup-temp-allocator-size-audio-worker=65536"
    "memorysetup-temp-allocator-size-cloud-worker=32768"
    "memorysetup-temp-allocator-size-gi-baking-worker=262144"
    "memorysetup-temp-allocator-size-gfx=262144"
Player connection [3248]  Target information:

Player connection [3248]  * "[IP] 192.168.101.230 [Port] 0 [Flags] 2 [Guid] 1424113331 [EditorId] 1424113331 [Version] 1048832 [Id] WindowsEditor(7,AphoniCat) [Debug] 1 [PackageName] WindowsEditor [ProjectName] Editor" 

Player connection [3248]  * "[IP] 192.168.78.1 [Port] 0 [Flags] 2 [Guid] 1424113331 [EditorId] 1424113331 [Version] 1048832 [Id] WindowsEditor(7,AphoniCat) [Debug] 1 [PackageName] WindowsEditor [ProjectName] Editor" 

Player connection [3248]  * "[IP] 192.168.100.1 [Port] 0 [Flags] 2 [Guid] 1424113331 [EditorId] 1424113331 [Version] 1048832 [Id] WindowsEditor(7,AphoniCat) [Debug] 1 [PackageName] WindowsEditor [ProjectName] Editor" 

Player connection [3248]  * "[IP] 26.53.214.253 [Port] 0 [Flags] 2 [Guid] 1424113331 [EditorId] 1424113331 [Version] 1048832 [Id] WindowsEditor(7,AphoniCat) [Debug] 1 [PackageName] WindowsEditor [ProjectName] Editor" 

Player connection [3248] Host joined multi-casting on [225.0.0.222:54997]...
Player connection [3248] Host joined alternative multi-casting on [225.0.0.222:34997]...
Input System module state changed to: Initialized.
[PhysX] Initialized MultithreadedTaskDispatcher with 16 workers.
Refreshing native plugins compatible for Editor in 27.59 ms, found 7 plugins.
Preloading 0 native plugins for Editor in 0.00 ms.
Initialize engine version: 2022.3.57f1c2 (32588f90613b)
[Subsystems] Discovering subsystems at path D:/Unity/Editor/2022.3.57f1c2/Editor/Data/Resources/UnitySubsystems
[Subsystems] Discovering subsystems at path D:/U3Dprojects/UIDemo/Map Interactive/Assets
GfxDevice: creating device client; threaded=0; jobified=0
Direct3D:
    Version:  Direct3D 11.0 [level 11.1]
    Renderer: NVIDIA GeForce RTX 2060 (ID=0x1f15)
    Vendor:   NVIDIA
    VRAM:     5955 MB
    Driver:   32.0.15.7652
Initialize mono
Mono path[0] = 'D:/Unity/Editor/2022.3.57f1c2/Editor/Data/Managed'
Mono path[1] = 'D:/Unity/Editor/2022.3.57f1c2/Editor/Data/MonoBleedingEdge/lib/mono/unityjit-win32'
Mono config path = 'D:/Unity/Editor/2022.3.57f1c2/Editor/Data/MonoBleedingEdge/etc'
Using monoOptions --debugger-agent=transport=dt_socket,embedding=1,server=y,suspend=n,address=127.0.0.1:56304
Begin MonoManager ReloadAssembly
Registering precompiled unity dll's ...
Register platform support module: D:/Unity/Editor/2022.3.57f1c2/Editor/Data/PlaybackEngines/WebGLSupport/UnityEditor.WebGL.Extensions.dll
Register platform support module: D:/Unity/Editor/2022.3.57f1c2/Editor/Data/PlaybackEngines/WindowsStandaloneSupport/UnityEditor.WindowsStandalone.Extensions.dll
Registered in 0.011080 seconds.
- Loaded All Assemblies, in  0.378 seconds
Native extension for WindowsStandalone target not found
Native extension for WebGL target not found
Mono: successfully reloaded assembly
- Finished resetting the current domain, in  0.276 seconds
Domain Reload Profiling: 655ms
	BeginReloadAssembly (112ms)
		ExecutionOrderSort (0ms)
		DisableScriptedObjects (0ms)
		BackupInstance (0ms)
		ReleaseScriptingObjects (0ms)
		CreateAndSetChildDomain (1ms)
	RebuildCommonClasses (36ms)
	RebuildNativeTypeToScriptingClass (12ms)
	initialDomainReloadingComplete (58ms)
	LoadAllAssembliesAndSetupDomain (159ms)
		LoadAssemblies (112ms)
		RebuildTransferFunctionScriptingTraits (0ms)
		AnalyzeDomain (157ms)
			TypeCache.Refresh (155ms)
				TypeCache.ScanAssembly (138ms)
			ScanForSourceGeneratedMonoScriptInfo (0ms)
			ResolveRequiredComponents (1ms)
	FinalizeReload (277ms)
		ReleaseScriptCaches (0ms)
		RebuildScriptCaches (0ms)
		SetupLoadedEditorAssemblies (229ms)
			LogAssemblyErrors (0ms)
			InitializePlatformSupportModulesInManaged (9ms)
			SetLoadedEditorAssemblies (6ms)
			RefreshPlugins (0ms)
			BeforeProcessingInitializeOnLoad (2ms)
			ProcessInitializeOnLoadAttributes (162ms)
			ProcessInitializeOnLoadMethodAttributes (50ms)
			AfterProcessingInitializeOnLoad (0ms)
			EditorAssembliesLoaded (0ms)
		ExecutionOrderSort2 (0ms)
		AwakeInstancesAfterBackupRestoration (0ms)
========================================================================
Worker process is ready to serve import requests
Caller must complete domain reload
Begin MonoManager ReloadAssembly
- Loaded All Assemblies, in  0.726 seconds
Native extension for WindowsStandalone target not found
Native extension for WebGL target not found
Mono: successfully reloaded assembly
- Finished resetting the current domain, in  0.618 seconds
Domain Reload Profiling: 1344ms
	BeginReloadAssembly (156ms)
		ExecutionOrderSort (0ms)
		DisableScriptedObjects (6ms)
		BackupInstance (0ms)
		ReleaseScriptingObjects (0ms)
		CreateAndSetChildDomain (23ms)
	RebuildCommonClasses (38ms)
	RebuildNativeTypeToScriptingClass (11ms)
	initialDomainReloadingComplete (45ms)
	LoadAllAssembliesAndSetupDomain (476ms)
		LoadAssemblies (349ms)
		RebuildTransferFunctionScriptingTraits (0ms)
		AnalyzeDomain (215ms)
			TypeCache.Refresh (183ms)
				TypeCache.ScanAssembly (167ms)
			ScanForSourceGeneratedMonoScriptInfo (25ms)
			ResolveRequiredComponents (5ms)
	FinalizeReload (619ms)
		ReleaseScriptCaches (0ms)
		RebuildScriptCaches (0ms)
		SetupLoadedEditorAssemblies (450ms)
			LogAssemblyErrors (0ms)
			InitializePlatformSupportModulesInManaged (6ms)
			SetLoadedEditorAssemblies (5ms)
			RefreshPlugins (0ms)
			BeforeProcessingInitializeOnLoad (69ms)
			ProcessInitializeOnLoadAttributes (331ms)
			ProcessInitializeOnLoadMethodAttributes (36ms)
			AfterProcessingInitializeOnLoad (2ms)
			EditorAssembliesLoaded (0ms)
		ExecutionOrderSort2 (0ms)
		AwakeInstancesAfterBackupRestoration (7ms)
Launched and connected shader compiler UnityShaderCompiler.exe after 0.06 seconds
Refreshing native plugins compatible for Editor in 5.77 ms, found 7 plugins.
Preloading 0 native plugins for Editor in 0.00 ms.
Unloading 4274 Unused Serialized files (Serialized files now loaded: 0)
Unloading 40 unused Assets / (241.4 KB). Loaded Objects now: 4742.
Memory consumption went from 150.6 MB to 150.4 MB.
Total: 5.321900 ms (FindLiveObjects: 0.358800 ms CreateObjectMapping: 0.111900 ms MarkObjects: 4.464300 ms  DeleteObjects: 0.384900 ms)

AssetImportParameters requested are different than current active one (requested -> active):
  custom:container-demuxer-ogg: 62fdf1f143b41e24485cea50d1cbac27 -> 
  custom:video-codec-MediaFoundation-h265: 746d11721c4dcdbdad8f713fa42b33f4 -> 
  custom:video-decoder-ogg-theora: a1e56fd34408186e4bbccfd4996cb3dc -> 
  custom:framework-win-MediaFoundation: 216162199b28c13a410421893ffa2e32 -> 
  custom:CustomObjectIndexerAttribute: 9a22284fe3817be447336de3de66b15e -> 
  custom:container-demuxer-webm: 4f35f7cbe854078d1ac9338744f61a02 -> 
  custom:container-muxer-webm: aa71ff27fc2769a1b78a27578f13a17b -> 
  custom:video-decoder-webm-vp8: 9c59270c3fd7afecdb556c50c9e8de78 -> 
  custom:SearchIndexIgnoredProperties: e643bd26f0fe6173181afceb89e7c659 -> 
  custom:AudioImporter_EditorPlatform: d09bf68614088b80899f8185d706f6e7 -> 
  custom:video-encoder-webm-vp8: eb34c28f22e8b96e1ab97ce403110664 -> 
  custom:audio-decoder-ogg-vorbis: bf7c407c2cedff20999df2af8eb42d56 -> 
  custom:audio-encoder-webm-vorbis: bf7c407c2cedff20999df2af8eb42d56 -> 
========================================================================
Received Import Request.
  Time since last request: 2125.403553 seconds.
  path: Assets/Prefabs/UserPoint.prefab
  artifactKey: Guid(b44ae90e44809f645a37877ec1cc4fd3) Importer(815301076,1909f56bfc062723c751e8b465ee728b)
Start importing Assets/Prefabs/UserPoint.prefab using Guid(b44ae90e44809f645a37877ec1cc4fd3) Importer(815301076,1909f56bfc062723c751e8b465ee728b) [PhysX] Initialized MultithreadedTaskDispatcher with 16 workers.
[PhysX] Initialized MultithreadedTaskDispatcher with 16 workers.
 -> (artifact id: '83fc0f1ae342274a2df31f77f604fbea') in 0.116407 seconds
Number of updated asset objects reloaded before import = 0
Number of asset objects unloaded after import = 12
========================================================================
Received Import Request.
  Time since last request: 170.296759 seconds.
  path: Assets/TextMesh Pro/Fonts/LiberationSans.ttf
  artifactKey: Guid(e3265ab4bf004d28a9537516768c1c75) Importer(815301076,1909f56bfc062723c751e8b465ee728b)
Start importing Assets/TextMesh Pro/Fonts/LiberationSans.ttf using Guid(e3265ab4bf004d28a9537516768c1c75) Importer(815301076,1909f56bfc062723c751e8b465ee728b) [PhysX] Initialized MultithreadedTaskDispatcher with 16 workers.
[PhysX] Initialized MultithreadedTaskDispatcher with 16 workers.
[PhysX] Initialized MultithreadedTaskDispatcher with 16 workers.
 -> (artifact id: 'cc0b5300b8e0f983116f46e186ac1a94') in 0.048203 seconds
Number of updated asset objects reloaded before import = 0
Number of asset objects unloaded after import = 4
========================================================================
Received Import Request.
  Time since last request: 0.000034 seconds.
  path: Assets/TextMesh Pro/Resources/Fonts & Materials/LiberationSans SDF - Outline.mat
  artifactKey: Guid(79459efec17a4d00a321bdcc27bbc385) Importer(815301076,1909f56bfc062723c751e8b465ee728b)
Start importing Assets/TextMesh Pro/Resources/Fonts & Materials/LiberationSans SDF - Outline.mat using Guid(79459efec17a4d00a321bdcc27bbc385) Importer(815301076,1909f56bfc062723c751e8b465ee728b) [PhysX] Initialized MultithreadedTaskDispatcher with 16 workers.
[PhysX] Initialized MultithreadedTaskDispatcher with 16 workers.
 -> (artifact id: '95209ded04560d6efbd5acdc7691540e') in 0.072387 seconds
Number of updated asset objects reloaded before import = 0
Number of asset objects unloaded after import = 2
========================================================================
Received Prepare
Caller must complete domain reload
Begin MonoManager ReloadAssembly
- Loaded All Assemblies, in  0.970 seconds
Native extension for WindowsStandalone target not found
Native extension for WebGL target not found
Mono: successfully reloaded assembly
- Finished resetting the current domain, in  0.596 seconds
Domain Reload Profiling: 1568ms
	BeginReloadAssembly (605ms)
		ExecutionOrderSort (0ms)
		DisableScriptedObjects (425ms)
		BackupInstance (0ms)
		ReleaseScriptingObjects (0ms)
		CreateAndSetChildDomain (42ms)
	RebuildCommonClasses (40ms)
	RebuildNativeTypeToScriptingClass (12ms)
	initialDomainReloadingComplete (34ms)
	LoadAllAssembliesAndSetupDomain (280ms)
		LoadAssemblies (345ms)
		RebuildTransferFunctionScriptingTraits (0ms)
		AnalyzeDomain (27ms)
			TypeCache.Refresh (9ms)
				TypeCache.ScanAssembly (0ms)
			ScanForSourceGeneratedMonoScriptInfo (11ms)
			ResolveRequiredComponents (6ms)
	FinalizeReload (596ms)
		ReleaseScriptCaches (0ms)
		RebuildScriptCaches (0ms)
		SetupLoadedEditorAssemblies (410ms)
			LogAssemblyErrors (0ms)
			InitializePlatformSupportModulesInManaged (6ms)
			SetLoadedEditorAssemblies (5ms)
			RefreshPlugins (0ms)
			BeforeProcessingInitializeOnLoad (68ms)
			ProcessInitializeOnLoadAttributes (297ms)
			ProcessInitializeOnLoadMethodAttributes (31ms)
			AfterProcessingInitializeOnLoad (3ms)
			EditorAssembliesLoaded (0ms)
		ExecutionOrderSort2 (0ms)
		AwakeInstancesAfterBackupRestoration (13ms)
Refreshing native plugins compatible for Editor in 7.60 ms, found 7 plugins.
Preloading 0 native plugins for Editor in 0.00 ms.
Unloading 4247 Unused Serialized files (Serialized files now loaded: 0)
Unloading 27 unused Assets / (213.7 KB). Loaded Objects now: 4792.
Memory consumption went from 149.6 MB to 149.4 MB.
Total: 8.065200 ms (FindLiveObjects: 0.747300 ms CreateObjectMapping: 0.322900 ms MarkObjects: 6.581800 ms  DeleteObjects: 0.411200 ms)

Prepare: number of updated asset objects reloaded= 0
AssetImportParameters requested are different than current active one (requested -> active):
  custom:container-demuxer-ogg: 62fdf1f143b41e24485cea50d1cbac27 -> 
  custom:video-codec-MediaFoundation-h265: 746d11721c4dcdbdad8f713fa42b33f4 -> 
  custom:video-decoder-ogg-theora: a1e56fd34408186e4bbccfd4996cb3dc -> 
  custom:framework-win-MediaFoundation: 216162199b28c13a410421893ffa2e32 -> 
  custom:CustomObjectIndexerAttribute: 9a22284fe3817be447336de3de66b15e -> 
  custom:container-demuxer-webm: 4f35f7cbe854078d1ac9338744f61a02 -> 
  custom:container-muxer-webm: aa71ff27fc2769a1b78a27578f13a17b -> 
  custom:video-decoder-webm-vp8: 9c59270c3fd7afecdb556c50c9e8de78 -> 
  custom:SearchIndexIgnoredProperties: e643bd26f0fe6173181afceb89e7c659 -> 
  custom:AudioImporter_EditorPlatform: d09bf68614088b80899f8185d706f6e7 -> 
  custom:video-encoder-webm-vp8: eb34c28f22e8b96e1ab97ce403110664 -> 
  custom:audio-decoder-ogg-vorbis: bf7c407c2cedff20999df2af8eb42d56 -> 
  custom:audio-encoder-webm-vorbis: bf7c407c2cedff20999df2af8eb42d56 -> 
========================================================================
Received Prepare
Caller must complete domain reload
Begin MonoManager ReloadAssembly
- Loaded All Assemblies, in  0.532 seconds
Native extension for WindowsStandalone target not found
Native extension for WebGL target not found
Mono: successfully reloaded assembly
- Finished resetting the current domain, in  1.087 seconds
Domain Reload Profiling: 1619ms
	BeginReloadAssembly (166ms)
		ExecutionOrderSort (0ms)
		DisableScriptedObjects (11ms)
		BackupInstance (0ms)
		ReleaseScriptingObjects (0ms)
		CreateAndSetChildDomain (34ms)
	RebuildCommonClasses (36ms)
	RebuildNativeTypeToScriptingClass (17ms)
	initialDomainReloadingComplete (30ms)
	LoadAllAssembliesAndSetupDomain (282ms)
		LoadAssemblies (344ms)
		RebuildTransferFunctionScriptingTraits (0ms)
		AnalyzeDomain (32ms)
			TypeCache.Refresh (9ms)
				TypeCache.ScanAssembly (0ms)
			ScanForSourceGeneratedMonoScriptInfo (13ms)
			ResolveRequiredComponents (9ms)
	FinalizeReload (1087ms)
		ReleaseScriptCaches (0ms)
		RebuildScriptCaches (0ms)
		SetupLoadedEditorAssemblies (448ms)
			LogAssemblyErrors (0ms)
			InitializePlatformSupportModulesInManaged (6ms)
			SetLoadedEditorAssemblies (5ms)
			RefreshPlugins (0ms)
			BeforeProcessingInitializeOnLoad (73ms)
			ProcessInitializeOnLoadAttributes (327ms)
			ProcessInitializeOnLoadMethodAttributes (34ms)
			AfterProcessingInitializeOnLoad (3ms)
			EditorAssembliesLoaded (0ms)
		ExecutionOrderSort2 (0ms)
		AwakeInstancesAfterBackupRestoration (13ms)
Refreshing native plugins compatible for Editor in 11.11 ms, found 7 plugins.
Preloading 0 native plugins for Editor in 0.00 ms.
Unloading 4248 Unused Serialized files (Serialized files now loaded: 0)
Unloading 27 unused Assets / (213.8 KB). Loaded Objects now: 4796.
Memory consumption went from 149.9 MB to 149.7 MB.
Total: 8.826600 ms (FindLiveObjects: 0.971400 ms CreateObjectMapping: 0.600700 ms MarkObjects: 6.589600 ms  DeleteObjects: 0.660600 ms)

Prepare: number of updated asset objects reloaded= 0
AssetImportParameters requested are different than current active one (requested -> active):
  custom:container-demuxer-ogg: 62fdf1f143b41e24485cea50d1cbac27 -> 
  custom:video-codec-MediaFoundation-h265: 746d11721c4dcdbdad8f713fa42b33f4 -> 
  custom:video-decoder-ogg-theora: a1e56fd34408186e4bbccfd4996cb3dc -> 
  custom:framework-win-MediaFoundation: 216162199b28c13a410421893ffa2e32 -> 
  custom:CustomObjectIndexerAttribute: 9a22284fe3817be447336de3de66b15e -> 
  custom:container-demuxer-webm: 4f35f7cbe854078d1ac9338744f61a02 -> 
  custom:container-muxer-webm: aa71ff27fc2769a1b78a27578f13a17b -> 
  custom:video-decoder-webm-vp8: 9c59270c3fd7afecdb556c50c9e8de78 -> 
  custom:SearchIndexIgnoredProperties: e643bd26f0fe6173181afceb89e7c659 -> 
  custom:AudioImporter_EditorPlatform: d09bf68614088b80899f8185d706f6e7 -> 
  custom:video-encoder-webm-vp8: eb34c28f22e8b96e1ab97ce403110664 -> 
  custom:audio-decoder-ogg-vorbis: bf7c407c2cedff20999df2af8eb42d56 -> 
  custom:audio-encoder-webm-vorbis: bf7c407c2cedff20999df2af8eb42d56 -> 
  custom:scripting/precompiled-assembly-types:Assembly-CSharp: f4d7ff9405b2296d99c95dc8709d6063 -> d9898b08f7aa15a36c94fc52d0b7440b
========================================================================
Received Prepare
Caller must complete domain reload
Begin MonoManager ReloadAssembly
- Loaded All Assemblies, in  0.490 seconds
Native extension for WindowsStandalone target not found
Native extension for WebGL target not found
Mono: successfully reloaded assembly
- Finished resetting the current domain, in  1.089 seconds
Domain Reload Profiling: 1579ms
	BeginReloadAssembly (161ms)
		ExecutionOrderSort (0ms)
		DisableScriptedObjects (12ms)
		BackupInstance (0ms)
		ReleaseScriptingObjects (0ms)
		CreateAndSetChildDomain (36ms)
	RebuildCommonClasses (35ms)
	RebuildNativeTypeToScriptingClass (12ms)
	initialDomainReloadingComplete (27ms)
	LoadAllAssembliesAndSetupDomain (255ms)
		LoadAssemblies (325ms)
		RebuildTransferFunctionScriptingTraits (0ms)
		AnalyzeDomain (15ms)
			TypeCache.Refresh (6ms)
				TypeCache.ScanAssembly (0ms)
			ScanForSourceGeneratedMonoScriptInfo (0ms)
			ResolveRequiredComponents (7ms)
	FinalizeReload (1090ms)
		ReleaseScriptCaches (0ms)
		RebuildScriptCaches (0ms)
		SetupLoadedEditorAssemblies (460ms)
			LogAssemblyErrors (0ms)
			InitializePlatformSupportModulesInManaged (6ms)
			SetLoadedEditorAssemblies (5ms)
			RefreshPlugins (0ms)
			BeforeProcessingInitializeOnLoad (73ms)
			ProcessInitializeOnLoadAttributes (338ms)
			ProcessInitializeOnLoadMethodAttributes (34ms)
			AfterProcessingInitializeOnLoad (3ms)
			EditorAssembliesLoaded (0ms)
		ExecutionOrderSort2 (0ms)
		AwakeInstancesAfterBackupRestoration (15ms)
Refreshing native plugins compatible for Editor in 7.50 ms, found 7 plugins.
Preloading 0 native plugins for Editor in 0.00 ms.
Unloading 4248 Unused Serialized files (Serialized files now loaded: 0)
Unloading 27 unused Assets / (213.6 KB). Loaded Objects now: 4800.
Memory consumption went from 149.9 MB to 149.7 MB.
Total: 3.677300 ms (FindLiveObjects: 0.369100 ms CreateObjectMapping: 0.130100 ms MarkObjects: 2.939700 ms  DeleteObjects: 0.236900 ms)

Prepare: number of updated asset objects reloaded= 0
AssetImportParameters requested are different than current active one (requested -> active):
  custom:container-demuxer-ogg: 62fdf1f143b41e24485cea50d1cbac27 -> 
  custom:video-codec-MediaFoundation-h265: 746d11721c4dcdbdad8f713fa42b33f4 -> 
  custom:video-decoder-ogg-theora: a1e56fd34408186e4bbccfd4996cb3dc -> 
  custom:framework-win-MediaFoundation: 216162199b28c13a410421893ffa2e32 -> 
  custom:CustomObjectIndexerAttribute: 9a22284fe3817be447336de3de66b15e -> 
  custom:container-demuxer-webm: 4f35f7cbe854078d1ac9338744f61a02 -> 
  custom:container-muxer-webm: aa71ff27fc2769a1b78a27578f13a17b -> 
  custom:video-decoder-webm-vp8: 9c59270c3fd7afecdb556c50c9e8de78 -> 
  custom:SearchIndexIgnoredProperties: e643bd26f0fe6173181afceb89e7c659 -> 
  custom:AudioImporter_EditorPlatform: d09bf68614088b80899f8185d706f6e7 -> 
  custom:video-encoder-webm-vp8: eb34c28f22e8b96e1ab97ce403110664 -> 
  custom:audio-decoder-ogg-vorbis: bf7c407c2cedff20999df2af8eb42d56 -> 
  custom:audio-encoder-webm-vorbis: bf7c407c2cedff20999df2af8eb42d56 -> 
  custom:scripting/precompiled-assembly-types:Assembly-CSharp: f4d7ff9405b2296d99c95dc8709d6063 -> d9898b08f7aa15a36c94fc52d0b7440b
========================================================================
Received Prepare
Caller must complete domain reload
Begin MonoManager ReloadAssembly
- Loaded All Assemblies, in  0.491 seconds
Native extension for WindowsStandalone target not found
Native extension for WebGL target not found
Mono: successfully reloaded assembly
- Finished resetting the current domain, in  1.054 seconds
Domain Reload Profiling: 1544ms
	BeginReloadAssembly (160ms)
		ExecutionOrderSort (0ms)
		DisableScriptedObjects (12ms)
		BackupInstance (0ms)
		ReleaseScriptingObjects (0ms)
		CreateAndSetChildDomain (38ms)
	RebuildCommonClasses (36ms)
	RebuildNativeTypeToScriptingClass (12ms)
	initialDomainReloadingComplete (27ms)
	LoadAllAssembliesAndSetupDomain (255ms)
		LoadAssemblies (325ms)
		RebuildTransferFunctionScriptingTraits (0ms)
		AnalyzeDomain (12ms)
			TypeCache.Refresh (5ms)
				TypeCache.ScanAssembly (0ms)
			ScanForSourceGeneratedMonoScriptInfo (0ms)
			ResolveRequiredComponents (6ms)
	FinalizeReload (1054ms)
		ReleaseScriptCaches (0ms)
		RebuildScriptCaches (0ms)
		SetupLoadedEditorAssemblies (435ms)
			LogAssemblyErrors (0ms)
			InitializePlatformSupportModulesInManaged (6ms)
			SetLoadedEditorAssemblies (5ms)
			RefreshPlugins (0ms)
			BeforeProcessingInitializeOnLoad (74ms)
			ProcessInitializeOnLoadAttributes (314ms)
			ProcessInitializeOnLoadMethodAttributes (33ms)
			AfterProcessingInitializeOnLoad (3ms)
			EditorAssembliesLoaded (0ms)
		ExecutionOrderSort2 (0ms)
		AwakeInstancesAfterBackupRestoration (14ms)
Refreshing native plugins compatible for Editor in 8.74 ms, found 7 plugins.
Preloading 0 native plugins for Editor in 0.00 ms.
Unloading 4248 Unused Serialized files (Serialized files now loaded: 0)
Unloading 27 unused Assets / (213.7 KB). Loaded Objects now: 4804.
Memory consumption went from 149.9 MB to 149.7 MB.
Total: 9.535000 ms (FindLiveObjects: 1.112600 ms CreateObjectMapping: 0.473100 ms MarkObjects: 7.556400 ms  DeleteObjects: 0.390800 ms)

Prepare: number of updated asset objects reloaded= 0
AssetImportParameters requested are different than current active one (requested -> active):
  custom:container-demuxer-ogg: 62fdf1f143b41e24485cea50d1cbac27 -> 
  custom:video-codec-MediaFoundation-h265: 746d11721c4dcdbdad8f713fa42b33f4 -> 
  custom:video-decoder-ogg-theora: a1e56fd34408186e4bbccfd4996cb3dc -> 
  custom:framework-win-MediaFoundation: 216162199b28c13a410421893ffa2e32 -> 
  custom:CustomObjectIndexerAttribute: 9a22284fe3817be447336de3de66b15e -> 
  custom:container-demuxer-webm: 4f35f7cbe854078d1ac9338744f61a02 -> 
  custom:container-muxer-webm: aa71ff27fc2769a1b78a27578f13a17b -> 
  custom:video-decoder-webm-vp8: 9c59270c3fd7afecdb556c50c9e8de78 -> 
  custom:SearchIndexIgnoredProperties: e643bd26f0fe6173181afceb89e7c659 -> 
  custom:AudioImporter_EditorPlatform: d09bf68614088b80899f8185d706f6e7 -> 
  custom:video-encoder-webm-vp8: eb34c28f22e8b96e1ab97ce403110664 -> 
  custom:audio-decoder-ogg-vorbis: bf7c407c2cedff20999df2af8eb42d56 -> 
  custom:audio-encoder-webm-vorbis: bf7c407c2cedff20999df2af8eb42d56 -> 
  custom:scripting/precompiled-assembly-types:Assembly-CSharp: f4d7ff9405b2296d99c95dc8709d6063 -> d9898b08f7aa15a36c94fc52d0b7440b
========================================================================
Received Prepare
Caller must complete domain reload
Begin MonoManager ReloadAssembly
- Loaded All Assemblies, in  0.509 seconds
Native extension for WindowsStandalone target not found
Native extension for WebGL target not found
Mono: successfully reloaded assembly
- Finished resetting the current domain, in  1.061 seconds
Domain Reload Profiling: 1570ms
	BeginReloadAssembly (161ms)
		ExecutionOrderSort (0ms)
		DisableScriptedObjects (12ms)
		BackupInstance (0ms)
		ReleaseScriptingObjects (0ms)
		CreateAndSetChildDomain (33ms)
	RebuildCommonClasses (40ms)
	RebuildNativeTypeToScriptingClass (11ms)
	initialDomainReloadingComplete (25ms)
	LoadAllAssembliesAndSetupDomain (270ms)
		LoadAssemblies (343ms)
		RebuildTransferFunctionScriptingTraits (0ms)
		AnalyzeDomain (13ms)
			TypeCache.Refresh (6ms)
				TypeCache.ScanAssembly (0ms)
			ScanForSourceGeneratedMonoScriptInfo (0ms)
			ResolveRequiredComponents (6ms)
	FinalizeReload (1062ms)
		ReleaseScriptCaches (0ms)
		RebuildScriptCaches (0ms)
		SetupLoadedEditorAssemblies (428ms)
			LogAssemblyErrors (0ms)
			InitializePlatformSupportModulesInManaged (6ms)
			SetLoadedEditorAssemblies (6ms)
			RefreshPlugins (0ms)
			BeforeProcessingInitializeOnLoad (76ms)
			ProcessInitializeOnLoadAttributes (306ms)
			ProcessInitializeOnLoadMethodAttributes (32ms)
			AfterProcessingInitializeOnLoad (3ms)
			EditorAssembliesLoaded (0ms)
		ExecutionOrderSort2 (0ms)
		AwakeInstancesAfterBackupRestoration (15ms)
Refreshing native plugins compatible for Editor in 8.58 ms, found 7 plugins.
Preloading 0 native plugins for Editor in 0.00 ms.
Unloading 4248 Unused Serialized files (Serialized files now loaded: 0)
Unloading 27 unused Assets / (213.8 KB). Loaded Objects now: 4808.
Memory consumption went from 149.9 MB to 149.7 MB.
Total: 4.344800 ms (FindLiveObjects: 0.488200 ms CreateObjectMapping: 0.130400 ms MarkObjects: 3.458400 ms  DeleteObjects: 0.266100 ms)

Prepare: number of updated asset objects reloaded= 0
AssetImportParameters requested are different than current active one (requested -> active):
  custom:container-demuxer-ogg: 62fdf1f143b41e24485cea50d1cbac27 -> 
  custom:video-codec-MediaFoundation-h265: 746d11721c4dcdbdad8f713fa42b33f4 -> 
  custom:video-decoder-ogg-theora: a1e56fd34408186e4bbccfd4996cb3dc -> 
  custom:framework-win-MediaFoundation: 216162199b28c13a410421893ffa2e32 -> 
  custom:CustomObjectIndexerAttribute: 9a22284fe3817be447336de3de66b15e -> 
  custom:container-demuxer-webm: 4f35f7cbe854078d1ac9338744f61a02 -> 
  custom:container-muxer-webm: aa71ff27fc2769a1b78a27578f13a17b -> 
  custom:video-decoder-webm-vp8: 9c59270c3fd7afecdb556c50c9e8de78 -> 
  custom:SearchIndexIgnoredProperties: e643bd26f0fe6173181afceb89e7c659 -> 
  custom:AudioImporter_EditorPlatform: d09bf68614088b80899f8185d706f6e7 -> 
  custom:video-encoder-webm-vp8: eb34c28f22e8b96e1ab97ce403110664 -> 
  custom:audio-decoder-ogg-vorbis: bf7c407c2cedff20999df2af8eb42d56 -> 
  custom:audio-encoder-webm-vorbis: bf7c407c2cedff20999df2af8eb42d56 -> 
  custom:scripting/precompiled-assembly-types:Assembly-CSharp: f4d7ff9405b2296d99c95dc8709d6063 -> d9898b08f7aa15a36c94fc52d0b7440b
========================================================================
Received Prepare
Caller must complete domain reload
Begin MonoManager ReloadAssembly
- Loaded All Assemblies, in  0.508 seconds
Native extension for WindowsStandalone target not found
Native extension for WebGL target not found
Mono: successfully reloaded assembly
- Finished resetting the current domain, in  1.106 seconds
Domain Reload Profiling: 1614ms
	BeginReloadAssembly (172ms)
		ExecutionOrderSort (0ms)
		DisableScriptedObjects (13ms)
		BackupInstance (0ms)
		ReleaseScriptingObjects (0ms)
		CreateAndSetChildDomain (40ms)
	RebuildCommonClasses (36ms)
	RebuildNativeTypeToScriptingClass (12ms)
	initialDomainReloadingComplete (26ms)
	LoadAllAssembliesAndSetupDomain (261ms)
		LoadAssemblies (339ms)
		RebuildTransferFunctionScriptingTraits (0ms)
		AnalyzeDomain (13ms)
			TypeCache.Refresh (6ms)
				TypeCache.ScanAssembly (0ms)
			ScanForSourceGeneratedMonoScriptInfo (0ms)
			ResolveRequiredComponents (7ms)
	FinalizeReload (1106ms)
		ReleaseScriptCaches (0ms)
		RebuildScriptCaches (0ms)
		SetupLoadedEditorAssemblies (463ms)
			LogAssemblyErrors (0ms)
			InitializePlatformSupportModulesInManaged (7ms)
			SetLoadedEditorAssemblies (5ms)
			RefreshPlugins (0ms)
			BeforeProcessingInitializeOnLoad (79ms)
			ProcessInitializeOnLoadAttributes (334ms)
			ProcessInitializeOnLoadMethodAttributes (35ms)
			AfterProcessingInitializeOnLoad (3ms)
			EditorAssembliesLoaded (0ms)
		ExecutionOrderSort2 (0ms)
		AwakeInstancesAfterBackupRestoration (16ms)
Refreshing native plugins compatible for Editor in 8.14 ms, found 7 plugins.
Preloading 0 native plugins for Editor in 0.00 ms.
Unloading 4248 Unused Serialized files (Serialized files now loaded: 0)
Unloading 27 unused Assets / (213.6 KB). Loaded Objects now: 4812.
Memory consumption went from 149.9 MB to 149.7 MB.
Total: 4.579400 ms (FindLiveObjects: 0.466700 ms CreateObjectMapping: 0.118200 ms MarkObjects: 3.703400 ms  DeleteObjects: 0.289700 ms)

Prepare: number of updated asset objects reloaded= 0
AssetImportParameters requested are different than current active one (requested -> active):
  custom:container-demuxer-ogg: 62fdf1f143b41e24485cea50d1cbac27 -> 
  custom:video-codec-MediaFoundation-h265: 746d11721c4dcdbdad8f713fa42b33f4 -> 
  custom:video-decoder-ogg-theora: a1e56fd34408186e4bbccfd4996cb3dc -> 
  custom:framework-win-MediaFoundation: 216162199b28c13a410421893ffa2e32 -> 
  custom:CustomObjectIndexerAttribute: 9a22284fe3817be447336de3de66b15e -> 
  custom:container-demuxer-webm: 4f35f7cbe854078d1ac9338744f61a02 -> 
  custom:container-muxer-webm: aa71ff27fc2769a1b78a27578f13a17b -> 
  custom:video-decoder-webm-vp8: 9c59270c3fd7afecdb556c50c9e8de78 -> 
  custom:SearchIndexIgnoredProperties: e643bd26f0fe6173181afceb89e7c659 -> 
  custom:AudioImporter_EditorPlatform: d09bf68614088b80899f8185d706f6e7 -> 
  custom:video-encoder-webm-vp8: eb34c28f22e8b96e1ab97ce403110664 -> 
  custom:audio-decoder-ogg-vorbis: bf7c407c2cedff20999df2af8eb42d56 -> 
  custom:audio-encoder-webm-vorbis: bf7c407c2cedff20999df2af8eb42d56 -> 
  custom:scripting/precompiled-assembly-types:Assembly-CSharp: f4d7ff9405b2296d99c95dc8709d6063 -> d9898b08f7aa15a36c94fc52d0b7440b
========================================================================
Received Import Request.
  Time since last request: 715.295355 seconds.
  path: ProjectSettings/TagManager.asset
  artifactKey: Guid(00000000000000003000000000000000) Importer(815301076,1909f56bfc062723c751e8b465ee728b)
Start importing ProjectSettings/TagManager.asset using Guid(00000000000000003000000000000000) Importer(815301076,1909f56bfc062723c751e8b465ee728b) [PhysX] Initialized MultithreadedTaskDispatcher with 16 workers.
 -> (artifact id: 'a2ed4f3eafcc2bc862c440eaeb831565') in 0.013519 seconds
Number of updated asset objects reloaded before import = 0
Number of asset objects unloaded after import = 0
========================================================================
Received Import Request.
  Time since last request: 238.749446 seconds.
  path: Assets/Prefabs/UserPoint.prefab
  artifactKey: Guid(b44ae90e44809f645a37877ec1cc4fd3) Importer(815301076,1909f56bfc062723c751e8b465ee728b)
Start importing Assets/Prefabs/UserPoint.prefab using Guid(b44ae90e44809f645a37877ec1cc4fd3) Importer(815301076,1909f56bfc062723c751e8b465ee728b) [PhysX] Initialized MultithreadedTaskDispatcher with 16 workers.
[PhysX] Initialized MultithreadedTaskDispatcher with 16 workers.
 -> (artifact id: '4d9587f89cafdca04f1a1b16af14f487') in 0.054071 seconds
Number of updated asset objects reloaded before import = 0
Number of asset objects unloaded after import = 12
========================================================================
Received Import Request.
  Time since last request: 48.132265 seconds.
  path: Assets/Materials
  artifactKey: Guid(3aca0e907aef87d44a1c8039bbfc5379) Importer(815301076,1909f56bfc062723c751e8b465ee728b)
Start importing Assets/Materials using Guid(3aca0e907aef87d44a1c8039bbfc5379) Importer(815301076,1909f56bfc062723c751e8b465ee728b) [PhysX] Initialized MultithreadedTaskDispatcher with 16 workers.
 -> (artifact id: 'a4d99c87eaf1aa2536150e3d20116469') in 0.000872 seconds
Number of updated asset objects reloaded before import = 0
Number of asset objects unloaded after import = 0
========================================================================
Received Import Request.
  Time since last request: 9.666224 seconds.
  path: Assets/Materials/NewBehaviourScript.cs
  artifactKey: Guid(da4c35aa4d5807f4c9dbf498310a9aa9) Importer(815301076,1909f56bfc062723c751e8b465ee728b)
Start importing Assets/Materials/NewBehaviourScript.cs using Guid(da4c35aa4d5807f4c9dbf498310a9aa9) Importer(815301076,1909f56bfc062723c751e8b465ee728b) [PhysX] Initialized MultithreadedTaskDispatcher with 16 workers.
 -> (artifact id: 'a45880266c81047a93f429ba27033a78') in 0.000793 seconds
Number of updated asset objects reloaded before import = 0
Number of asset objects unloaded after import = 0
========================================================================
Received Prepare
Caller must complete domain reload
Begin MonoManager ReloadAssembly
- Loaded All Assemblies, in  0.524 seconds
Native extension for WindowsStandalone target not found
Native extension for WebGL target not found
Mono: successfully reloaded assembly
- Finished resetting the current domain, in  1.050 seconds
Domain Reload Profiling: 1574ms
	BeginReloadAssembly (165ms)
		ExecutionOrderSort (0ms)
		DisableScriptedObjects (12ms)
		BackupInstance (0ms)
		ReleaseScriptingObjects (0ms)
		CreateAndSetChildDomain (39ms)
	RebuildCommonClasses (48ms)
	RebuildNativeTypeToScriptingClass (17ms)
	initialDomainReloadingComplete (28ms)
	LoadAllAssembliesAndSetupDomain (266ms)
		LoadAssemblies (339ms)
		RebuildTransferFunctionScriptingTraits (0ms)
		AnalyzeDomain (14ms)
			TypeCache.Refresh (6ms)
				TypeCache.ScanAssembly (0ms)
			ScanForSourceGeneratedMonoScriptInfo (0ms)
			ResolveRequiredComponents (6ms)
	FinalizeReload (1051ms)
		ReleaseScriptCaches (0ms)
		RebuildScriptCaches (0ms)
		SetupLoadedEditorAssemblies (434ms)
			LogAssemblyErrors (0ms)
			InitializePlatformSupportModulesInManaged (6ms)
			SetLoadedEditorAssemblies (6ms)
			RefreshPlugins (0ms)
			BeforeProcessingInitializeOnLoad (76ms)
			ProcessInitializeOnLoadAttributes (311ms)
			ProcessInitializeOnLoadMethodAttributes (33ms)
			AfterProcessingInitializeOnLoad (3ms)
			EditorAssembliesLoaded (0ms)
		ExecutionOrderSort2 (0ms)
		AwakeInstancesAfterBackupRestoration (14ms)
Refreshing native plugins compatible for Editor in 6.00 ms, found 7 plugins.
Preloading 0 native plugins for Editor in 0.00 ms.
Unloading 4247 Unused Serialized files (Serialized files now loaded: 0)
Unloading 29 unused Assets / (240.9 KB). Loaded Objects now: 4816.
Memory consumption went from 149.7 MB to 149.4 MB.
Total: 4.024100 ms (FindLiveObjects: 0.459600 ms CreateObjectMapping: 0.198300 ms MarkObjects: 3.138100 ms  DeleteObjects: 0.227000 ms)

Prepare: number of updated asset objects reloaded= 0
AssetImportParameters requested are different than current active one (requested -> active):
  custom:container-demuxer-ogg: 62fdf1f143b41e24485cea50d1cbac27 -> 
  custom:video-codec-MediaFoundation-h265: 746d11721c4dcdbdad8f713fa42b33f4 -> 
  custom:video-decoder-ogg-theora: a1e56fd34408186e4bbccfd4996cb3dc -> 
  custom:framework-win-MediaFoundation: 216162199b28c13a410421893ffa2e32 -> 
  custom:CustomObjectIndexerAttribute: 9a22284fe3817be447336de3de66b15e -> 
  custom:container-demuxer-webm: 4f35f7cbe854078d1ac9338744f61a02 -> 
  custom:container-muxer-webm: aa71ff27fc2769a1b78a27578f13a17b -> 
  custom:video-decoder-webm-vp8: 9c59270c3fd7afecdb556c50c9e8de78 -> 
  custom:SearchIndexIgnoredProperties: e643bd26f0fe6173181afceb89e7c659 -> 
  custom:AudioImporter_EditorPlatform: d09bf68614088b80899f8185d706f6e7 -> 
  custom:video-encoder-webm-vp8: eb34c28f22e8b96e1ab97ce403110664 -> 
  custom:audio-decoder-ogg-vorbis: bf7c407c2cedff20999df2af8eb42d56 -> 
  custom:audio-encoder-webm-vorbis: bf7c407c2cedff20999df2af8eb42d56 -> 
  custom:scripting/precompiled-assembly-types:Assembly-CSharp: f4d7ff9405b2296d99c95dc8709d6063 -> d9898b08f7aa15a36c94fc52d0b7440b
========================================================================
Received Prepare
Caller must complete domain reload
Begin MonoManager ReloadAssembly
- Loaded All Assemblies, in  0.506 seconds
Native extension for WindowsStandalone target not found
Native extension for WebGL target not found
Mono: successfully reloaded assembly
- Finished resetting the current domain, in  1.073 seconds
Domain Reload Profiling: 1578ms
	BeginReloadAssembly (167ms)
		ExecutionOrderSort (0ms)
		DisableScriptedObjects (14ms)
		BackupInstance (0ms)
		ReleaseScriptingObjects (0ms)
		CreateAndSetChildDomain (39ms)
	RebuildCommonClasses (37ms)
	RebuildNativeTypeToScriptingClass (11ms)
	initialDomainReloadingComplete (25ms)
	LoadAllAssembliesAndSetupDomain (264ms)
		LoadAssemblies (337ms)
		RebuildTransferFunctionScriptingTraits (0ms)
		AnalyzeDomain (13ms)
			TypeCache.Refresh (6ms)
				TypeCache.ScanAssembly (0ms)
			ScanForSourceGeneratedMonoScriptInfo (0ms)
			ResolveRequiredComponents (6ms)
	FinalizeReload (1073ms)
		ReleaseScriptCaches (0ms)
		RebuildScriptCaches (0ms)
		SetupLoadedEditorAssemblies (449ms)
			LogAssemblyErrors (0ms)
			InitializePlatformSupportModulesInManaged (6ms)
			SetLoadedEditorAssemblies (6ms)
			RefreshPlugins (0ms)
			BeforeProcessingInitializeOnLoad (75ms)
			ProcessInitializeOnLoadAttributes (326ms)
			ProcessInitializeOnLoadMethodAttributes (32ms)
			AfterProcessingInitializeOnLoad (3ms)
			EditorAssembliesLoaded (0ms)
		ExecutionOrderSort2 (0ms)
		AwakeInstancesAfterBackupRestoration (13ms)
Refreshing native plugins compatible for Editor in 8.42 ms, found 7 plugins.
Preloading 0 native plugins for Editor in 0.00 ms.
Unloading 4248 Unused Serialized files (Serialized files now loaded: 0)
Unloading 27 unused Assets / (213.9 KB). Loaded Objects now: 4820.
Memory consumption went from 149.9 MB to 149.7 MB.
Total: 3.905400 ms (FindLiveObjects: 0.420600 ms CreateObjectMapping: 0.111100 ms MarkObjects: 3.130700 ms  DeleteObjects: 0.241600 ms)

Prepare: number of updated asset objects reloaded= 0
AssetImportParameters requested are different than current active one (requested -> active):
  custom:container-demuxer-ogg: 62fdf1f143b41e24485cea50d1cbac27 -> 
  custom:video-codec-MediaFoundation-h265: 746d11721c4dcdbdad8f713fa42b33f4 -> 
  custom:video-decoder-ogg-theora: a1e56fd34408186e4bbccfd4996cb3dc -> 
  custom:framework-win-MediaFoundation: 216162199b28c13a410421893ffa2e32 -> 
  custom:CustomObjectIndexerAttribute: 9a22284fe3817be447336de3de66b15e -> 
  custom:container-demuxer-webm: 4f35f7cbe854078d1ac9338744f61a02 -> 
  custom:container-muxer-webm: aa71ff27fc2769a1b78a27578f13a17b -> 
  custom:video-decoder-webm-vp8: 9c59270c3fd7afecdb556c50c9e8de78 -> 
  custom:SearchIndexIgnoredProperties: e643bd26f0fe6173181afceb89e7c659 -> 
  custom:AudioImporter_EditorPlatform: d09bf68614088b80899f8185d706f6e7 -> 
  custom:video-encoder-webm-vp8: eb34c28f22e8b96e1ab97ce403110664 -> 
  custom:audio-decoder-ogg-vorbis: bf7c407c2cedff20999df2af8eb42d56 -> 
  custom:audio-encoder-webm-vorbis: bf7c407c2cedff20999df2af8eb42d56 -> 
  custom:scripting/precompiled-assembly-types:Assembly-CSharp: f4d7ff9405b2296d99c95dc8709d6063 -> d9898b08f7aa15a36c94fc52d0b7440b
========================================================================
Received Prepare
Caller must complete domain reload
Begin MonoManager ReloadAssembly
- Loaded All Assemblies, in  0.508 seconds
Native extension for WindowsStandalone target not found
Native extension for WebGL target not found
Mono: successfully reloaded assembly
- Finished resetting the current domain, in  1.640 seconds
Domain Reload Profiling: 2148ms
	BeginReloadAssembly (161ms)
		ExecutionOrderSort (0ms)
		DisableScriptedObjects (13ms)
		BackupInstance (0ms)
		ReleaseScriptingObjects (0ms)
		CreateAndSetChildDomain (38ms)
	RebuildCommonClasses (34ms)
	RebuildNativeTypeToScriptingClass (12ms)
	initialDomainReloadingComplete (33ms)
	LoadAllAssembliesAndSetupDomain (268ms)
		LoadAssemblies (333ms)
		RebuildTransferFunctionScriptingTraits (0ms)
		AnalyzeDomain (17ms)
			TypeCache.Refresh (9ms)
				TypeCache.ScanAssembly (0ms)
			ScanForSourceGeneratedMonoScriptInfo (0ms)
			ResolveRequiredComponents (6ms)
	FinalizeReload (1641ms)
		ReleaseScriptCaches (0ms)
		RebuildScriptCaches (0ms)
		SetupLoadedEditorAssemblies (452ms)
			LogAssemblyErrors (0ms)
			InitializePlatformSupportModulesInManaged (8ms)
			SetLoadedEditorAssemblies (11ms)
			RefreshPlugins (0ms)
			BeforeProcessingInitializeOnLoad (77ms)
			ProcessInitializeOnLoadAttributes (317ms)
			ProcessInitializeOnLoadMethodAttributes (35ms)
			AfterProcessingInitializeOnLoad (3ms)
			EditorAssembliesLoaded (0ms)
		ExecutionOrderSort2 (0ms)
		AwakeInstancesAfterBackupRestoration (14ms)
Refreshing native plugins compatible for Editor in 7.19 ms, found 7 plugins.
Preloading 0 native plugins for Editor in 0.00 ms.
Unloading 4248 Unused Serialized files (Serialized files now loaded: 0)
Unloading 27 unused Assets / (213.5 KB). Loaded Objects now: 4824.
Memory consumption went from 149.9 MB to 149.6 MB.
Total: 4.838000 ms (FindLiveObjects: 0.508400 ms CreateObjectMapping: 0.507200 ms MarkObjects: 3.564000 ms  DeleteObjects: 0.256700 ms)

Prepare: number of updated asset objects reloaded= 0
AssetImportParameters requested are different than current active one (requested -> active):
  custom:container-demuxer-ogg: 62fdf1f143b41e24485cea50d1cbac27 -> 
  custom:video-codec-MediaFoundation-h265: 746d11721c4dcdbdad8f713fa42b33f4 -> 
  custom:video-decoder-ogg-theora: a1e56fd34408186e4bbccfd4996cb3dc -> 
  custom:framework-win-MediaFoundation: 216162199b28c13a410421893ffa2e32 -> 
  custom:CustomObjectIndexerAttribute: 9a22284fe3817be447336de3de66b15e -> 
  custom:container-demuxer-webm: 4f35f7cbe854078d1ac9338744f61a02 -> 
  custom:container-muxer-webm: aa71ff27fc2769a1b78a27578f13a17b -> 
  custom:video-decoder-webm-vp8: 9c59270c3fd7afecdb556c50c9e8de78 -> 
  custom:SearchIndexIgnoredProperties: e643bd26f0fe6173181afceb89e7c659 -> 
  custom:AudioImporter_EditorPlatform: d09bf68614088b80899f8185d706f6e7 -> 
  custom:video-encoder-webm-vp8: eb34c28f22e8b96e1ab97ce403110664 -> 
  custom:audio-decoder-ogg-vorbis: bf7c407c2cedff20999df2af8eb42d56 -> 
  custom:audio-encoder-webm-vorbis: bf7c407c2cedff20999df2af8eb42d56 -> 
  custom:scripting/precompiled-assembly-types:Assembly-CSharp: f4d7ff9405b2296d99c95dc8709d6063 -> d9898b08f7aa15a36c94fc52d0b7440b
========================================================================
Received Import Request.
  Time since last request: 1339.802593 seconds.
  path: Assets/Prefabs/UserPoint.prefab
  artifactKey: Guid(b44ae90e44809f645a37877ec1cc4fd3) Importer(815301076,1909f56bfc062723c751e8b465ee728b)
Start importing Assets/Prefabs/UserPoint.prefab using Guid(b44ae90e44809f645a37877ec1cc4fd3) Importer(815301076,1909f56bfc062723c751e8b465ee728b) [PhysX] Initialized MultithreadedTaskDispatcher with 16 workers.
[PhysX] Initialized MultithreadedTaskDispatcher with 16 workers.
 -> (artifact id: 'ab63a7de73348b1580b99802ff89f6f8') in 0.072847 seconds
Number of updated asset objects reloaded before import = 0
Number of asset objects unloaded after import = 13
========================================================================
Received Prepare
Caller must complete domain reload
Begin MonoManager ReloadAssembly
- Loaded All Assemblies, in  0.491 seconds
Native extension for WindowsStandalone target not found
Native extension for WebGL target not found
Mono: successfully reloaded assembly
- Finished resetting the current domain, in  1.053 seconds
Domain Reload Profiling: 1544ms
	BeginReloadAssembly (161ms)
		ExecutionOrderSort (0ms)
		DisableScriptedObjects (12ms)
		BackupInstance (0ms)
		ReleaseScriptingObjects (0ms)
		CreateAndSetChildDomain (40ms)
	RebuildCommonClasses (35ms)
	RebuildNativeTypeToScriptingClass (12ms)
	initialDomainReloadingComplete (27ms)
	LoadAllAssembliesAndSetupDomain (256ms)
		LoadAssemblies (324ms)
		RebuildTransferFunctionScriptingTraits (0ms)
		AnalyzeDomain (13ms)
			TypeCache.Refresh (5ms)
				TypeCache.ScanAssembly (0ms)
			ScanForSourceGeneratedMonoScriptInfo (0ms)
			ResolveRequiredComponents (6ms)
	FinalizeReload (1054ms)
		ReleaseScriptCaches (0ms)
		RebuildScriptCaches (0ms)
		SetupLoadedEditorAssemblies (443ms)
			LogAssemblyErrors (0ms)
			InitializePlatformSupportModulesInManaged (9ms)
			SetLoadedEditorAssemblies (5ms)
			RefreshPlugins (0ms)
			BeforeProcessingInitializeOnLoad (74ms)
			ProcessInitializeOnLoadAttributes (317ms)
			ProcessInitializeOnLoadMethodAttributes (34ms)
			AfterProcessingInitializeOnLoad (3ms)
			EditorAssembliesLoaded (0ms)
		ExecutionOrderSort2 (0ms)
		AwakeInstancesAfterBackupRestoration (14ms)
Refreshing native plugins compatible for Editor in 9.36 ms, found 7 plugins.
Preloading 0 native plugins for Editor in 0.00 ms.
Unloading 4247 Unused Serialized files (Serialized files now loaded: 0)
Unloading 27 unused Assets / (213.6 KB). Loaded Objects now: 4828.
Memory consumption went from 149.6 MB to 149.4 MB.
Total: 4.157500 ms (FindLiveObjects: 0.374300 ms CreateObjectMapping: 0.108600 ms MarkObjects: 3.364900 ms  DeleteObjects: 0.308100 ms)

Prepare: number of updated asset objects reloaded= 0
AssetImportParameters requested are different than current active one (requested -> active):
  custom:container-demuxer-ogg: 62fdf1f143b41e24485cea50d1cbac27 -> 
  custom:video-codec-MediaFoundation-h265: 746d11721c4dcdbdad8f713fa42b33f4 -> 
  custom:video-decoder-ogg-theora: a1e56fd34408186e4bbccfd4996cb3dc -> 
  custom:framework-win-MediaFoundation: 216162199b28c13a410421893ffa2e32 -> 
  custom:CustomObjectIndexerAttribute: 9a22284fe3817be447336de3de66b15e -> 
  custom:container-demuxer-webm: 4f35f7cbe854078d1ac9338744f61a02 -> 
  custom:container-muxer-webm: aa71ff27fc2769a1b78a27578f13a17b -> 
  custom:video-decoder-webm-vp8: 9c59270c3fd7afecdb556c50c9e8de78 -> 
  custom:SearchIndexIgnoredProperties: e643bd26f0fe6173181afceb89e7c659 -> 
  custom:AudioImporter_EditorPlatform: d09bf68614088b80899f8185d706f6e7 -> 
  custom:video-encoder-webm-vp8: eb34c28f22e8b96e1ab97ce403110664 -> 
  custom:audio-decoder-ogg-vorbis: bf7c407c2cedff20999df2af8eb42d56 -> 
  custom:audio-encoder-webm-vorbis: bf7c407c2cedff20999df2af8eb42d56 -> 
  custom:scripting/precompiled-assembly-types:Assembly-CSharp: f4d7ff9405b2296d99c95dc8709d6063 -> d9898b08f7aa15a36c94fc52d0b7440b
========================================================================
Received Import Request.
  Time since last request: 35.437005 seconds.
  path: Assets/Prefabs/UserPoint.prefab
  artifactKey: Guid(b44ae90e44809f645a37877ec1cc4fd3) Importer(815301076,1909f56bfc062723c751e8b465ee728b)
Start importing Assets/Prefabs/UserPoint.prefab using Guid(b44ae90e44809f645a37877ec1cc4fd3) Importer(815301076,1909f56bfc062723c751e8b465ee728b) [PhysX] Initialized MultithreadedTaskDispatcher with 16 workers.
[PhysX] Initialized MultithreadedTaskDispatcher with 16 workers.
 -> (artifact id: 'f5af2fac8ba0d50ddccf963eb2d63f9f') in 0.064441 seconds
Number of updated asset objects reloaded before import = 0
Number of asset objects unloaded after import = 13
========================================================================
Received Import Request.
  Time since last request: 19.369530 seconds.
  path: Assets/Prefabs/UserPoint.prefab
  artifactKey: Guid(b44ae90e44809f645a37877ec1cc4fd3) Importer(815301076,1909f56bfc062723c751e8b465ee728b)
Start importing Assets/Prefabs/UserPoint.prefab using Guid(b44ae90e44809f645a37877ec1cc4fd3) Importer(815301076,1909f56bfc062723c751e8b465ee728b) [PhysX] Initialized MultithreadedTaskDispatcher with 16 workers.
[PhysX] Initialized MultithreadedTaskDispatcher with 16 workers.
 -> (artifact id: '62ea361e9b881366635eaf1191c520c3') in 0.007481 seconds
Number of updated asset objects reloaded before import = 0
Number of asset objects unloaded after import = 13
========================================================================
Received Import Request.
  Time since last request: 47.152257 seconds.
  path: Assets/Prefabs/UserPoint.prefab
  artifactKey: Guid(b44ae90e44809f645a37877ec1cc4fd3) Importer(815301076,1909f56bfc062723c751e8b465ee728b)
Start importing Assets/Prefabs/UserPoint.prefab using Guid(b44ae90e44809f645a37877ec1cc4fd3) Importer(815301076,1909f56bfc062723c751e8b465ee728b) [PhysX] Initialized MultithreadedTaskDispatcher with 16 workers.
[PhysX] Initialized MultithreadedTaskDispatcher with 16 workers.
 -> (artifact id: '1cc9fa1f695442c909579865c2167ad8') in 0.007184 seconds
Number of updated asset objects reloaded before import = 0
Number of asset objects unloaded after import = 13
========================================================================
Received Prepare
Caller must complete domain reload
Begin MonoManager ReloadAssembly
- Loaded All Assemblies, in  0.523 seconds
Native extension for WindowsStandalone target not found
Native extension for WebGL target not found
Mono: successfully reloaded assembly
- Finished resetting the current domain, in  1.127 seconds
Domain Reload Profiling: 1650ms
	BeginReloadAssembly (171ms)
		ExecutionOrderSort (0ms)
		DisableScriptedObjects (12ms)
		BackupInstance (0ms)
		ReleaseScriptingObjects (0ms)
		CreateAndSetChildDomain (38ms)
	RebuildCommonClasses (40ms)
	RebuildNativeTypeToScriptingClass (12ms)
	initialDomainReloadingComplete (27ms)
	LoadAllAssembliesAndSetupDomain (272ms)
		LoadAssemblies (346ms)
		RebuildTransferFunctionScriptingTraits (0ms)
		AnalyzeDomain (18ms)
			TypeCache.Refresh (6ms)
				TypeCache.ScanAssembly (0ms)
			ScanForSourceGeneratedMonoScriptInfo (0ms)
			ResolveRequiredComponents (9ms)
	FinalizeReload (1128ms)
		ReleaseScriptCaches (0ms)
		RebuildScriptCaches (0ms)
		SetupLoadedEditorAssemblies (434ms)
			LogAssemblyErrors (0ms)
			InitializePlatformSupportModulesInManaged (6ms)
			SetLoadedEditorAssemblies (6ms)
			RefreshPlugins (0ms)
			BeforeProcessingInitializeOnLoad (72ms)
			ProcessInitializeOnLoadAttributes (315ms)
			ProcessInitializeOnLoadMethodAttributes (33ms)
			AfterProcessingInitializeOnLoad (3ms)
			EditorAssembliesLoaded (0ms)
		ExecutionOrderSort2 (0ms)
		AwakeInstancesAfterBackupRestoration (15ms)
Refreshing native plugins compatible for Editor in 9.23 ms, found 7 plugins.
Preloading 0 native plugins for Editor in 0.00 ms.
Unloading 4247 Unused Serialized files (Serialized files now loaded: 0)
Unloading 27 unused Assets / (213.4 KB). Loaded Objects now: 4832.
Memory consumption went from 149.6 MB to 149.4 MB.
Total: 4.033000 ms (FindLiveObjects: 0.466500 ms CreateObjectMapping: 0.130200 ms MarkObjects: 3.191900 ms  DeleteObjects: 0.242500 ms)

Prepare: number of updated asset objects reloaded= 0
AssetImportParameters requested are different than current active one (requested -> active):
  custom:container-demuxer-ogg: 62fdf1f143b41e24485cea50d1cbac27 -> 
  custom:video-codec-MediaFoundation-h265: 746d11721c4dcdbdad8f713fa42b33f4 -> 
  custom:video-decoder-ogg-theora: a1e56fd34408186e4bbccfd4996cb3dc -> 
  custom:framework-win-MediaFoundation: 216162199b28c13a410421893ffa2e32 -> 
  custom:CustomObjectIndexerAttribute: 9a22284fe3817be447336de3de66b15e -> 
  custom:container-demuxer-webm: 4f35f7cbe854078d1ac9338744f61a02 -> 
  custom:container-muxer-webm: aa71ff27fc2769a1b78a27578f13a17b -> 
  custom:video-decoder-webm-vp8: 9c59270c3fd7afecdb556c50c9e8de78 -> 
  custom:SearchIndexIgnoredProperties: e643bd26f0fe6173181afceb89e7c659 -> 
  custom:AudioImporter_EditorPlatform: d09bf68614088b80899f8185d706f6e7 -> 
  custom:video-encoder-webm-vp8: eb34c28f22e8b96e1ab97ce403110664 -> 
  custom:audio-decoder-ogg-vorbis: bf7c407c2cedff20999df2af8eb42d56 -> 
  custom:audio-encoder-webm-vorbis: bf7c407c2cedff20999df2af8eb42d56 -> 
  custom:scripting/precompiled-assembly-types:Assembly-CSharp: f4d7ff9405b2296d99c95dc8709d6063 -> d9898b08f7aa15a36c94fc52d0b7440b
========================================================================
Received Prepare
Caller must complete domain reload
Begin MonoManager ReloadAssembly
- Loaded All Assemblies, in  0.566 seconds
Native extension for WindowsStandalone target not found
Native extension for WebGL target not found
Mono: successfully reloaded assembly
- Finished resetting the current domain, in  1.046 seconds
Domain Reload Profiling: 1612ms
	BeginReloadAssembly (168ms)
		ExecutionOrderSort (0ms)
		DisableScriptedObjects (12ms)
		BackupInstance (0ms)
		ReleaseScriptingObjects (0ms)
		CreateAndSetChildDomain (41ms)
	RebuildCommonClasses (34ms)
	RebuildNativeTypeToScriptingClass (12ms)
	initialDomainReloadingComplete (33ms)
	LoadAllAssembliesAndSetupDomain (317ms)
		LoadAssemblies (390ms)
		RebuildTransferFunctionScriptingTraits (0ms)
		AnalyzeDomain (14ms)
			TypeCache.Refresh (6ms)
				TypeCache.ScanAssembly (0ms)
			ScanForSourceGeneratedMonoScriptInfo (0ms)
			ResolveRequiredComponents (7ms)
	FinalizeReload (1046ms)
		ReleaseScriptCaches (0ms)
		RebuildScriptCaches (0ms)
		SetupLoadedEditorAssemblies (456ms)
			LogAssemblyErrors (0ms)
			InitializePlatformSupportModulesInManaged (6ms)
			SetLoadedEditorAssemblies (7ms)
			RefreshPlugins (0ms)
			BeforeProcessingInitializeOnLoad (76ms)
			ProcessInitializeOnLoadAttributes (328ms)
			ProcessInitializeOnLoadMethodAttributes (35ms)
			AfterProcessingInitializeOnLoad (3ms)
			EditorAssembliesLoaded (0ms)
		ExecutionOrderSort2 (0ms)
		AwakeInstancesAfterBackupRestoration (15ms)
Refreshing native plugins compatible for Editor in 8.26 ms, found 7 plugins.
Preloading 0 native plugins for Editor in 0.00 ms.
Unloading 4248 Unused Serialized files (Serialized files now loaded: 0)
Unloading 27 unused Assets / (213.7 KB). Loaded Objects now: 4836.
Memory consumption went from 149.9 MB to 149.7 MB.
Total: 5.475800 ms (FindLiveObjects: 0.449900 ms CreateObjectMapping: 0.227500 ms MarkObjects: 4.549400 ms  DeleteObjects: 0.247200 ms)

Prepare: number of updated asset objects reloaded= 0
AssetImportParameters requested are different than current active one (requested -> active):
  custom:container-demuxer-ogg: 62fdf1f143b41e24485cea50d1cbac27 -> 
  custom:video-codec-MediaFoundation-h265: 746d11721c4dcdbdad8f713fa42b33f4 -> 
  custom:video-decoder-ogg-theora: a1e56fd34408186e4bbccfd4996cb3dc -> 
  custom:framework-win-MediaFoundation: 216162199b28c13a410421893ffa2e32 -> 
  custom:CustomObjectIndexerAttribute: 9a22284fe3817be447336de3de66b15e -> 
  custom:container-demuxer-webm: 4f35f7cbe854078d1ac9338744f61a02 -> 
  custom:container-muxer-webm: aa71ff27fc2769a1b78a27578f13a17b -> 
  custom:video-decoder-webm-vp8: 9c59270c3fd7afecdb556c50c9e8de78 -> 
  custom:SearchIndexIgnoredProperties: e643bd26f0fe6173181afceb89e7c659 -> 
  custom:AudioImporter_EditorPlatform: d09bf68614088b80899f8185d706f6e7 -> 
  custom:video-encoder-webm-vp8: eb34c28f22e8b96e1ab97ce403110664 -> 
  custom:audio-decoder-ogg-vorbis: bf7c407c2cedff20999df2af8eb42d56 -> 
  custom:audio-encoder-webm-vorbis: bf7c407c2cedff20999df2af8eb42d56 -> 
  custom:scripting/precompiled-assembly-types:Assembly-CSharp: f4d7ff9405b2296d99c95dc8709d6063 -> d9898b08f7aa15a36c94fc52d0b7440b
========================================================================
Received Prepare
Caller must complete domain reload
Begin MonoManager ReloadAssembly
- Loaded All Assemblies, in  0.509 seconds
Native extension for WindowsStandalone target not found
Native extension for WebGL target not found
Mono: successfully reloaded assembly
- Finished resetting the current domain, in  1.077 seconds
Domain Reload Profiling: 1586ms
	BeginReloadAssembly (176ms)
		ExecutionOrderSort (0ms)
		DisableScriptedObjects (15ms)
		BackupInstance (0ms)
		ReleaseScriptingObjects (0ms)
		CreateAndSetChildDomain (37ms)
	RebuildCommonClasses (34ms)
	RebuildNativeTypeToScriptingClass (12ms)
	initialDomainReloadingComplete (28ms)
	LoadAllAssembliesAndSetupDomain (260ms)
		LoadAssemblies (338ms)
		RebuildTransferFunctionScriptingTraits (0ms)
		AnalyzeDomain (16ms)
			TypeCache.Refresh (7ms)
				TypeCache.ScanAssembly (0ms)
			ScanForSourceGeneratedMonoScriptInfo (0ms)
			ResolveRequiredComponents (7ms)
	FinalizeReload (1078ms)
		ReleaseScriptCaches (0ms)
		RebuildScriptCaches (0ms)
		SetupLoadedEditorAssemblies (467ms)
			LogAssemblyErrors (0ms)
			InitializePlatformSupportModulesInManaged (7ms)
			SetLoadedEditorAssemblies (6ms)
			RefreshPlugins (0ms)
			BeforeProcessingInitializeOnLoad (77ms)
			ProcessInitializeOnLoadAttributes (336ms)
			ProcessInitializeOnLoadMethodAttributes (36ms)
			AfterProcessingInitializeOnLoad (4ms)
			EditorAssembliesLoaded (1ms)
		ExecutionOrderSort2 (0ms)
		AwakeInstancesAfterBackupRestoration (15ms)
Refreshing native plugins compatible for Editor in 9.35 ms, found 7 plugins.
Preloading 0 native plugins for Editor in 0.00 ms.
Unloading 4248 Unused Serialized files (Serialized files now loaded: 0)
Unloading 27 unused Assets / (213.4 KB). Loaded Objects now: 4840.
Memory consumption went from 149.9 MB to 149.7 MB.
Total: 10.035300 ms (FindLiveObjects: 1.223600 ms CreateObjectMapping: 0.853500 ms MarkObjects: 7.606800 ms  DeleteObjects: 0.349000 ms)

Prepare: number of updated asset objects reloaded= 0
AssetImportParameters requested are different than current active one (requested -> active):
  custom:container-demuxer-ogg: 62fdf1f143b41e24485cea50d1cbac27 -> 
  custom:video-codec-MediaFoundation-h265: 746d11721c4dcdbdad8f713fa42b33f4 -> 
  custom:video-decoder-ogg-theora: a1e56fd34408186e4bbccfd4996cb3dc -> 
  custom:framework-win-MediaFoundation: 216162199b28c13a410421893ffa2e32 -> 
  custom:CustomObjectIndexerAttribute: 9a22284fe3817be447336de3de66b15e -> 
  custom:container-demuxer-webm: 4f35f7cbe854078d1ac9338744f61a02 -> 
  custom:container-muxer-webm: aa71ff27fc2769a1b78a27578f13a17b -> 
  custom:video-decoder-webm-vp8: 9c59270c3fd7afecdb556c50c9e8de78 -> 
  custom:SearchIndexIgnoredProperties: e643bd26f0fe6173181afceb89e7c659 -> 
  custom:AudioImporter_EditorPlatform: d09bf68614088b80899f8185d706f6e7 -> 
  custom:video-encoder-webm-vp8: eb34c28f22e8b96e1ab97ce403110664 -> 
  custom:audio-decoder-ogg-vorbis: bf7c407c2cedff20999df2af8eb42d56 -> 
  custom:audio-encoder-webm-vorbis: bf7c407c2cedff20999df2af8eb42d56 -> 
  custom:scripting/precompiled-assembly-types:Assembly-CSharp: f4d7ff9405b2296d99c95dc8709d6063 -> d9898b08f7aa15a36c94fc52d0b7440b
========================================================================
Received Prepare
Caller must complete domain reload
Begin MonoManager ReloadAssembly
- Loaded All Assemblies, in  0.507 seconds
Native extension for WindowsStandalone target not found
Native extension for WebGL target not found
Mono: successfully reloaded assembly
- Finished resetting the current domain, in  1.049 seconds
Domain Reload Profiling: 1555ms
	BeginReloadAssembly (163ms)
		ExecutionOrderSort (0ms)
		DisableScriptedObjects (12ms)
		BackupInstance (0ms)
		ReleaseScriptingObjects (0ms)
		CreateAndSetChildDomain (40ms)
	RebuildCommonClasses (41ms)
	RebuildNativeTypeToScriptingClass (12ms)
	initialDomainReloadingComplete (27ms)
	LoadAllAssembliesAndSetupDomain (263ms)
		LoadAssemblies (334ms)
		RebuildTransferFunctionScriptingTraits (0ms)
		AnalyzeDomain (13ms)
			TypeCache.Refresh (6ms)
				TypeCache.ScanAssembly (0ms)
			ScanForSourceGeneratedMonoScriptInfo (0ms)
			ResolveRequiredComponents (6ms)
	FinalizeReload (1049ms)
		ReleaseScriptCaches (0ms)
		RebuildScriptCaches (0ms)
		SetupLoadedEditorAssemblies (460ms)
			LogAssemblyErrors (0ms)
			InitializePlatformSupportModulesInManaged (6ms)
			SetLoadedEditorAssemblies (5ms)
			RefreshPlugins (0ms)
			BeforeProcessingInitializeOnLoad (73ms)
			ProcessInitializeOnLoadAttributes (335ms)
			ProcessInitializeOnLoadMethodAttributes (37ms)
			AfterProcessingInitializeOnLoad (3ms)
			EditorAssembliesLoaded (0ms)
		ExecutionOrderSort2 (0ms)
		AwakeInstancesAfterBackupRestoration (15ms)
Refreshing native plugins compatible for Editor in 8.21 ms, found 7 plugins.
Preloading 0 native plugins for Editor in 0.00 ms.
Unloading 4248 Unused Serialized files (Serialized files now loaded: 0)
Unloading 27 unused Assets / (213.7 KB). Loaded Objects now: 4844.
Memory consumption went from 149.9 MB to 149.7 MB.
Total: 4.275700 ms (FindLiveObjects: 0.439300 ms CreateObjectMapping: 0.262100 ms MarkObjects: 3.359500 ms  DeleteObjects: 0.213600 ms)

Prepare: number of updated asset objects reloaded= 0
AssetImportParameters requested are different than current active one (requested -> active):
  custom:container-demuxer-ogg: 62fdf1f143b41e24485cea50d1cbac27 -> 
  custom:video-codec-MediaFoundation-h265: 746d11721c4dcdbdad8f713fa42b33f4 -> 
  custom:video-decoder-ogg-theora: a1e56fd34408186e4bbccfd4996cb3dc -> 
  custom:framework-win-MediaFoundation: 216162199b28c13a410421893ffa2e32 -> 
  custom:CustomObjectIndexerAttribute: 9a22284fe3817be447336de3de66b15e -> 
  custom:container-demuxer-webm: 4f35f7cbe854078d1ac9338744f61a02 -> 
  custom:container-muxer-webm: aa71ff27fc2769a1b78a27578f13a17b -> 
  custom:video-decoder-webm-vp8: 9c59270c3fd7afecdb556c50c9e8de78 -> 
  custom:SearchIndexIgnoredProperties: e643bd26f0fe6173181afceb89e7c659 -> 
  custom:AudioImporter_EditorPlatform: d09bf68614088b80899f8185d706f6e7 -> 
  custom:video-encoder-webm-vp8: eb34c28f22e8b96e1ab97ce403110664 -> 
  custom:audio-decoder-ogg-vorbis: bf7c407c2cedff20999df2af8eb42d56 -> 
  custom:audio-encoder-webm-vorbis: bf7c407c2cedff20999df2af8eb42d56 -> 
  custom:scripting/precompiled-assembly-types:Assembly-CSharp: f4d7ff9405b2296d99c95dc8709d6063 -> d9898b08f7aa15a36c94fc52d0b7440b
========================================================================
Received Import Request.
  Time since last request: 385.919273 seconds.
  path: Assets/Prefabs/UserPoint.prefab
  artifactKey: Guid(b44ae90e44809f645a37877ec1cc4fd3) Importer(815301076,1909f56bfc062723c751e8b465ee728b)
Start importing Assets/Prefabs/UserPoint.prefab using Guid(b44ae90e44809f645a37877ec1cc4fd3) Importer(815301076,1909f56bfc062723c751e8b465ee728b) [PhysX] Initialized MultithreadedTaskDispatcher with 16 workers.
[PhysX] Initialized MultithreadedTaskDispatcher with 16 workers.
 -> (artifact id: 'b04d6de5b967d600c5c42bfa2c36886a') in 0.065633 seconds
Number of updated asset objects reloaded before import = 0
Number of asset objects unloaded after import = 13
========================================================================
Received Prepare
Caller must complete domain reload
Begin MonoManager ReloadAssembly
- Loaded All Assemblies, in  0.507 seconds
Native extension for WindowsStandalone target not found
Native extension for WebGL target not found
Mono: successfully reloaded assembly
- Finished resetting the current domain, in  1.077 seconds
Domain Reload Profiling: 1583ms
	BeginReloadAssembly (164ms)
		ExecutionOrderSort (0ms)
		DisableScriptedObjects (12ms)
		BackupInstance (0ms)
		ReleaseScriptingObjects (0ms)
		CreateAndSetChildDomain (37ms)
	RebuildCommonClasses (41ms)
	RebuildNativeTypeToScriptingClass (12ms)
	initialDomainReloadingComplete (28ms)
	LoadAllAssembliesAndSetupDomain (262ms)
		LoadAssemblies (332ms)
		RebuildTransferFunctionScriptingTraits (0ms)
		AnalyzeDomain (16ms)
			TypeCache.Refresh (6ms)
				TypeCache.ScanAssembly (0ms)
			ScanForSourceGeneratedMonoScriptInfo (0ms)
			ResolveRequiredComponents (8ms)
	FinalizeReload (1077ms)
		ReleaseScriptCaches (0ms)
		RebuildScriptCaches (0ms)
		SetupLoadedEditorAssemblies (452ms)
			LogAssemblyErrors (0ms)
			InitializePlatformSupportModulesInManaged (9ms)
			SetLoadedEditorAssemblies (6ms)
			RefreshPlugins (0ms)
			BeforeProcessingInitializeOnLoad (74ms)
			ProcessInitializeOnLoadAttributes (322ms)
			ProcessInitializeOnLoadMethodAttributes (37ms)
			AfterProcessingInitializeOnLoad (3ms)
			EditorAssembliesLoaded (0ms)
		ExecutionOrderSort2 (0ms)
		AwakeInstancesAfterBackupRestoration (16ms)
Refreshing native plugins compatible for Editor in 6.79 ms, found 7 plugins.
Preloading 0 native plugins for Editor in 0.00 ms.
Unloading 4247 Unused Serialized files (Serialized files now loaded: 0)
Unloading 27 unused Assets / (213.6 KB). Loaded Objects now: 4848.
Memory consumption went from 149.6 MB to 149.4 MB.
Total: 4.082700 ms (FindLiveObjects: 0.421700 ms CreateObjectMapping: 0.121100 ms MarkObjects: 3.342000 ms  DeleteObjects: 0.196300 ms)

Prepare: number of updated asset objects reloaded= 0
AssetImportParameters requested are different than current active one (requested -> active):
  custom:container-demuxer-ogg: 62fdf1f143b41e24485cea50d1cbac27 -> 
  custom:video-codec-MediaFoundation-h265: 746d11721c4dcdbdad8f713fa42b33f4 -> 
  custom:video-decoder-ogg-theora: a1e56fd34408186e4bbccfd4996cb3dc -> 
  custom:framework-win-MediaFoundation: 216162199b28c13a410421893ffa2e32 -> 
  custom:CustomObjectIndexerAttribute: 9a22284fe3817be447336de3de66b15e -> 
  custom:container-demuxer-webm: 4f35f7cbe854078d1ac9338744f61a02 -> 
  custom:container-muxer-webm: aa71ff27fc2769a1b78a27578f13a17b -> 
  custom:video-decoder-webm-vp8: 9c59270c3fd7afecdb556c50c9e8de78 -> 
  custom:SearchIndexIgnoredProperties: e643bd26f0fe6173181afceb89e7c659 -> 
  custom:AudioImporter_EditorPlatform: d09bf68614088b80899f8185d706f6e7 -> 
  custom:video-encoder-webm-vp8: eb34c28f22e8b96e1ab97ce403110664 -> 
  custom:audio-decoder-ogg-vorbis: bf7c407c2cedff20999df2af8eb42d56 -> 
  custom:audio-encoder-webm-vorbis: bf7c407c2cedff20999df2af8eb42d56 -> 
  custom:scripting/precompiled-assembly-types:Assembly-CSharp: f4d7ff9405b2296d99c95dc8709d6063 -> d9898b08f7aa15a36c94fc52d0b7440b
========================================================================
Received Prepare
Caller must complete domain reload
Begin MonoManager ReloadAssembly
- Loaded All Assemblies, in  0.548 seconds
Native extension for WindowsStandalone target not found
Native extension for WebGL target not found
Mono: successfully reloaded assembly
- Finished resetting the current domain, in  1.198 seconds
Domain Reload Profiling: 1746ms
	BeginReloadAssembly (177ms)
		ExecutionOrderSort (0ms)
		DisableScriptedObjects (12ms)
		BackupInstance (0ms)
		ReleaseScriptingObjects (0ms)
		CreateAndSetChildDomain (37ms)
	RebuildCommonClasses (38ms)
	RebuildNativeTypeToScriptingClass (16ms)
	initialDomainReloadingComplete (30ms)
	LoadAllAssembliesAndSetupDomain (286ms)
		LoadAssemblies (363ms)
		RebuildTransferFunctionScriptingTraits (0ms)
		AnalyzeDomain (18ms)
			TypeCache.Refresh (8ms)
				TypeCache.ScanAssembly (0ms)
			ScanForSourceGeneratedMonoScriptInfo (0ms)
			ResolveRequiredComponents (9ms)
	FinalizeReload (1198ms)
		ReleaseScriptCaches (0ms)
		RebuildScriptCaches (0ms)
		SetupLoadedEditorAssemblies (508ms)
			LogAssemblyErrors (0ms)
			InitializePlatformSupportModulesInManaged (7ms)
			SetLoadedEditorAssemblies (6ms)
			RefreshPlugins (0ms)
			BeforeProcessingInitializeOnLoad (81ms)
			ProcessInitializeOnLoadAttributes (369ms)
			ProcessInitializeOnLoadMethodAttributes (42ms)
			AfterProcessingInitializeOnLoad (3ms)
			EditorAssembliesLoaded (0ms)
		ExecutionOrderSort2 (0ms)
		AwakeInstancesAfterBackupRestoration (15ms)
Refreshing native plugins compatible for Editor in 8.63 ms, found 7 plugins.
Preloading 0 native plugins for Editor in 0.00 ms.
Unloading 4248 Unused Serialized files (Serialized files now loaded: 0)
Unloading 27 unused Assets / (213.6 KB). Loaded Objects now: 4852.
Memory consumption went from 149.9 MB to 149.7 MB.
Total: 3.551400 ms (FindLiveObjects: 0.481200 ms CreateObjectMapping: 0.107700 ms MarkObjects: 2.717900 ms  DeleteObjects: 0.242900 ms)

Prepare: number of updated asset objects reloaded= 0
AssetImportParameters requested are different than current active one (requested -> active):
  custom:container-demuxer-ogg: 62fdf1f143b41e24485cea50d1cbac27 -> 
  custom:video-codec-MediaFoundation-h265: 746d11721c4dcdbdad8f713fa42b33f4 -> 
  custom:video-decoder-ogg-theora: a1e56fd34408186e4bbccfd4996cb3dc -> 
  custom:framework-win-MediaFoundation: 216162199b28c13a410421893ffa2e32 -> 
  custom:CustomObjectIndexerAttribute: 9a22284fe3817be447336de3de66b15e -> 
  custom:container-demuxer-webm: 4f35f7cbe854078d1ac9338744f61a02 -> 
  custom:container-muxer-webm: aa71ff27fc2769a1b78a27578f13a17b -> 
  custom:video-decoder-webm-vp8: 9c59270c3fd7afecdb556c50c9e8de78 -> 
  custom:SearchIndexIgnoredProperties: e643bd26f0fe6173181afceb89e7c659 -> 
  custom:AudioImporter_EditorPlatform: d09bf68614088b80899f8185d706f6e7 -> 
  custom:video-encoder-webm-vp8: eb34c28f22e8b96e1ab97ce403110664 -> 
  custom:audio-decoder-ogg-vorbis: bf7c407c2cedff20999df2af8eb42d56 -> 
  custom:audio-encoder-webm-vorbis: bf7c407c2cedff20999df2af8eb42d56 -> 
  custom:scripting/precompiled-assembly-types:Assembly-CSharp: f4d7ff9405b2296d99c95dc8709d6063 -> d9898b08f7aa15a36c94fc52d0b7440b
========================================================================
Received Import Request.
  Time since last request: 159.219976 seconds.
  path: Assets/Prefabs/UserPoint.prefab
  artifactKey: Guid(b44ae90e44809f645a37877ec1cc4fd3) Importer(815301076,1909f56bfc062723c751e8b465ee728b)
Start importing Assets/Prefabs/UserPoint.prefab using Guid(b44ae90e44809f645a37877ec1cc4fd3) Importer(815301076,1909f56bfc062723c751e8b465ee728b) [PhysX] Initialized MultithreadedTaskDispatcher with 16 workers.
[PhysX] Initialized MultithreadedTaskDispatcher with 16 workers.
 -> (artifact id: 'd6a016e6792c196b9f2378b5d32a1e70') in 0.071086 seconds
Number of updated asset objects reloaded before import = 0
Number of asset objects unloaded after import = 13
========================================================================
Received Prepare
Caller must complete domain reload
Begin MonoManager ReloadAssembly
- Loaded All Assemblies, in  0.551 seconds
Native extension for WindowsStandalone target not found
Native extension for WebGL target not found
Mono: successfully reloaded assembly
- Finished resetting the current domain, in  1.087 seconds
Domain Reload Profiling: 1637ms
	BeginReloadAssembly (187ms)
		ExecutionOrderSort (0ms)
		DisableScriptedObjects (14ms)
		BackupInstance (0ms)
		ReleaseScriptingObjects (0ms)
		CreateAndSetChildDomain (42ms)
	RebuildCommonClasses (41ms)
	RebuildNativeTypeToScriptingClass (12ms)
	initialDomainReloadingComplete (27ms)
	LoadAllAssembliesAndSetupDomain (284ms)
		LoadAssemblies (356ms)
		RebuildTransferFunctionScriptingTraits (0ms)
		AnalyzeDomain (29ms)
			TypeCache.Refresh (10ms)
				TypeCache.ScanAssembly (0ms)
			ScanForSourceGeneratedMonoScriptInfo (12ms)
			ResolveRequiredComponents (6ms)
	FinalizeReload (1087ms)
		ReleaseScriptCaches (0ms)
		RebuildScriptCaches (0ms)
		SetupLoadedEditorAssemblies (447ms)
			LogAssemblyErrors (0ms)
			InitializePlatformSupportModulesInManaged (7ms)
			SetLoadedEditorAssemblies (5ms)
			RefreshPlugins (0ms)
			BeforeProcessingInitializeOnLoad (71ms)
			ProcessInitializeOnLoadAttributes (331ms)
			ProcessInitializeOnLoadMethodAttributes (30ms)
			AfterProcessingInitializeOnLoad (3ms)
			EditorAssembliesLoaded (0ms)
		ExecutionOrderSort2 (0ms)
		AwakeInstancesAfterBackupRestoration (13ms)
Refreshing native plugins compatible for Editor in 5.26 ms, found 7 plugins.
Preloading 0 native plugins for Editor in 0.00 ms.
Unloading 4247 Unused Serialized files (Serialized files now loaded: 0)
Unloading 27 unused Assets / (213.7 KB). Loaded Objects now: 4856.
Memory consumption went from 149.6 MB to 149.4 MB.
Total: 4.274800 ms (FindLiveObjects: 0.735300 ms CreateObjectMapping: 0.288200 ms MarkObjects: 3.039700 ms  DeleteObjects: 0.208900 ms)

Prepare: number of updated asset objects reloaded= 0
AssetImportParameters requested are different than current active one (requested -> active):
  custom:container-demuxer-ogg: 62fdf1f143b41e24485cea50d1cbac27 -> 
  custom:video-codec-MediaFoundation-h265: 746d11721c4dcdbdad8f713fa42b33f4 -> 
  custom:video-decoder-ogg-theora: a1e56fd34408186e4bbccfd4996cb3dc -> 
  custom:framework-win-MediaFoundation: 216162199b28c13a410421893ffa2e32 -> 
  custom:CustomObjectIndexerAttribute: 9a22284fe3817be447336de3de66b15e -> 
  custom:container-demuxer-webm: 4f35f7cbe854078d1ac9338744f61a02 -> 
  custom:container-muxer-webm: aa71ff27fc2769a1b78a27578f13a17b -> 
  custom:video-decoder-webm-vp8: 9c59270c3fd7afecdb556c50c9e8de78 -> 
  custom:SearchIndexIgnoredProperties: e643bd26f0fe6173181afceb89e7c659 -> 
  custom:AudioImporter_EditorPlatform: d09bf68614088b80899f8185d706f6e7 -> 
  custom:video-encoder-webm-vp8: eb34c28f22e8b96e1ab97ce403110664 -> 
  custom:audio-decoder-ogg-vorbis: bf7c407c2cedff20999df2af8eb42d56 -> 
  custom:audio-encoder-webm-vorbis: bf7c407c2cedff20999df2af8eb42d56 -> 
  custom:scripting/precompiled-assembly-types:Assembly-CSharp: f4d7ff9405b2296d99c95dc8709d6063 -> d9898b08f7aa15a36c94fc52d0b7440b
========================================================================
Received Prepare
Caller must complete domain reload
Begin MonoManager ReloadAssembly
- Loaded All Assemblies, in  0.545 seconds
Native extension for WindowsStandalone target not found
Native extension for WebGL target not found
Mono: successfully reloaded assembly
- Finished resetting the current domain, in  1.050 seconds
Domain Reload Profiling: 1595ms
	BeginReloadAssembly (159ms)
		ExecutionOrderSort (0ms)
		DisableScriptedObjects (11ms)
		BackupInstance (0ms)
		ReleaseScriptingObjects (0ms)
		CreateAndSetChildDomain (35ms)
	RebuildCommonClasses (34ms)
	RebuildNativeTypeToScriptingClass (14ms)
	initialDomainReloadingComplete (30ms)
	LoadAllAssembliesAndSetupDomain (307ms)
		LoadAssemblies (378ms)
		RebuildTransferFunctionScriptingTraits (0ms)
		AnalyzeDomain (15ms)
			TypeCache.Refresh (7ms)
				TypeCache.ScanAssembly (0ms)
			ScanForSourceGeneratedMonoScriptInfo (0ms)
			ResolveRequiredComponents (7ms)
	FinalizeReload (1051ms)
		ReleaseScriptCaches (0ms)
		RebuildScriptCaches (0ms)
		SetupLoadedEditorAssemblies (426ms)
			LogAssemblyErrors (0ms)
			InitializePlatformSupportModulesInManaged (6ms)
			SetLoadedEditorAssemblies (5ms)
			RefreshPlugins (0ms)
			BeforeProcessingInitializeOnLoad (69ms)
			ProcessInitializeOnLoadAttributes (313ms)
			ProcessInitializeOnLoadMethodAttributes (31ms)
			AfterProcessingInitializeOnLoad (3ms)
			EditorAssembliesLoaded (0ms)
		ExecutionOrderSort2 (0ms)
		AwakeInstancesAfterBackupRestoration (14ms)
Refreshing native plugins compatible for Editor in 8.68 ms, found 7 plugins.
Preloading 0 native plugins for Editor in 0.00 ms.
Unloading 4248 Unused Serialized files (Serialized files now loaded: 0)
Unloading 27 unused Assets / (213.7 KB). Loaded Objects now: 4860.
Memory consumption went from 149.9 MB to 149.7 MB.
Total: 3.555300 ms (FindLiveObjects: 0.403400 ms CreateObjectMapping: 0.106000 ms MarkObjects: 2.833300 ms  DeleteObjects: 0.211200 ms)

Prepare: number of updated asset objects reloaded= 0
AssetImportParameters requested are different than current active one (requested -> active):
  custom:container-demuxer-ogg: 62fdf1f143b41e24485cea50d1cbac27 -> 
  custom:video-codec-MediaFoundation-h265: 746d11721c4dcdbdad8f713fa42b33f4 -> 
  custom:video-decoder-ogg-theora: a1e56fd34408186e4bbccfd4996cb3dc -> 
  custom:framework-win-MediaFoundation: 216162199b28c13a410421893ffa2e32 -> 
  custom:CustomObjectIndexerAttribute: 9a22284fe3817be447336de3de66b15e -> 
  custom:container-demuxer-webm: 4f35f7cbe854078d1ac9338744f61a02 -> 
  custom:container-muxer-webm: aa71ff27fc2769a1b78a27578f13a17b -> 
  custom:video-decoder-webm-vp8: 9c59270c3fd7afecdb556c50c9e8de78 -> 
  custom:SearchIndexIgnoredProperties: e643bd26f0fe6173181afceb89e7c659 -> 
  custom:AudioImporter_EditorPlatform: d09bf68614088b80899f8185d706f6e7 -> 
  custom:video-encoder-webm-vp8: eb34c28f22e8b96e1ab97ce403110664 -> 
  custom:audio-decoder-ogg-vorbis: bf7c407c2cedff20999df2af8eb42d56 -> 
  custom:audio-encoder-webm-vorbis: bf7c407c2cedff20999df2af8eb42d56 -> 
  custom:scripting/precompiled-assembly-types:Assembly-CSharp: f4d7ff9405b2296d99c95dc8709d6063 -> d9898b08f7aa15a36c94fc52d0b7440b
========================================================================
Received Prepare
Caller must complete domain reload
Begin MonoManager ReloadAssembly
- Loaded All Assemblies, in  0.541 seconds
Native extension for WindowsStandalone target not found
Native extension for WebGL target not found
Mono: successfully reloaded assembly
- Finished resetting the current domain, in  1.124 seconds
Domain Reload Profiling: 1665ms
	BeginReloadAssembly (168ms)
		ExecutionOrderSort (0ms)
		DisableScriptedObjects (13ms)
		BackupInstance (0ms)
		ReleaseScriptingObjects (0ms)
		CreateAndSetChildDomain (38ms)
	RebuildCommonClasses (37ms)
	RebuildNativeTypeToScriptingClass (18ms)
	initialDomainReloadingComplete (35ms)
	LoadAllAssembliesAndSetupDomain (282ms)
		LoadAssemblies (343ms)
		RebuildTransferFunctionScriptingTraits (0ms)
		AnalyzeDomain (28ms)
			TypeCache.Refresh (10ms)
				TypeCache.ScanAssembly (0ms)
			ScanForSourceGeneratedMonoScriptInfo (11ms)
			ResolveRequiredComponents (7ms)
	FinalizeReload (1125ms)
		ReleaseScriptCaches (0ms)
		RebuildScriptCaches (0ms)
		SetupLoadedEditorAssemblies (489ms)
			LogAssemblyErrors (0ms)
			InitializePlatformSupportModulesInManaged (7ms)
			SetLoadedEditorAssemblies (5ms)
			RefreshPlugins (0ms)
			BeforeProcessingInitializeOnLoad (83ms)
			ProcessInitializeOnLoadAttributes (351ms)
			ProcessInitializeOnLoadMethodAttributes (39ms)
			AfterProcessingInitializeOnLoad (3ms)
			EditorAssembliesLoaded (0ms)
		ExecutionOrderSort2 (0ms)
		AwakeInstancesAfterBackupRestoration (17ms)
Refreshing native plugins compatible for Editor in 9.22 ms, found 7 plugins.
Preloading 0 native plugins for Editor in 0.00 ms.
Unloading 4248 Unused Serialized files (Serialized files now loaded: 0)
Unloading 27 unused Assets / (213.5 KB). Loaded Objects now: 4864.
Memory consumption went from 149.9 MB to 149.7 MB.
Total: 5.949600 ms (FindLiveObjects: 0.587200 ms CreateObjectMapping: 0.179800 ms MarkObjects: 4.885400 ms  DeleteObjects: 0.293600 ms)

Prepare: number of updated asset objects reloaded= 0
AssetImportParameters requested are different than current active one (requested -> active):
  custom:container-demuxer-ogg: 62fdf1f143b41e24485cea50d1cbac27 -> 
  custom:video-codec-MediaFoundation-h265: 746d11721c4dcdbdad8f713fa42b33f4 -> 
  custom:video-decoder-ogg-theora: a1e56fd34408186e4bbccfd4996cb3dc -> 
  custom:framework-win-MediaFoundation: 216162199b28c13a410421893ffa2e32 -> 
  custom:CustomObjectIndexerAttribute: 9a22284fe3817be447336de3de66b15e -> 
  custom:container-demuxer-webm: 4f35f7cbe854078d1ac9338744f61a02 -> 
  custom:container-muxer-webm: aa71ff27fc2769a1b78a27578f13a17b -> 
  custom:video-decoder-webm-vp8: 9c59270c3fd7afecdb556c50c9e8de78 -> 
  custom:SearchIndexIgnoredProperties: e643bd26f0fe6173181afceb89e7c659 -> 
  custom:AudioImporter_EditorPlatform: d09bf68614088b80899f8185d706f6e7 -> 
  custom:video-encoder-webm-vp8: eb34c28f22e8b96e1ab97ce403110664 -> 
  custom:audio-decoder-ogg-vorbis: bf7c407c2cedff20999df2af8eb42d56 -> 
  custom:audio-encoder-webm-vorbis: bf7c407c2cedff20999df2af8eb42d56 -> 
  custom:scripting/precompiled-assembly-types:Assembly-CSharp: f4d7ff9405b2296d99c95dc8709d6063 -> d9898b08f7aa15a36c94fc52d0b7440b
========================================================================
Received Prepare
Caller must complete domain reload
Begin MonoManager ReloadAssembly
- Loaded All Assemblies, in  0.511 seconds
Native extension for WindowsStandalone target not found
Native extension for WebGL target not found
Mono: successfully reloaded assembly
- Finished resetting the current domain, in  1.089 seconds
Domain Reload Profiling: 1600ms
	BeginReloadAssembly (164ms)
		ExecutionOrderSort (0ms)
		DisableScriptedObjects (12ms)
		BackupInstance (0ms)
		ReleaseScriptingObjects (0ms)
		CreateAndSetChildDomain (36ms)
	RebuildCommonClasses (37ms)
	RebuildNativeTypeToScriptingClass (13ms)
	initialDomainReloadingComplete (28ms)
	LoadAllAssembliesAndSetupDomain (268ms)
		LoadAssemblies (343ms)
		RebuildTransferFunctionScriptingTraits (0ms)
		AnalyzeDomain (13ms)
			TypeCache.Refresh (6ms)
				TypeCache.ScanAssembly (0ms)
			ScanForSourceGeneratedMonoScriptInfo (0ms)
			ResolveRequiredComponents (6ms)
	FinalizeReload (1089ms)
		ReleaseScriptCaches (0ms)
		RebuildScriptCaches (0ms)
		SetupLoadedEditorAssemblies (467ms)
			LogAssemblyErrors (0ms)
			InitializePlatformSupportModulesInManaged (8ms)
			SetLoadedEditorAssemblies (5ms)
			RefreshPlugins (0ms)
			BeforeProcessingInitializeOnLoad (81ms)
			ProcessInitializeOnLoadAttributes (336ms)
			ProcessInitializeOnLoadMethodAttributes (34ms)
			AfterProcessingInitializeOnLoad (3ms)
			EditorAssembliesLoaded (0ms)
		ExecutionOrderSort2 (0ms)
		AwakeInstancesAfterBackupRestoration (14ms)
Refreshing native plugins compatible for Editor in 7.78 ms, found 7 plugins.
Preloading 0 native plugins for Editor in 0.00 ms.
Unloading 4248 Unused Serialized files (Serialized files now loaded: 0)
Unloading 27 unused Assets / (213.6 KB). Loaded Objects now: 4868.
Memory consumption went from 149.9 MB to 149.7 MB.
Total: 5.228600 ms (FindLiveObjects: 0.500200 ms CreateObjectMapping: 0.185800 ms MarkObjects: 4.209600 ms  DeleteObjects: 0.329900 ms)

Prepare: number of updated asset objects reloaded= 0
AssetImportParameters requested are different than current active one (requested -> active):
  custom:container-demuxer-ogg: 62fdf1f143b41e24485cea50d1cbac27 -> 
  custom:video-codec-MediaFoundation-h265: 746d11721c4dcdbdad8f713fa42b33f4 -> 
  custom:video-decoder-ogg-theora: a1e56fd34408186e4bbccfd4996cb3dc -> 
  custom:framework-win-MediaFoundation: 216162199b28c13a410421893ffa2e32 -> 
  custom:CustomObjectIndexerAttribute: 9a22284fe3817be447336de3de66b15e -> 
  custom:container-demuxer-webm: 4f35f7cbe854078d1ac9338744f61a02 -> 
  custom:container-muxer-webm: aa71ff27fc2769a1b78a27578f13a17b -> 
  custom:video-decoder-webm-vp8: 9c59270c3fd7afecdb556c50c9e8de78 -> 
  custom:SearchIndexIgnoredProperties: e643bd26f0fe6173181afceb89e7c659 -> 
  custom:AudioImporter_EditorPlatform: d09bf68614088b80899f8185d706f6e7 -> 
  custom:video-encoder-webm-vp8: eb34c28f22e8b96e1ab97ce403110664 -> 
  custom:audio-decoder-ogg-vorbis: bf7c407c2cedff20999df2af8eb42d56 -> 
  custom:audio-encoder-webm-vorbis: bf7c407c2cedff20999df2af8eb42d56 -> 
  custom:scripting/precompiled-assembly-types:Assembly-CSharp: f4d7ff9405b2296d99c95dc8709d6063 -> d9898b08f7aa15a36c94fc52d0b7440b
========================================================================
Received Prepare
Caller must complete domain reload
Begin MonoManager ReloadAssembly
- Loaded All Assemblies, in  0.546 seconds
Native extension for WindowsStandalone target not found
Native extension for WebGL target not found
Mono: successfully reloaded assembly
- Finished resetting the current domain, in  1.018 seconds
Domain Reload Profiling: 1563ms
	BeginReloadAssembly (175ms)
		ExecutionOrderSort (0ms)
		DisableScriptedObjects (13ms)
		BackupInstance (0ms)
		ReleaseScriptingObjects (0ms)
		CreateAndSetChildDomain (38ms)
	RebuildCommonClasses (42ms)
	RebuildNativeTypeToScriptingClass (13ms)
	initialDomainReloadingComplete (28ms)
	LoadAllAssembliesAndSetupDomain (288ms)
		LoadAssemblies (353ms)
		RebuildTransferFunctionScriptingTraits (0ms)
		AnalyzeDomain (29ms)
			TypeCache.Refresh (10ms)
				TypeCache.ScanAssembly (0ms)
			ScanForSourceGeneratedMonoScriptInfo (11ms)
			ResolveRequiredComponents (7ms)
	FinalizeReload (1018ms)
		ReleaseScriptCaches (0ms)
		RebuildScriptCaches (0ms)
		SetupLoadedEditorAssemblies (425ms)
			LogAssemblyErrors (0ms)
			InitializePlatformSupportModulesInManaged (7ms)
			SetLoadedEditorAssemblies (5ms)
			RefreshPlugins (0ms)
			BeforeProcessingInitializeOnLoad (73ms)
			ProcessInitializeOnLoadAttributes (306ms)
			ProcessInitializeOnLoadMethodAttributes (31ms)
			AfterProcessingInitializeOnLoad (3ms)
			EditorAssembliesLoaded (0ms)
		ExecutionOrderSort2 (0ms)
		AwakeInstancesAfterBackupRestoration (14ms)
Refreshing native plugins compatible for Editor in 9.05 ms, found 7 plugins.
Preloading 0 native plugins for Editor in 0.00 ms.
Unloading 4248 Unused Serialized files (Serialized files now loaded: 0)
Unloading 27 unused Assets / (213.6 KB). Loaded Objects now: 4872.
Memory consumption went from 149.9 MB to 149.7 MB.
Total: 3.878700 ms (FindLiveObjects: 0.563000 ms CreateObjectMapping: 0.247200 ms MarkObjects: 2.862900 ms  DeleteObjects: 0.203900 ms)

Prepare: number of updated asset objects reloaded= 0
AssetImportParameters requested are different than current active one (requested -> active):
  custom:container-demuxer-ogg: 62fdf1f143b41e24485cea50d1cbac27 -> 
  custom:video-codec-MediaFoundation-h265: 746d11721c4dcdbdad8f713fa42b33f4 -> 
  custom:video-decoder-ogg-theora: a1e56fd34408186e4bbccfd4996cb3dc -> 
  custom:framework-win-MediaFoundation: 216162199b28c13a410421893ffa2e32 -> 
  custom:CustomObjectIndexerAttribute: 9a22284fe3817be447336de3de66b15e -> 
  custom:container-demuxer-webm: 4f35f7cbe854078d1ac9338744f61a02 -> 
  custom:container-muxer-webm: aa71ff27fc2769a1b78a27578f13a17b -> 
  custom:video-decoder-webm-vp8: 9c59270c3fd7afecdb556c50c9e8de78 -> 
  custom:SearchIndexIgnoredProperties: e643bd26f0fe6173181afceb89e7c659 -> 
  custom:AudioImporter_EditorPlatform: d09bf68614088b80899f8185d706f6e7 -> 
  custom:video-encoder-webm-vp8: eb34c28f22e8b96e1ab97ce403110664 -> 
  custom:audio-decoder-ogg-vorbis: bf7c407c2cedff20999df2af8eb42d56 -> 
  custom:audio-encoder-webm-vorbis: bf7c407c2cedff20999df2af8eb42d56 -> 
  custom:scripting/precompiled-assembly-types:Assembly-CSharp: f4d7ff9405b2296d99c95dc8709d6063 -> d9898b08f7aa15a36c94fc52d0b7440b
========================================================================
Received Prepare
Caller must complete domain reload
Begin MonoManager ReloadAssembly
- Loaded All Assemblies, in  0.571 seconds
Native extension for WindowsStandalone target not found
Native extension for WebGL target not found
Mono: successfully reloaded assembly
- Finished resetting the current domain, in  1.078 seconds
Domain Reload Profiling: 1648ms
	BeginReloadAssembly (173ms)
		ExecutionOrderSort (0ms)
		DisableScriptedObjects (14ms)
		BackupInstance (0ms)
		ReleaseScriptingObjects (0ms)
		CreateAndSetChildDomain (35ms)
	RebuildCommonClasses (35ms)
	RebuildNativeTypeToScriptingClass (16ms)
	initialDomainReloadingComplete (32ms)
	LoadAllAssembliesAndSetupDomain (314ms)
		LoadAssemblies (394ms)
		RebuildTransferFunctionScriptingTraits (0ms)
		AnalyzeDomain (15ms)
			TypeCache.Refresh (7ms)
				TypeCache.ScanAssembly (0ms)
			ScanForSourceGeneratedMonoScriptInfo (0ms)
			ResolveRequiredComponents (7ms)
	FinalizeReload (1078ms)
		ReleaseScriptCaches (0ms)
		RebuildScriptCaches (0ms)
		SetupLoadedEditorAssemblies (463ms)
			LogAssemblyErrors (0ms)
			InitializePlatformSupportModulesInManaged (6ms)
			SetLoadedEditorAssemblies (6ms)
			RefreshPlugins (0ms)
			BeforeProcessingInitializeOnLoad (76ms)
			ProcessInitializeOnLoadAttributes (338ms)
			ProcessInitializeOnLoadMethodAttributes (34ms)
			AfterProcessingInitializeOnLoad (3ms)
			EditorAssembliesLoaded (0ms)
		ExecutionOrderSort2 (0ms)
		AwakeInstancesAfterBackupRestoration (16ms)
Refreshing native plugins compatible for Editor in 8.65 ms, found 7 plugins.
Preloading 0 native plugins for Editor in 0.00 ms.
Unloading 4248 Unused Serialized files (Serialized files now loaded: 0)
Unloading 27 unused Assets / (213.8 KB). Loaded Objects now: 4876.
Memory consumption went from 149.9 MB to 149.7 MB.
Total: 3.943800 ms (FindLiveObjects: 0.380300 ms CreateObjectMapping: 0.108400 ms MarkObjects: 3.128700 ms  DeleteObjects: 0.325000 ms)

Prepare: number of updated asset objects reloaded= 0
AssetImportParameters requested are different than current active one (requested -> active):
  custom:container-demuxer-ogg: 62fdf1f143b41e24485cea50d1cbac27 -> 
  custom:video-codec-MediaFoundation-h265: 746d11721c4dcdbdad8f713fa42b33f4 -> 
  custom:video-decoder-ogg-theora: a1e56fd34408186e4bbccfd4996cb3dc -> 
  custom:framework-win-MediaFoundation: 216162199b28c13a410421893ffa2e32 -> 
  custom:CustomObjectIndexerAttribute: 9a22284fe3817be447336de3de66b15e -> 
  custom:container-demuxer-webm: 4f35f7cbe854078d1ac9338744f61a02 -> 
  custom:container-muxer-webm: aa71ff27fc2769a1b78a27578f13a17b -> 
  custom:video-decoder-webm-vp8: 9c59270c3fd7afecdb556c50c9e8de78 -> 
  custom:SearchIndexIgnoredProperties: e643bd26f0fe6173181afceb89e7c659 -> 
  custom:AudioImporter_EditorPlatform: d09bf68614088b80899f8185d706f6e7 -> 
  custom:video-encoder-webm-vp8: eb34c28f22e8b96e1ab97ce403110664 -> 
  custom:audio-decoder-ogg-vorbis: bf7c407c2cedff20999df2af8eb42d56 -> 
  custom:audio-encoder-webm-vorbis: bf7c407c2cedff20999df2af8eb42d56 -> 
  custom:scripting/precompiled-assembly-types:Assembly-CSharp: f4d7ff9405b2296d99c95dc8709d6063 -> d9898b08f7aa15a36c94fc52d0b7440b
========================================================================
Received Import Request.
  Time since last request: 1601.012824 seconds.
  path: ProjectSettings/TagManager.asset
  artifactKey: Guid(00000000000000003000000000000000) Importer(815301076,1909f56bfc062723c751e8b465ee728b)
Start importing ProjectSettings/TagManager.asset using Guid(00000000000000003000000000000000) Importer(815301076,1909f56bfc062723c751e8b465ee728b) [PhysX] Initialized MultithreadedTaskDispatcher with 16 workers.
 -> (artifact id: '7d00261ca5cdf779d4c57443d0ae4d7e') in 0.011620 seconds
Number of updated asset objects reloaded before import = 0
Number of asset objects unloaded after import = 0
========================================================================
Received Import Request.
  Time since last request: 258.298650 seconds.
  path: Assets/Prefabs/UserPoint.prefab
  artifactKey: Guid(b44ae90e44809f645a37877ec1cc4fd3) Importer(815301076,1909f56bfc062723c751e8b465ee728b)
Start importing Assets/Prefabs/UserPoint.prefab using Guid(b44ae90e44809f645a37877ec1cc4fd3) Importer(815301076,1909f56bfc062723c751e8b465ee728b) [PhysX] Initialized MultithreadedTaskDispatcher with 16 workers.
[PhysX] Initialized MultithreadedTaskDispatcher with 16 workers.
 -> (artifact id: '10d114ed0099226ab16f796a4e5cdfad') in 0.067521 seconds
Number of updated asset objects reloaded before import = 0
Number of asset objects unloaded after import = 13
========================================================================
Received Prepare
Caller must complete domain reload
Begin MonoManager ReloadAssembly
- Loaded All Assemblies, in  0.515 seconds
Native extension for WindowsStandalone target not found
Native extension for WebGL target not found
Mono: successfully reloaded assembly
- Finished resetting the current domain, in  1.228 seconds
Domain Reload Profiling: 1742ms
	BeginReloadAssembly (169ms)
		ExecutionOrderSort (0ms)
		DisableScriptedObjects (17ms)
		BackupInstance (0ms)
		ReleaseScriptingObjects (0ms)
		CreateAndSetChildDomain (36ms)
	RebuildCommonClasses (33ms)
	RebuildNativeTypeToScriptingClass (12ms)
	initialDomainReloadingComplete (28ms)
	LoadAllAssembliesAndSetupDomain (271ms)
		LoadAssemblies (345ms)
		RebuildTransferFunctionScriptingTraits (0ms)
		AnalyzeDomain (13ms)
			TypeCache.Refresh (6ms)
				TypeCache.ScanAssembly (0ms)
			ScanForSourceGeneratedMonoScriptInfo (0ms)
			ResolveRequiredComponents (6ms)
	FinalizeReload (1229ms)
		ReleaseScriptCaches (0ms)
		RebuildScriptCaches (0ms)
		SetupLoadedEditorAssemblies (636ms)
			LogAssemblyErrors (0ms)
			InitializePlatformSupportModulesInManaged (6ms)
			SetLoadedEditorAssemblies (5ms)
			RefreshPlugins (0ms)
			BeforeProcessingInitializeOnLoad (69ms)
			ProcessInitializeOnLoadAttributes (508ms)
			ProcessInitializeOnLoadMethodAttributes (45ms)
			AfterProcessingInitializeOnLoad (3ms)
			EditorAssembliesLoaded (0ms)
		ExecutionOrderSort2 (0ms)
		AwakeInstancesAfterBackupRestoration (18ms)
Refreshing native plugins compatible for Editor in 8.78 ms, found 7 plugins.
Preloading 0 native plugins for Editor in 0.00 ms.
Unloading 4247 Unused Serialized files (Serialized files now loaded: 0)
Unloading 27 unused Assets / (213.8 KB). Loaded Objects now: 4880.
Memory consumption went from 149.7 MB to 149.5 MB.
Total: 3.793500 ms (FindLiveObjects: 0.436800 ms CreateObjectMapping: 0.133100 ms MarkObjects: 2.978500 ms  DeleteObjects: 0.243700 ms)

Prepare: number of updated asset objects reloaded= 0
AssetImportParameters requested are different than current active one (requested -> active):
  custom:container-demuxer-ogg: 62fdf1f143b41e24485cea50d1cbac27 -> 
  custom:video-codec-MediaFoundation-h265: 746d11721c4dcdbdad8f713fa42b33f4 -> 
  custom:video-decoder-ogg-theora: a1e56fd34408186e4bbccfd4996cb3dc -> 
  custom:framework-win-MediaFoundation: 216162199b28c13a410421893ffa2e32 -> 
  custom:CustomObjectIndexerAttribute: 9a22284fe3817be447336de3de66b15e -> 
  custom:container-demuxer-webm: 4f35f7cbe854078d1ac9338744f61a02 -> 
  custom:container-muxer-webm: aa71ff27fc2769a1b78a27578f13a17b -> 
  custom:video-decoder-webm-vp8: 9c59270c3fd7afecdb556c50c9e8de78 -> 
  custom:SearchIndexIgnoredProperties: e643bd26f0fe6173181afceb89e7c659 -> 
  custom:AudioImporter_EditorPlatform: d09bf68614088b80899f8185d706f6e7 -> 
  custom:video-encoder-webm-vp8: eb34c28f22e8b96e1ab97ce403110664 -> 
  custom:audio-decoder-ogg-vorbis: bf7c407c2cedff20999df2af8eb42d56 -> 
  custom:audio-encoder-webm-vorbis: bf7c407c2cedff20999df2af8eb42d56 -> 
  custom:scripting/precompiled-assembly-types:Assembly-CSharp: f4d7ff9405b2296d99c95dc8709d6063 -> d9898b08f7aa15a36c94fc52d0b7440b
========================================================================
Received Import Request.
  Time since last request: 72.752062 seconds.
  path: Assets/Prefabs/UserPoint.prefab
  artifactKey: Guid(b44ae90e44809f645a37877ec1cc4fd3) Importer(815301076,1909f56bfc062723c751e8b465ee728b)
Start importing Assets/Prefabs/UserPoint.prefab using Guid(b44ae90e44809f645a37877ec1cc4fd3) Importer(815301076,1909f56bfc062723c751e8b465ee728b) [PhysX] Initialized MultithreadedTaskDispatcher with 16 workers.
[PhysX] Initialized MultithreadedTaskDispatcher with 16 workers.
 -> (artifact id: '08e0651d74964cce4e866160232fc222') in 0.063142 seconds
Number of updated asset objects reloaded before import = 0
Number of asset objects unloaded after import = 13
========================================================================
Received Prepare
Caller must complete domain reload
Begin MonoManager ReloadAssembly
- Loaded All Assemblies, in  0.587 seconds
Native extension for WindowsStandalone target not found
Native extension for WebGL target not found
Mono: successfully reloaded assembly
- Finished resetting the current domain, in  1.202 seconds
Domain Reload Profiling: 1789ms
	BeginReloadAssembly (165ms)
		ExecutionOrderSort (0ms)
		DisableScriptedObjects (15ms)
		BackupInstance (0ms)
		ReleaseScriptingObjects (0ms)
		CreateAndSetChildDomain (39ms)
	RebuildCommonClasses (34ms)
	RebuildNativeTypeToScriptingClass (13ms)
	initialDomainReloadingComplete (27ms)
	LoadAllAssembliesAndSetupDomain (347ms)
		LoadAssemblies (416ms)
		RebuildTransferFunctionScriptingTraits (0ms)
		AnalyzeDomain (14ms)
			TypeCache.Refresh (6ms)
				TypeCache.ScanAssembly (0ms)
			ScanForSourceGeneratedMonoScriptInfo (0ms)
			ResolveRequiredComponents (7ms)
	FinalizeReload (1202ms)
		ReleaseScriptCaches (0ms)
		RebuildScriptCaches (0ms)
		SetupLoadedEditorAssemblies (490ms)
			LogAssemblyErrors (0ms)
			InitializePlatformSupportModulesInManaged (7ms)
			SetLoadedEditorAssemblies (6ms)
			RefreshPlugins (0ms)
			BeforeProcessingInitializeOnLoad (85ms)
			ProcessInitializeOnLoadAttributes (353ms)
			ProcessInitializeOnLoadMethodAttributes (36ms)
			AfterProcessingInitializeOnLoad (3ms)
			EditorAssembliesLoaded (0ms)
		ExecutionOrderSort2 (0ms)
		AwakeInstancesAfterBackupRestoration (14ms)
Refreshing native plugins compatible for Editor in 8.84 ms, found 7 plugins.
Preloading 0 native plugins for Editor in 0.00 ms.
Unloading 4247 Unused Serialized files (Serialized files now loaded: 0)
Unloading 27 unused Assets / (213.7 KB). Loaded Objects now: 4884.
Memory consumption went from 149.7 MB to 149.5 MB.
Total: 8.301600 ms (FindLiveObjects: 1.134800 ms CreateObjectMapping: 0.777300 ms MarkObjects: 6.116100 ms  DeleteObjects: 0.271400 ms)

Prepare: number of updated asset objects reloaded= 0
AssetImportParameters requested are different than current active one (requested -> active):
  custom:container-demuxer-ogg: 62fdf1f143b41e24485cea50d1cbac27 -> 
  custom:video-codec-MediaFoundation-h265: 746d11721c4dcdbdad8f713fa42b33f4 -> 
  custom:video-decoder-ogg-theora: a1e56fd34408186e4bbccfd4996cb3dc -> 
  custom:framework-win-MediaFoundation: 216162199b28c13a410421893ffa2e32 -> 
  custom:CustomObjectIndexerAttribute: 9a22284fe3817be447336de3de66b15e -> 
  custom:container-demuxer-webm: 4f35f7cbe854078d1ac9338744f61a02 -> 
  custom:container-muxer-webm: aa71ff27fc2769a1b78a27578f13a17b -> 
  custom:video-decoder-webm-vp8: 9c59270c3fd7afecdb556c50c9e8de78 -> 
  custom:SearchIndexIgnoredProperties: e643bd26f0fe6173181afceb89e7c659 -> 
  custom:AudioImporter_EditorPlatform: d09bf68614088b80899f8185d706f6e7 -> 
  custom:video-encoder-webm-vp8: eb34c28f22e8b96e1ab97ce403110664 -> 
  custom:audio-decoder-ogg-vorbis: bf7c407c2cedff20999df2af8eb42d56 -> 
  custom:audio-encoder-webm-vorbis: bf7c407c2cedff20999df2af8eb42d56 -> 
  custom:scripting/precompiled-assembly-types:Assembly-CSharp: f4d7ff9405b2296d99c95dc8709d6063 -> d9898b08f7aa15a36c94fc52d0b7440b
========================================================================
Received Import Request.
  Time since last request: 17.611156 seconds.
  path: Assets/Prefabs/UserPoint.prefab
  artifactKey: Guid(b44ae90e44809f645a37877ec1cc4fd3) Importer(815301076,1909f56bfc062723c751e8b465ee728b)
Start importing Assets/Prefabs/UserPoint.prefab using Guid(b44ae90e44809f645a37877ec1cc4fd3) Importer(815301076,1909f56bfc062723c751e8b465ee728b) [PhysX] Initialized MultithreadedTaskDispatcher with 16 workers.
[PhysX] Initialized MultithreadedTaskDispatcher with 16 workers.
 -> (artifact id: '751a467a2948252efdea8aeb06367ac0') in 0.065293 seconds
Number of updated asset objects reloaded before import = 0
Number of asset objects unloaded after import = 13
========================================================================
Received Prepare
Caller must complete domain reload
Begin MonoManager ReloadAssembly
- Loaded All Assemblies, in  0.517 seconds
Native extension for WindowsStandalone target not found
Native extension for WebGL target not found
Mono: successfully reloaded assembly
- Finished resetting the current domain, in  1.128 seconds
Domain Reload Profiling: 1644ms
	BeginReloadAssembly (166ms)
		ExecutionOrderSort (0ms)
		DisableScriptedObjects (11ms)
		BackupInstance (0ms)
		ReleaseScriptingObjects (0ms)
		CreateAndSetChildDomain (38ms)
	RebuildCommonClasses (36ms)
	RebuildNativeTypeToScriptingClass (12ms)
	initialDomainReloadingComplete (29ms)
	LoadAllAssembliesAndSetupDomain (273ms)
		LoadAssemblies (346ms)
		RebuildTransferFunctionScriptingTraits (0ms)
		AnalyzeDomain (13ms)
			TypeCache.Refresh (5ms)
				TypeCache.ScanAssembly (0ms)
			ScanForSourceGeneratedMonoScriptInfo (0ms)
			ResolveRequiredComponents (6ms)
	FinalizeReload (1129ms)
		ReleaseScriptCaches (0ms)
		RebuildScriptCaches (0ms)
		SetupLoadedEditorAssemblies (487ms)
			LogAssemblyErrors (0ms)
			InitializePlatformSupportModulesInManaged (6ms)
			SetLoadedEditorAssemblies (5ms)
			RefreshPlugins (0ms)
			BeforeProcessingInitializeOnLoad (79ms)
			ProcessInitializeOnLoadAttributes (351ms)
			ProcessInitializeOnLoadMethodAttributes (41ms)
			AfterProcessingInitializeOnLoad (3ms)
			EditorAssembliesLoaded (0ms)
		ExecutionOrderSort2 (0ms)
		AwakeInstancesAfterBackupRestoration (16ms)
Refreshing native plugins compatible for Editor in 8.43 ms, found 7 plugins.
Preloading 0 native plugins for Editor in 0.00 ms.
Unloading 4247 Unused Serialized files (Serialized files now loaded: 0)
Unloading 27 unused Assets / (213.7 KB). Loaded Objects now: 4888.
Memory consumption went from 149.7 MB to 149.5 MB.
Total: 3.624800 ms (FindLiveObjects: 0.547500 ms CreateObjectMapping: 0.112100 ms MarkObjects: 2.738200 ms  DeleteObjects: 0.225400 ms)

Prepare: number of updated asset objects reloaded= 0
AssetImportParameters requested are different than current active one (requested -> active):
  custom:container-demuxer-ogg: 62fdf1f143b41e24485cea50d1cbac27 -> 
  custom:video-codec-MediaFoundation-h265: 746d11721c4dcdbdad8f713fa42b33f4 -> 
  custom:video-decoder-ogg-theora: a1e56fd34408186e4bbccfd4996cb3dc -> 
  custom:framework-win-MediaFoundation: 216162199b28c13a410421893ffa2e32 -> 
  custom:CustomObjectIndexerAttribute: 9a22284fe3817be447336de3de66b15e -> 
  custom:container-demuxer-webm: 4f35f7cbe854078d1ac9338744f61a02 -> 
  custom:container-muxer-webm: aa71ff27fc2769a1b78a27578f13a17b -> 
  custom:video-decoder-webm-vp8: 9c59270c3fd7afecdb556c50c9e8de78 -> 
  custom:SearchIndexIgnoredProperties: e643bd26f0fe6173181afceb89e7c659 -> 
  custom:AudioImporter_EditorPlatform: d09bf68614088b80899f8185d706f6e7 -> 
  custom:video-encoder-webm-vp8: eb34c28f22e8b96e1ab97ce403110664 -> 
  custom:audio-decoder-ogg-vorbis: bf7c407c2cedff20999df2af8eb42d56 -> 
  custom:audio-encoder-webm-vorbis: bf7c407c2cedff20999df2af8eb42d56 -> 
  custom:scripting/precompiled-assembly-types:Assembly-CSharp: f4d7ff9405b2296d99c95dc8709d6063 -> d9898b08f7aa15a36c94fc52d0b7440b
========================================================================
Received Prepare
Caller must complete domain reload
Begin MonoManager ReloadAssembly
- Loaded All Assemblies, in  0.552 seconds
Native extension for WindowsStandalone target not found
Native extension for WebGL target not found
Mono: successfully reloaded assembly
- Finished resetting the current domain, in  1.089 seconds
Domain Reload Profiling: 1641ms
	BeginReloadAssembly (172ms)
		ExecutionOrderSort (0ms)
		DisableScriptedObjects (12ms)
		BackupInstance (0ms)
		ReleaseScriptingObjects (0ms)
		CreateAndSetChildDomain (34ms)
	RebuildCommonClasses (47ms)
	RebuildNativeTypeToScriptingClass (13ms)
	initialDomainReloadingComplete (33ms)
	LoadAllAssembliesAndSetupDomain (286ms)
		LoadAssemblies (367ms)
		RebuildTransferFunctionScriptingTraits (0ms)
		AnalyzeDomain (18ms)
			TypeCache.Refresh (8ms)
				TypeCache.ScanAssembly (0ms)
			ScanForSourceGeneratedMonoScriptInfo (0ms)
			ResolveRequiredComponents (8ms)
	FinalizeReload (1089ms)
		ReleaseScriptCaches (0ms)
		RebuildScriptCaches (0ms)
		SetupLoadedEditorAssemblies (458ms)
			LogAssemblyErrors (0ms)
			InitializePlatformSupportModulesInManaged (6ms)
			SetLoadedEditorAssemblies (5ms)
			RefreshPlugins (0ms)
			BeforeProcessingInitializeOnLoad (76ms)
			ProcessInitializeOnLoadAttributes (328ms)
			ProcessInitializeOnLoadMethodAttributes (39ms)
			AfterProcessingInitializeOnLoad (3ms)
			EditorAssembliesLoaded (0ms)
		ExecutionOrderSort2 (0ms)
		AwakeInstancesAfterBackupRestoration (15ms)
Refreshing native plugins compatible for Editor in 6.28 ms, found 7 plugins.
Preloading 0 native plugins for Editor in 0.00 ms.
Unloading 4248 Unused Serialized files (Serialized files now loaded: 0)
Unloading 27 unused Assets / (213.7 KB). Loaded Objects now: 4892.
Memory consumption went from 149.9 MB to 149.7 MB.
Total: 3.917900 ms (FindLiveObjects: 0.447900 ms CreateObjectMapping: 0.159100 ms MarkObjects: 3.009000 ms  DeleteObjects: 0.299400 ms)

Prepare: number of updated asset objects reloaded= 0
AssetImportParameters requested are different than current active one (requested -> active):
  custom:container-demuxer-ogg: 62fdf1f143b41e24485cea50d1cbac27 -> 
  custom:video-codec-MediaFoundation-h265: 746d11721c4dcdbdad8f713fa42b33f4 -> 
  custom:video-decoder-ogg-theora: a1e56fd34408186e4bbccfd4996cb3dc -> 
  custom:framework-win-MediaFoundation: 216162199b28c13a410421893ffa2e32 -> 
  custom:CustomObjectIndexerAttribute: 9a22284fe3817be447336de3de66b15e -> 
  custom:container-demuxer-webm: 4f35f7cbe854078d1ac9338744f61a02 -> 
  custom:container-muxer-webm: aa71ff27fc2769a1b78a27578f13a17b -> 
  custom:video-decoder-webm-vp8: 9c59270c3fd7afecdb556c50c9e8de78 -> 
  custom:SearchIndexIgnoredProperties: e643bd26f0fe6173181afceb89e7c659 -> 
  custom:AudioImporter_EditorPlatform: d09bf68614088b80899f8185d706f6e7 -> 
  custom:video-encoder-webm-vp8: eb34c28f22e8b96e1ab97ce403110664 -> 
  custom:audio-decoder-ogg-vorbis: bf7c407c2cedff20999df2af8eb42d56 -> 
  custom:audio-encoder-webm-vorbis: bf7c407c2cedff20999df2af8eb42d56 -> 
  custom:scripting/precompiled-assembly-types:Assembly-CSharp: f4d7ff9405b2296d99c95dc8709d6063 -> d9898b08f7aa15a36c94fc52d0b7440b
========================================================================
Received Import Request.
  Time since last request: 399.502981 seconds.
  path: Assets/Prefabs/UserPoint.prefab
  artifactKey: Guid(b44ae90e44809f645a37877ec1cc4fd3) Importer(815301076,1909f56bfc062723c751e8b465ee728b)
Start importing Assets/Prefabs/UserPoint.prefab using Guid(b44ae90e44809f645a37877ec1cc4fd3) Importer(815301076,1909f56bfc062723c751e8b465ee728b) [PhysX] Initialized MultithreadedTaskDispatcher with 16 workers.
[PhysX] Initialized MultithreadedTaskDispatcher with 16 workers.
 -> (artifact id: '1ab326fff54c492507e4b15e9429b9ea') in 0.063776 seconds
Number of updated asset objects reloaded before import = 0
Number of asset objects unloaded after import = 13
========================================================================
Received Prepare
Caller must complete domain reload
Begin MonoManager ReloadAssembly
- Loaded All Assemblies, in  0.499 seconds
Native extension for WindowsStandalone target not found
Native extension for WebGL target not found
Mono: successfully reloaded assembly
- Finished resetting the current domain, in  1.065 seconds
Domain Reload Profiling: 1564ms
	BeginReloadAssembly (163ms)
		ExecutionOrderSort (0ms)
		DisableScriptedObjects (11ms)
		BackupInstance (0ms)
		ReleaseScriptingObjects (0ms)
		CreateAndSetChildDomain (36ms)
	RebuildCommonClasses (40ms)
	RebuildNativeTypeToScriptingClass (13ms)
	initialDomainReloadingComplete (25ms)
	LoadAllAssembliesAndSetupDomain (257ms)
		LoadAssemblies (330ms)
		RebuildTransferFunctionScriptingTraits (0ms)
		AnalyzeDomain (14ms)
			TypeCache.Refresh (6ms)
				TypeCache.ScanAssembly (0ms)
			ScanForSourceGeneratedMonoScriptInfo (0ms)
			ResolveRequiredComponents (6ms)
	FinalizeReload (1066ms)
		ReleaseScriptCaches (0ms)
		RebuildScriptCaches (0ms)
		SetupLoadedEditorAssemblies (448ms)
			LogAssemblyErrors (0ms)
			InitializePlatformSupportModulesInManaged (7ms)
			SetLoadedEditorAssemblies (5ms)
			RefreshPlugins (0ms)
			BeforeProcessingInitializeOnLoad (73ms)
			ProcessInitializeOnLoadAttributes (327ms)
			ProcessInitializeOnLoadMethodAttributes (34ms)
			AfterProcessingInitializeOnLoad (3ms)
			EditorAssembliesLoaded (0ms)
		ExecutionOrderSort2 (0ms)
		AwakeInstancesAfterBackupRestoration (15ms)
Refreshing native plugins compatible for Editor in 8.23 ms, found 7 plugins.
Preloading 0 native plugins for Editor in 0.00 ms.
Unloading 4247 Unused Serialized files (Serialized files now loaded: 0)
Unloading 27 unused Assets / (213.6 KB). Loaded Objects now: 4896.
Memory consumption went from 149.7 MB to 149.5 MB.
Total: 3.761400 ms (FindLiveObjects: 0.415600 ms CreateObjectMapping: 0.106200 ms MarkObjects: 2.999600 ms  DeleteObjects: 0.237900 ms)

Prepare: number of updated asset objects reloaded= 0
AssetImportParameters requested are different than current active one (requested -> active):
  custom:container-demuxer-ogg: 62fdf1f143b41e24485cea50d1cbac27 -> 
  custom:video-codec-MediaFoundation-h265: 746d11721c4dcdbdad8f713fa42b33f4 -> 
  custom:video-decoder-ogg-theora: a1e56fd34408186e4bbccfd4996cb3dc -> 
  custom:framework-win-MediaFoundation: 216162199b28c13a410421893ffa2e32 -> 
  custom:CustomObjectIndexerAttribute: 9a22284fe3817be447336de3de66b15e -> 
  custom:container-demuxer-webm: 4f35f7cbe854078d1ac9338744f61a02 -> 
  custom:container-muxer-webm: aa71ff27fc2769a1b78a27578f13a17b -> 
  custom:video-decoder-webm-vp8: 9c59270c3fd7afecdb556c50c9e8de78 -> 
  custom:SearchIndexIgnoredProperties: e643bd26f0fe6173181afceb89e7c659 -> 
  custom:AudioImporter_EditorPlatform: d09bf68614088b80899f8185d706f6e7 -> 
  custom:video-encoder-webm-vp8: eb34c28f22e8b96e1ab97ce403110664 -> 
  custom:audio-decoder-ogg-vorbis: bf7c407c2cedff20999df2af8eb42d56 -> 
  custom:audio-encoder-webm-vorbis: bf7c407c2cedff20999df2af8eb42d56 -> 
  custom:scripting/precompiled-assembly-types:Assembly-CSharp: f4d7ff9405b2296d99c95dc8709d6063 -> d9898b08f7aa15a36c94fc52d0b7440b
========================================================================
Received Prepare
Caller must complete domain reload
Begin MonoManager ReloadAssembly
- Loaded All Assemblies, in  0.503 seconds
Native extension for WindowsStandalone target not found
Native extension for WebGL target not found
Mono: successfully reloaded assembly
- Finished resetting the current domain, in  1.061 seconds
Domain Reload Profiling: 1565ms
	BeginReloadAssembly (159ms)
		ExecutionOrderSort (0ms)
		DisableScriptedObjects (12ms)
		BackupInstance (0ms)
		ReleaseScriptingObjects (0ms)
		CreateAndSetChildDomain (37ms)
	RebuildCommonClasses (41ms)
	RebuildNativeTypeToScriptingClass (14ms)
	initialDomainReloadingComplete (33ms)
	LoadAllAssembliesAndSetupDomain (255ms)
		LoadAssemblies (324ms)
		RebuildTransferFunctionScriptingTraits (0ms)
		AnalyzeDomain (13ms)
			TypeCache.Refresh (6ms)
				TypeCache.ScanAssembly (0ms)
			ScanForSourceGeneratedMonoScriptInfo (0ms)
			ResolveRequiredComponents (6ms)
	FinalizeReload (1062ms)
		ReleaseScriptCaches (0ms)
		RebuildScriptCaches (0ms)
		SetupLoadedEditorAssemblies (438ms)
			LogAssemblyErrors (0ms)
			InitializePlatformSupportModulesInManaged (6ms)
			SetLoadedEditorAssemblies (5ms)
			RefreshPlugins (0ms)
			BeforeProcessingInitializeOnLoad (75ms)
			ProcessInitializeOnLoadAttributes (316ms)
			ProcessInitializeOnLoadMethodAttributes (33ms)
			AfterProcessingInitializeOnLoad (3ms)
			EditorAssembliesLoaded (0ms)
		ExecutionOrderSort2 (0ms)
		AwakeInstancesAfterBackupRestoration (17ms)
Refreshing native plugins compatible for Editor in 7.76 ms, found 7 plugins.
Preloading 0 native plugins for Editor in 0.00 ms.
Unloading 4248 Unused Serialized files (Serialized files now loaded: 0)
Unloading 27 unused Assets / (213.7 KB). Loaded Objects now: 4900.
Memory consumption went from 149.9 MB to 149.7 MB.
Total: 4.200000 ms (FindLiveObjects: 0.484900 ms CreateObjectMapping: 0.122200 ms MarkObjects: 3.383600 ms  DeleteObjects: 0.207500 ms)

Prepare: number of updated asset objects reloaded= 0
AssetImportParameters requested are different than current active one (requested -> active):
  custom:container-demuxer-ogg: 62fdf1f143b41e24485cea50d1cbac27 -> 
  custom:video-codec-MediaFoundation-h265: 746d11721c4dcdbdad8f713fa42b33f4 -> 
  custom:video-decoder-ogg-theora: a1e56fd34408186e4bbccfd4996cb3dc -> 
  custom:framework-win-MediaFoundation: 216162199b28c13a410421893ffa2e32 -> 
  custom:CustomObjectIndexerAttribute: 9a22284fe3817be447336de3de66b15e -> 
  custom:container-demuxer-webm: 4f35f7cbe854078d1ac9338744f61a02 -> 
  custom:container-muxer-webm: aa71ff27fc2769a1b78a27578f13a17b -> 
  custom:video-decoder-webm-vp8: 9c59270c3fd7afecdb556c50c9e8de78 -> 
  custom:SearchIndexIgnoredProperties: e643bd26f0fe6173181afceb89e7c659 -> 
  custom:AudioImporter_EditorPlatform: d09bf68614088b80899f8185d706f6e7 -> 
  custom:video-encoder-webm-vp8: eb34c28f22e8b96e1ab97ce403110664 -> 
  custom:audio-decoder-ogg-vorbis: bf7c407c2cedff20999df2af8eb42d56 -> 
  custom:audio-encoder-webm-vorbis: bf7c407c2cedff20999df2af8eb42d56 -> 
  custom:scripting/precompiled-assembly-types:Assembly-CSharp: f4d7ff9405b2296d99c95dc8709d6063 -> d9898b08f7aa15a36c94fc52d0b7440b
========================================================================
Received Prepare
Caller must complete domain reload
Begin MonoManager ReloadAssembly
- Loaded All Assemblies, in  0.514 seconds
Native extension for WindowsStandalone target not found
Native extension for WebGL target not found
Mono: successfully reloaded assembly
- Finished resetting the current domain, in  1.067 seconds
Domain Reload Profiling: 1580ms
	BeginReloadAssembly (170ms)
		ExecutionOrderSort (0ms)
		DisableScriptedObjects (12ms)
		BackupInstance (0ms)
		ReleaseScriptingObjects (0ms)
		CreateAndSetChildDomain (37ms)
	RebuildCommonClasses (39ms)
	RebuildNativeTypeToScriptingClass (13ms)
	initialDomainReloadingComplete (26ms)
	LoadAllAssembliesAndSetupDomain (265ms)
		LoadAssemblies (346ms)
		RebuildTransferFunctionScriptingTraits (0ms)
		AnalyzeDomain (13ms)
			TypeCache.Refresh (6ms)
				TypeCache.ScanAssembly (0ms)
			ScanForSourceGeneratedMonoScriptInfo (0ms)
			ResolveRequiredComponents (6ms)
	FinalizeReload (1067ms)
		ReleaseScriptCaches (0ms)
		RebuildScriptCaches (0ms)
		SetupLoadedEditorAssemblies (441ms)
			LogAssemblyErrors (0ms)
			InitializePlatformSupportModulesInManaged (6ms)
			SetLoadedEditorAssemblies (5ms)
			RefreshPlugins (0ms)
			BeforeProcessingInitializeOnLoad (72ms)
			ProcessInitializeOnLoadAttributes (318ms)
			ProcessInitializeOnLoadMethodAttributes (37ms)
			AfterProcessingInitializeOnLoad (3ms)
			EditorAssembliesLoaded (0ms)
		ExecutionOrderSort2 (0ms)
		AwakeInstancesAfterBackupRestoration (16ms)
Refreshing native plugins compatible for Editor in 9.10 ms, found 7 plugins.
Preloading 0 native plugins for Editor in 0.00 ms.
Unloading 4248 Unused Serialized files (Serialized files now loaded: 0)
Unloading 27 unused Assets / (213.7 KB). Loaded Objects now: 4904.
Memory consumption went from 149.9 MB to 149.7 MB.
Total: 7.769200 ms (FindLiveObjects: 0.741100 ms CreateObjectMapping: 0.324600 ms MarkObjects: 6.340900 ms  DeleteObjects: 0.360000 ms)

Prepare: number of updated asset objects reloaded= 0
AssetImportParameters requested are different than current active one (requested -> active):
  custom:container-demuxer-ogg: 62fdf1f143b41e24485cea50d1cbac27 -> 
  custom:video-codec-MediaFoundation-h265: 746d11721c4dcdbdad8f713fa42b33f4 -> 
  custom:video-decoder-ogg-theora: a1e56fd34408186e4bbccfd4996cb3dc -> 
  custom:framework-win-MediaFoundation: 216162199b28c13a410421893ffa2e32 -> 
  custom:CustomObjectIndexerAttribute: 9a22284fe3817be447336de3de66b15e -> 
  custom:container-demuxer-webm: 4f35f7cbe854078d1ac9338744f61a02 -> 
  custom:container-muxer-webm: aa71ff27fc2769a1b78a27578f13a17b -> 
  custom:video-decoder-webm-vp8: 9c59270c3fd7afecdb556c50c9e8de78 -> 
  custom:SearchIndexIgnoredProperties: e643bd26f0fe6173181afceb89e7c659 -> 
  custom:AudioImporter_EditorPlatform: d09bf68614088b80899f8185d706f6e7 -> 
  custom:video-encoder-webm-vp8: eb34c28f22e8b96e1ab97ce403110664 -> 
  custom:audio-decoder-ogg-vorbis: bf7c407c2cedff20999df2af8eb42d56 -> 
  custom:audio-encoder-webm-vorbis: bf7c407c2cedff20999df2af8eb42d56 -> 
  custom:scripting/precompiled-assembly-types:Assembly-CSharp: f4d7ff9405b2296d99c95dc8709d6063 -> d9898b08f7aa15a36c94fc52d0b7440b
========================================================================
Received Prepare
Caller must complete domain reload
Begin MonoManager ReloadAssembly
- Loaded All Assemblies, in  0.514 seconds
Native extension for WindowsStandalone target not found
Native extension for WebGL target not found
Mono: successfully reloaded assembly
- Finished resetting the current domain, in  1.069 seconds
Domain Reload Profiling: 1582ms
	BeginReloadAssembly (174ms)
		ExecutionOrderSort (0ms)
		DisableScriptedObjects (15ms)
		BackupInstance (0ms)
		ReleaseScriptingObjects (0ms)
		CreateAndSetChildDomain (38ms)
	RebuildCommonClasses (35ms)
	RebuildNativeTypeToScriptingClass (11ms)
	initialDomainReloadingComplete (27ms)
	LoadAllAssembliesAndSetupDomain (265ms)
		LoadAssemblies (345ms)
		RebuildTransferFunctionScriptingTraits (0ms)
		AnalyzeDomain (13ms)
			TypeCache.Refresh (6ms)
				TypeCache.ScanAssembly (0ms)
			ScanForSourceGeneratedMonoScriptInfo (0ms)
			ResolveRequiredComponents (6ms)
	FinalizeReload (1070ms)
		ReleaseScriptCaches (0ms)
		RebuildScriptCaches (0ms)
		SetupLoadedEditorAssemblies (464ms)
			LogAssemblyErrors (0ms)
			InitializePlatformSupportModulesInManaged (8ms)
			SetLoadedEditorAssemblies (6ms)
			RefreshPlugins (0ms)
			BeforeProcessingInitializeOnLoad (75ms)
			ProcessInitializeOnLoadAttributes (335ms)
			ProcessInitializeOnLoadMethodAttributes (37ms)
			AfterProcessingInitializeOnLoad (3ms)
			EditorAssembliesLoaded (0ms)
		ExecutionOrderSort2 (0ms)
		AwakeInstancesAfterBackupRestoration (15ms)
Refreshing native plugins compatible for Editor in 7.72 ms, found 7 plugins.
Preloading 0 native plugins for Editor in 0.00 ms.
Unloading 4248 Unused Serialized files (Serialized files now loaded: 0)
Unloading 27 unused Assets / (213.9 KB). Loaded Objects now: 4908.
Memory consumption went from 150.0 MB to 149.7 MB.
Total: 3.598400 ms (FindLiveObjects: 0.379700 ms CreateObjectMapping: 0.105900 ms MarkObjects: 2.896400 ms  DeleteObjects: 0.214700 ms)

Prepare: number of updated asset objects reloaded= 0
AssetImportParameters requested are different than current active one (requested -> active):
  custom:container-demuxer-ogg: 62fdf1f143b41e24485cea50d1cbac27 -> 
  custom:video-codec-MediaFoundation-h265: 746d11721c4dcdbdad8f713fa42b33f4 -> 
  custom:video-decoder-ogg-theora: a1e56fd34408186e4bbccfd4996cb3dc -> 
  custom:framework-win-MediaFoundation: 216162199b28c13a410421893ffa2e32 -> 
  custom:CustomObjectIndexerAttribute: 9a22284fe3817be447336de3de66b15e -> 
  custom:container-demuxer-webm: 4f35f7cbe854078d1ac9338744f61a02 -> 
  custom:container-muxer-webm: aa71ff27fc2769a1b78a27578f13a17b -> 
  custom:video-decoder-webm-vp8: 9c59270c3fd7afecdb556c50c9e8de78 -> 
  custom:SearchIndexIgnoredProperties: e643bd26f0fe6173181afceb89e7c659 -> 
  custom:AudioImporter_EditorPlatform: d09bf68614088b80899f8185d706f6e7 -> 
  custom:video-encoder-webm-vp8: eb34c28f22e8b96e1ab97ce403110664 -> 
  custom:audio-decoder-ogg-vorbis: bf7c407c2cedff20999df2af8eb42d56 -> 
  custom:audio-encoder-webm-vorbis: bf7c407c2cedff20999df2af8eb42d56 -> 
  custom:scripting/precompiled-assembly-types:Assembly-CSharp: f4d7ff9405b2296d99c95dc8709d6063 -> d9898b08f7aa15a36c94fc52d0b7440b
========================================================================
Received Prepare
Caller must complete domain reload
Begin MonoManager ReloadAssembly
- Loaded All Assemblies, in  0.553 seconds
Native extension for WindowsStandalone target not found
Native extension for WebGL target not found
Mono: successfully reloaded assembly
- Finished resetting the current domain, in  1.055 seconds
Domain Reload Profiling: 1608ms
	BeginReloadAssembly (184ms)
		ExecutionOrderSort (0ms)
		DisableScriptedObjects (17ms)
		BackupInstance (0ms)
		ReleaseScriptingObjects (0ms)
		CreateAndSetChildDomain (37ms)
	RebuildCommonClasses (36ms)
	RebuildNativeTypeToScriptingClass (12ms)
	initialDomainReloadingComplete (33ms)
	LoadAllAssembliesAndSetupDomain (286ms)
		LoadAssemblies (354ms)
		RebuildTransferFunctionScriptingTraits (0ms)
		AnalyzeDomain (28ms)
			TypeCache.Refresh (9ms)
				TypeCache.ScanAssembly (0ms)
			ScanForSourceGeneratedMonoScriptInfo (11ms)
			ResolveRequiredComponents (8ms)
	FinalizeReload (1056ms)
		ReleaseScriptCaches (0ms)
		RebuildScriptCaches (0ms)
		SetupLoadedEditorAssemblies (443ms)
			LogAssemblyErrors (0ms)
			InitializePlatformSupportModulesInManaged (6ms)
			SetLoadedEditorAssemblies (4ms)
			RefreshPlugins (0ms)
			BeforeProcessingInitializeOnLoad (69ms)
			ProcessInitializeOnLoadAttributes (323ms)
			ProcessInitializeOnLoadMethodAttributes (37ms)
			AfterProcessingInitializeOnLoad (4ms)
			EditorAssembliesLoaded (0ms)
		ExecutionOrderSort2 (0ms)
		AwakeInstancesAfterBackupRestoration (15ms)
Refreshing native plugins compatible for Editor in 5.63 ms, found 7 plugins.
Preloading 0 native plugins for Editor in 0.00 ms.
Unloading 4248 Unused Serialized files (Serialized files now loaded: 0)
Unloading 27 unused Assets / (213.6 KB). Loaded Objects now: 4912.
Memory consumption went from 150.0 MB to 149.7 MB.
Total: 3.870600 ms (FindLiveObjects: 0.528300 ms CreateObjectMapping: 0.186200 ms MarkObjects: 2.955400 ms  DeleteObjects: 0.198600 ms)

Prepare: number of updated asset objects reloaded= 0
AssetImportParameters requested are different than current active one (requested -> active):
  custom:container-demuxer-ogg: 62fdf1f143b41e24485cea50d1cbac27 -> 
  custom:video-codec-MediaFoundation-h265: 746d11721c4dcdbdad8f713fa42b33f4 -> 
  custom:video-decoder-ogg-theora: a1e56fd34408186e4bbccfd4996cb3dc -> 
  custom:framework-win-MediaFoundation: 216162199b28c13a410421893ffa2e32 -> 
  custom:CustomObjectIndexerAttribute: 9a22284fe3817be447336de3de66b15e -> 
  custom:container-demuxer-webm: 4f35f7cbe854078d1ac9338744f61a02 -> 
  custom:container-muxer-webm: aa71ff27fc2769a1b78a27578f13a17b -> 
  custom:video-decoder-webm-vp8: 9c59270c3fd7afecdb556c50c9e8de78 -> 
  custom:SearchIndexIgnoredProperties: e643bd26f0fe6173181afceb89e7c659 -> 
  custom:AudioImporter_EditorPlatform: d09bf68614088b80899f8185d706f6e7 -> 
  custom:video-encoder-webm-vp8: eb34c28f22e8b96e1ab97ce403110664 -> 
  custom:audio-decoder-ogg-vorbis: bf7c407c2cedff20999df2af8eb42d56 -> 
  custom:audio-encoder-webm-vorbis: bf7c407c2cedff20999df2af8eb42d56 -> 
========================================================================
Received Prepare
Caller must complete domain reload
Begin MonoManager ReloadAssembly
- Loaded All Assemblies, in  0.507 seconds
Native extension for WindowsStandalone target not found
Native extension for WebGL target not found
Mono: successfully reloaded assembly
- Finished resetting the current domain, in  1.047 seconds
Domain Reload Profiling: 1554ms
	BeginReloadAssembly (161ms)
		ExecutionOrderSort (0ms)
		DisableScriptedObjects (14ms)
		BackupInstance (0ms)
		ReleaseScriptingObjects (0ms)
		CreateAndSetChildDomain (38ms)
	RebuildCommonClasses (41ms)
	RebuildNativeTypeToScriptingClass (12ms)
	initialDomainReloadingComplete (28ms)
	LoadAllAssembliesAndSetupDomain (264ms)
		LoadAssemblies (333ms)
		RebuildTransferFunctionScriptingTraits (0ms)
		AnalyzeDomain (14ms)
			TypeCache.Refresh (5ms)
				TypeCache.ScanAssembly (0ms)
			ScanForSourceGeneratedMonoScriptInfo (0ms)
			ResolveRequiredComponents (7ms)
	FinalizeReload (1048ms)
		ReleaseScriptCaches (0ms)
		RebuildScriptCaches (0ms)
		SetupLoadedEditorAssemblies (437ms)
			LogAssemblyErrors (0ms)
			InitializePlatformSupportModulesInManaged (7ms)
			SetLoadedEditorAssemblies (6ms)
			RefreshPlugins (0ms)
			BeforeProcessingInitializeOnLoad (73ms)
			ProcessInitializeOnLoadAttributes (312ms)
			ProcessInitializeOnLoadMethodAttributes (34ms)
			AfterProcessingInitializeOnLoad (4ms)
			EditorAssembliesLoaded (0ms)
		ExecutionOrderSort2 (0ms)
		AwakeInstancesAfterBackupRestoration (16ms)
Refreshing native plugins compatible for Editor in 7.67 ms, found 7 plugins.
Preloading 0 native plugins for Editor in 0.00 ms.
Unloading 4248 Unused Serialized files (Serialized files now loaded: 0)
Unloading 27 unused Assets / (213.9 KB). Loaded Objects now: 4916.
Memory consumption went from 150.0 MB to 149.8 MB.
Total: 4.776500 ms (FindLiveObjects: 0.629800 ms CreateObjectMapping: 0.192400 ms MarkObjects: 3.689600 ms  DeleteObjects: 0.263500 ms)

Prepare: number of updated asset objects reloaded= 0
AssetImportParameters requested are different than current active one (requested -> active):
  custom:container-demuxer-ogg: 62fdf1f143b41e24485cea50d1cbac27 -> 
  custom:video-codec-MediaFoundation-h265: 746d11721c4dcdbdad8f713fa42b33f4 -> 
  custom:video-decoder-ogg-theora: a1e56fd34408186e4bbccfd4996cb3dc -> 
  custom:framework-win-MediaFoundation: 216162199b28c13a410421893ffa2e32 -> 
  custom:CustomObjectIndexerAttribute: 9a22284fe3817be447336de3de66b15e -> 
  custom:container-demuxer-webm: 4f35f7cbe854078d1ac9338744f61a02 -> 
  custom:container-muxer-webm: aa71ff27fc2769a1b78a27578f13a17b -> 
  custom:video-decoder-webm-vp8: 9c59270c3fd7afecdb556c50c9e8de78 -> 
  custom:SearchIndexIgnoredProperties: e643bd26f0fe6173181afceb89e7c659 -> 
  custom:AudioImporter_EditorPlatform: d09bf68614088b80899f8185d706f6e7 -> 
  custom:video-encoder-webm-vp8: eb34c28f22e8b96e1ab97ce403110664 -> 
  custom:audio-decoder-ogg-vorbis: bf7c407c2cedff20999df2af8eb42d56 -> 
  custom:audio-encoder-webm-vorbis: bf7c407c2cedff20999df2af8eb42d56 -> 
========================================================================
Received Prepare
Caller must complete domain reload
Begin MonoManager ReloadAssembly
- Loaded All Assemblies, in  0.502 seconds
Native extension for WindowsStandalone target not found
Native extension for WebGL target not found
Mono: successfully reloaded assembly
- Finished resetting the current domain, in  1.086 seconds
Domain Reload Profiling: 1588ms
	BeginReloadAssembly (161ms)
		ExecutionOrderSort (0ms)
		DisableScriptedObjects (12ms)
		BackupInstance (0ms)
		ReleaseScriptingObjects (0ms)
		CreateAndSetChildDomain (40ms)
	RebuildCommonClasses (35ms)
	RebuildNativeTypeToScriptingClass (14ms)
	initialDomainReloadingComplete (32ms)
	LoadAllAssembliesAndSetupDomain (259ms)
		LoadAssemblies (325ms)
		RebuildTransferFunctionScriptingTraits (0ms)
		AnalyzeDomain (15ms)
			TypeCache.Refresh (6ms)
				TypeCache.ScanAssembly (0ms)
			ScanForSourceGeneratedMonoScriptInfo (0ms)
			ResolveRequiredComponents (7ms)
	FinalizeReload (1086ms)
		ReleaseScriptCaches (0ms)
		RebuildScriptCaches (0ms)
		SetupLoadedEditorAssemblies (448ms)
			LogAssemblyErrors (0ms)
			InitializePlatformSupportModulesInManaged (9ms)
			SetLoadedEditorAssemblies (5ms)
			RefreshPlugins (0ms)
			BeforeProcessingInitializeOnLoad (72ms)
			ProcessInitializeOnLoadAttributes (322ms)
			ProcessInitializeOnLoadMethodAttributes (37ms)
			AfterProcessingInitializeOnLoad (3ms)
			EditorAssembliesLoaded (0ms)
		ExecutionOrderSort2 (0ms)
		AwakeInstancesAfterBackupRestoration (15ms)
Refreshing native plugins compatible for Editor in 10.56 ms, found 7 plugins.
Preloading 0 native plugins for Editor in 0.00 ms.
Unloading 4248 Unused Serialized files (Serialized files now loaded: 0)
Unloading 27 unused Assets / (213.9 KB). Loaded Objects now: 4920.
Memory consumption went from 150.0 MB to 149.8 MB.
Total: 4.179300 ms (FindLiveObjects: 0.515600 ms CreateObjectMapping: 0.175300 ms MarkObjects: 3.289800 ms  DeleteObjects: 0.196800 ms)

Prepare: number of updated asset objects reloaded= 0
AssetImportParameters requested are different than current active one (requested -> active):
  custom:container-demuxer-ogg: 62fdf1f143b41e24485cea50d1cbac27 -> 
  custom:video-codec-MediaFoundation-h265: 746d11721c4dcdbdad8f713fa42b33f4 -> 
  custom:video-decoder-ogg-theora: a1e56fd34408186e4bbccfd4996cb3dc -> 
  custom:framework-win-MediaFoundation: 216162199b28c13a410421893ffa2e32 -> 
  custom:CustomObjectIndexerAttribute: 9a22284fe3817be447336de3de66b15e -> 
  custom:container-demuxer-webm: 4f35f7cbe854078d1ac9338744f61a02 -> 
  custom:container-muxer-webm: aa71ff27fc2769a1b78a27578f13a17b -> 
  custom:video-decoder-webm-vp8: 9c59270c3fd7afecdb556c50c9e8de78 -> 
  custom:SearchIndexIgnoredProperties: e643bd26f0fe6173181afceb89e7c659 -> 
  custom:AudioImporter_EditorPlatform: d09bf68614088b80899f8185d706f6e7 -> 
  custom:video-encoder-webm-vp8: eb34c28f22e8b96e1ab97ce403110664 -> 
  custom:audio-decoder-ogg-vorbis: bf7c407c2cedff20999df2af8eb42d56 -> 
  custom:audio-encoder-webm-vorbis: bf7c407c2cedff20999df2af8eb42d56 -> 
========================================================================
Received Import Request.
  Time since last request: 602.836345 seconds.
  path: Assets/Prefabs/UserPoint.prefab
  artifactKey: Guid(b44ae90e44809f645a37877ec1cc4fd3) Importer(815301076,1909f56bfc062723c751e8b465ee728b)
Start importing Assets/Prefabs/UserPoint.prefab using Guid(b44ae90e44809f645a37877ec1cc4fd3) Importer(815301076,1909f56bfc062723c751e8b465ee728b) [PhysX] Initialized MultithreadedTaskDispatcher with 16 workers.
 -> (artifact id: '11372c691758baf949a7712c066d88c6') in 0.029036 seconds
Number of updated asset objects reloaded before import = 0
Number of asset objects unloaded after import = 10
========================================================================
Received Prepare
Caller must complete domain reload
Begin MonoManager ReloadAssembly
- Loaded All Assemblies, in  0.517 seconds
Native extension for WindowsStandalone target not found
Native extension for WebGL target not found
Mono: successfully reloaded assembly
- Finished resetting the current domain, in  1.083 seconds
Domain Reload Profiling: 1599ms
	BeginReloadAssembly (159ms)
		ExecutionOrderSort (0ms)
		DisableScriptedObjects (11ms)
		BackupInstance (0ms)
		ReleaseScriptingObjects (0ms)
		CreateAndSetChildDomain (36ms)
	RebuildCommonClasses (38ms)
	RebuildNativeTypeToScriptingClass (12ms)
	initialDomainReloadingComplete (28ms)
	LoadAllAssembliesAndSetupDomain (278ms)
		LoadAssemblies (349ms)
		RebuildTransferFunctionScriptingTraits (0ms)
		AnalyzeDomain (14ms)
			TypeCache.Refresh (6ms)
				TypeCache.ScanAssembly (0ms)
			ScanForSourceGeneratedMonoScriptInfo (0ms)
			ResolveRequiredComponents (6ms)
	FinalizeReload (1083ms)
		ReleaseScriptCaches (0ms)
		RebuildScriptCaches (0ms)
		SetupLoadedEditorAssemblies (455ms)
			LogAssemblyErrors (0ms)
			InitializePlatformSupportModulesInManaged (7ms)
			SetLoadedEditorAssemblies (6ms)
			RefreshPlugins (0ms)
			BeforeProcessingInitializeOnLoad (73ms)
			ProcessInitializeOnLoadAttributes (333ms)
			ProcessInitializeOnLoadMethodAttributes (34ms)
			AfterProcessingInitializeOnLoad (3ms)
			EditorAssembliesLoaded (0ms)
		ExecutionOrderSort2 (0ms)
		AwakeInstancesAfterBackupRestoration (14ms)
Refreshing native plugins compatible for Editor in 9.45 ms, found 7 plugins.
Preloading 0 native plugins for Editor in 0.00 ms.
Unloading 4247 Unused Serialized files (Serialized files now loaded: 0)
Unloading 27 unused Assets / (213.8 KB). Loaded Objects now: 4924.
Memory consumption went from 149.7 MB to 149.5 MB.
Total: 4.481000 ms (FindLiveObjects: 0.456000 ms CreateObjectMapping: 0.167600 ms MarkObjects: 3.593100 ms  DeleteObjects: 0.262800 ms)

Prepare: number of updated asset objects reloaded= 0
AssetImportParameters requested are different than current active one (requested -> active):
  custom:container-demuxer-ogg: 62fdf1f143b41e24485cea50d1cbac27 -> 
  custom:video-codec-MediaFoundation-h265: 746d11721c4dcdbdad8f713fa42b33f4 -> 
  custom:video-decoder-ogg-theora: a1e56fd34408186e4bbccfd4996cb3dc -> 
  custom:framework-win-MediaFoundation: 216162199b28c13a410421893ffa2e32 -> 
  custom:CustomObjectIndexerAttribute: 9a22284fe3817be447336de3de66b15e -> 
  custom:container-demuxer-webm: 4f35f7cbe854078d1ac9338744f61a02 -> 
  custom:container-muxer-webm: aa71ff27fc2769a1b78a27578f13a17b -> 
  custom:video-decoder-webm-vp8: 9c59270c3fd7afecdb556c50c9e8de78 -> 
  custom:SearchIndexIgnoredProperties: e643bd26f0fe6173181afceb89e7c659 -> 
  custom:AudioImporter_EditorPlatform: d09bf68614088b80899f8185d706f6e7 -> 
  custom:video-encoder-webm-vp8: eb34c28f22e8b96e1ab97ce403110664 -> 
  custom:audio-decoder-ogg-vorbis: bf7c407c2cedff20999df2af8eb42d56 -> 
  custom:audio-encoder-webm-vorbis: bf7c407c2cedff20999df2af8eb42d56 -> 
========================================================================
Received Prepare
Caller must complete domain reload
Begin MonoManager ReloadAssembly
- Loaded All Assemblies, in  0.507 seconds
Native extension for WindowsStandalone target not found
Native extension for WebGL target not found
Mono: successfully reloaded assembly
- Finished resetting the current domain, in  1.081 seconds
Domain Reload Profiling: 1588ms
	BeginReloadAssembly (168ms)
		ExecutionOrderSort (0ms)
		DisableScriptedObjects (13ms)
		BackupInstance (0ms)
		ReleaseScriptingObjects (0ms)
		CreateAndSetChildDomain (40ms)
	RebuildCommonClasses (34ms)
	RebuildNativeTypeToScriptingClass (13ms)
	initialDomainReloadingComplete (27ms)
	LoadAllAssembliesAndSetupDomain (264ms)
		LoadAssemblies (336ms)
		RebuildTransferFunctionScriptingTraits (0ms)
		AnalyzeDomain (13ms)
			TypeCache.Refresh (6ms)
				TypeCache.ScanAssembly (0ms)
			ScanForSourceGeneratedMonoScriptInfo (0ms)
			ResolveRequiredComponents (6ms)
	FinalizeReload (1082ms)
		ReleaseScriptCaches (0ms)
		RebuildScriptCaches (0ms)
		SetupLoadedEditorAssemblies (465ms)
			LogAssemblyErrors (0ms)
			InitializePlatformSupportModulesInManaged (6ms)
			SetLoadedEditorAssemblies (5ms)
			RefreshPlugins (0ms)
			BeforeProcessingInitializeOnLoad (75ms)
			ProcessInitializeOnLoadAttributes (341ms)
			ProcessInitializeOnLoadMethodAttributes (34ms)
			AfterProcessingInitializeOnLoad (3ms)
			EditorAssembliesLoaded (0ms)
		ExecutionOrderSort2 (0ms)
		AwakeInstancesAfterBackupRestoration (15ms)
Refreshing native plugins compatible for Editor in 7.24 ms, found 7 plugins.
Preloading 0 native plugins for Editor in 0.00 ms.
Unloading 4248 Unused Serialized files (Serialized files now loaded: 0)
Unloading 27 unused Assets / (213.8 KB). Loaded Objects now: 4928.
Memory consumption went from 150.0 MB to 149.8 MB.
Total: 3.642900 ms (FindLiveObjects: 0.407500 ms CreateObjectMapping: 0.109200 ms MarkObjects: 2.931300 ms  DeleteObjects: 0.193600 ms)

Prepare: number of updated asset objects reloaded= 0
AssetImportParameters requested are different than current active one (requested -> active):
  custom:container-demuxer-ogg: 62fdf1f143b41e24485cea50d1cbac27 -> 
  custom:video-codec-MediaFoundation-h265: 746d11721c4dcdbdad8f713fa42b33f4 -> 
  custom:video-decoder-ogg-theora: a1e56fd34408186e4bbccfd4996cb3dc -> 
  custom:framework-win-MediaFoundation: 216162199b28c13a410421893ffa2e32 -> 
  custom:CustomObjectIndexerAttribute: 9a22284fe3817be447336de3de66b15e -> 
  custom:container-demuxer-webm: 4f35f7cbe854078d1ac9338744f61a02 -> 
  custom:container-muxer-webm: aa71ff27fc2769a1b78a27578f13a17b -> 
  custom:video-decoder-webm-vp8: 9c59270c3fd7afecdb556c50c9e8de78 -> 
  custom:SearchIndexIgnoredProperties: e643bd26f0fe6173181afceb89e7c659 -> 
  custom:AudioImporter_EditorPlatform: d09bf68614088b80899f8185d706f6e7 -> 
  custom:video-encoder-webm-vp8: eb34c28f22e8b96e1ab97ce403110664 -> 
  custom:audio-decoder-ogg-vorbis: bf7c407c2cedff20999df2af8eb42d56 -> 
  custom:audio-encoder-webm-vorbis: bf7c407c2cedff20999df2af8eb42d56 -> 
========================================================================
Received Prepare
Caller must complete domain reload
Begin MonoManager ReloadAssembly
- Loaded All Assemblies, in  0.538 seconds
Native extension for WindowsStandalone target not found
Native extension for WebGL target not found
Mono: successfully reloaded assembly
- Finished resetting the current domain, in  1.176 seconds
Domain Reload Profiling: 1714ms
	BeginReloadAssembly (163ms)
		ExecutionOrderSort (0ms)
		DisableScriptedObjects (13ms)
		BackupInstance (0ms)
		ReleaseScriptingObjects (0ms)
		CreateAndSetChildDomain (37ms)
	RebuildCommonClasses (38ms)
	RebuildNativeTypeToScriptingClass (14ms)
	initialDomainReloadingComplete (30ms)
	LoadAllAssembliesAndSetupDomain (292ms)
		LoadAssemblies (349ms)
		RebuildTransferFunctionScriptingTraits (0ms)
		AnalyzeDomain (29ms)
			TypeCache.Refresh (9ms)
				TypeCache.ScanAssembly (0ms)
			ScanForSourceGeneratedMonoScriptInfo (12ms)
			ResolveRequiredComponents (6ms)
	FinalizeReload (1177ms)
		ReleaseScriptCaches (0ms)
		RebuildScriptCaches (0ms)
		SetupLoadedEditorAssemblies (409ms)
			LogAssemblyErrors (0ms)
			InitializePlatformSupportModulesInManaged (6ms)
			SetLoadedEditorAssemblies (6ms)
			RefreshPlugins (0ms)
			BeforeProcessingInitializeOnLoad (70ms)
			ProcessInitializeOnLoadAttributes (291ms)
			ProcessInitializeOnLoadMethodAttributes (32ms)
			AfterProcessingInitializeOnLoad (4ms)
			EditorAssembliesLoaded (0ms)
		ExecutionOrderSort2 (0ms)
		AwakeInstancesAfterBackupRestoration (16ms)
Refreshing native plugins compatible for Editor in 8.38 ms, found 7 plugins.
Preloading 0 native plugins for Editor in 0.00 ms.
Unloading 4248 Unused Serialized files (Serialized files now loaded: 0)
Unloading 27 unused Assets / (213.6 KB). Loaded Objects now: 4932.
Memory consumption went from 150.0 MB to 149.8 MB.
Total: 3.676700 ms (FindLiveObjects: 0.395800 ms CreateObjectMapping: 0.110100 ms MarkObjects: 2.945200 ms  DeleteObjects: 0.224100 ms)

Prepare: number of updated asset objects reloaded= 0
AssetImportParameters requested are different than current active one (requested -> active):
  custom:container-demuxer-ogg: 62fdf1f143b41e24485cea50d1cbac27 -> 
  custom:video-codec-MediaFoundation-h265: 746d11721c4dcdbdad8f713fa42b33f4 -> 
  custom:video-decoder-ogg-theora: a1e56fd34408186e4bbccfd4996cb3dc -> 
  custom:framework-win-MediaFoundation: 216162199b28c13a410421893ffa2e32 -> 
  custom:CustomObjectIndexerAttribute: 9a22284fe3817be447336de3de66b15e -> 
  custom:container-demuxer-webm: 4f35f7cbe854078d1ac9338744f61a02 -> 
  custom:container-muxer-webm: aa71ff27fc2769a1b78a27578f13a17b -> 
  custom:video-decoder-webm-vp8: 9c59270c3fd7afecdb556c50c9e8de78 -> 
  custom:SearchIndexIgnoredProperties: e643bd26f0fe6173181afceb89e7c659 -> 
  custom:AudioImporter_EditorPlatform: d09bf68614088b80899f8185d706f6e7 -> 
  custom:video-encoder-webm-vp8: eb34c28f22e8b96e1ab97ce403110664 -> 
  custom:audio-decoder-ogg-vorbis: bf7c407c2cedff20999df2af8eb42d56 -> 
  custom:audio-encoder-webm-vorbis: bf7c407c2cedff20999df2af8eb42d56 -> 
========================================================================
Received Prepare
Caller must complete domain reload
Begin MonoManager ReloadAssembly
- Loaded All Assemblies, in  0.521 seconds
Native extension for WindowsStandalone target not found
Native extension for WebGL target not found
Mono: successfully reloaded assembly
- Finished resetting the current domain, in  1.036 seconds
Domain Reload Profiling: 1556ms
	BeginReloadAssembly (166ms)
		ExecutionOrderSort (0ms)
		DisableScriptedObjects (13ms)
		BackupInstance (0ms)
		ReleaseScriptingObjects (0ms)
		CreateAndSetChildDomain (38ms)
	RebuildCommonClasses (36ms)
	RebuildNativeTypeToScriptingClass (12ms)
	initialDomainReloadingComplete (27ms)
	LoadAllAssembliesAndSetupDomain (280ms)
		LoadAssemblies (348ms)
		RebuildTransferFunctionScriptingTraits (0ms)
		AnalyzeDomain (16ms)
			TypeCache.Refresh (5ms)
				TypeCache.ScanAssembly (0ms)
			ScanForSourceGeneratedMonoScriptInfo (0ms)
			ResolveRequiredComponents (8ms)
	FinalizeReload (1036ms)
		ReleaseScriptCaches (0ms)
		RebuildScriptCaches (0ms)
		SetupLoadedEditorAssemblies (426ms)
			LogAssemblyErrors (0ms)
			InitializePlatformSupportModulesInManaged (6ms)
			SetLoadedEditorAssemblies (6ms)
			RefreshPlugins (0ms)
			BeforeProcessingInitializeOnLoad (72ms)
			ProcessInitializeOnLoadAttributes (305ms)
			ProcessInitializeOnLoadMethodAttributes (33ms)
			AfterProcessingInitializeOnLoad (4ms)
			EditorAssembliesLoaded (0ms)
		ExecutionOrderSort2 (0ms)
		AwakeInstancesAfterBackupRestoration (18ms)
Refreshing native plugins compatible for Editor in 6.07 ms, found 7 plugins.
Preloading 0 native plugins for Editor in 0.00 ms.
Unloading 4248 Unused Serialized files (Serialized files now loaded: 0)
Unloading 27 unused Assets / (213.8 KB). Loaded Objects now: 4936.
Memory consumption went from 150.0 MB to 149.8 MB.
Total: 3.814900 ms (FindLiveObjects: 0.503800 ms CreateObjectMapping: 0.202800 ms MarkObjects: 2.909000 ms  DeleteObjects: 0.197700 ms)

Prepare: number of updated asset objects reloaded= 0
AssetImportParameters requested are different than current active one (requested -> active):
  custom:container-demuxer-ogg: 62fdf1f143b41e24485cea50d1cbac27 -> 
  custom:video-codec-MediaFoundation-h265: 746d11721c4dcdbdad8f713fa42b33f4 -> 
  custom:video-decoder-ogg-theora: a1e56fd34408186e4bbccfd4996cb3dc -> 
  custom:framework-win-MediaFoundation: 216162199b28c13a410421893ffa2e32 -> 
  custom:CustomObjectIndexerAttribute: 9a22284fe3817be447336de3de66b15e -> 
  custom:container-demuxer-webm: 4f35f7cbe854078d1ac9338744f61a02 -> 
  custom:container-muxer-webm: aa71ff27fc2769a1b78a27578f13a17b -> 
  custom:video-decoder-webm-vp8: 9c59270c3fd7afecdb556c50c9e8de78 -> 
  custom:SearchIndexIgnoredProperties: e643bd26f0fe6173181afceb89e7c659 -> 
  custom:AudioImporter_EditorPlatform: d09bf68614088b80899f8185d706f6e7 -> 
  custom:video-encoder-webm-vp8: eb34c28f22e8b96e1ab97ce403110664 -> 
  custom:audio-decoder-ogg-vorbis: bf7c407c2cedff20999df2af8eb42d56 -> 
  custom:audio-encoder-webm-vorbis: bf7c407c2cedff20999df2af8eb42d56 -> 
========================================================================
Received Prepare
Caller must complete domain reload
Begin MonoManager ReloadAssembly
- Loaded All Assemblies, in  0.557 seconds
Native extension for WindowsStandalone target not found
Native extension for WebGL target not found
Mono: successfully reloaded assembly
- Finished resetting the current domain, in  1.001 seconds
Domain Reload Profiling: 1558ms
	BeginReloadAssembly (183ms)
		ExecutionOrderSort (0ms)
		DisableScriptedObjects (13ms)
		BackupInstance (0ms)
		ReleaseScriptingObjects (0ms)
		CreateAndSetChildDomain (49ms)
	RebuildCommonClasses (36ms)
	RebuildNativeTypeToScriptingClass (13ms)
	initialDomainReloadingComplete (27ms)
	LoadAllAssembliesAndSetupDomain (297ms)
		LoadAssemblies (360ms)
		RebuildTransferFunctionScriptingTraits (0ms)
		AnalyzeDomain (27ms)
			TypeCache.Refresh (9ms)
				TypeCache.ScanAssembly (0ms)
			ScanForSourceGeneratedMonoScriptInfo (11ms)
			ResolveRequiredComponents (7ms)
	FinalizeReload (1002ms)
		ReleaseScriptCaches (0ms)
		RebuildScriptCaches (0ms)
		SetupLoadedEditorAssemblies (402ms)
			LogAssemblyErrors (0ms)
			InitializePlatformSupportModulesInManaged (6ms)
			SetLoadedEditorAssemblies (5ms)
			RefreshPlugins (0ms)
			BeforeProcessingInitializeOnLoad (72ms)
			ProcessInitializeOnLoadAttributes (288ms)
			ProcessInitializeOnLoadMethodAttributes (29ms)
			AfterProcessingInitializeOnLoad (2ms)
			EditorAssembliesLoaded (0ms)
		ExecutionOrderSort2 (0ms)
		AwakeInstancesAfterBackupRestoration (13ms)
Refreshing native plugins compatible for Editor in 8.04 ms, found 7 plugins.
Preloading 0 native plugins for Editor in 0.00 ms.
Unloading 4248 Unused Serialized files (Serialized files now loaded: 0)
Unloading 27 unused Assets / (213.6 KB). Loaded Objects now: 4940.
Memory consumption went from 150.0 MB to 149.8 MB.
Total: 8.533500 ms (FindLiveObjects: 1.136400 ms CreateObjectMapping: 0.722400 ms MarkObjects: 6.320500 ms  DeleteObjects: 0.352000 ms)

Prepare: number of updated asset objects reloaded= 0
AssetImportParameters requested are different than current active one (requested -> active):
  custom:container-demuxer-ogg: 62fdf1f143b41e24485cea50d1cbac27 -> 
  custom:video-codec-MediaFoundation-h265: 746d11721c4dcdbdad8f713fa42b33f4 -> 
  custom:video-decoder-ogg-theora: a1e56fd34408186e4bbccfd4996cb3dc -> 
  custom:framework-win-MediaFoundation: 216162199b28c13a410421893ffa2e32 -> 
  custom:CustomObjectIndexerAttribute: 9a22284fe3817be447336de3de66b15e -> 
  custom:container-demuxer-webm: 4f35f7cbe854078d1ac9338744f61a02 -> 
  custom:container-muxer-webm: aa71ff27fc2769a1b78a27578f13a17b -> 
  custom:video-decoder-webm-vp8: 9c59270c3fd7afecdb556c50c9e8de78 -> 
  custom:SearchIndexIgnoredProperties: e643bd26f0fe6173181afceb89e7c659 -> 
  custom:AudioImporter_EditorPlatform: d09bf68614088b80899f8185d706f6e7 -> 
  custom:video-encoder-webm-vp8: eb34c28f22e8b96e1ab97ce403110664 -> 
  custom:audio-decoder-ogg-vorbis: bf7c407c2cedff20999df2af8eb42d56 -> 
  custom:audio-encoder-webm-vorbis: bf7c407c2cedff20999df2af8eb42d56 -> 
========================================================================
Received Prepare
Caller must complete domain reload
Begin MonoManager ReloadAssembly
- Loaded All Assemblies, in  0.491 seconds
Native extension for WindowsStandalone target not found
Native extension for WebGL target not found
Mono: successfully reloaded assembly
- Finished resetting the current domain, in  1.060 seconds
Domain Reload Profiling: 1551ms
	BeginReloadAssembly (163ms)
		ExecutionOrderSort (0ms)
		DisableScriptedObjects (11ms)
		BackupInstance (0ms)
		ReleaseScriptingObjects (0ms)
		CreateAndSetChildDomain (39ms)
	RebuildCommonClasses (33ms)
	RebuildNativeTypeToScriptingClass (11ms)
	initialDomainReloadingComplete (27ms)
	LoadAllAssembliesAndSetupDomain (256ms)
		LoadAssemblies (326ms)
		RebuildTransferFunctionScriptingTraits (0ms)
		AnalyzeDomain (13ms)
			TypeCache.Refresh (5ms)
				TypeCache.ScanAssembly (0ms)
			ScanForSourceGeneratedMonoScriptInfo (0ms)
			ResolveRequiredComponents (6ms)
	FinalizeReload (1061ms)
		ReleaseScriptCaches (0ms)
		RebuildScriptCaches (0ms)
		SetupLoadedEditorAssemblies (455ms)
			LogAssemblyErrors (0ms)
			InitializePlatformSupportModulesInManaged (6ms)
			SetLoadedEditorAssemblies (5ms)
			RefreshPlugins (0ms)
			BeforeProcessingInitializeOnLoad (72ms)
			ProcessInitializeOnLoadAttributes (332ms)
			ProcessInitializeOnLoadMethodAttributes (36ms)
			AfterProcessingInitializeOnLoad (3ms)
			EditorAssembliesLoaded (0ms)
		ExecutionOrderSort2 (0ms)
		AwakeInstancesAfterBackupRestoration (20ms)
Refreshing native plugins compatible for Editor in 7.68 ms, found 7 plugins.
Preloading 0 native plugins for Editor in 0.00 ms.
Unloading 4248 Unused Serialized files (Serialized files now loaded: 0)
Unloading 27 unused Assets / (213.6 KB). Loaded Objects now: 4944.
Memory consumption went from 150.0 MB to 149.8 MB.
Total: 4.144200 ms (FindLiveObjects: 0.466800 ms CreateObjectMapping: 0.139600 ms MarkObjects: 3.287400 ms  DeleteObjects: 0.249100 ms)

Prepare: number of updated asset objects reloaded= 0
AssetImportParameters requested are different than current active one (requested -> active):
  custom:container-demuxer-ogg: 62fdf1f143b41e24485cea50d1cbac27 -> 
  custom:video-codec-MediaFoundation-h265: 746d11721c4dcdbdad8f713fa42b33f4 -> 
  custom:video-decoder-ogg-theora: a1e56fd34408186e4bbccfd4996cb3dc -> 
  custom:framework-win-MediaFoundation: 216162199b28c13a410421893ffa2e32 -> 
  custom:CustomObjectIndexerAttribute: 9a22284fe3817be447336de3de66b15e -> 
  custom:container-demuxer-webm: 4f35f7cbe854078d1ac9338744f61a02 -> 
  custom:container-muxer-webm: aa71ff27fc2769a1b78a27578f13a17b -> 
  custom:video-decoder-webm-vp8: 9c59270c3fd7afecdb556c50c9e8de78 -> 
  custom:SearchIndexIgnoredProperties: e643bd26f0fe6173181afceb89e7c659 -> 
  custom:AudioImporter_EditorPlatform: d09bf68614088b80899f8185d706f6e7 -> 
  custom:video-encoder-webm-vp8: eb34c28f22e8b96e1ab97ce403110664 -> 
  custom:audio-decoder-ogg-vorbis: bf7c407c2cedff20999df2af8eb42d56 -> 
  custom:audio-encoder-webm-vorbis: bf7c407c2cedff20999df2af8eb42d56 -> 
========================================================================
Received Prepare
Caller must complete domain reload
Begin MonoManager ReloadAssembly
- Loaded All Assemblies, in  0.527 seconds
Native extension for WindowsStandalone target not found
Native extension for WebGL target not found
Mono: successfully reloaded assembly
- Finished resetting the current domain, in  1.095 seconds
Domain Reload Profiling: 1622ms
	BeginReloadAssembly (169ms)
		ExecutionOrderSort (0ms)
		DisableScriptedObjects (17ms)
		BackupInstance (0ms)
		ReleaseScriptingObjects (0ms)
		CreateAndSetChildDomain (39ms)
	RebuildCommonClasses (43ms)
	RebuildNativeTypeToScriptingClass (17ms)
	initialDomainReloadingComplete (31ms)
	LoadAllAssembliesAndSetupDomain (265ms)
		LoadAssemblies (333ms)
		RebuildTransferFunctionScriptingTraits (0ms)
		AnalyzeDomain (15ms)
			TypeCache.Refresh (7ms)
				TypeCache.ScanAssembly (0ms)
			ScanForSourceGeneratedMonoScriptInfo (0ms)
			ResolveRequiredComponents (7ms)
	FinalizeReload (1096ms)
		ReleaseScriptCaches (0ms)
		RebuildScriptCaches (0ms)
		SetupLoadedEditorAssemblies (468ms)
			LogAssemblyErrors (0ms)
			InitializePlatformSupportModulesInManaged (6ms)
			SetLoadedEditorAssemblies (6ms)
			RefreshPlugins (0ms)
			BeforeProcessingInitializeOnLoad (74ms)
			ProcessInitializeOnLoadAttributes (337ms)
			ProcessInitializeOnLoadMethodAttributes (42ms)
			AfterProcessingInitializeOnLoad (3ms)
			EditorAssembliesLoaded (0ms)
		ExecutionOrderSort2 (0ms)
		AwakeInstancesAfterBackupRestoration (16ms)
Refreshing native plugins compatible for Editor in 9.04 ms, found 7 plugins.
Preloading 0 native plugins for Editor in 0.00 ms.
Unloading 4248 Unused Serialized files (Serialized files now loaded: 0)
Unloading 27 unused Assets / (213.6 KB). Loaded Objects now: 4948.
Memory consumption went from 150.0 MB to 149.8 MB.
Total: 4.114000 ms (FindLiveObjects: 0.445500 ms CreateObjectMapping: 0.162600 ms MarkObjects: 3.287900 ms  DeleteObjects: 0.214800 ms)

Prepare: number of updated asset objects reloaded= 0
AssetImportParameters requested are different than current active one (requested -> active):
  custom:container-demuxer-ogg: 62fdf1f143b41e24485cea50d1cbac27 -> 
  custom:video-codec-MediaFoundation-h265: 746d11721c4dcdbdad8f713fa42b33f4 -> 
  custom:video-decoder-ogg-theora: a1e56fd34408186e4bbccfd4996cb3dc -> 
  custom:framework-win-MediaFoundation: 216162199b28c13a410421893ffa2e32 -> 
  custom:CustomObjectIndexerAttribute: 9a22284fe3817be447336de3de66b15e -> 
  custom:container-demuxer-webm: 4f35f7cbe854078d1ac9338744f61a02 -> 
  custom:container-muxer-webm: aa71ff27fc2769a1b78a27578f13a17b -> 
  custom:video-decoder-webm-vp8: 9c59270c3fd7afecdb556c50c9e8de78 -> 
  custom:SearchIndexIgnoredProperties: e643bd26f0fe6173181afceb89e7c659 -> 
  custom:AudioImporter_EditorPlatform: d09bf68614088b80899f8185d706f6e7 -> 
  custom:video-encoder-webm-vp8: eb34c28f22e8b96e1ab97ce403110664 -> 
  custom:audio-decoder-ogg-vorbis: bf7c407c2cedff20999df2af8eb42d56 -> 
  custom:audio-encoder-webm-vorbis: bf7c407c2cedff20999df2af8eb42d56 -> 
========================================================================
Received Prepare
Caller must complete domain reload
Begin MonoManager ReloadAssembly
- Loaded All Assemblies, in  0.531 seconds
Native extension for WindowsStandalone target not found
Native extension for WebGL target not found
Mono: successfully reloaded assembly
- Finished resetting the current domain, in  1.018 seconds
Domain Reload Profiling: 1548ms
	BeginReloadAssembly (166ms)
		ExecutionOrderSort (0ms)
		DisableScriptedObjects (12ms)
		BackupInstance (0ms)
		ReleaseScriptingObjects (0ms)
		CreateAndSetChildDomain (42ms)
	RebuildCommonClasses (34ms)
	RebuildNativeTypeToScriptingClass (12ms)
	initialDomainReloadingComplete (32ms)
	LoadAllAssembliesAndSetupDomain (285ms)
		LoadAssemblies (337ms)
		RebuildTransferFunctionScriptingTraits (0ms)
		AnalyzeDomain (32ms)
			TypeCache.Refresh (8ms)
				TypeCache.ScanAssembly (0ms)
			ScanForSourceGeneratedMonoScriptInfo (15ms)
			ResolveRequiredComponents (8ms)
	FinalizeReload (1018ms)
		ReleaseScriptCaches (0ms)
		RebuildScriptCaches (0ms)
		SetupLoadedEditorAssemblies (407ms)
			LogAssemblyErrors (0ms)
			InitializePlatformSupportModulesInManaged (6ms)
			SetLoadedEditorAssemblies (6ms)
			RefreshPlugins (0ms)
			BeforeProcessingInitializeOnLoad (68ms)
			ProcessInitializeOnLoadAttributes (293ms)
			ProcessInitializeOnLoadMethodAttributes (31ms)
			AfterProcessingInitializeOnLoad (3ms)
			EditorAssembliesLoaded (0ms)
		ExecutionOrderSort2 (0ms)
		AwakeInstancesAfterBackupRestoration (14ms)
Refreshing native plugins compatible for Editor in 5.25 ms, found 7 plugins.
Preloading 0 native plugins for Editor in 0.00 ms.
Unloading 4248 Unused Serialized files (Serialized files now loaded: 0)
Unloading 27 unused Assets / (213.6 KB). Loaded Objects now: 4952.
Memory consumption went from 150.0 MB to 149.8 MB.
Total: 3.805600 ms (FindLiveObjects: 0.361900 ms CreateObjectMapping: 0.101200 ms MarkObjects: 3.154000 ms  DeleteObjects: 0.187300 ms)

Prepare: number of updated asset objects reloaded= 0
AssetImportParameters requested are different than current active one (requested -> active):
  custom:container-demuxer-ogg: 62fdf1f143b41e24485cea50d1cbac27 -> 
  custom:video-codec-MediaFoundation-h265: 746d11721c4dcdbdad8f713fa42b33f4 -> 
  custom:video-decoder-ogg-theora: a1e56fd34408186e4bbccfd4996cb3dc -> 
  custom:framework-win-MediaFoundation: 216162199b28c13a410421893ffa2e32 -> 
  custom:CustomObjectIndexerAttribute: 9a22284fe3817be447336de3de66b15e -> 
  custom:container-demuxer-webm: 4f35f7cbe854078d1ac9338744f61a02 -> 
  custom:container-muxer-webm: aa71ff27fc2769a1b78a27578f13a17b -> 
  custom:video-decoder-webm-vp8: 9c59270c3fd7afecdb556c50c9e8de78 -> 
  custom:SearchIndexIgnoredProperties: e643bd26f0fe6173181afceb89e7c659 -> 
  custom:AudioImporter_EditorPlatform: d09bf68614088b80899f8185d706f6e7 -> 
  custom:video-encoder-webm-vp8: eb34c28f22e8b96e1ab97ce403110664 -> 
  custom:audio-decoder-ogg-vorbis: bf7c407c2cedff20999df2af8eb42d56 -> 
  custom:audio-encoder-webm-vorbis: bf7c407c2cedff20999df2af8eb42d56 -> 
========================================================================
Received Prepare
Caller must complete domain reload
Begin MonoManager ReloadAssembly
- Loaded All Assemblies, in  0.569 seconds
Native extension for WindowsStandalone target not found
Native extension for WebGL target not found
Mono: successfully reloaded assembly
- Finished resetting the current domain, in  1.255 seconds
Domain Reload Profiling: 1823ms
	BeginReloadAssembly (175ms)
		ExecutionOrderSort (0ms)
		DisableScriptedObjects (12ms)
		BackupInstance (0ms)
		ReleaseScriptingObjects (0ms)
		CreateAndSetChildDomain (39ms)
	RebuildCommonClasses (39ms)
	RebuildNativeTypeToScriptingClass (12ms)
	initialDomainReloadingComplete (28ms)
	LoadAllAssembliesAndSetupDomain (313ms)
		LoadAssemblies (378ms)
		RebuildTransferFunctionScriptingTraits (0ms)
		AnalyzeDomain (31ms)
			TypeCache.Refresh (12ms)
				TypeCache.ScanAssembly (0ms)
			ScanForSourceGeneratedMonoScriptInfo (11ms)
			ResolveRequiredComponents (6ms)
	FinalizeReload (1255ms)
		ReleaseScriptCaches (0ms)
		RebuildScriptCaches (0ms)
		SetupLoadedEditorAssemblies (477ms)
			LogAssemblyErrors (0ms)
			InitializePlatformSupportModulesInManaged (20ms)
			SetLoadedEditorAssemblies (9ms)
			RefreshPlugins (0ms)
			BeforeProcessingInitializeOnLoad (91ms)
			ProcessInitializeOnLoadAttributes (321ms)
			ProcessInitializeOnLoadMethodAttributes (33ms)
			AfterProcessingInitializeOnLoad (3ms)
			EditorAssembliesLoaded (1ms)
		ExecutionOrderSort2 (0ms)
		AwakeInstancesAfterBackupRestoration (16ms)
Refreshing native plugins compatible for Editor in 5.26 ms, found 7 plugins.
Preloading 0 native plugins for Editor in 0.00 ms.
Unloading 4248 Unused Serialized files (Serialized files now loaded: 0)
Unloading 27 unused Assets / (213.7 KB). Loaded Objects now: 4956.
Memory consumption went from 150.0 MB to 149.8 MB.
Total: 4.002900 ms (FindLiveObjects: 0.677900 ms CreateObjectMapping: 0.348500 ms MarkObjects: 2.783100 ms  DeleteObjects: 0.191700 ms)

Prepare: number of updated asset objects reloaded= 0
AssetImportParameters requested are different than current active one (requested -> active):
  custom:container-demuxer-ogg: 62fdf1f143b41e24485cea50d1cbac27 -> 
  custom:video-codec-MediaFoundation-h265: 746d11721c4dcdbdad8f713fa42b33f4 -> 
  custom:video-decoder-ogg-theora: a1e56fd34408186e4bbccfd4996cb3dc -> 
  custom:framework-win-MediaFoundation: 216162199b28c13a410421893ffa2e32 -> 
  custom:CustomObjectIndexerAttribute: 9a22284fe3817be447336de3de66b15e -> 
  custom:container-demuxer-webm: 4f35f7cbe854078d1ac9338744f61a02 -> 
  custom:container-muxer-webm: aa71ff27fc2769a1b78a27578f13a17b -> 
  custom:video-decoder-webm-vp8: 9c59270c3fd7afecdb556c50c9e8de78 -> 
  custom:SearchIndexIgnoredProperties: e643bd26f0fe6173181afceb89e7c659 -> 
  custom:AudioImporter_EditorPlatform: d09bf68614088b80899f8185d706f6e7 -> 
  custom:video-encoder-webm-vp8: eb34c28f22e8b96e1ab97ce403110664 -> 
  custom:audio-decoder-ogg-vorbis: bf7c407c2cedff20999df2af8eb42d56 -> 
  custom:audio-encoder-webm-vorbis: bf7c407c2cedff20999df2af8eb42d56 -> 
========================================================================
Received Prepare
Caller must complete domain reload
Begin MonoManager ReloadAssembly
- Loaded All Assemblies, in  0.520 seconds
Native extension for WindowsStandalone target not found
Native extension for WebGL target not found
Mono: successfully reloaded assembly
- Finished resetting the current domain, in  1.131 seconds
Domain Reload Profiling: 1651ms
	BeginReloadAssembly (167ms)
		ExecutionOrderSort (0ms)
		DisableScriptedObjects (12ms)
		BackupInstance (0ms)
		ReleaseScriptingObjects (0ms)
		CreateAndSetChildDomain (39ms)
	RebuildCommonClasses (40ms)
	RebuildNativeTypeToScriptingClass (12ms)
	initialDomainReloadingComplete (29ms)
	LoadAllAssembliesAndSetupDomain (271ms)
		LoadAssemblies (344ms)
		RebuildTransferFunctionScriptingTraits (0ms)
		AnalyzeDomain (14ms)
			TypeCache.Refresh (6ms)
				TypeCache.ScanAssembly (0ms)
			ScanForSourceGeneratedMonoScriptInfo (0ms)
			ResolveRequiredComponents (6ms)
	FinalizeReload (1132ms)
		ReleaseScriptCaches (0ms)
		RebuildScriptCaches (0ms)
		SetupLoadedEditorAssemblies (479ms)
			LogAssemblyErrors (0ms)
			InitializePlatformSupportModulesInManaged (6ms)
			SetLoadedEditorAssemblies (5ms)
			RefreshPlugins (0ms)
			BeforeProcessingInitializeOnLoad (79ms)
			ProcessInitializeOnLoadAttributes (351ms)
			ProcessInitializeOnLoadMethodAttributes (34ms)
			AfterProcessingInitializeOnLoad (3ms)
			EditorAssembliesLoaded (0ms)
		ExecutionOrderSort2 (0ms)
		AwakeInstancesAfterBackupRestoration (16ms)
Refreshing native plugins compatible for Editor in 6.96 ms, found 7 plugins.
Preloading 0 native plugins for Editor in 0.00 ms.
Unloading 4248 Unused Serialized files (Serialized files now loaded: 0)
Unloading 27 unused Assets / (214.0 KB). Loaded Objects now: 4960.
Memory consumption went from 150.0 MB to 149.8 MB.
Total: 4.125900 ms (FindLiveObjects: 0.445800 ms CreateObjectMapping: 0.108200 ms MarkObjects: 3.313700 ms  DeleteObjects: 0.257100 ms)

Prepare: number of updated asset objects reloaded= 0
AssetImportParameters requested are different than current active one (requested -> active):
  custom:container-demuxer-ogg: 62fdf1f143b41e24485cea50d1cbac27 -> 
  custom:video-codec-MediaFoundation-h265: 746d11721c4dcdbdad8f713fa42b33f4 -> 
  custom:video-decoder-ogg-theora: a1e56fd34408186e4bbccfd4996cb3dc -> 
  custom:framework-win-MediaFoundation: 216162199b28c13a410421893ffa2e32 -> 
  custom:CustomObjectIndexerAttribute: 9a22284fe3817be447336de3de66b15e -> 
  custom:container-demuxer-webm: 4f35f7cbe854078d1ac9338744f61a02 -> 
  custom:container-muxer-webm: aa71ff27fc2769a1b78a27578f13a17b -> 
  custom:video-decoder-webm-vp8: 9c59270c3fd7afecdb556c50c9e8de78 -> 
  custom:SearchIndexIgnoredProperties: e643bd26f0fe6173181afceb89e7c659 -> 
  custom:AudioImporter_EditorPlatform: d09bf68614088b80899f8185d706f6e7 -> 
  custom:video-encoder-webm-vp8: eb34c28f22e8b96e1ab97ce403110664 -> 
  custom:audio-decoder-ogg-vorbis: bf7c407c2cedff20999df2af8eb42d56 -> 
  custom:audio-encoder-webm-vorbis: bf7c407c2cedff20999df2af8eb42d56 -> 
========================================================================
Received Prepare
Caller must complete domain reload
Begin MonoManager ReloadAssembly
- Loaded All Assemblies, in  0.553 seconds
Native extension for WindowsStandalone target not found
Native extension for WebGL target not found
Mono: successfully reloaded assembly
- Finished resetting the current domain, in  1.126 seconds
Domain Reload Profiling: 1679ms
	BeginReloadAssembly (173ms)
		ExecutionOrderSort (0ms)
		DisableScriptedObjects (15ms)
		BackupInstance (0ms)
		ReleaseScriptingObjects (0ms)
		CreateAndSetChildDomain (36ms)
	RebuildCommonClasses (38ms)
	RebuildNativeTypeToScriptingClass (11ms)
	initialDomainReloadingComplete (28ms)
	LoadAllAssembliesAndSetupDomain (302ms)
		LoadAssemblies (382ms)
		RebuildTransferFunctionScriptingTraits (0ms)
		AnalyzeDomain (13ms)
			TypeCache.Refresh (6ms)
				TypeCache.ScanAssembly (0ms)
			ScanForSourceGeneratedMonoScriptInfo (0ms)
			ResolveRequiredComponents (6ms)
	FinalizeReload (1127ms)
		ReleaseScriptCaches (0ms)
		RebuildScriptCaches (0ms)
		SetupLoadedEditorAssemblies (458ms)
			LogAssemblyErrors (0ms)
			InitializePlatformSupportModulesInManaged (9ms)
			SetLoadedEditorAssemblies (6ms)
			RefreshPlugins (0ms)
			BeforeProcessingInitializeOnLoad (79ms)
			ProcessInitializeOnLoadAttributes (328ms)
			ProcessInitializeOnLoadMethodAttributes (33ms)
			AfterProcessingInitializeOnLoad (3ms)
			EditorAssembliesLoaded (0ms)
		ExecutionOrderSort2 (0ms)
		AwakeInstancesAfterBackupRestoration (16ms)
Refreshing native plugins compatible for Editor in 8.85 ms, found 7 plugins.
Preloading 0 native plugins for Editor in 0.00 ms.
Unloading 4248 Unused Serialized files (Serialized files now loaded: 0)
Unloading 27 unused Assets / (213.7 KB). Loaded Objects now: 4964.
Memory consumption went from 150.0 MB to 149.8 MB.
Total: 4.255500 ms (FindLiveObjects: 0.548800 ms CreateObjectMapping: 0.262800 ms MarkObjects: 3.168900 ms  DeleteObjects: 0.272900 ms)

Prepare: number of updated asset objects reloaded= 0
AssetImportParameters requested are different than current active one (requested -> active):
  custom:container-demuxer-ogg: 62fdf1f143b41e24485cea50d1cbac27 -> 
  custom:video-codec-MediaFoundation-h265: 746d11721c4dcdbdad8f713fa42b33f4 -> 
  custom:video-decoder-ogg-theora: a1e56fd34408186e4bbccfd4996cb3dc -> 
  custom:framework-win-MediaFoundation: 216162199b28c13a410421893ffa2e32 -> 
  custom:CustomObjectIndexerAttribute: 9a22284fe3817be447336de3de66b15e -> 
  custom:container-demuxer-webm: 4f35f7cbe854078d1ac9338744f61a02 -> 
  custom:container-muxer-webm: aa71ff27fc2769a1b78a27578f13a17b -> 
  custom:video-decoder-webm-vp8: 9c59270c3fd7afecdb556c50c9e8de78 -> 
  custom:SearchIndexIgnoredProperties: e643bd26f0fe6173181afceb89e7c659 -> 
  custom:AudioImporter_EditorPlatform: d09bf68614088b80899f8185d706f6e7 -> 
  custom:video-encoder-webm-vp8: eb34c28f22e8b96e1ab97ce403110664 -> 
  custom:audio-decoder-ogg-vorbis: bf7c407c2cedff20999df2af8eb42d56 -> 
  custom:audio-encoder-webm-vorbis: bf7c407c2cedff20999df2af8eb42d56 -> 
========================================================================
Received Import Request.
  Time since last request: 2247.733342 seconds.
  path: Assets/Prefabs/UserPoint.prefab
  artifactKey: Guid(b44ae90e44809f645a37877ec1cc4fd3) Importer(815301076,1909f56bfc062723c751e8b465ee728b)
Start importing Assets/Prefabs/UserPoint.prefab using Guid(b44ae90e44809f645a37877ec1cc4fd3) Importer(815301076,1909f56bfc062723c751e8b465ee728b) [PhysX] Initialized MultithreadedTaskDispatcher with 16 workers.
 -> (artifact id: 'c197f80bcf17855d182d8182316486c6') in 0.032933 seconds
Number of updated asset objects reloaded before import = 0
Number of asset objects unloaded after import = 10
========================================================================
Received Prepare
Caller must complete domain reload
Begin MonoManager ReloadAssembly
- Loaded All Assemblies, in  0.509 seconds
Native extension for WindowsStandalone target not found
Native extension for WebGL target not found
Mono: successfully reloaded assembly
- Finished resetting the current domain, in  1.147 seconds
Domain Reload Profiling: 1656ms
	BeginReloadAssembly (170ms)
		ExecutionOrderSort (0ms)
		DisableScriptedObjects (11ms)
		BackupInstance (0ms)
		ReleaseScriptingObjects (0ms)
		CreateAndSetChildDomain (40ms)
	RebuildCommonClasses (36ms)
	RebuildNativeTypeToScriptingClass (14ms)
	initialDomainReloadingComplete (26ms)
	LoadAllAssembliesAndSetupDomain (261ms)
		LoadAssemblies (335ms)
		RebuildTransferFunctionScriptingTraits (0ms)
		AnalyzeDomain (14ms)
			TypeCache.Refresh (6ms)
				TypeCache.ScanAssembly (0ms)
			ScanForSourceGeneratedMonoScriptInfo (0ms)
			ResolveRequiredComponents (6ms)
	FinalizeReload (1148ms)
		ReleaseScriptCaches (0ms)
		RebuildScriptCaches (0ms)
		SetupLoadedEditorAssemblies (493ms)
			LogAssemblyErrors (0ms)
			InitializePlatformSupportModulesInManaged (9ms)
			SetLoadedEditorAssemblies (7ms)
			RefreshPlugins (0ms)
			BeforeProcessingInitializeOnLoad (78ms)
			ProcessInitializeOnLoadAttributes (356ms)
			ProcessInitializeOnLoadMethodAttributes (39ms)
			AfterProcessingInitializeOnLoad (4ms)
			EditorAssembliesLoaded (0ms)
		ExecutionOrderSort2 (0ms)
		AwakeInstancesAfterBackupRestoration (15ms)
Refreshing native plugins compatible for Editor in 9.78 ms, found 7 plugins.
Preloading 0 native plugins for Editor in 0.00 ms.
Unloading 4247 Unused Serialized files (Serialized files now loaded: 0)
Unloading 27 unused Assets / (213.8 KB). Loaded Objects now: 4968.
Memory consumption went from 149.8 MB to 149.5 MB.
Total: 5.011300 ms (FindLiveObjects: 0.446000 ms CreateObjectMapping: 0.114600 ms MarkObjects: 4.086200 ms  DeleteObjects: 0.363000 ms)

Prepare: number of updated asset objects reloaded= 0
AssetImportParameters requested are different than current active one (requested -> active):
  custom:container-demuxer-ogg: 62fdf1f143b41e24485cea50d1cbac27 -> 
  custom:video-codec-MediaFoundation-h265: 746d11721c4dcdbdad8f713fa42b33f4 -> 
  custom:video-decoder-ogg-theora: a1e56fd34408186e4bbccfd4996cb3dc -> 
  custom:framework-win-MediaFoundation: 216162199b28c13a410421893ffa2e32 -> 
  custom:CustomObjectIndexerAttribute: 9a22284fe3817be447336de3de66b15e -> 
  custom:container-demuxer-webm: 4f35f7cbe854078d1ac9338744f61a02 -> 
  custom:container-muxer-webm: aa71ff27fc2769a1b78a27578f13a17b -> 
  custom:video-decoder-webm-vp8: 9c59270c3fd7afecdb556c50c9e8de78 -> 
  custom:SearchIndexIgnoredProperties: e643bd26f0fe6173181afceb89e7c659 -> 
  custom:AudioImporter_EditorPlatform: d09bf68614088b80899f8185d706f6e7 -> 
  custom:video-encoder-webm-vp8: eb34c28f22e8b96e1ab97ce403110664 -> 
  custom:audio-decoder-ogg-vorbis: bf7c407c2cedff20999df2af8eb42d56 -> 
  custom:audio-encoder-webm-vorbis: bf7c407c2cedff20999df2af8eb42d56 -> 
========================================================================
Received Prepare
Caller must complete domain reload
Begin MonoManager ReloadAssembly
- Loaded All Assemblies, in  0.571 seconds
Native extension for WindowsStandalone target not found
Native extension for WebGL target not found
Mono: successfully reloaded assembly
- Finished resetting the current domain, in  1.619 seconds
Domain Reload Profiling: 2190ms
	BeginReloadAssembly (165ms)
		ExecutionOrderSort (0ms)
		DisableScriptedObjects (12ms)
		BackupInstance (0ms)
		ReleaseScriptingObjects (0ms)
		CreateAndSetChildDomain (42ms)
	RebuildCommonClasses (40ms)
	RebuildNativeTypeToScriptingClass (13ms)
	initialDomainReloadingComplete (28ms)
	LoadAllAssembliesAndSetupDomain (325ms)
		LoadAssemblies (393ms)
		RebuildTransferFunctionScriptingTraits (0ms)
		AnalyzeDomain (15ms)
			TypeCache.Refresh (5ms)
				TypeCache.ScanAssembly (0ms)
			ScanForSourceGeneratedMonoScriptInfo (0ms)
			ResolveRequiredComponents (7ms)
	FinalizeReload (1620ms)
		ReleaseScriptCaches (0ms)
		RebuildScriptCaches (0ms)
		SetupLoadedEditorAssemblies (442ms)
			LogAssemblyErrors (0ms)
			InitializePlatformSupportModulesInManaged (6ms)
			SetLoadedEditorAssemblies (5ms)
			RefreshPlugins (0ms)
			BeforeProcessingInitializeOnLoad (75ms)
			ProcessInitializeOnLoadAttributes (321ms)
			ProcessInitializeOnLoadMethodAttributes (32ms)
			AfterProcessingInitializeOnLoad (3ms)
			EditorAssembliesLoaded (0ms)
		ExecutionOrderSort2 (0ms)
		AwakeInstancesAfterBackupRestoration (14ms)
Refreshing native plugins compatible for Editor in 4.67 ms, found 7 plugins.
Preloading 0 native plugins for Editor in 0.00 ms.
Unloading 4248 Unused Serialized files (Serialized files now loaded: 0)
Unloading 27 unused Assets / (213.6 KB). Loaded Objects now: 4972.
Memory consumption went from 150.0 MB to 149.8 MB.
Total: 3.771800 ms (FindLiveObjects: 0.394100 ms CreateObjectMapping: 0.118300 ms MarkObjects: 3.049900 ms  DeleteObjects: 0.208300 ms)

Prepare: number of updated asset objects reloaded= 0
AssetImportParameters requested are different than current active one (requested -> active):
  custom:container-demuxer-ogg: 62fdf1f143b41e24485cea50d1cbac27 -> 
  custom:video-codec-MediaFoundation-h265: 746d11721c4dcdbdad8f713fa42b33f4 -> 
  custom:video-decoder-ogg-theora: a1e56fd34408186e4bbccfd4996cb3dc -> 
  custom:framework-win-MediaFoundation: 216162199b28c13a410421893ffa2e32 -> 
  custom:CustomObjectIndexerAttribute: 9a22284fe3817be447336de3de66b15e -> 
  custom:container-demuxer-webm: 4f35f7cbe854078d1ac9338744f61a02 -> 
  custom:container-muxer-webm: aa71ff27fc2769a1b78a27578f13a17b -> 
  custom:video-decoder-webm-vp8: 9c59270c3fd7afecdb556c50c9e8de78 -> 
  custom:SearchIndexIgnoredProperties: e643bd26f0fe6173181afceb89e7c659 -> 
  custom:AudioImporter_EditorPlatform: d09bf68614088b80899f8185d706f6e7 -> 
  custom:video-encoder-webm-vp8: eb34c28f22e8b96e1ab97ce403110664 -> 
  custom:audio-decoder-ogg-vorbis: bf7c407c2cedff20999df2af8eb42d56 -> 
  custom:audio-encoder-webm-vorbis: bf7c407c2cedff20999df2af8eb42d56 -> 
========================================================================
Received Prepare
Caller must complete domain reload
Begin MonoManager ReloadAssembly
- Loaded All Assemblies, in  0.531 seconds
Native extension for WindowsStandalone target not found
Native extension for WebGL target not found
Mono: successfully reloaded assembly
- Finished resetting the current domain, in  1.115 seconds
Domain Reload Profiling: 1646ms
	BeginReloadAssembly (167ms)
		ExecutionOrderSort (0ms)
		DisableScriptedObjects (13ms)
		BackupInstance (0ms)
		ReleaseScriptingObjects (0ms)
		CreateAndSetChildDomain (39ms)
	RebuildCommonClasses (36ms)
	RebuildNativeTypeToScriptingClass (13ms)
	initialDomainReloadingComplete (29ms)
	LoadAllAssembliesAndSetupDomain (286ms)
		LoadAssemblies (345ms)
		RebuildTransferFunctionScriptingTraits (0ms)
		AnalyzeDomain (28ms)
			TypeCache.Refresh (9ms)
				TypeCache.ScanAssembly (0ms)
			ScanForSourceGeneratedMonoScriptInfo (11ms)
			ResolveRequiredComponents (6ms)
	FinalizeReload (1116ms)
		ReleaseScriptCaches (0ms)
		RebuildScriptCaches (0ms)
		SetupLoadedEditorAssemblies (495ms)
			LogAssemblyErrors (0ms)
			InitializePlatformSupportModulesInManaged (6ms)
			SetLoadedEditorAssemblies (6ms)
			RefreshPlugins (0ms)
			BeforeProcessingInitializeOnLoad (79ms)
			ProcessInitializeOnLoadAttributes (366ms)
			ProcessInitializeOnLoadMethodAttributes (35ms)
			AfterProcessingInitializeOnLoad (3ms)
			EditorAssembliesLoaded (0ms)
		ExecutionOrderSort2 (0ms)
		AwakeInstancesAfterBackupRestoration (15ms)
Refreshing native plugins compatible for Editor in 7.85 ms, found 7 plugins.
Preloading 0 native plugins for Editor in 0.00 ms.
Unloading 4248 Unused Serialized files (Serialized files now loaded: 0)
Unloading 27 unused Assets / (213.6 KB). Loaded Objects now: 4976.
Memory consumption went from 150.0 MB to 149.8 MB.
Total: 4.662700 ms (FindLiveObjects: 0.442700 ms CreateObjectMapping: 0.221600 ms MarkObjects: 3.779300 ms  DeleteObjects: 0.217200 ms)

Prepare: number of updated asset objects reloaded= 0
AssetImportParameters requested are different than current active one (requested -> active):
  custom:container-demuxer-ogg: 62fdf1f143b41e24485cea50d1cbac27 -> 
  custom:video-codec-MediaFoundation-h265: 746d11721c4dcdbdad8f713fa42b33f4 -> 
  custom:video-decoder-ogg-theora: a1e56fd34408186e4bbccfd4996cb3dc -> 
  custom:framework-win-MediaFoundation: 216162199b28c13a410421893ffa2e32 -> 
  custom:CustomObjectIndexerAttribute: 9a22284fe3817be447336de3de66b15e -> 
  custom:container-demuxer-webm: 4f35f7cbe854078d1ac9338744f61a02 -> 
  custom:container-muxer-webm: aa71ff27fc2769a1b78a27578f13a17b -> 
  custom:video-decoder-webm-vp8: 9c59270c3fd7afecdb556c50c9e8de78 -> 
  custom:SearchIndexIgnoredProperties: e643bd26f0fe6173181afceb89e7c659 -> 
  custom:AudioImporter_EditorPlatform: d09bf68614088b80899f8185d706f6e7 -> 
  custom:video-encoder-webm-vp8: eb34c28f22e8b96e1ab97ce403110664 -> 
  custom:audio-decoder-ogg-vorbis: bf7c407c2cedff20999df2af8eb42d56 -> 
  custom:audio-encoder-webm-vorbis: bf7c407c2cedff20999df2af8eb42d56 -> 
========================================================================
Received Prepare
Caller must complete domain reload
Begin MonoManager ReloadAssembly
- Loaded All Assemblies, in  0.541 seconds
Native extension for WindowsStandalone target not found
Native extension for WebGL target not found
Mono: successfully reloaded assembly
- Finished resetting the current domain, in  1.017 seconds
Domain Reload Profiling: 1558ms
	BeginReloadAssembly (192ms)
		ExecutionOrderSort (0ms)
		DisableScriptedObjects (14ms)
		BackupInstance (0ms)
		ReleaseScriptingObjects (0ms)
		CreateAndSetChildDomain (49ms)
	RebuildCommonClasses (39ms)
	RebuildNativeTypeToScriptingClass (11ms)
	initialDomainReloadingComplete (29ms)
	LoadAllAssembliesAndSetupDomain (269ms)
		LoadAssemblies (351ms)
		RebuildTransferFunctionScriptingTraits (0ms)
		AnalyzeDomain (13ms)
			TypeCache.Refresh (5ms)
				TypeCache.ScanAssembly (0ms)
			ScanForSourceGeneratedMonoScriptInfo (0ms)
			ResolveRequiredComponents (6ms)
	FinalizeReload (1018ms)
		ReleaseScriptCaches (0ms)
		RebuildScriptCaches (0ms)
		SetupLoadedEditorAssemblies (415ms)
			LogAssemblyErrors (0ms)
			InitializePlatformSupportModulesInManaged (6ms)
			SetLoadedEditorAssemblies (5ms)
			RefreshPlugins (0ms)
			BeforeProcessingInitializeOnLoad (77ms)
			ProcessInitializeOnLoadAttributes (295ms)
			ProcessInitializeOnLoadMethodAttributes (29ms)
			AfterProcessingInitializeOnLoad (2ms)
			EditorAssembliesLoaded (0ms)
		ExecutionOrderSort2 (0ms)
		AwakeInstancesAfterBackupRestoration (13ms)
Refreshing native plugins compatible for Editor in 6.60 ms, found 7 plugins.
Preloading 0 native plugins for Editor in 0.00 ms.
Unloading 4248 Unused Serialized files (Serialized files now loaded: 0)
Unloading 27 unused Assets / (213.5 KB). Loaded Objects now: 4980.
Memory consumption went from 150.0 MB to 149.8 MB.
Total: 4.021100 ms (FindLiveObjects: 0.526900 ms CreateObjectMapping: 0.169800 ms MarkObjects: 3.099200 ms  DeleteObjects: 0.223700 ms)

Prepare: number of updated asset objects reloaded= 0
AssetImportParameters requested are different than current active one (requested -> active):
  custom:container-demuxer-ogg: 62fdf1f143b41e24485cea50d1cbac27 -> 
  custom:video-codec-MediaFoundation-h265: 746d11721c4dcdbdad8f713fa42b33f4 -> 
  custom:video-decoder-ogg-theora: a1e56fd34408186e4bbccfd4996cb3dc -> 
  custom:framework-win-MediaFoundation: 216162199b28c13a410421893ffa2e32 -> 
  custom:CustomObjectIndexerAttribute: 9a22284fe3817be447336de3de66b15e -> 
  custom:container-demuxer-webm: 4f35f7cbe854078d1ac9338744f61a02 -> 
  custom:container-muxer-webm: aa71ff27fc2769a1b78a27578f13a17b -> 
  custom:video-decoder-webm-vp8: 9c59270c3fd7afecdb556c50c9e8de78 -> 
  custom:SearchIndexIgnoredProperties: e643bd26f0fe6173181afceb89e7c659 -> 
  custom:AudioImporter_EditorPlatform: d09bf68614088b80899f8185d706f6e7 -> 
  custom:video-encoder-webm-vp8: eb34c28f22e8b96e1ab97ce403110664 -> 
  custom:audio-decoder-ogg-vorbis: bf7c407c2cedff20999df2af8eb42d56 -> 
  custom:audio-encoder-webm-vorbis: bf7c407c2cedff20999df2af8eb42d56 -> 
========================================================================
Received Prepare
Caller must complete domain reload
Begin MonoManager ReloadAssembly
- Loaded All Assemblies, in  0.568 seconds
Native extension for WindowsStandalone target not found
Native extension for WebGL target not found
Mono: successfully reloaded assembly
- Finished resetting the current domain, in  1.048 seconds
Domain Reload Profiling: 1616ms
	BeginReloadAssembly (173ms)
		ExecutionOrderSort (0ms)
		DisableScriptedObjects (13ms)
		BackupInstance (0ms)
		ReleaseScriptingObjects (0ms)
		CreateAndSetChildDomain (40ms)
	RebuildCommonClasses (34ms)
	RebuildNativeTypeToScriptingClass (11ms)
	initialDomainReloadingComplete (28ms)
	LoadAllAssembliesAndSetupDomain (320ms)
		LoadAssemblies (384ms)
		RebuildTransferFunctionScriptingTraits (0ms)
		AnalyzeDomain (27ms)
			TypeCache.Refresh (9ms)
				TypeCache.ScanAssembly (0ms)
			ScanForSourceGeneratedMonoScriptInfo (11ms)
			ResolveRequiredComponents (6ms)
	FinalizeReload (1049ms)
		ReleaseScriptCaches (0ms)
		RebuildScriptCaches (0ms)
		SetupLoadedEditorAssemblies (423ms)
			LogAssemblyErrors (0ms)
			InitializePlatformSupportModulesInManaged (6ms)
			SetLoadedEditorAssemblies (5ms)
			RefreshPlugins (0ms)
			BeforeProcessingInitializeOnLoad (76ms)
			ProcessInitializeOnLoadAttributes (304ms)
			ProcessInitializeOnLoadMethodAttributes (30ms)
			AfterProcessingInitializeOnLoad (3ms)
			EditorAssembliesLoaded (0ms)
		ExecutionOrderSort2 (0ms)
		AwakeInstancesAfterBackupRestoration (13ms)
Refreshing native plugins compatible for Editor in 8.86 ms, found 7 plugins.
Preloading 0 native plugins for Editor in 0.00 ms.
Unloading 4248 Unused Serialized files (Serialized files now loaded: 0)
Unloading 27 unused Assets / (213.7 KB). Loaded Objects now: 4984.
Memory consumption went from 150.0 MB to 149.8 MB.
Total: 4.158000 ms (FindLiveObjects: 0.431300 ms CreateObjectMapping: 0.202200 ms MarkObjects: 3.326900 ms  DeleteObjects: 0.195900 ms)

Prepare: number of updated asset objects reloaded= 0
AssetImportParameters requested are different than current active one (requested -> active):
  custom:container-demuxer-ogg: 62fdf1f143b41e24485cea50d1cbac27 -> 
  custom:video-codec-MediaFoundation-h265: 746d11721c4dcdbdad8f713fa42b33f4 -> 
  custom:video-decoder-ogg-theora: a1e56fd34408186e4bbccfd4996cb3dc -> 
  custom:framework-win-MediaFoundation: 216162199b28c13a410421893ffa2e32 -> 
  custom:CustomObjectIndexerAttribute: 9a22284fe3817be447336de3de66b15e -> 
  custom:container-demuxer-webm: 4f35f7cbe854078d1ac9338744f61a02 -> 
  custom:container-muxer-webm: aa71ff27fc2769a1b78a27578f13a17b -> 
  custom:video-decoder-webm-vp8: 9c59270c3fd7afecdb556c50c9e8de78 -> 
  custom:SearchIndexIgnoredProperties: e643bd26f0fe6173181afceb89e7c659 -> 
  custom:AudioImporter_EditorPlatform: d09bf68614088b80899f8185d706f6e7 -> 
  custom:video-encoder-webm-vp8: eb34c28f22e8b96e1ab97ce403110664 -> 
  custom:audio-decoder-ogg-vorbis: bf7c407c2cedff20999df2af8eb42d56 -> 
  custom:audio-encoder-webm-vorbis: bf7c407c2cedff20999df2af8eb42d56 -> 
========================================================================
Received Import Request.
  Time since last request: 713.360374 seconds.
  path: Assets/Scripts/TooltipInstance.cs
  artifactKey: Guid(8b50abcb9e0cd50458bf4d5959ee6657) Importer(815301076,1909f56bfc062723c751e8b465ee728b)
Start importing Assets/Scripts/TooltipInstance.cs using Guid(8b50abcb9e0cd50458bf4d5959ee6657) Importer(815301076,1909f56bfc062723c751e8b465ee728b) [PhysX] Initialized MultithreadedTaskDispatcher with 16 workers.
 -> (artifact id: '2c0dd66c3fdc19af8f34b1d170ac7722') in 0.002935 seconds
Number of updated asset objects reloaded before import = 0
Number of asset objects unloaded after import = 0
========================================================================
Received Prepare
Caller must complete domain reload
Begin MonoManager ReloadAssembly
- Loaded All Assemblies, in  0.580 seconds
Native extension for WindowsStandalone target not found
Native extension for WebGL target not found
Mono: successfully reloaded assembly
- Finished resetting the current domain, in  1.010 seconds
Domain Reload Profiling: 1590ms
	BeginReloadAssembly (189ms)
		ExecutionOrderSort (0ms)
		DisableScriptedObjects (13ms)
		BackupInstance (0ms)
		ReleaseScriptingObjects (0ms)
		CreateAndSetChildDomain (40ms)
	RebuildCommonClasses (42ms)
	RebuildNativeTypeToScriptingClass (13ms)
	initialDomainReloadingComplete (27ms)
	LoadAllAssembliesAndSetupDomain (307ms)
		LoadAssemblies (380ms)
		RebuildTransferFunctionScriptingTraits (0ms)
		AnalyzeDomain (29ms)
			TypeCache.Refresh (10ms)
				TypeCache.ScanAssembly (0ms)
			ScanForSourceGeneratedMonoScriptInfo (12ms)
			ResolveRequiredComponents (6ms)
	FinalizeReload (1011ms)
		ReleaseScriptCaches (0ms)
		RebuildScriptCaches (0ms)
		SetupLoadedEditorAssemblies (413ms)
			LogAssemblyErrors (0ms)
			InitializePlatformSupportModulesInManaged (6ms)
			SetLoadedEditorAssemblies (5ms)
			RefreshPlugins (0ms)
			BeforeProcessingInitializeOnLoad (68ms)
			ProcessInitializeOnLoadAttributes (300ms)
			ProcessInitializeOnLoadMethodAttributes (31ms)
			AfterProcessingInitializeOnLoad (3ms)
			EditorAssembliesLoaded (0ms)
		ExecutionOrderSort2 (0ms)
		AwakeInstancesAfterBackupRestoration (15ms)
Refreshing native plugins compatible for Editor in 8.11 ms, found 7 plugins.
Preloading 0 native plugins for Editor in 0.00 ms.
Unloading 4247 Unused Serialized files (Serialized files now loaded: 0)
Unloading 27 unused Assets / (213.9 KB). Loaded Objects now: 4988.
Memory consumption went from 149.8 MB to 149.6 MB.
Total: 3.693100 ms (FindLiveObjects: 0.411600 ms CreateObjectMapping: 0.206100 ms MarkObjects: 2.868700 ms  DeleteObjects: 0.205200 ms)

Prepare: number of updated asset objects reloaded= 0
AssetImportParameters requested are different than current active one (requested -> active):
  custom:container-demuxer-ogg: 62fdf1f143b41e24485cea50d1cbac27 -> 
  custom:video-codec-MediaFoundation-h265: 746d11721c4dcdbdad8f713fa42b33f4 -> 
  custom:video-decoder-ogg-theora: a1e56fd34408186e4bbccfd4996cb3dc -> 
  custom:framework-win-MediaFoundation: 216162199b28c13a410421893ffa2e32 -> 
  custom:CustomObjectIndexerAttribute: 9a22284fe3817be447336de3de66b15e -> 
  custom:container-demuxer-webm: 4f35f7cbe854078d1ac9338744f61a02 -> 
  custom:container-muxer-webm: aa71ff27fc2769a1b78a27578f13a17b -> 
  custom:video-decoder-webm-vp8: 9c59270c3fd7afecdb556c50c9e8de78 -> 
  custom:SearchIndexIgnoredProperties: e643bd26f0fe6173181afceb89e7c659 -> 
  custom:AudioImporter_EditorPlatform: d09bf68614088b80899f8185d706f6e7 -> 
  custom:video-encoder-webm-vp8: eb34c28f22e8b96e1ab97ce403110664 -> 
  custom:audio-decoder-ogg-vorbis: bf7c407c2cedff20999df2af8eb42d56 -> 
  custom:audio-encoder-webm-vorbis: bf7c407c2cedff20999df2af8eb42d56 -> 
========================================================================
Received Prepare
Caller must complete domain reload
Begin MonoManager ReloadAssembly
- Loaded All Assemblies, in  0.516 seconds
Native extension for WindowsStandalone target not found
Native extension for WebGL target not found
Mono: successfully reloaded assembly
- Finished resetting the current domain, in  1.058 seconds
Domain Reload Profiling: 1573ms
	BeginReloadAssembly (162ms)
		ExecutionOrderSort (0ms)
		DisableScriptedObjects (12ms)
		BackupInstance (0ms)
		ReleaseScriptingObjects (0ms)
		CreateAndSetChildDomain (35ms)
	RebuildCommonClasses (37ms)
	RebuildNativeTypeToScriptingClass (12ms)
	initialDomainReloadingComplete (33ms)
	LoadAllAssembliesAndSetupDomain (271ms)
		LoadAssemblies (345ms)
		RebuildTransferFunctionScriptingTraits (0ms)
		AnalyzeDomain (13ms)
			TypeCache.Refresh (6ms)
				TypeCache.ScanAssembly (0ms)
			ScanForSourceGeneratedMonoScriptInfo (0ms)
			ResolveRequiredComponents (6ms)
	FinalizeReload (1059ms)
		ReleaseScriptCaches (0ms)
		RebuildScriptCaches (0ms)
		SetupLoadedEditorAssemblies (440ms)
			LogAssemblyErrors (0ms)
			InitializePlatformSupportModulesInManaged (6ms)
			SetLoadedEditorAssemblies (5ms)
			RefreshPlugins (0ms)
			BeforeProcessingInitializeOnLoad (68ms)
			ProcessInitializeOnLoadAttributes (320ms)
			ProcessInitializeOnLoadMethodAttributes (37ms)
			AfterProcessingInitializeOnLoad (4ms)
			EditorAssembliesLoaded (1ms)
		ExecutionOrderSort2 (0ms)
		AwakeInstancesAfterBackupRestoration (21ms)
Refreshing native plugins compatible for Editor in 11.92 ms, found 7 plugins.
Preloading 0 native plugins for Editor in 0.00 ms.
Unloading 4248 Unused Serialized files (Serialized files now loaded: 0)
Unloading 27 unused Assets / (213.8 KB). Loaded Objects now: 4992.
Memory consumption went from 150.0 MB to 149.8 MB.
Total: 7.595900 ms (FindLiveObjects: 0.742900 ms CreateObjectMapping: 0.347000 ms MarkObjects: 6.094200 ms  DeleteObjects: 0.409000 ms)

Prepare: number of updated asset objects reloaded= 0
AssetImportParameters requested are different than current active one (requested -> active):
  custom:container-demuxer-ogg: 62fdf1f143b41e24485cea50d1cbac27 -> 
  custom:video-codec-MediaFoundation-h265: 746d11721c4dcdbdad8f713fa42b33f4 -> 
  custom:video-decoder-ogg-theora: a1e56fd34408186e4bbccfd4996cb3dc -> 
  custom:framework-win-MediaFoundation: 216162199b28c13a410421893ffa2e32 -> 
  custom:CustomObjectIndexerAttribute: 9a22284fe3817be447336de3de66b15e -> 
  custom:container-demuxer-webm: 4f35f7cbe854078d1ac9338744f61a02 -> 
  custom:container-muxer-webm: aa71ff27fc2769a1b78a27578f13a17b -> 
  custom:video-decoder-webm-vp8: 9c59270c3fd7afecdb556c50c9e8de78 -> 
  custom:SearchIndexIgnoredProperties: e643bd26f0fe6173181afceb89e7c659 -> 
  custom:AudioImporter_EditorPlatform: d09bf68614088b80899f8185d706f6e7 -> 
  custom:video-encoder-webm-vp8: eb34c28f22e8b96e1ab97ce403110664 -> 
  custom:audio-decoder-ogg-vorbis: bf7c407c2cedff20999df2af8eb42d56 -> 
  custom:audio-encoder-webm-vorbis: bf7c407c2cedff20999df2af8eb42d56 -> 
========================================================================
Received Prepare
Caller must complete domain reload
Begin MonoManager ReloadAssembly
- Loaded All Assemblies, in  0.541 seconds
Native extension for WindowsStandalone target not found
Native extension for WebGL target not found
Mono: successfully reloaded assembly
- Finished resetting the current domain, in  1.120 seconds
Domain Reload Profiling: 1660ms
	BeginReloadAssembly (167ms)
		ExecutionOrderSort (0ms)
		DisableScriptedObjects (13ms)
		BackupInstance (0ms)
		ReleaseScriptingObjects (0ms)
		CreateAndSetChildDomain (38ms)
	RebuildCommonClasses (35ms)
	RebuildNativeTypeToScriptingClass (12ms)
	initialDomainReloadingComplete (30ms)
	LoadAllAssembliesAndSetupDomain (295ms)
		LoadAssemblies (346ms)
		RebuildTransferFunctionScriptingTraits (0ms)
		AnalyzeDomain (32ms)
			TypeCache.Refresh (11ms)
				TypeCache.ScanAssembly (0ms)
			ScanForSourceGeneratedMonoScriptInfo (13ms)
			ResolveRequiredComponents (7ms)
	FinalizeReload (1120ms)
		ReleaseScriptCaches (0ms)
		RebuildScriptCaches (0ms)
		SetupLoadedEditorAssemblies (452ms)
			LogAssemblyErrors (0ms)
			InitializePlatformSupportModulesInManaged (6ms)
			SetLoadedEditorAssemblies (6ms)
			RefreshPlugins (0ms)
			BeforeProcessingInitializeOnLoad (82ms)
			ProcessInitializeOnLoadAttributes (321ms)
			ProcessInitializeOnLoadMethodAttributes (34ms)
			AfterProcessingInitializeOnLoad (3ms)
			EditorAssembliesLoaded (0ms)
		ExecutionOrderSort2 (0ms)
		AwakeInstancesAfterBackupRestoration (16ms)
Refreshing native plugins compatible for Editor in 7.19 ms, found 7 plugins.
Preloading 0 native plugins for Editor in 0.00 ms.
Unloading 4248 Unused Serialized files (Serialized files now loaded: 0)
Unloading 27 unused Assets / (213.6 KB). Loaded Objects now: 4996.
Memory consumption went from 150.0 MB to 149.8 MB.
Total: 3.588000 ms (FindLiveObjects: 0.398400 ms CreateObjectMapping: 0.108900 ms MarkObjects: 2.795000 ms  DeleteObjects: 0.283400 ms)

Prepare: number of updated asset objects reloaded= 0
AssetImportParameters requested are different than current active one (requested -> active):
  custom:container-demuxer-ogg: 62fdf1f143b41e24485cea50d1cbac27 -> 
  custom:video-codec-MediaFoundation-h265: 746d11721c4dcdbdad8f713fa42b33f4 -> 
  custom:video-decoder-ogg-theora: a1e56fd34408186e4bbccfd4996cb3dc -> 
  custom:framework-win-MediaFoundation: 216162199b28c13a410421893ffa2e32 -> 
  custom:CustomObjectIndexerAttribute: 9a22284fe3817be447336de3de66b15e -> 
  custom:container-demuxer-webm: 4f35f7cbe854078d1ac9338744f61a02 -> 
  custom:container-muxer-webm: aa71ff27fc2769a1b78a27578f13a17b -> 
  custom:video-decoder-webm-vp8: 9c59270c3fd7afecdb556c50c9e8de78 -> 
  custom:SearchIndexIgnoredProperties: e643bd26f0fe6173181afceb89e7c659 -> 
  custom:AudioImporter_EditorPlatform: d09bf68614088b80899f8185d706f6e7 -> 
  custom:video-encoder-webm-vp8: eb34c28f22e8b96e1ab97ce403110664 -> 
  custom:audio-decoder-ogg-vorbis: bf7c407c2cedff20999df2af8eb42d56 -> 
  custom:audio-encoder-webm-vorbis: bf7c407c2cedff20999df2af8eb42d56 -> 
========================================================================
Received Prepare
Caller must complete domain reload
Begin MonoManager ReloadAssembly
- Loaded All Assemblies, in  0.510 seconds
Native extension for WindowsStandalone target not found
Native extension for WebGL target not found
Mono: successfully reloaded assembly
- Finished resetting the current domain, in  1.059 seconds
Domain Reload Profiling: 1569ms
	BeginReloadAssembly (163ms)
		ExecutionOrderSort (0ms)
		DisableScriptedObjects (13ms)
		BackupInstance (0ms)
		ReleaseScriptingObjects (0ms)
		CreateAndSetChildDomain (38ms)
	RebuildCommonClasses (38ms)
	RebuildNativeTypeToScriptingClass (15ms)
	initialDomainReloadingComplete (31ms)
	LoadAllAssembliesAndSetupDomain (262ms)
		LoadAssemblies (327ms)
		RebuildTransferFunctionScriptingTraits (0ms)
		AnalyzeDomain (16ms)
			TypeCache.Refresh (8ms)
				TypeCache.ScanAssembly (0ms)
			ScanForSourceGeneratedMonoScriptInfo (0ms)
			ResolveRequiredComponents (7ms)
	FinalizeReload (1060ms)
		ReleaseScriptCaches (0ms)
		RebuildScriptCaches (0ms)
		SetupLoadedEditorAssemblies (458ms)
			LogAssemblyErrors (0ms)
			InitializePlatformSupportModulesInManaged (7ms)
			SetLoadedEditorAssemblies (5ms)
			RefreshPlugins (0ms)
			BeforeProcessingInitializeOnLoad (71ms)
			ProcessInitializeOnLoadAttributes (338ms)
			ProcessInitializeOnLoadMethodAttributes (33ms)
			AfterProcessingInitializeOnLoad (3ms)
			EditorAssembliesLoaded (0ms)
		ExecutionOrderSort2 (0ms)
		AwakeInstancesAfterBackupRestoration (15ms)
Refreshing native plugins compatible for Editor in 7.31 ms, found 7 plugins.
Preloading 0 native plugins for Editor in 0.00 ms.
Unloading 4248 Unused Serialized files (Serialized files now loaded: 0)
Unloading 27 unused Assets / (213.6 KB). Loaded Objects now: 5000.
Memory consumption went from 150.1 MB to 149.8 MB.
Total: 4.827300 ms (FindLiveObjects: 1.044600 ms CreateObjectMapping: 0.276300 ms MarkObjects: 3.216100 ms  DeleteObjects: 0.288400 ms)

Prepare: number of updated asset objects reloaded= 0
AssetImportParameters requested are different than current active one (requested -> active):
  custom:container-demuxer-ogg: 62fdf1f143b41e24485cea50d1cbac27 -> 
  custom:video-codec-MediaFoundation-h265: 746d11721c4dcdbdad8f713fa42b33f4 -> 
  custom:video-decoder-ogg-theora: a1e56fd34408186e4bbccfd4996cb3dc -> 
  custom:framework-win-MediaFoundation: 216162199b28c13a410421893ffa2e32 -> 
  custom:CustomObjectIndexerAttribute: 9a22284fe3817be447336de3de66b15e -> 
  custom:container-demuxer-webm: 4f35f7cbe854078d1ac9338744f61a02 -> 
  custom:container-muxer-webm: aa71ff27fc2769a1b78a27578f13a17b -> 
  custom:video-decoder-webm-vp8: 9c59270c3fd7afecdb556c50c9e8de78 -> 
  custom:SearchIndexIgnoredProperties: e643bd26f0fe6173181afceb89e7c659 -> 
  custom:AudioImporter_EditorPlatform: d09bf68614088b80899f8185d706f6e7 -> 
  custom:video-encoder-webm-vp8: eb34c28f22e8b96e1ab97ce403110664 -> 
  custom:audio-decoder-ogg-vorbis: bf7c407c2cedff20999df2af8eb42d56 -> 
  custom:audio-encoder-webm-vorbis: bf7c407c2cedff20999df2af8eb42d56 -> 
========================================================================
Received Prepare
Caller must complete domain reload
Begin MonoManager ReloadAssembly
- Loaded All Assemblies, in  0.561 seconds
Native extension for WindowsStandalone target not found
Native extension for WebGL target not found
Mono: successfully reloaded assembly
- Finished resetting the current domain, in  1.043 seconds
Domain Reload Profiling: 1603ms
	BeginReloadAssembly (169ms)
		ExecutionOrderSort (0ms)
		DisableScriptedObjects (12ms)
		BackupInstance (0ms)
		ReleaseScriptingObjects (0ms)
		CreateAndSetChildDomain (42ms)
	RebuildCommonClasses (36ms)
	RebuildNativeTypeToScriptingClass (12ms)
	initialDomainReloadingComplete (31ms)
	LoadAllAssembliesAndSetupDomain (314ms)
		LoadAssemblies (368ms)
		RebuildTransferFunctionScriptingTraits (0ms)
		AnalyzeDomain (30ms)
			TypeCache.Refresh (9ms)
				TypeCache.ScanAssembly (0ms)
			ScanForSourceGeneratedMonoScriptInfo (11ms)
			ResolveRequiredComponents (9ms)
	FinalizeReload (1043ms)
		ReleaseScriptCaches (0ms)
		RebuildScriptCaches (0ms)
		SetupLoadedEditorAssemblies (415ms)
			LogAssemblyErrors (0ms)
			InitializePlatformSupportModulesInManaged (6ms)
			SetLoadedEditorAssemblies (5ms)
			RefreshPlugins (0ms)
			BeforeProcessingInitializeOnLoad (71ms)
			ProcessInitializeOnLoadAttributes (296ms)
			ProcessInitializeOnLoadMethodAttributes (34ms)
			AfterProcessingInitializeOnLoad (2ms)
			EditorAssembliesLoaded (0ms)
		ExecutionOrderSort2 (0ms)
		AwakeInstancesAfterBackupRestoration (13ms)
Refreshing native plugins compatible for Editor in 8.81 ms, found 7 plugins.
Preloading 0 native plugins for Editor in 0.00 ms.
Unloading 4248 Unused Serialized files (Serialized files now loaded: 0)
Unloading 27 unused Assets / (213.8 KB). Loaded Objects now: 5004.
Memory consumption went from 150.1 MB to 149.9 MB.
Total: 4.262400 ms (FindLiveObjects: 0.616400 ms CreateObjectMapping: 0.232300 ms MarkObjects: 3.180700 ms  DeleteObjects: 0.231500 ms)

Prepare: number of updated asset objects reloaded= 0
AssetImportParameters requested are different than current active one (requested -> active):
  custom:container-demuxer-ogg: 62fdf1f143b41e24485cea50d1cbac27 -> 
  custom:video-codec-MediaFoundation-h265: 746d11721c4dcdbdad8f713fa42b33f4 -> 
  custom:video-decoder-ogg-theora: a1e56fd34408186e4bbccfd4996cb3dc -> 
  custom:framework-win-MediaFoundation: 216162199b28c13a410421893ffa2e32 -> 
  custom:CustomObjectIndexerAttribute: 9a22284fe3817be447336de3de66b15e -> 
  custom:container-demuxer-webm: 4f35f7cbe854078d1ac9338744f61a02 -> 
  custom:container-muxer-webm: aa71ff27fc2769a1b78a27578f13a17b -> 
  custom:video-decoder-webm-vp8: 9c59270c3fd7afecdb556c50c9e8de78 -> 
  custom:SearchIndexIgnoredProperties: e643bd26f0fe6173181afceb89e7c659 -> 
  custom:AudioImporter_EditorPlatform: d09bf68614088b80899f8185d706f6e7 -> 
  custom:video-encoder-webm-vp8: eb34c28f22e8b96e1ab97ce403110664 -> 
  custom:audio-decoder-ogg-vorbis: bf7c407c2cedff20999df2af8eb42d56 -> 
  custom:audio-encoder-webm-vorbis: bf7c407c2cedff20999df2af8eb42d56 -> 
========================================================================
Received Prepare
Caller must complete domain reload
Begin MonoManager ReloadAssembly
- Loaded All Assemblies, in  0.499 seconds
Native extension for WindowsStandalone target not found
Native extension for WebGL target not found
Mono: successfully reloaded assembly
- Finished resetting the current domain, in  1.049 seconds
Domain Reload Profiling: 1547ms
	BeginReloadAssembly (161ms)
		ExecutionOrderSort (0ms)
		DisableScriptedObjects (11ms)
		BackupInstance (0ms)
		ReleaseScriptingObjects (0ms)
		CreateAndSetChildDomain (38ms)
	RebuildCommonClasses (36ms)
	RebuildNativeTypeToScriptingClass (14ms)
	initialDomainReloadingComplete (26ms)
	LoadAllAssembliesAndSetupDomain (260ms)
		LoadAssemblies (331ms)
		RebuildTransferFunctionScriptingTraits (0ms)
		AnalyzeDomain (13ms)
			TypeCache.Refresh (6ms)
				TypeCache.ScanAssembly (0ms)
			ScanForSourceGeneratedMonoScriptInfo (0ms)
			ResolveRequiredComponents (6ms)
	FinalizeReload (1050ms)
		ReleaseScriptCaches (0ms)
		RebuildScriptCaches (0ms)
		SetupLoadedEditorAssemblies (449ms)
			LogAssemblyErrors (0ms)
			InitializePlatformSupportModulesInManaged (6ms)
			SetLoadedEditorAssemblies (6ms)
			RefreshPlugins (0ms)
			BeforeProcessingInitializeOnLoad (70ms)
			ProcessInitializeOnLoadAttributes (322ms)
			ProcessInitializeOnLoadMethodAttributes (42ms)
			AfterProcessingInitializeOnLoad (3ms)
			EditorAssembliesLoaded (0ms)
		ExecutionOrderSort2 (0ms)
		AwakeInstancesAfterBackupRestoration (14ms)
Refreshing native plugins compatible for Editor in 8.95 ms, found 7 plugins.
Preloading 0 native plugins for Editor in 0.00 ms.
Unloading 4248 Unused Serialized files (Serialized files now loaded: 0)
Unloading 27 unused Assets / (213.8 KB). Loaded Objects now: 5008.
Memory consumption went from 150.1 MB to 149.9 MB.
Total: 9.161400 ms (FindLiveObjects: 1.165800 ms CreateObjectMapping: 0.580800 ms MarkObjects: 6.870400 ms  DeleteObjects: 0.540600 ms)

Prepare: number of updated asset objects reloaded= 0
AssetImportParameters requested are different than current active one (requested -> active):
  custom:container-demuxer-ogg: 62fdf1f143b41e24485cea50d1cbac27 -> 
  custom:video-codec-MediaFoundation-h265: 746d11721c4dcdbdad8f713fa42b33f4 -> 
  custom:video-decoder-ogg-theora: a1e56fd34408186e4bbccfd4996cb3dc -> 
  custom:framework-win-MediaFoundation: 216162199b28c13a410421893ffa2e32 -> 
  custom:CustomObjectIndexerAttribute: 9a22284fe3817be447336de3de66b15e -> 
  custom:container-demuxer-webm: 4f35f7cbe854078d1ac9338744f61a02 -> 
  custom:container-muxer-webm: aa71ff27fc2769a1b78a27578f13a17b -> 
  custom:video-decoder-webm-vp8: 9c59270c3fd7afecdb556c50c9e8de78 -> 
  custom:SearchIndexIgnoredProperties: e643bd26f0fe6173181afceb89e7c659 -> 
  custom:AudioImporter_EditorPlatform: d09bf68614088b80899f8185d706f6e7 -> 
  custom:video-encoder-webm-vp8: eb34c28f22e8b96e1ab97ce403110664 -> 
  custom:audio-decoder-ogg-vorbis: bf7c407c2cedff20999df2af8eb42d56 -> 
  custom:audio-encoder-webm-vorbis: bf7c407c2cedff20999df2af8eb42d56 -> 
========================================================================
Received Prepare
Caller must complete domain reload
Begin MonoManager ReloadAssembly
- Loaded All Assemblies, in  0.520 seconds
Native extension for WindowsStandalone target not found
Native extension for WebGL target not found
Mono: successfully reloaded assembly
- Finished resetting the current domain, in  1.005 seconds
Domain Reload Profiling: 1525ms
	BeginReloadAssembly (169ms)
		ExecutionOrderSort (0ms)
		DisableScriptedObjects (13ms)
		BackupInstance (0ms)
		ReleaseScriptingObjects (0ms)
		CreateAndSetChildDomain (36ms)
	RebuildCommonClasses (34ms)
	RebuildNativeTypeToScriptingClass (12ms)
	initialDomainReloadingComplete (30ms)
	LoadAllAssembliesAndSetupDomain (274ms)
		LoadAssemblies (338ms)
		RebuildTransferFunctionScriptingTraits (0ms)
		AnalyzeDomain (29ms)
			TypeCache.Refresh (10ms)
				TypeCache.ScanAssembly (0ms)
			ScanForSourceGeneratedMonoScriptInfo (11ms)
			ResolveRequiredComponents (7ms)
	FinalizeReload (1006ms)
		ReleaseScriptCaches (0ms)
		RebuildScriptCaches (0ms)
		SetupLoadedEditorAssemblies (435ms)
			LogAssemblyErrors (0ms)
			InitializePlatformSupportModulesInManaged (6ms)
			SetLoadedEditorAssemblies (5ms)
			RefreshPlugins (0ms)
			BeforeProcessingInitializeOnLoad (70ms)
			ProcessInitializeOnLoadAttributes (319ms)
			ProcessInitializeOnLoadMethodAttributes (32ms)
			AfterProcessingInitializeOnLoad (3ms)
			EditorAssembliesLoaded (0ms)
		ExecutionOrderSort2 (0ms)
		AwakeInstancesAfterBackupRestoration (15ms)
Refreshing native plugins compatible for Editor in 9.33 ms, found 7 plugins.
Preloading 0 native plugins for Editor in 0.00 ms.
Unloading 4248 Unused Serialized files (Serialized files now loaded: 0)
Unloading 27 unused Assets / (213.5 KB). Loaded Objects now: 5012.
Memory consumption went from 150.1 MB to 149.9 MB.
Total: 10.343200 ms (FindLiveObjects: 1.288600 ms CreateObjectMapping: 0.762200 ms MarkObjects: 7.538500 ms  DeleteObjects: 0.750300 ms)

Prepare: number of updated asset objects reloaded= 0
AssetImportParameters requested are different than current active one (requested -> active):
  custom:container-demuxer-ogg: 62fdf1f143b41e24485cea50d1cbac27 -> 
  custom:video-codec-MediaFoundation-h265: 746d11721c4dcdbdad8f713fa42b33f4 -> 
  custom:video-decoder-ogg-theora: a1e56fd34408186e4bbccfd4996cb3dc -> 
  custom:framework-win-MediaFoundation: 216162199b28c13a410421893ffa2e32 -> 
  custom:CustomObjectIndexerAttribute: 9a22284fe3817be447336de3de66b15e -> 
  custom:container-demuxer-webm: 4f35f7cbe854078d1ac9338744f61a02 -> 
  custom:container-muxer-webm: aa71ff27fc2769a1b78a27578f13a17b -> 
  custom:video-decoder-webm-vp8: 9c59270c3fd7afecdb556c50c9e8de78 -> 
  custom:SearchIndexIgnoredProperties: e643bd26f0fe6173181afceb89e7c659 -> 
  custom:AudioImporter_EditorPlatform: d09bf68614088b80899f8185d706f6e7 -> 
  custom:video-encoder-webm-vp8: eb34c28f22e8b96e1ab97ce403110664 -> 
  custom:audio-decoder-ogg-vorbis: bf7c407c2cedff20999df2af8eb42d56 -> 
  custom:audio-encoder-webm-vorbis: bf7c407c2cedff20999df2af8eb42d56 -> 
========================================================================
Received Prepare
Caller must complete domain reload
Begin MonoManager ReloadAssembly
- Loaded All Assemblies, in  0.520 seconds
Native extension for WindowsStandalone target not found
Native extension for WebGL target not found
Mono: successfully reloaded assembly
- Finished resetting the current domain, in  1.075 seconds
Domain Reload Profiling: 1594ms
	BeginReloadAssembly (162ms)
		ExecutionOrderSort (0ms)
		DisableScriptedObjects (12ms)
		BackupInstance (0ms)
		ReleaseScriptingObjects (0ms)
		CreateAndSetChildDomain (39ms)
	RebuildCommonClasses (35ms)
	RebuildNativeTypeToScriptingClass (11ms)
	initialDomainReloadingComplete (42ms)
	LoadAllAssembliesAndSetupDomain (268ms)
		LoadAssemblies (337ms)
		RebuildTransferFunctionScriptingTraits (0ms)
		AnalyzeDomain (13ms)
			TypeCache.Refresh (6ms)
				TypeCache.ScanAssembly (0ms)
			ScanForSourceGeneratedMonoScriptInfo (0ms)
			ResolveRequiredComponents (6ms)
	FinalizeReload (1076ms)
		ReleaseScriptCaches (0ms)
		RebuildScriptCaches (0ms)
		SetupLoadedEditorAssemblies (464ms)
			LogAssemblyErrors (0ms)
			InitializePlatformSupportModulesInManaged (8ms)
			SetLoadedEditorAssemblies (6ms)
			RefreshPlugins (0ms)
			BeforeProcessingInitializeOnLoad (71ms)
			ProcessInitializeOnLoadAttributes (342ms)
			ProcessInitializeOnLoadMethodAttributes (33ms)
			AfterProcessingInitializeOnLoad (3ms)
			EditorAssembliesLoaded (0ms)
		ExecutionOrderSort2 (0ms)
		AwakeInstancesAfterBackupRestoration (16ms)
Refreshing native plugins compatible for Editor in 9.96 ms, found 7 plugins.
Preloading 0 native plugins for Editor in 0.00 ms.
Unloading 4248 Unused Serialized files (Serialized files now loaded: 0)
Unloading 27 unused Assets / (213.8 KB). Loaded Objects now: 5016.
Memory consumption went from 150.1 MB to 149.9 MB.
Total: 3.934400 ms (FindLiveObjects: 0.417500 ms CreateObjectMapping: 0.113800 ms MarkObjects: 3.083200 ms  DeleteObjects: 0.318600 ms)

Prepare: number of updated asset objects reloaded= 0
AssetImportParameters requested are different than current active one (requested -> active):
  custom:container-demuxer-ogg: 62fdf1f143b41e24485cea50d1cbac27 -> 
  custom:video-codec-MediaFoundation-h265: 746d11721c4dcdbdad8f713fa42b33f4 -> 
  custom:video-decoder-ogg-theora: a1e56fd34408186e4bbccfd4996cb3dc -> 
  custom:framework-win-MediaFoundation: 216162199b28c13a410421893ffa2e32 -> 
  custom:CustomObjectIndexerAttribute: 9a22284fe3817be447336de3de66b15e -> 
  custom:container-demuxer-webm: 4f35f7cbe854078d1ac9338744f61a02 -> 
  custom:container-muxer-webm: aa71ff27fc2769a1b78a27578f13a17b -> 
  custom:video-decoder-webm-vp8: 9c59270c3fd7afecdb556c50c9e8de78 -> 
  custom:SearchIndexIgnoredProperties: e643bd26f0fe6173181afceb89e7c659 -> 
  custom:AudioImporter_EditorPlatform: d09bf68614088b80899f8185d706f6e7 -> 
  custom:video-encoder-webm-vp8: eb34c28f22e8b96e1ab97ce403110664 -> 
  custom:audio-decoder-ogg-vorbis: bf7c407c2cedff20999df2af8eb42d56 -> 
  custom:audio-encoder-webm-vorbis: bf7c407c2cedff20999df2af8eb42d56 -> 
========================================================================
Received Prepare
Caller must complete domain reload
Begin MonoManager ReloadAssembly
- Loaded All Assemblies, in  0.545 seconds
Native extension for WindowsStandalone target not found
Native extension for WebGL target not found
Mono: successfully reloaded assembly
- Finished resetting the current domain, in  0.958 seconds
Domain Reload Profiling: 1502ms
	BeginReloadAssembly (178ms)
		ExecutionOrderSort (0ms)
		DisableScriptedObjects (15ms)
		BackupInstance (0ms)
		ReleaseScriptingObjects (0ms)
		CreateAndSetChildDomain (39ms)
	RebuildCommonClasses (36ms)
	RebuildNativeTypeToScriptingClass (12ms)
	initialDomainReloadingComplete (28ms)
	LoadAllAssembliesAndSetupDomain (289ms)
		LoadAssemblies (354ms)
		RebuildTransferFunctionScriptingTraits (0ms)
		AnalyzeDomain (31ms)
			TypeCache.Refresh (9ms)
				TypeCache.ScanAssembly (0ms)
			ScanForSourceGeneratedMonoScriptInfo (14ms)
			ResolveRequiredComponents (7ms)
	FinalizeReload (958ms)
		ReleaseScriptCaches (0ms)
		RebuildScriptCaches (0ms)
		SetupLoadedEditorAssemblies (400ms)
			LogAssemblyErrors (0ms)
			InitializePlatformSupportModulesInManaged (8ms)
			SetLoadedEditorAssemblies (5ms)
			RefreshPlugins (0ms)
			BeforeProcessingInitializeOnLoad (71ms)
			ProcessInitializeOnLoadAttributes (283ms)
			ProcessInitializeOnLoadMethodAttributes (31ms)
			AfterProcessingInitializeOnLoad (3ms)
			EditorAssembliesLoaded (0ms)
		ExecutionOrderSort2 (0ms)
		AwakeInstancesAfterBackupRestoration (14ms)
Refreshing native plugins compatible for Editor in 9.00 ms, found 7 plugins.
Preloading 0 native plugins for Editor in 0.00 ms.
Unloading 4248 Unused Serialized files (Serialized files now loaded: 0)
Unloading 27 unused Assets / (213.6 KB). Loaded Objects now: 5020.
Memory consumption went from 150.1 MB to 149.9 MB.
Total: 6.224400 ms (FindLiveObjects: 0.840000 ms CreateObjectMapping: 0.626900 ms MarkObjects: 4.438400 ms  DeleteObjects: 0.316600 ms)

Prepare: number of updated asset objects reloaded= 0
AssetImportParameters requested are different than current active one (requested -> active):
  custom:container-demuxer-ogg: 62fdf1f143b41e24485cea50d1cbac27 -> 
  custom:video-codec-MediaFoundation-h265: 746d11721c4dcdbdad8f713fa42b33f4 -> 
  custom:video-decoder-ogg-theora: a1e56fd34408186e4bbccfd4996cb3dc -> 
  custom:framework-win-MediaFoundation: 216162199b28c13a410421893ffa2e32 -> 
  custom:CustomObjectIndexerAttribute: 9a22284fe3817be447336de3de66b15e -> 
  custom:container-demuxer-webm: 4f35f7cbe854078d1ac9338744f61a02 -> 
  custom:container-muxer-webm: aa71ff27fc2769a1b78a27578f13a17b -> 
  custom:video-decoder-webm-vp8: 9c59270c3fd7afecdb556c50c9e8de78 -> 
  custom:SearchIndexIgnoredProperties: e643bd26f0fe6173181afceb89e7c659 -> 
  custom:AudioImporter_EditorPlatform: d09bf68614088b80899f8185d706f6e7 -> 
  custom:video-encoder-webm-vp8: eb34c28f22e8b96e1ab97ce403110664 -> 
  custom:audio-decoder-ogg-vorbis: bf7c407c2cedff20999df2af8eb42d56 -> 
  custom:audio-encoder-webm-vorbis: bf7c407c2cedff20999df2af8eb42d56 -> 
========================================================================
Received Prepare
Caller must complete domain reload
Begin MonoManager ReloadAssembly
- Loaded All Assemblies, in  0.485 seconds
Native extension for WindowsStandalone target not found
Native extension for WebGL target not found
Mono: successfully reloaded assembly
- Finished resetting the current domain, in  1.116 seconds
Domain Reload Profiling: 1601ms
	BeginReloadAssembly (153ms)
		ExecutionOrderSort (0ms)
		DisableScriptedObjects (11ms)
		BackupInstance (0ms)
		ReleaseScriptingObjects (0ms)
		CreateAndSetChildDomain (34ms)
	RebuildCommonClasses (34ms)
	RebuildNativeTypeToScriptingClass (12ms)
	initialDomainReloadingComplete (28ms)
	LoadAllAssembliesAndSetupDomain (256ms)
		LoadAssemblies (323ms)
		RebuildTransferFunctionScriptingTraits (0ms)
		AnalyzeDomain (13ms)
			TypeCache.Refresh (6ms)
				TypeCache.ScanAssembly (0ms)
			ScanForSourceGeneratedMonoScriptInfo (0ms)
			ResolveRequiredComponents (6ms)
	FinalizeReload (1117ms)
		ReleaseScriptCaches (0ms)
		RebuildScriptCaches (0ms)
		SetupLoadedEditorAssemblies (466ms)
			LogAssemblyErrors (0ms)
			InitializePlatformSupportModulesInManaged (7ms)
			SetLoadedEditorAssemblies (6ms)
			RefreshPlugins (0ms)
			BeforeProcessingInitializeOnLoad (71ms)
			ProcessInitializeOnLoadAttributes (340ms)
			ProcessInitializeOnLoadMethodAttributes (39ms)
			AfterProcessingInitializeOnLoad (3ms)
			EditorAssembliesLoaded (0ms)
		ExecutionOrderSort2 (0ms)
		AwakeInstancesAfterBackupRestoration (14ms)
Refreshing native plugins compatible for Editor in 8.84 ms, found 7 plugins.
Preloading 0 native plugins for Editor in 0.00 ms.
Unloading 4248 Unused Serialized files (Serialized files now loaded: 0)
Unloading 27 unused Assets / (213.6 KB). Loaded Objects now: 5024.
Memory consumption went from 150.1 MB to 149.9 MB.
Total: 4.374100 ms (FindLiveObjects: 0.645300 ms CreateObjectMapping: 0.122500 ms MarkObjects: 3.381500 ms  DeleteObjects: 0.222700 ms)

Prepare: number of updated asset objects reloaded= 0
AssetImportParameters requested are different than current active one (requested -> active):
  custom:container-demuxer-ogg: 62fdf1f143b41e24485cea50d1cbac27 -> 
  custom:video-codec-MediaFoundation-h265: 746d11721c4dcdbdad8f713fa42b33f4 -> 
  custom:video-decoder-ogg-theora: a1e56fd34408186e4bbccfd4996cb3dc -> 
  custom:framework-win-MediaFoundation: 216162199b28c13a410421893ffa2e32 -> 
  custom:CustomObjectIndexerAttribute: 9a22284fe3817be447336de3de66b15e -> 
  custom:container-demuxer-webm: 4f35f7cbe854078d1ac9338744f61a02 -> 
  custom:container-muxer-webm: aa71ff27fc2769a1b78a27578f13a17b -> 
  custom:video-decoder-webm-vp8: 9c59270c3fd7afecdb556c50c9e8de78 -> 
  custom:SearchIndexIgnoredProperties: e643bd26f0fe6173181afceb89e7c659 -> 
  custom:AudioImporter_EditorPlatform: d09bf68614088b80899f8185d706f6e7 -> 
  custom:video-encoder-webm-vp8: eb34c28f22e8b96e1ab97ce403110664 -> 
  custom:audio-decoder-ogg-vorbis: bf7c407c2cedff20999df2af8eb42d56 -> 
  custom:audio-encoder-webm-vorbis: bf7c407c2cedff20999df2af8eb42d56 -> 
========================================================================
Received Prepare
Caller must complete domain reload
Begin MonoManager ReloadAssembly
- Loaded All Assemblies, in  0.613 seconds
Native extension for WindowsStandalone target not found
Native extension for WebGL target not found
Mono: successfully reloaded assembly
- Finished resetting the current domain, in  1.069 seconds
Domain Reload Profiling: 1682ms
	BeginReloadAssembly (181ms)
		ExecutionOrderSort (0ms)
		DisableScriptedObjects (13ms)
		BackupInstance (0ms)
		ReleaseScriptingObjects (0ms)
		CreateAndSetChildDomain (39ms)
	RebuildCommonClasses (39ms)
	RebuildNativeTypeToScriptingClass (18ms)
	initialDomainReloadingComplete (35ms)
	LoadAllAssembliesAndSetupDomain (339ms)
		LoadAssemblies (406ms)
		RebuildTransferFunctionScriptingTraits (0ms)
		AnalyzeDomain (28ms)
			TypeCache.Refresh (9ms)
				TypeCache.ScanAssembly (0ms)
			ScanForSourceGeneratedMonoScriptInfo (11ms)
			ResolveRequiredComponents (6ms)
	FinalizeReload (1070ms)
		ReleaseScriptCaches (0ms)
		RebuildScriptCaches (0ms)
		SetupLoadedEditorAssemblies (429ms)
			LogAssemblyErrors (0ms)
			InitializePlatformSupportModulesInManaged (6ms)
			SetLoadedEditorAssemblies (5ms)
			RefreshPlugins (0ms)
			BeforeProcessingInitializeOnLoad (71ms)
			ProcessInitializeOnLoadAttributes (312ms)
			ProcessInitializeOnLoadMethodAttributes (31ms)
			AfterProcessingInitializeOnLoad (3ms)
			EditorAssembliesLoaded (0ms)
		ExecutionOrderSort2 (0ms)
		AwakeInstancesAfterBackupRestoration (14ms)
Refreshing native plugins compatible for Editor in 8.78 ms, found 7 plugins.
Preloading 0 native plugins for Editor in 0.00 ms.
Unloading 4248 Unused Serialized files (Serialized files now loaded: 0)
Unloading 27 unused Assets / (213.8 KB). Loaded Objects now: 5028.
Memory consumption went from 150.1 MB to 149.9 MB.
Total: 4.240500 ms (FindLiveObjects: 0.447900 ms CreateObjectMapping: 0.126000 ms MarkObjects: 3.356400 ms  DeleteObjects: 0.308200 ms)

Prepare: number of updated asset objects reloaded= 0
AssetImportParameters requested are different than current active one (requested -> active):
  custom:container-demuxer-ogg: 62fdf1f143b41e24485cea50d1cbac27 -> 
  custom:video-codec-MediaFoundation-h265: 746d11721c4dcdbdad8f713fa42b33f4 -> 
  custom:video-decoder-ogg-theora: a1e56fd34408186e4bbccfd4996cb3dc -> 
  custom:framework-win-MediaFoundation: 216162199b28c13a410421893ffa2e32 -> 
  custom:CustomObjectIndexerAttribute: 9a22284fe3817be447336de3de66b15e -> 
  custom:container-demuxer-webm: 4f35f7cbe854078d1ac9338744f61a02 -> 
  custom:container-muxer-webm: aa71ff27fc2769a1b78a27578f13a17b -> 
  custom:video-decoder-webm-vp8: 9c59270c3fd7afecdb556c50c9e8de78 -> 
  custom:SearchIndexIgnoredProperties: e643bd26f0fe6173181afceb89e7c659 -> 
  custom:AudioImporter_EditorPlatform: d09bf68614088b80899f8185d706f6e7 -> 
  custom:video-encoder-webm-vp8: eb34c28f22e8b96e1ab97ce403110664 -> 
  custom:audio-decoder-ogg-vorbis: bf7c407c2cedff20999df2af8eb42d56 -> 
  custom:audio-encoder-webm-vorbis: bf7c407c2cedff20999df2af8eb42d56 -> 
========================================================================
Received Prepare
Caller must complete domain reload
Begin MonoManager ReloadAssembly
- Loaded All Assemblies, in  0.574 seconds
Native extension for WindowsStandalone target not found
Native extension for WebGL target not found
Mono: successfully reloaded assembly
- Finished resetting the current domain, in  1.056 seconds
Domain Reload Profiling: 1629ms
	BeginReloadAssembly (172ms)
		ExecutionOrderSort (0ms)
		DisableScriptedObjects (12ms)
		BackupInstance (0ms)
		ReleaseScriptingObjects (0ms)
		CreateAndSetChildDomain (37ms)
	RebuildCommonClasses (37ms)
	RebuildNativeTypeToScriptingClass (14ms)
	initialDomainReloadingComplete (31ms)
	LoadAllAssembliesAndSetupDomain (319ms)
		LoadAssemblies (384ms)
		RebuildTransferFunctionScriptingTraits (0ms)
		AnalyzeDomain (29ms)
			TypeCache.Refresh (10ms)
				TypeCache.ScanAssembly (0ms)
			ScanForSourceGeneratedMonoScriptInfo (11ms)
			ResolveRequiredComponents (7ms)
	FinalizeReload (1056ms)
		ReleaseScriptCaches (0ms)
		RebuildScriptCaches (0ms)
		SetupLoadedEditorAssemblies (466ms)
			LogAssemblyErrors (0ms)
			InitializePlatformSupportModulesInManaged (7ms)
			SetLoadedEditorAssemblies (5ms)
			RefreshPlugins (0ms)
			BeforeProcessingInitializeOnLoad (74ms)
			ProcessInitializeOnLoadAttributes (343ms)
			ProcessInitializeOnLoadMethodAttributes (34ms)
			AfterProcessingInitializeOnLoad (3ms)
			EditorAssembliesLoaded (0ms)
		ExecutionOrderSort2 (0ms)
		AwakeInstancesAfterBackupRestoration (14ms)
Refreshing native plugins compatible for Editor in 8.57 ms, found 7 plugins.
Preloading 0 native plugins for Editor in 0.00 ms.
Unloading 4248 Unused Serialized files (Serialized files now loaded: 0)
Unloading 27 unused Assets / (213.8 KB). Loaded Objects now: 5032.
Memory consumption went from 150.1 MB to 149.9 MB.
Total: 3.939700 ms (FindLiveObjects: 0.465400 ms CreateObjectMapping: 0.166900 ms MarkObjects: 3.041800 ms  DeleteObjects: 0.264100 ms)

Prepare: number of updated asset objects reloaded= 0
AssetImportParameters requested are different than current active one (requested -> active):
  custom:container-demuxer-ogg: 62fdf1f143b41e24485cea50d1cbac27 -> 
  custom:video-codec-MediaFoundation-h265: 746d11721c4dcdbdad8f713fa42b33f4 -> 
  custom:video-decoder-ogg-theora: a1e56fd34408186e4bbccfd4996cb3dc -> 
  custom:framework-win-MediaFoundation: 216162199b28c13a410421893ffa2e32 -> 
  custom:CustomObjectIndexerAttribute: 9a22284fe3817be447336de3de66b15e -> 
  custom:container-demuxer-webm: 4f35f7cbe854078d1ac9338744f61a02 -> 
  custom:container-muxer-webm: aa71ff27fc2769a1b78a27578f13a17b -> 
  custom:video-decoder-webm-vp8: 9c59270c3fd7afecdb556c50c9e8de78 -> 
  custom:SearchIndexIgnoredProperties: e643bd26f0fe6173181afceb89e7c659 -> 
  custom:AudioImporter_EditorPlatform: d09bf68614088b80899f8185d706f6e7 -> 
  custom:video-encoder-webm-vp8: eb34c28f22e8b96e1ab97ce403110664 -> 
  custom:audio-decoder-ogg-vorbis: bf7c407c2cedff20999df2af8eb42d56 -> 
  custom:audio-encoder-webm-vorbis: bf7c407c2cedff20999df2af8eb42d56 -> 
========================================================================
Received Prepare
Caller must complete domain reload
Begin MonoManager ReloadAssembly
- Loaded All Assemblies, in  0.500 seconds
Native extension for WindowsStandalone target not found
Native extension for WebGL target not found
Mono: successfully reloaded assembly
- Finished resetting the current domain, in  1.097 seconds
Domain Reload Profiling: 1597ms
	BeginReloadAssembly (164ms)
		ExecutionOrderSort (0ms)
		DisableScriptedObjects (12ms)
		BackupInstance (0ms)
		ReleaseScriptingObjects (0ms)
		CreateAndSetChildDomain (33ms)
	RebuildCommonClasses (35ms)
	RebuildNativeTypeToScriptingClass (12ms)
	initialDomainReloadingComplete (27ms)
	LoadAllAssembliesAndSetupDomain (262ms)
		LoadAssemblies (339ms)
		RebuildTransferFunctionScriptingTraits (0ms)
		AnalyzeDomain (14ms)
			TypeCache.Refresh (6ms)
				TypeCache.ScanAssembly (0ms)
			ScanForSourceGeneratedMonoScriptInfo (0ms)
			ResolveRequiredComponents (6ms)
	FinalizeReload (1098ms)
		ReleaseScriptCaches (0ms)
		RebuildScriptCaches (0ms)
		SetupLoadedEditorAssemblies (443ms)
			LogAssemblyErrors (0ms)
			InitializePlatformSupportModulesInManaged (8ms)
			SetLoadedEditorAssemblies (5ms)
			RefreshPlugins (0ms)
			BeforeProcessingInitializeOnLoad (72ms)
			ProcessInitializeOnLoadAttributes (318ms)
			ProcessInitializeOnLoadMethodAttributes (36ms)
			AfterProcessingInitializeOnLoad (3ms)
			EditorAssembliesLoaded (0ms)
		ExecutionOrderSort2 (0ms)
		AwakeInstancesAfterBackupRestoration (16ms)
Refreshing native plugins compatible for Editor in 8.26 ms, found 7 plugins.
Preloading 0 native plugins for Editor in 0.00 ms.
Unloading 4248 Unused Serialized files (Serialized files now loaded: 0)
Unloading 27 unused Assets / (213.7 KB). Loaded Objects now: 5036.
Memory consumption went from 150.1 MB to 149.9 MB.
Total: 3.914300 ms (FindLiveObjects: 0.507900 ms CreateObjectMapping: 0.140200 ms MarkObjects: 3.003700 ms  DeleteObjects: 0.261000 ms)

Prepare: number of updated asset objects reloaded= 0
AssetImportParameters requested are different than current active one (requested -> active):
  custom:container-demuxer-ogg: 62fdf1f143b41e24485cea50d1cbac27 -> 
  custom:video-codec-MediaFoundation-h265: 746d11721c4dcdbdad8f713fa42b33f4 -> 
  custom:video-decoder-ogg-theora: a1e56fd34408186e4bbccfd4996cb3dc -> 
  custom:framework-win-MediaFoundation: 216162199b28c13a410421893ffa2e32 -> 
  custom:CustomObjectIndexerAttribute: 9a22284fe3817be447336de3de66b15e -> 
  custom:container-demuxer-webm: 4f35f7cbe854078d1ac9338744f61a02 -> 
  custom:container-muxer-webm: aa71ff27fc2769a1b78a27578f13a17b -> 
  custom:video-decoder-webm-vp8: 9c59270c3fd7afecdb556c50c9e8de78 -> 
  custom:SearchIndexIgnoredProperties: e643bd26f0fe6173181afceb89e7c659 -> 
  custom:AudioImporter_EditorPlatform: d09bf68614088b80899f8185d706f6e7 -> 
  custom:video-encoder-webm-vp8: eb34c28f22e8b96e1ab97ce403110664 -> 
  custom:audio-decoder-ogg-vorbis: bf7c407c2cedff20999df2af8eb42d56 -> 
  custom:audio-encoder-webm-vorbis: bf7c407c2cedff20999df2af8eb42d56 -> 
========================================================================
Received Prepare
Caller must complete domain reload
Begin MonoManager ReloadAssembly
- Loaded All Assemblies, in  0.548 seconds
Native extension for WindowsStandalone target not found
Native extension for WebGL target not found
Mono: successfully reloaded assembly
- Finished resetting the current domain, in  1.027 seconds
Domain Reload Profiling: 1574ms
	BeginReloadAssembly (171ms)
		ExecutionOrderSort (0ms)
		DisableScriptedObjects (13ms)
		BackupInstance (0ms)
		ReleaseScriptingObjects (0ms)
		CreateAndSetChildDomain (36ms)
	RebuildCommonClasses (36ms)
	RebuildNativeTypeToScriptingClass (12ms)
	initialDomainReloadingComplete (27ms)
	LoadAllAssembliesAndSetupDomain (301ms)
		LoadAssemblies (363ms)
		RebuildTransferFunctionScriptingTraits (0ms)
		AnalyzeDomain (31ms)
			TypeCache.Refresh (11ms)
				TypeCache.ScanAssembly (1ms)
			ScanForSourceGeneratedMonoScriptInfo (11ms)
			ResolveRequiredComponents (8ms)
	FinalizeReload (1027ms)
		ReleaseScriptCaches (0ms)
		RebuildScriptCaches (0ms)
		SetupLoadedEditorAssemblies (431ms)
			LogAssemblyErrors (0ms)
			InitializePlatformSupportModulesInManaged (7ms)
			SetLoadedEditorAssemblies (6ms)
			RefreshPlugins (0ms)
			BeforeProcessingInitializeOnLoad (72ms)
			ProcessInitializeOnLoadAttributes (314ms)
			ProcessInitializeOnLoadMethodAttributes (29ms)
			AfterProcessingInitializeOnLoad (3ms)
			EditorAssembliesLoaded (0ms)
		ExecutionOrderSort2 (0ms)
		AwakeInstancesAfterBackupRestoration (13ms)
Refreshing native plugins compatible for Editor in 9.04 ms, found 7 plugins.
Preloading 0 native plugins for Editor in 0.00 ms.
Unloading 4248 Unused Serialized files (Serialized files now loaded: 0)
Unloading 27 unused Assets / (213.8 KB). Loaded Objects now: 5040.
Memory consumption went from 150.1 MB to 149.9 MB.
Total: 8.714000 ms (FindLiveObjects: 0.803700 ms CreateObjectMapping: 0.675800 ms MarkObjects: 6.374400 ms  DeleteObjects: 0.858100 ms)

Prepare: number of updated asset objects reloaded= 0
AssetImportParameters requested are different than current active one (requested -> active):
  custom:container-demuxer-ogg: 62fdf1f143b41e24485cea50d1cbac27 -> 
  custom:video-codec-MediaFoundation-h265: 746d11721c4dcdbdad8f713fa42b33f4 -> 
  custom:video-decoder-ogg-theora: a1e56fd34408186e4bbccfd4996cb3dc -> 
  custom:framework-win-MediaFoundation: 216162199b28c13a410421893ffa2e32 -> 
  custom:CustomObjectIndexerAttribute: 9a22284fe3817be447336de3de66b15e -> 
  custom:container-demuxer-webm: 4f35f7cbe854078d1ac9338744f61a02 -> 
  custom:container-muxer-webm: aa71ff27fc2769a1b78a27578f13a17b -> 
  custom:video-decoder-webm-vp8: 9c59270c3fd7afecdb556c50c9e8de78 -> 
  custom:SearchIndexIgnoredProperties: e643bd26f0fe6173181afceb89e7c659 -> 
  custom:AudioImporter_EditorPlatform: d09bf68614088b80899f8185d706f6e7 -> 
  custom:video-encoder-webm-vp8: eb34c28f22e8b96e1ab97ce403110664 -> 
  custom:audio-decoder-ogg-vorbis: bf7c407c2cedff20999df2af8eb42d56 -> 
  custom:audio-encoder-webm-vorbis: bf7c407c2cedff20999df2af8eb42d56 -> 
========================================================================
Received Prepare
Caller must complete domain reload
Begin MonoManager ReloadAssembly
- Loaded All Assemblies, in  0.496 seconds
Native extension for WindowsStandalone target not found
Native extension for WebGL target not found
Mono: successfully reloaded assembly
- Finished resetting the current domain, in  1.048 seconds
Domain Reload Profiling: 1544ms
	BeginReloadAssembly (159ms)
		ExecutionOrderSort (0ms)
		DisableScriptedObjects (12ms)
		BackupInstance (0ms)
		ReleaseScriptingObjects (0ms)
		CreateAndSetChildDomain (32ms)
	RebuildCommonClasses (40ms)
	RebuildNativeTypeToScriptingClass (12ms)
	initialDomainReloadingComplete (29ms)
	LoadAllAssembliesAndSetupDomain (255ms)
		LoadAssemblies (328ms)
		RebuildTransferFunctionScriptingTraits (0ms)
		AnalyzeDomain (13ms)
			TypeCache.Refresh (6ms)
				TypeCache.ScanAssembly (0ms)
			ScanForSourceGeneratedMonoScriptInfo (0ms)
			ResolveRequiredComponents (6ms)
	FinalizeReload (1049ms)
		ReleaseScriptCaches (0ms)
		RebuildScriptCaches (0ms)
		SetupLoadedEditorAssemblies (448ms)
			LogAssemblyErrors (0ms)
			InitializePlatformSupportModulesInManaged (7ms)
			SetLoadedEditorAssemblies (5ms)
			RefreshPlugins (0ms)
			BeforeProcessingInitializeOnLoad (73ms)
			ProcessInitializeOnLoadAttributes (328ms)
			ProcessInitializeOnLoadMethodAttributes (33ms)
			AfterProcessingInitializeOnLoad (3ms)
			EditorAssembliesLoaded (0ms)
		ExecutionOrderSort2 (0ms)
		AwakeInstancesAfterBackupRestoration (15ms)
Refreshing native plugins compatible for Editor in 9.02 ms, found 7 plugins.
Preloading 0 native plugins for Editor in 0.00 ms.
Unloading 4248 Unused Serialized files (Serialized files now loaded: 0)
Unloading 27 unused Assets / (213.8 KB). Loaded Objects now: 5044.
Memory consumption went from 150.1 MB to 149.9 MB.
Total: 6.861600 ms (FindLiveObjects: 0.971700 ms CreateObjectMapping: 0.477200 ms MarkObjects: 5.184000 ms  DeleteObjects: 0.225800 ms)

Prepare: number of updated asset objects reloaded= 0
AssetImportParameters requested are different than current active one (requested -> active):
  custom:container-demuxer-ogg: 62fdf1f143b41e24485cea50d1cbac27 -> 
  custom:video-codec-MediaFoundation-h265: 746d11721c4dcdbdad8f713fa42b33f4 -> 
  custom:video-decoder-ogg-theora: a1e56fd34408186e4bbccfd4996cb3dc -> 
  custom:framework-win-MediaFoundation: 216162199b28c13a410421893ffa2e32 -> 
  custom:CustomObjectIndexerAttribute: 9a22284fe3817be447336de3de66b15e -> 
  custom:container-demuxer-webm: 4f35f7cbe854078d1ac9338744f61a02 -> 
  custom:container-muxer-webm: aa71ff27fc2769a1b78a27578f13a17b -> 
  custom:video-decoder-webm-vp8: 9c59270c3fd7afecdb556c50c9e8de78 -> 
  custom:SearchIndexIgnoredProperties: e643bd26f0fe6173181afceb89e7c659 -> 
  custom:AudioImporter_EditorPlatform: d09bf68614088b80899f8185d706f6e7 -> 
  custom:video-encoder-webm-vp8: eb34c28f22e8b96e1ab97ce403110664 -> 
  custom:audio-decoder-ogg-vorbis: bf7c407c2cedff20999df2af8eb42d56 -> 
  custom:audio-encoder-webm-vorbis: bf7c407c2cedff20999df2af8eb42d56 -> 
========================================================================
Received Prepare
Caller must complete domain reload
Begin MonoManager ReloadAssembly
- Loaded All Assemblies, in  0.568 seconds
Native extension for WindowsStandalone target not found
Native extension for WebGL target not found
Mono: successfully reloaded assembly
- Finished resetting the current domain, in  1.066 seconds
Domain Reload Profiling: 1634ms
	BeginReloadAssembly (171ms)
		ExecutionOrderSort (0ms)
		DisableScriptedObjects (13ms)
		BackupInstance (0ms)
		ReleaseScriptingObjects (0ms)
		CreateAndSetChildDomain (34ms)
	RebuildCommonClasses (38ms)
	RebuildNativeTypeToScriptingClass (12ms)
	initialDomainReloadingComplete (30ms)
	LoadAllAssembliesAndSetupDomain (316ms)
		LoadAssemblies (368ms)
		RebuildTransferFunctionScriptingTraits (0ms)
		AnalyzeDomain (40ms)
			TypeCache.Refresh (15ms)
				TypeCache.ScanAssembly (1ms)
			ScanForSourceGeneratedMonoScriptInfo (17ms)
			ResolveRequiredComponents (7ms)
	FinalizeReload (1067ms)
		ReleaseScriptCaches (0ms)
		RebuildScriptCaches (0ms)
		SetupLoadedEditorAssemblies (428ms)
			LogAssemblyErrors (0ms)
			InitializePlatformSupportModulesInManaged (6ms)
			SetLoadedEditorAssemblies (6ms)
			RefreshPlugins (0ms)
			BeforeProcessingInitializeOnLoad (72ms)
			ProcessInitializeOnLoadAttributes (309ms)
			ProcessInitializeOnLoadMethodAttributes (32ms)
			AfterProcessingInitializeOnLoad (3ms)
			EditorAssembliesLoaded (0ms)
		ExecutionOrderSort2 (0ms)
		AwakeInstancesAfterBackupRestoration (20ms)
Refreshing native plugins compatible for Editor in 7.99 ms, found 7 plugins.
Preloading 0 native plugins for Editor in 0.00 ms.
Unloading 4248 Unused Serialized files (Serialized files now loaded: 0)
Unloading 27 unused Assets / (213.6 KB). Loaded Objects now: 5048.
Memory consumption went from 150.1 MB to 149.9 MB.
Total: 3.416300 ms (FindLiveObjects: 0.444900 ms CreateObjectMapping: 0.106500 ms MarkObjects: 2.671800 ms  DeleteObjects: 0.191900 ms)

Prepare: number of updated asset objects reloaded= 0
AssetImportParameters requested are different than current active one (requested -> active):
  custom:container-demuxer-ogg: 62fdf1f143b41e24485cea50d1cbac27 -> 
  custom:video-codec-MediaFoundation-h265: 746d11721c4dcdbdad8f713fa42b33f4 -> 
  custom:video-decoder-ogg-theora: a1e56fd34408186e4bbccfd4996cb3dc -> 
  custom:framework-win-MediaFoundation: 216162199b28c13a410421893ffa2e32 -> 
  custom:CustomObjectIndexerAttribute: 9a22284fe3817be447336de3de66b15e -> 
  custom:container-demuxer-webm: 4f35f7cbe854078d1ac9338744f61a02 -> 
  custom:container-muxer-webm: aa71ff27fc2769a1b78a27578f13a17b -> 
  custom:video-decoder-webm-vp8: 9c59270c3fd7afecdb556c50c9e8de78 -> 
  custom:SearchIndexIgnoredProperties: e643bd26f0fe6173181afceb89e7c659 -> 
  custom:AudioImporter_EditorPlatform: d09bf68614088b80899f8185d706f6e7 -> 
  custom:video-encoder-webm-vp8: eb34c28f22e8b96e1ab97ce403110664 -> 
  custom:audio-decoder-ogg-vorbis: bf7c407c2cedff20999df2af8eb42d56 -> 
  custom:audio-encoder-webm-vorbis: bf7c407c2cedff20999df2af8eb42d56 -> 
========================================================================
Received Prepare
Caller must complete domain reload
Begin MonoManager ReloadAssembly
- Loaded All Assemblies, in  0.516 seconds
Native extension for WindowsStandalone target not found
Native extension for WebGL target not found
Mono: successfully reloaded assembly
- Finished resetting the current domain, in  1.180 seconds
Domain Reload Profiling: 1696ms
	BeginReloadAssembly (160ms)
		ExecutionOrderSort (0ms)
		DisableScriptedObjects (12ms)
		BackupInstance (0ms)
		ReleaseScriptingObjects (0ms)
		CreateAndSetChildDomain (34ms)
	RebuildCommonClasses (36ms)
	RebuildNativeTypeToScriptingClass (12ms)
	initialDomainReloadingComplete (27ms)
	LoadAllAssembliesAndSetupDomain (279ms)
		LoadAssemblies (352ms)
		RebuildTransferFunctionScriptingTraits (0ms)
		AnalyzeDomain (14ms)
			TypeCache.Refresh (6ms)
				TypeCache.ScanAssembly (0ms)
			ScanForSourceGeneratedMonoScriptInfo (0ms)
			ResolveRequiredComponents (6ms)
	FinalizeReload (1181ms)
		ReleaseScriptCaches (0ms)
		RebuildScriptCaches (0ms)
		SetupLoadedEditorAssemblies (510ms)
			LogAssemblyErrors (0ms)
			InitializePlatformSupportModulesInManaged (8ms)
			SetLoadedEditorAssemblies (7ms)
			RefreshPlugins (0ms)
			BeforeProcessingInitializeOnLoad (88ms)
			ProcessInitializeOnLoadAttributes (366ms)
			ProcessInitializeOnLoadMethodAttributes (38ms)
			AfterProcessingInitializeOnLoad (3ms)
			EditorAssembliesLoaded (0ms)
		ExecutionOrderSort2 (0ms)
		AwakeInstancesAfterBackupRestoration (19ms)
Refreshing native plugins compatible for Editor in 13.26 ms, found 7 plugins.
Preloading 0 native plugins for Editor in 0.00 ms.
Unloading 4248 Unused Serialized files (Serialized files now loaded: 0)
Unloading 27 unused Assets / (213.7 KB). Loaded Objects now: 5052.
Memory consumption went from 150.1 MB to 149.9 MB.
Total: 9.308100 ms (FindLiveObjects: 1.414600 ms CreateObjectMapping: 0.993700 ms MarkObjects: 6.542400 ms  DeleteObjects: 0.352700 ms)

Prepare: number of updated asset objects reloaded= 0
AssetImportParameters requested are different than current active one (requested -> active):
  custom:container-demuxer-ogg: 62fdf1f143b41e24485cea50d1cbac27 -> 
  custom:video-codec-MediaFoundation-h265: 746d11721c4dcdbdad8f713fa42b33f4 -> 
  custom:video-decoder-ogg-theora: a1e56fd34408186e4bbccfd4996cb3dc -> 
  custom:framework-win-MediaFoundation: 216162199b28c13a410421893ffa2e32 -> 
  custom:CustomObjectIndexerAttribute: 9a22284fe3817be447336de3de66b15e -> 
  custom:container-demuxer-webm: 4f35f7cbe854078d1ac9338744f61a02 -> 
  custom:container-muxer-webm: aa71ff27fc2769a1b78a27578f13a17b -> 
  custom:video-decoder-webm-vp8: 9c59270c3fd7afecdb556c50c9e8de78 -> 
  custom:SearchIndexIgnoredProperties: e643bd26f0fe6173181afceb89e7c659 -> 
  custom:AudioImporter_EditorPlatform: d09bf68614088b80899f8185d706f6e7 -> 
  custom:video-encoder-webm-vp8: eb34c28f22e8b96e1ab97ce403110664 -> 
  custom:audio-decoder-ogg-vorbis: bf7c407c2cedff20999df2af8eb42d56 -> 
  custom:audio-encoder-webm-vorbis: bf7c407c2cedff20999df2af8eb42d56 -> 
========================================================================
Received Prepare
Caller must complete domain reload
Begin MonoManager ReloadAssembly
- Loaded All Assemblies, in  0.657 seconds
Native extension for WindowsStandalone target not found
Native extension for WebGL target not found
Mono: successfully reloaded assembly
- Finished resetting the current domain, in  1.222 seconds
Domain Reload Profiling: 1878ms
	BeginReloadAssembly (206ms)
		ExecutionOrderSort (0ms)
		DisableScriptedObjects (15ms)
		BackupInstance (0ms)
		ReleaseScriptingObjects (0ms)
		CreateAndSetChildDomain (46ms)
	RebuildCommonClasses (48ms)
	RebuildNativeTypeToScriptingClass (16ms)
	initialDomainReloadingComplete (34ms)
	LoadAllAssembliesAndSetupDomain (352ms)
		LoadAssemblies (412ms)
		RebuildTransferFunctionScriptingTraits (0ms)
		AnalyzeDomain (46ms)
			TypeCache.Refresh (17ms)
				TypeCache.ScanAssembly (6ms)
			ScanForSourceGeneratedMonoScriptInfo (15ms)
			ResolveRequiredComponents (12ms)
	FinalizeReload (1223ms)
		ReleaseScriptCaches (0ms)
		RebuildScriptCaches (0ms)
		SetupLoadedEditorAssemblies (448ms)
			LogAssemblyErrors (0ms)
			InitializePlatformSupportModulesInManaged (7ms)
			SetLoadedEditorAssemblies (8ms)
			RefreshPlugins (0ms)
			BeforeProcessingInitializeOnLoad (80ms)
			ProcessInitializeOnLoadAttributes (319ms)
			ProcessInitializeOnLoadMethodAttributes (30ms)
			AfterProcessingInitializeOnLoad (3ms)
			EditorAssembliesLoaded (0ms)
		ExecutionOrderSort2 (0ms)
		AwakeInstancesAfterBackupRestoration (15ms)
Refreshing native plugins compatible for Editor in 11.65 ms, found 7 plugins.
Preloading 0 native plugins for Editor in 0.00 ms.
Unloading 4456 Unused Serialized files (Serialized files now loaded: 0)
Unloading 44 unused Assets / (0.7 MB). Loaded Objects now: 5247.
Memory consumption went from 158.3 MB to 157.6 MB.
Total: 4.394400 ms (FindLiveObjects: 0.563200 ms CreateObjectMapping: 0.202500 ms MarkObjects: 3.114800 ms  DeleteObjects: 0.512200 ms)

Prepare: number of updated asset objects reloaded= 0
AssetImportParameters requested are different than current active one (requested -> active):
  custom:scripting/monoscript/fileName/CardStack2D.cs: 52f7ac406c04f320c1cc31b32fc945ec -> 
  custom:scripting/monoscript/fileName/UILineRendererFIFO.cs: 1a840d7d842445f62c20beee85a5bbc5 -> 
  custom:scripting/monoscript/fileName/FlowLayoutGroup.cs: 4f8c51e99186127173631d5ea0b848a8 -> 
  custom:scripting/monoscript/fileName/UIParticleSystem.cs: 6cef203566a0c9333597e4e233613614 -> 
  custom:scripting/monoscript/fileName/UILineRenderer.cs: 673f1b621ab4781ac78770b1b3c45207 -> 
  custom:scripting/monoscript/fileName/TableLayoutGroup.cs: 9697d88a99d4c91003d206b86eed3a61 -> 
  custom:scripting/monoscript/fileName/Segment.cs: 823b994f6bbb6e32f73e9807948df6b3 -> 
  custom:container-demuxer-ogg: 62fdf1f143b41e24485cea50d1cbac27 -> 
  custom:scripting/monoscript/fileName/SelectionBox.cs: 9eabc2822607d24d284c5c0d720d4a01 -> 
  custom:scripting/monoscript/fileName/ReorderableListContent.cs: a630238339e5f198f723ac29a2329f6d -> 
  custom:scripting/monoscript/fileName/Menu.cs: d0a2652908e797d4064ef9b772450cc8 -> 
  custom:scripting/monoscript/fileName/SetPropertyUtility.cs: 02aade692758e5563210cc05829e9851 -> f604b4b9e6b0979bdfc1e2b40426dd19
  custom:scripting/monoscript/fileName/HSVUtil.cs: 2f204c7a89b046fae714aadbcda42851 -> 
  custom:scripting/monoscript/fileName/FancyCellGroup.cs: 90647cc400823b41df847a6cbfc29026 -> 
  custom:scripting/monoscript/fileName/RescaleDragPanel.cs: 428e5a10a21f2d3fc3805557487d591e -> 
  custom:scripting/monoscript/fileName/ExtensionsToggleGroup.cs: 93967f93faef61aecdca9232fa42b062 -> 
  custom:scripting/monoscript/fileName/ResizePanel.cs: 0a2d1269c62cba913a254b515f8b6020 -> 
  custom:scripting/monoscript/fileName/Circle.cs: cfc2369c92dd039be7c3f572f769fdcf -> 
  custom:scripting/monoscript/fileName/ShaderLibrary.cs: 7a09676978959734a6827051c965f749 -> 
  custom:scripting/monoscript/fileName/CurvedText.cs: c86aabacdca275700720e919fc8a8b52 -> 
  custom:scripting/monoscript/fileName/FancyScrollRectCell.cs: 0cdf409b5aa8d4c25876d72b5c6a3b60 -> 
  custom:scripting/monoscript/fileName/Gradient.cs: a4c2a5a25440c543cd82653fda832632 -> 
  custom:scripting/monoscript/fileName/ScrollSnapBase.cs: 3682088473625968e7b4647a6b4213f6 -> 
  custom:scripting/monoscript/fileName/CUIText.cs: 0be1a405bc9388e4813a74aad6018bec -> 
  custom:scripting/monoscript/fileName/BoundTooltipTrigger.cs: e78e2ee612ba85e075ab794a5cb95e73 -> 
  custom:scripting/monoscript/fileName/UIHighlightable.cs: fd305ad78204cb75a66ce809c3f50e6a -> 
  custom:video-codec-MediaFoundation-h265: 746d11721c4dcdbdad8f713fa42b33f4 -> 
  custom:scripting/monoscript/fileName/UIExtensionsInputManager.cs: 6f468ddae971c3bcce0288549c1beabd -> 
  custom:scripting/monoscript/fileName/Gradient2.cs: 9c1fd6257924e43a80b8fccb859d3828 -> 
  custom:scripting/monoscript/fileName/CooldownButton.cs: 72bd21b90ac71f29908a36179176f8fc -> 
  custom:video-decoder-ogg-theora: a1e56fd34408186e4bbccfd4996cb3dc -> 
  custom:scripting/monoscript/fileName/TileSizeFitter.cs: ba6326e335b6f177a627b992c444832c -> 
  custom:scripting/monoscript/fileName/SelectableScaler.cs: 3ebe175d64b38a572f8dbe8fd345f0c3 -> 
  custom:scripting/monoscript/fileName/AccordionElementEditor.cs: db5ee9b2cff22578a12a4d141614d665 -> 
  custom:scripting/monoscript/fileName/ExtensionsToggle.cs: e0b44aa7e1ff973d74b4857a34a48879 -> 
  custom:scripting/monoscript/fileName/ReorderableListElement.cs: 788a31431a1c95dc9a9a52767f8e812f -> 
  custom:scripting/monoscript/fileName/ShineEffector.cs: 52ed4eb6c7ed8f674a18d2a4db6eba86 -> 
  custom:scripting/monoscript/fileName/UISelectableExtension.cs: b6766007d8a2236e23d4749da2d8cdd2 -> 
  custom:framework-win-MediaFoundation: 216162199b28c13a410421893ffa2e32 -> 
  custom:scripting/monoscript/fileName/UISoftAdditiveEffect.cs: 30a825933c907dec19605ff2f58a292f -> 
  custom:scripting/monoscript/fileName/HexColorField.cs: 425eeca1ce4159bc649962b2337061a4 -> 
  custom:scripting/monoscript/fileName/ColorPickerControl.cs: 97231f899ae243cc634f34e048c22095 -> 
  custom:scripting/monoscript/fileName/ReorderableListDebug.cs: 51cf5a188c464deb681bea16cb795b61 -> 
  custom:scripting/monoscript/fileName/TextPic.cs: 9dbd7bc654cbf19eee33ac6fc452bfb1 -> 
  custom:scripting/monoscript/fileName/CUIImage.cs: 41f29f650aa507f802cd9793d91f3211 -> 
  custom:scripting/monoscript/fileName/DropDownListButton.cs: 71d533f2602e0e099d09a556ef8e4414 -> 
  custom:scripting/monoscript/fileName/ScrollSnap.cs: c5ae67ed5cc8c0ab1f7496803acc2648 -> 
  custom:scripting/monoscript/fileName/TextPicIconListCopier.cs: a564a2a474c019b98650cff2383ccfca -> 
  custom:scripting/monoscript/fileName/UICornerCut.cs: 69b0dfb485aa2b1afa65fcf30028125b -> 
  custom:scripting/monoscript/fileName/ScrollerEditor.cs: 478519b80ad2bc62d4a4b80ae078e694 -> 
  custom:scripting/monoscript/fileName/IBoxSelectable.cs: a5bf39a694cf2b84c65e7bec998d4941 -> 
  custom:scripting/monoscript/fileName/TiltWindow.cs: 7c3356d1b5bc9c6e9fe98345b0be7c30 -> 
  custom:scripting/monoscript/fileName/ExtensionMethods.cs: 943bd8dac5ce9467ce7deb0856dc6b0a -> 
  custom:scripting/monoscript/fileName/ComboBox.cs: a6ca48dde827ff07a9093f3624d58e62 -> 
  custom:scripting/monoscript/fileName/ScrollRectLinker.cs: 0316116e17d192ca2ef7c97539dff50f -> 
  custom:scripting/monoscript/fileName/SVBoxSlider.cs: 1d22c9c16d63e1cf38ad19bbcec9a0da -> 
  custom:scripting/monoscript/fileName/VerticalScrollSnap.cs: a7ebcf1fac8331e70ee01e540cbe484b -> 
  custom:scripting/monoscript/fileName/UILineConnector.cs: ea5f69a32957fe35ae7b512ef3f758ef -> 
  custom:scripting/monoscript/fileName/UIScreenEffect.cs: c36542c529d1f733362556ab22c18bf9 -> 
  custom:scripting/monoscript/fileName/SoftMaskScript.cs: 867049fb2647c9983fb1391409f93d30 -> 
  custom:scripting/monoscript/fileName/DiamondGraph.cs: a01b647a54847840428a395cc0d6fc16 -> 
  custom:scripting/monoscript/fileName/ScrollRectEx.cs: 3f6a881a34055e182fee3ab0baaee0c3 -> 
  custom:scripting/monoscript/fileName/UIGridRenderer.cs: 04c0062f4b7cdd6963fdba9ae03d9c72 -> 
  custom:scripting/monoscript/fileName/NicerOutline.cs: 571a7c7c4af4ebadc9fed23f0c3b0b46 -> 
  custom:CustomObjectIndexerAttribute: 9a22284fe3817be447336de3de66b15e -> 
  custom:scripting/monoscript/fileName/ScrollRectExtensions.cs: c76cb840404ffa9bc24248639e9da4ee -> 
  custom:scripting/monoscript/fileName/FancyGridViewContext.cs: 8738476657d4a33c34bc82bed7ce8bc9 -> 
  custom:scripting/monoscript/fileName/MinMaxValues.cs: 4aa11a61e640749f4ea5f947f86be5ba -> 
  custom:scripting/monoscript/fileName/CardExpanding3D.cs: d8b2b9924677ad2b445b05edbed7f0e3 -> 
  custom:scripting/monoscript/fileName/MinMaxSliderEditor.cs: e0496a7f76fc8934af2a763a7289ad36 -> 
  custom:scripting/monoscript/fileName/StepperSide.cs: 34d9a35c8c2622f327b140f18a7398a7 -> 
  custom:scripting/monoscript/fileName/CUIGraphicEditor.cs: a618262d3e77d462c5a0cd2e608e8a53 -> 
  custom:scripting/monoscript/fileName/DropDownList.cs: 3d51ab81e9571c9027b59874b2c78567 -> 
  custom:scripting/monoscript/fileName/ITweenValue.cs: 1d0eaa4b435fa135e18af6b5fa57e92e -> 
  custom:container-demuxer-webm: 4f35f7cbe854078d1ac9338744f61a02 -> 
  custom:scripting/monoscript/fileName/CardExpanding2D.cs: e0950b450275cb3936a581f286a6b471 -> 
  custom:scripting/monoscript/fileName/ResetSelectableHighlight.cs: 3ea63487fd77e7b22731770a86b4f8b9 -> 
  custom:scripting/monoscript/fileName/UIScrollToSelection.cs: d89fc8e36bdc19715e3104a5f857d175 -> 
  custom:scripting/monoscript/fileName/IScrollSnap.cs: 80b4110dac6695d630b8e7501d8e5aa8 -> 
  custom:scripting/monoscript/fileName/SegmentedControl.cs: 3a6e53207de58cf304ab520e0638e2df -> 
  custom:scripting/monoscript/fileName/ColorSampler.cs: 617678b91f4adc7b3146f51bed3fc4b1 -> 
  custom:scripting/monoscript/fileName/TabNavigationHelper.cs: 43f45dc623750048d2fbac24931c8ac8 -> 
  custom:scripting/monoscript/fileName/AutoCompleteComboBox.cs: 6e2e6cf33d4f5ca4ad3c05ff8f254467 -> 
  custom:scripting/monoscript/fileName/TextPicEditor.cs: c23216fe996c314d4c496ad837485981 -> 
  custom:scripting/monoscript/fileName/CUIMisc.cs: bc26c7f132f5cd28304cbc88070ca4dc -> 
  custom:scripting/monoscript/fileName/UIAdditiveEffect.cs: 50386f7d7d76f5c5e155dbf56c5e5fdd -> 
  custom:scripting/monoscript/fileName/MonoSpacing.cs: 45ba6bf376dd125375a8906a7d8b8b4b -> 
  custom:scripting/monoscript/fileName/FloatTween.cs: c51b551f6abec506d0db9945f7aa25cc -> 
  custom:scripting/monoscript/fileName/BoxSlider.cs: 662335e935a62641f6cb14e99e25e994 -> 
  custom:scripting/monoscript/fileName/BezierLineRendererEditor.cs: 2a50098be424d999e43b888ace13278c -> 
  custom:scripting/monoscript/fileName/NonDrawingGraphic.cs: a309796f6d67e4c1c110ec62b4572b4e -> 
  custom:scripting/monoscript/fileName/ScrollPositionController.cs: 30c392a65a277a4a74b1a6f1a3417601 -> 
  custom:scripting/monoscript/fileName/ContentScrollSnapHorizontal.cs: cb0bf043572062ce08b48904f46c98c8 -> 
  custom:scripting/monoscript/fileName/Triangulator.cs: 4ee9f09ca55767568ee94c9eaaed7244 -> d867a9a7a8385ef82ff357feb70c59d4
  custom:scripting/monoscript/fileName/UIImageCrop.cs: 1ec5d1f18ccf3bbe8ea319cda00ecfbc -> 
  custom:scripting/monoscript/fileName/BoxSliderEditor.cs: 9c680a5a338924fb176605eed0f68a75 -> 
  custom:scripting/monoscript/fileName/FancyScrollView.cs: c5f9c64ec4b4e183b17919204bc381a9 -> 
  custom:scripting/monoscript/fileName/BezierPath.cs: 90cbb6f823f7a03c69c93b3e1653c45e -> 
  custom:scripting/monoscript/fileName/SuperellipsePoints.cs: db2a1c9698f2dea478e1d6bfece554ae -> 
  custom:scripting/monoscript/fileName/UI_Knob.cs: 00244fb2be3e9e1f5ec3a07f175066a9 -> 
  custom:container-muxer-webm: aa71ff27fc2769a1b78a27578f13a17b -> 
  custom:scripting/monoscript/fileName/RaycastMask.cs: b13971e6a124c25b886c6703ae2aab24 -> 
  custom:scripting/monoscript/fileName/MultiTouchScrollRect.cs: 3a778993ea01435b2502c14ea2b2ff98 -> 
  custom:video-decoder-webm-vp8: 9c59270c3fd7afecdb556c50c9e8de78 -> 
  custom:scripting/monoscript/fileName/InputFieldEnterSubmit.cs: cdd5149b8afb8dc59ad57cc53ad8fb3b -> 
  custom:scripting/monoscript/fileName/ExampleSelectable.cs: 8dc7a8cd606154e7d10bb507e235c1f8 -> 
  custom:scripting/monoscript/fileName/uGUITools.cs: aa32797d8a9cdcd2167b6be114b0d5ec -> 
  custom:scripting/monoscript/fileName/UILinearDodgeEffect.cs: f5508d2f3f6addba614d4c08275f4546 -> 
  custom:SearchIndexIgnoredProperties: e643bd26f0fe6173181afceb89e7c659 -> 
  custom:scripting/monoscript/fileName/EasingCore.cs: 0bad7e894488e9b67256d892a478aab1 -> 
  custom:scripting/monoscript/fileName/Stepper.cs: 3ee1a56034750815f9c567b6c54fbbb8 -> 
  custom:scripting/monoscript/fileName/UIPrimitiveBase.cs: 80a945e915822efd5c887ee28f76aa9f -> 
  custom:AudioImporter_EditorPlatform: d09bf68614088b80899f8185d706f6e7 -> 
  custom:scripting/monoscript/fileName/LetterSpacing.cs: c4f4c504ac9c0b708c438c8a0faf6a96 -> 
  custom:scripting/monoscript/fileName/UISquircle.cs: faaa67841792f2c90a13db82841ac6e3 -> 
  custom:scripting/monoscript/fileName/RangeSlider.cs: 026cea0882c5bbc90f7cedc5111cfeb2 -> 
  custom:scripting/monoscript/fileName/UIExtensionMethods.cs: 2621bff24acfb4ddb3b264b7553588d8 -> 
  custom:scripting/monoscript/fileName/UIVerticalScroller.cs: 3532ae0d4ba5f6e2c310cfec2c655a8c -> 
  custom:scripting/monoscript/fileName/ColorLabel.cs: 9a2d62e5e8f65400e4abc881023f36f7 -> 
  custom:scripting/monoscript/fileName/TooltipTrigger.cs: 546a7d73bc42b9e6f1fd03a7e07d7f29 -> 
  custom:scripting/monoscript/fileName/UIMultiplyEffect.cs: 29b6f1f4d98d9b61292d829c0030af4b -> 
  custom:scripting/monoscript/fileName/CardPopup2D.cs: ac929914b8675b3ff1238ddb1cc99789 -> 
  custom:scripting/monoscript/fileName/ScrollSnapScrollbarHelper.cs: d6b043fd7048156ea2ef4da9da4a0a51 -> 
  custom:scripting/monoscript/fileName/HoverTooltip.cs: abdf0400bdf15bb8fdc0bc4d5ecc993f -> 
  custom:scripting/monoscript/fileName/ColorImage.cs: 87dea3e9bf43c94e295d4fa411046c66 -> 
  custom:scripting/monoscript/fileName/FancyScrollRectContext.cs: 9e5d4d8665c04a1190a3fc52908244b0 -> 
  custom:scripting/monoscript/fileName/TextPicIconEditor.cs: 1f41560011fcb93d03be374d10238c0c -> 
  custom:scripting/monoscript/fileName/UI_InfiniteScroll.cs: f7518bdb5ccbb5518282b9c860eef985 -> 
  custom:scripting/monoscript/fileName/UIExtensionsMenuOptions.cs: 25d3bc76bdcc7be45d732e8f064ec6a7 -> 
  custom:scripting/monoscript/fileName/ReadOnlyAttribute.cs: 604ae8fbc27d6402b88ac08f1987318f -> 
  custom:scripting/monoscript/fileName/UICircle.cs: e40253d6117a9fbea82cc285a7e8a36e -> 
  custom:scripting/monoscript/fileName/UIScrollToSelectionXY.cs: 8145d21a6ef6f8610242d2ba291595b9 -> 
  custom:scripting/monoscript/fileName/CUITextEditor.cs: 966cced0a631446b9484c2fe777a7f5b -> 
  custom:scripting/precompiled-assembly-types:UnityUIExtensions.editor: e002030e6fc012878af160bb334541ad -> 
  custom:scripting/monoscript/fileName/TweenRunner.cs: 90647cc400823b41df847a6cbfc29026 -> 
  custom:scripting/monoscript/fileName/UIHorizontalScroller.cs: 758f016ad67e22eff0f26468f408f006 -> 
  custom:scripting/monoscript/fileName/ReturnKeyTriggersButton.cs: 622f27a1a5fce3f8fe14f0fe6c6b39b5 -> 
  custom:scripting/monoscript/fileName/FancyGridViewCell.cs: 0cdf409b5aa8d4c25876d72b5c6a3b60 -> 
  custom:scripting/monoscript/fileName/Scroller.cs: 94938ad1cd7c20206a0339e3bd7f3330 -> 
  custom:scripting/monoscript/fileName/CylinderText.cs: 86c073c10ed890f8e108be86fb350e35 -> 
  custom:scripting/monoscript/fileName/ColorPickerPresets.cs: d20309ac183a87fd46c2e0a03ba5bdef -> 
  custom:scripting/monoscript/fileName/RadialSlider.cs: 24542b53b379116a4f98bb53a64e13b8 -> 
  custom:scripting/monoscript/fileName/PPIViewer.cs: 5269fbe050022d597b2ceba1b1d4cbae -> 
  custom:scripting/monoscript/fileName/InputFocus.cs: 6a5a3b184038cb5e7dbe4882c96bc91b -> 
  custom:scripting/monoscript/fileName/CUIBezierCurve.cs: 32214df0cb137de9f4967269deffb6f3 -> 
  custom:scripting/monoscript/fileName/DropDownListItem.cs: 91c61fd79335f34fb81e114553bf8888 -> 
  custom:scripting/monoscript/fileName/UIFlippable.cs: 9c843e180ea4b6afe9c1ba071336e124 -> 
  custom:scripting/monoscript/fileName/CanvasGroupActivator.cs: f743e9c6e47b0eb8c0b7b2fbf9f7de19 -> 
  custom:scripting/monoscript/fileName/UIWindowBase.cs: 776e605614a77fffd4e0147c8e684e94 -> 
  custom:video-encoder-webm-vp8: eb34c28f22e8b96e1ab97ce403110664 -> 
  custom:scripting/monoscript/fileName/ScrollPositionControllerEditor.cs: fb86570a90d8d5b779234b7f103e1b51 -> 
  custom:scripting/monoscript/fileName/CurvedLayout.cs: 46917779e317aa4a214ea430689de312 -> 
  custom:scripting/monoscript/fileName/ScrollConflictManager.cs: 1a474b2432b80a8b7211f13c79bb991c -> 
  custom:scripting/monoscript/fileName/ReadOnlyDrawer.cs: 1c0aa6472b8e40c24f66a5805d818994 -> 
  custom:audio-decoder-ogg-vorbis: bf7c407c2cedff20999df2af8eb42d56 -> 
  custom:scripting/monoscript/fileName/FancyGridView.cs: 849ed7f5b11c9db237ef61b01c5a5104 -> 
  custom:scripting/monoscript/fileName/CableCurve.cs: 1ed0592bfc80d3ca3db7b55e9a6e9d9a -> 
  custom:scripting/monoscript/fileName/PaginationManager.cs: b5c7a38e1c9bde92ca052679632bc9f1 -> 
  custom:scripting/monoscript/fileName/UILineTextureRenderer.cs: f3042185c83712ad42b2d6694b56f8d3 -> 
  custom:scripting/monoscript/fileName/MenuManager.cs: 8e71de17d45faf11b5ca3e63d3867170 -> 
  custom:scripting/monoscript/fileName/ColorPickerPresetsEditor.cs: 57bebb34d006d8305e8cd353ea00f28b -> 
  custom:scripting/monoscript/fileName/UI_MagneticInfiniteScroll.cs: 7f0db092e1c52c826e7ccbefe21fe7ce -> 
  custom:scripting/monoscript/fileName/ToolTip.cs: 2f05f936126a769ca9a98ef6920928a7 -> 
  custom:scripting/monoscript/fileName/TextPicRenameEditor.cs: b67a1588d964fe3ac177da9872e96689 -> 
  custom:scripting/monoscript/fileName/TestCompression.cs: 2a18178f72c1b3979b9006483863f20e -> 
  custom:scripting/monoscript/fileName/IFancyScrollRectContext.cs: 9c4dee0aef526d67eb0a668a1c9b910a -> 
  custom:scripting/monoscript/fileName/ColorChangedEvent.cs: bafb161b451089e6c72bcae877e0ba66 -> 
  custom:scripting/monoscript/fileName/BestFitOutline.cs: 2ec1c68346f5b721e3d92092cd60b278 -> 
  custom:scripting/monoscript/fileName/NonDrawingGraphicEditor.cs: 1e7abd1e1a4d3da38de70c6d38c19118 -> 
  custom:scripting/monoscript/fileName/HSVChangedEvent.cs: 8a0d7f505f4db7e267a03264293f54eb -> 
  custom:scripting/monoscript/fileName/CUIImageEditor.cs: 0be5a4365a8d65680f88c4d192e5254c -> 
  custom:scripting/monoscript/fileName/HorizontalScrollSnap.cs: 624447835d67a70d90ed2b7f69117316 -> 
  custom:scripting/monoscript/fileName/UI_TweenScale.cs: 50a18c41daf615d82dc37ef0e9dcea31 -> 
  custom:scripting/monoscript/fileName/BoundTooltipItem.cs: 12dc26af634677e40fd7840809357e6c -> 
  custom:scripting/monoscript/fileName/AccordionElement.cs: 69f1a7e537099cc57de9b6eaa86cef32 -> 
  custom:scripting/monoscript/fileName/UI_ScrollRectOcclusion.cs: 491f1c2592ac821eb8de9e533fddd4a9 -> 
  custom:scripting/monoscript/fileName/CUIBezierCurveEditor.cs: be4462c6de2387d5f99ef9d0e93b91ee -> 
  custom:scripting/monoscript/fileName/ColorSliderImage.cs: bbcbfbf23dc2f9fc5450db8f36b24487 -> 
  custom:scripting/monoscript/fileName/Accordion.cs: c31898dc7ffd6f7b32be5689419229bc -> 
  custom:scripting/monoscript/fileName/FancyCell.cs: 0cdf409b5aa8d4c25876d72b5c6a3b60 -> 
  custom:scripting/monoscript/fileName/ShineEffect.cs: 61d233269c4ea687efa548adef5d6e13 -> 
  custom:audio-encoder-webm-vorbis: bf7c407c2cedff20999df2af8eb42d56 -> 
  custom:scripting/monoscript/fileName/ScrollRectTweener.cs: 3437a8fb18bed84a45865e36e83e332f -> 
  custom:scripting/monoscript/fileName/MeshCreator.cs: a2506ad04bac2e5a6d6d50e0d7978d92 -> 
  custom:scripting/monoscript/fileName/UIPolygon.cs: ef7b3e02606f58c56a27e65db10bc7f3 -> 
  custom:scripting/monoscript/fileName/switchToRectTransform.cs: 0ef297259b7f2ab26defc1d718ad1e0a -> 
  custom:scripting/monoscript/fileName/UILineRendererList.cs: efbf4ff76c31aa3e4f61c8b26734d929 -> 
  custom:scripting/monoscript/fileName/CLZF2.cs: 40ef7bf6191a1a5e5b0f37e092e1b271 -> 
  custom:scripting/monoscript/fileName/SimpleMenu.cs: 90647cc400823b41df847a6cbfc29026 -> 
  custom:scripting/monoscript/fileName/RescalePanel.cs: a379a55181438e3b7a29019da8a3c82c -> 
  custom:scripting/monoscript/fileName/DragCorrector.cs: 89ab4a0369eecb75be2277a80a08c1e7 -> 
  custom:scripting/monoscript/fileName/RangeSliderEditor.cs: 1c09cdb4e75bc10f834bbae9a7b54e1e -> 
  custom:scripting/monoscript/fileName/FancyScrollRect.cs: 0cdf409b5aa8d4c25876d72b5c6a3b60 -> 
  custom:scripting/monoscript/fileName/ReorderableList.cs: 944c8e214787d07461c711b29546f976 -> 
  custom:scripting/monoscript/fileName/RadialLayout.cs: 170f31c5fdb54a9fe7ba926effdfd7d4 -> 
  custom:scripting/monoscript/fileName/ColorSlider.cs: a91d06b853e0bf2d5df3ea61a67d5c83 -> 
  custom:scripting/monoscript/fileName/IFancyGridViewContext.cs: be7addf49e5950ebb654fec55c2afa8b -> 
  custom:scripting/precompiled-assembly-types:UnityUIExtensions: c0991a7eaf90618746e467e9e018bd04 -> 
  custom:scripting/monoscript/fileName/CUIGraphic.cs: 4f47fad340418bff51fe6171e2259e7f -> 
  custom:scripting/monoscript/fileName/IFancyCellGroupContext.cs: 323b5f49cc2011b3d2d9088e528ed161 -> 
  custom:scripting/monoscript/fileName/MinMaxSlider.cs: e7d98a511e8b98df33f72f37935821e5 -> 
  custom:scripting/monoscript/fileName/ColorPickerTester.cs: 63b6c03c009a94721b9d41c8d5e5e6ed -> 
========================================================================
Received Prepare
Caller must complete domain reload
Begin MonoManager ReloadAssembly
- Loaded All Assemblies, in  0.562 seconds
Native extension for WindowsStandalone target not found
Native extension for WebGL target not found
Mono: successfully reloaded assembly
- Finished resetting the current domain, in  1.657 seconds
Domain Reload Profiling: 2219ms
	BeginReloadAssembly (161ms)
		ExecutionOrderSort (0ms)
		DisableScriptedObjects (12ms)
		BackupInstance (0ms)
		ReleaseScriptingObjects (0ms)
		CreateAndSetChildDomain (35ms)
	RebuildCommonClasses (36ms)
	RebuildNativeTypeToScriptingClass (13ms)
	initialDomainReloadingComplete (33ms)
	LoadAllAssembliesAndSetupDomain (317ms)
		LoadAssemblies (382ms)
		RebuildTransferFunctionScriptingTraits (0ms)
		AnalyzeDomain (20ms)
			TypeCache.Refresh (7ms)
				TypeCache.ScanAssembly (0ms)
			ScanForSourceGeneratedMonoScriptInfo (0ms)
			ResolveRequiredComponents (11ms)
	FinalizeReload (1658ms)
		ReleaseScriptCaches (0ms)
		RebuildScriptCaches (0ms)
		SetupLoadedEditorAssemblies (453ms)
			LogAssemblyErrors (0ms)
			InitializePlatformSupportModulesInManaged (9ms)
			SetLoadedEditorAssemblies (7ms)
			RefreshPlugins (0ms)
			BeforeProcessingInitializeOnLoad (76ms)
			ProcessInitializeOnLoadAttributes (324ms)
			ProcessInitializeOnLoadMethodAttributes (33ms)
			AfterProcessingInitializeOnLoad (3ms)
			EditorAssembliesLoaded (0ms)
		ExecutionOrderSort2 (0ms)
		AwakeInstancesAfterBackupRestoration (15ms)
Refreshing native plugins compatible for Editor in 5.09 ms, found 7 plugins.
Preloading 0 native plugins for Editor in 0.00 ms.
Unloading 4456 Unused Serialized files (Serialized files now loaded: 0)
Unloading 44 unused Assets / (0.7 MB). Loaded Objects now: 5251.
Memory consumption went from 158.3 MB to 157.6 MB.
Total: 3.936700 ms (FindLiveObjects: 0.443600 ms CreateObjectMapping: 0.113700 ms MarkObjects: 2.905200 ms  DeleteObjects: 0.472200 ms)

Prepare: number of updated asset objects reloaded= 0
AssetImportParameters requested are different than current active one (requested -> active):
  custom:scripting/monoscript/fileName/CardStack2D.cs: 52f7ac406c04f320c1cc31b32fc945ec -> 
  custom:scripting/monoscript/fileName/UILineRendererFIFO.cs: 1a840d7d842445f62c20beee85a5bbc5 -> 
  custom:scripting/monoscript/fileName/FlowLayoutGroup.cs: 4f8c51e99186127173631d5ea0b848a8 -> 
  custom:scripting/monoscript/fileName/UIParticleSystem.cs: 6cef203566a0c9333597e4e233613614 -> 
  custom:scripting/monoscript/fileName/UILineRenderer.cs: 673f1b621ab4781ac78770b1b3c45207 -> 
  custom:scripting/monoscript/fileName/TableLayoutGroup.cs: 9697d88a99d4c91003d206b86eed3a61 -> 
  custom:scripting/monoscript/fileName/Segment.cs: 823b994f6bbb6e32f73e9807948df6b3 -> 
  custom:container-demuxer-ogg: 62fdf1f143b41e24485cea50d1cbac27 -> 
  custom:scripting/monoscript/fileName/SelectionBox.cs: 9eabc2822607d24d284c5c0d720d4a01 -> 
  custom:scripting/monoscript/fileName/ReorderableListContent.cs: a630238339e5f198f723ac29a2329f6d -> 
  custom:scripting/monoscript/fileName/Menu.cs: d0a2652908e797d4064ef9b772450cc8 -> 
  custom:scripting/monoscript/fileName/SetPropertyUtility.cs: 02aade692758e5563210cc05829e9851 -> f604b4b9e6b0979bdfc1e2b40426dd19
  custom:scripting/monoscript/fileName/HSVUtil.cs: 2f204c7a89b046fae714aadbcda42851 -> 
  custom:scripting/monoscript/fileName/FancyCellGroup.cs: 90647cc400823b41df847a6cbfc29026 -> 
  custom:scripting/monoscript/fileName/RescaleDragPanel.cs: 428e5a10a21f2d3fc3805557487d591e -> 
  custom:scripting/monoscript/fileName/ExtensionsToggleGroup.cs: 93967f93faef61aecdca9232fa42b062 -> 
  custom:scripting/monoscript/fileName/ResizePanel.cs: 0a2d1269c62cba913a254b515f8b6020 -> 
  custom:scripting/monoscript/fileName/Circle.cs: cfc2369c92dd039be7c3f572f769fdcf -> 
  custom:scripting/monoscript/fileName/ShaderLibrary.cs: 7a09676978959734a6827051c965f749 -> 
  custom:scripting/monoscript/fileName/CurvedText.cs: c86aabacdca275700720e919fc8a8b52 -> 
  custom:scripting/monoscript/fileName/FancyScrollRectCell.cs: 0cdf409b5aa8d4c25876d72b5c6a3b60 -> 
  custom:scripting/monoscript/fileName/Gradient.cs: a4c2a5a25440c543cd82653fda832632 -> 
  custom:scripting/monoscript/fileName/ScrollSnapBase.cs: 3682088473625968e7b4647a6b4213f6 -> 
  custom:scripting/monoscript/fileName/CUIText.cs: 0be1a405bc9388e4813a74aad6018bec -> 
  custom:scripting/monoscript/fileName/BoundTooltipTrigger.cs: e78e2ee612ba85e075ab794a5cb95e73 -> 
  custom:scripting/monoscript/fileName/UIHighlightable.cs: fd305ad78204cb75a66ce809c3f50e6a -> 
  custom:video-codec-MediaFoundation-h265: 746d11721c4dcdbdad8f713fa42b33f4 -> 
  custom:scripting/monoscript/fileName/UIExtensionsInputManager.cs: 6f468ddae971c3bcce0288549c1beabd -> 
  custom:scripting/monoscript/fileName/Gradient2.cs: 9c1fd6257924e43a80b8fccb859d3828 -> 
  custom:scripting/monoscript/fileName/CooldownButton.cs: 72bd21b90ac71f29908a36179176f8fc -> 
  custom:video-decoder-ogg-theora: a1e56fd34408186e4bbccfd4996cb3dc -> 
  custom:scripting/monoscript/fileName/TileSizeFitter.cs: ba6326e335b6f177a627b992c444832c -> 
  custom:scripting/monoscript/fileName/SelectableScaler.cs: 3ebe175d64b38a572f8dbe8fd345f0c3 -> 
  custom:scripting/monoscript/fileName/AccordionElementEditor.cs: db5ee9b2cff22578a12a4d141614d665 -> 
  custom:scripting/monoscript/fileName/ExtensionsToggle.cs: e0b44aa7e1ff973d74b4857a34a48879 -> 
  custom:scripting/monoscript/fileName/ReorderableListElement.cs: 788a31431a1c95dc9a9a52767f8e812f -> 
  custom:scripting/monoscript/fileName/ShineEffector.cs: 52ed4eb6c7ed8f674a18d2a4db6eba86 -> 
  custom:scripting/monoscript/fileName/UISelectableExtension.cs: b6766007d8a2236e23d4749da2d8cdd2 -> 
  custom:framework-win-MediaFoundation: 216162199b28c13a410421893ffa2e32 -> 
  custom:scripting/monoscript/fileName/UISoftAdditiveEffect.cs: 30a825933c907dec19605ff2f58a292f -> 
  custom:scripting/monoscript/fileName/HexColorField.cs: 425eeca1ce4159bc649962b2337061a4 -> 
  custom:scripting/monoscript/fileName/ColorPickerControl.cs: 97231f899ae243cc634f34e048c22095 -> 
  custom:scripting/monoscript/fileName/ReorderableListDebug.cs: 51cf5a188c464deb681bea16cb795b61 -> 
  custom:scripting/monoscript/fileName/TextPic.cs: 9dbd7bc654cbf19eee33ac6fc452bfb1 -> 
  custom:scripting/monoscript/fileName/CUIImage.cs: 41f29f650aa507f802cd9793d91f3211 -> 
  custom:scripting/monoscript/fileName/DropDownListButton.cs: 71d533f2602e0e099d09a556ef8e4414 -> 
  custom:scripting/monoscript/fileName/ScrollSnap.cs: c5ae67ed5cc8c0ab1f7496803acc2648 -> 
  custom:scripting/monoscript/fileName/TextPicIconListCopier.cs: a564a2a474c019b98650cff2383ccfca -> 
  custom:scripting/monoscript/fileName/UICornerCut.cs: 69b0dfb485aa2b1afa65fcf30028125b -> 
  custom:scripting/monoscript/fileName/ScrollerEditor.cs: 478519b80ad2bc62d4a4b80ae078e694 -> 
  custom:scripting/monoscript/fileName/IBoxSelectable.cs: a5bf39a694cf2b84c65e7bec998d4941 -> 
  custom:scripting/monoscript/fileName/TiltWindow.cs: 7c3356d1b5bc9c6e9fe98345b0be7c30 -> 
  custom:scripting/monoscript/fileName/ExtensionMethods.cs: 943bd8dac5ce9467ce7deb0856dc6b0a -> 
  custom:scripting/monoscript/fileName/ComboBox.cs: a6ca48dde827ff07a9093f3624d58e62 -> 
  custom:scripting/monoscript/fileName/ScrollRectLinker.cs: 0316116e17d192ca2ef7c97539dff50f -> 
  custom:scripting/monoscript/fileName/SVBoxSlider.cs: 1d22c9c16d63e1cf38ad19bbcec9a0da -> 
  custom:scripting/monoscript/fileName/VerticalScrollSnap.cs: a7ebcf1fac8331e70ee01e540cbe484b -> 
  custom:scripting/monoscript/fileName/UILineConnector.cs: ea5f69a32957fe35ae7b512ef3f758ef -> 
  custom:scripting/monoscript/fileName/UIScreenEffect.cs: c36542c529d1f733362556ab22c18bf9 -> 
  custom:scripting/monoscript/fileName/SoftMaskScript.cs: 867049fb2647c9983fb1391409f93d30 -> 
  custom:scripting/monoscript/fileName/DiamondGraph.cs: a01b647a54847840428a395cc0d6fc16 -> 
  custom:scripting/monoscript/fileName/ScrollRectEx.cs: 3f6a881a34055e182fee3ab0baaee0c3 -> 
  custom:scripting/monoscript/fileName/UIGridRenderer.cs: 04c0062f4b7cdd6963fdba9ae03d9c72 -> 
  custom:scripting/monoscript/fileName/NicerOutline.cs: 571a7c7c4af4ebadc9fed23f0c3b0b46 -> 
  custom:CustomObjectIndexerAttribute: 9a22284fe3817be447336de3de66b15e -> 
  custom:scripting/monoscript/fileName/ScrollRectExtensions.cs: c76cb840404ffa9bc24248639e9da4ee -> 
  custom:scripting/monoscript/fileName/FancyGridViewContext.cs: 8738476657d4a33c34bc82bed7ce8bc9 -> 
  custom:scripting/monoscript/fileName/MinMaxValues.cs: 4aa11a61e640749f4ea5f947f86be5ba -> 
  custom:scripting/monoscript/fileName/CardExpanding3D.cs: d8b2b9924677ad2b445b05edbed7f0e3 -> 
  custom:scripting/monoscript/fileName/MinMaxSliderEditor.cs: e0496a7f76fc8934af2a763a7289ad36 -> 
  custom:scripting/monoscript/fileName/StepperSide.cs: 34d9a35c8c2622f327b140f18a7398a7 -> 
  custom:scripting/monoscript/fileName/CUIGraphicEditor.cs: a618262d3e77d462c5a0cd2e608e8a53 -> 
  custom:scripting/monoscript/fileName/DropDownList.cs: 3d51ab81e9571c9027b59874b2c78567 -> 
  custom:scripting/monoscript/fileName/ITweenValue.cs: 1d0eaa4b435fa135e18af6b5fa57e92e -> 
  custom:container-demuxer-webm: 4f35f7cbe854078d1ac9338744f61a02 -> 
  custom:scripting/monoscript/fileName/CardExpanding2D.cs: e0950b450275cb3936a581f286a6b471 -> 
  custom:scripting/monoscript/fileName/ResetSelectableHighlight.cs: 3ea63487fd77e7b22731770a86b4f8b9 -> 
  custom:scripting/monoscript/fileName/UIScrollToSelection.cs: d89fc8e36bdc19715e3104a5f857d175 -> 
  custom:scripting/monoscript/fileName/IScrollSnap.cs: 80b4110dac6695d630b8e7501d8e5aa8 -> 
  custom:scripting/monoscript/fileName/SegmentedControl.cs: 3a6e53207de58cf304ab520e0638e2df -> 
  custom:scripting/monoscript/fileName/ColorSampler.cs: 617678b91f4adc7b3146f51bed3fc4b1 -> 
  custom:scripting/monoscript/fileName/TabNavigationHelper.cs: 43f45dc623750048d2fbac24931c8ac8 -> 
  custom:scripting/monoscript/fileName/AutoCompleteComboBox.cs: 6e2e6cf33d4f5ca4ad3c05ff8f254467 -> 
  custom:scripting/monoscript/fileName/TextPicEditor.cs: c23216fe996c314d4c496ad837485981 -> 
  custom:scripting/monoscript/fileName/CUIMisc.cs: bc26c7f132f5cd28304cbc88070ca4dc -> 
  custom:scripting/monoscript/fileName/UIAdditiveEffect.cs: 50386f7d7d76f5c5e155dbf56c5e5fdd -> 
  custom:scripting/monoscript/fileName/MonoSpacing.cs: 45ba6bf376dd125375a8906a7d8b8b4b -> 
  custom:scripting/monoscript/fileName/FloatTween.cs: c51b551f6abec506d0db9945f7aa25cc -> 
  custom:scripting/monoscript/fileName/BoxSlider.cs: 662335e935a62641f6cb14e99e25e994 -> 
  custom:scripting/monoscript/fileName/BezierLineRendererEditor.cs: 2a50098be424d999e43b888ace13278c -> 
  custom:scripting/monoscript/fileName/NonDrawingGraphic.cs: a309796f6d67e4c1c110ec62b4572b4e -> 
  custom:scripting/monoscript/fileName/ScrollPositionController.cs: 30c392a65a277a4a74b1a6f1a3417601 -> 
  custom:scripting/monoscript/fileName/ContentScrollSnapHorizontal.cs: cb0bf043572062ce08b48904f46c98c8 -> 
  custom:scripting/monoscript/fileName/Triangulator.cs: 4ee9f09ca55767568ee94c9eaaed7244 -> d867a9a7a8385ef82ff357feb70c59d4
  custom:scripting/monoscript/fileName/UIImageCrop.cs: 1ec5d1f18ccf3bbe8ea319cda00ecfbc -> 
  custom:scripting/monoscript/fileName/BoxSliderEditor.cs: 9c680a5a338924fb176605eed0f68a75 -> 
  custom:scripting/monoscript/fileName/FancyScrollView.cs: c5f9c64ec4b4e183b17919204bc381a9 -> 
  custom:scripting/monoscript/fileName/BezierPath.cs: 90cbb6f823f7a03c69c93b3e1653c45e -> 
  custom:scripting/monoscript/fileName/SuperellipsePoints.cs: db2a1c9698f2dea478e1d6bfece554ae -> 
  custom:scripting/monoscript/fileName/UI_Knob.cs: 00244fb2be3e9e1f5ec3a07f175066a9 -> 
  custom:container-muxer-webm: aa71ff27fc2769a1b78a27578f13a17b -> 
  custom:scripting/monoscript/fileName/RaycastMask.cs: b13971e6a124c25b886c6703ae2aab24 -> 
  custom:scripting/monoscript/fileName/MultiTouchScrollRect.cs: 3a778993ea01435b2502c14ea2b2ff98 -> 
  custom:video-decoder-webm-vp8: 9c59270c3fd7afecdb556c50c9e8de78 -> 
  custom:scripting/monoscript/fileName/InputFieldEnterSubmit.cs: cdd5149b8afb8dc59ad57cc53ad8fb3b -> 
  custom:scripting/monoscript/fileName/ExampleSelectable.cs: 8dc7a8cd606154e7d10bb507e235c1f8 -> 
  custom:scripting/monoscript/fileName/uGUITools.cs: aa32797d8a9cdcd2167b6be114b0d5ec -> 
  custom:scripting/monoscript/fileName/UILinearDodgeEffect.cs: f5508d2f3f6addba614d4c08275f4546 -> 
  custom:SearchIndexIgnoredProperties: e643bd26f0fe6173181afceb89e7c659 -> 
  custom:scripting/monoscript/fileName/EasingCore.cs: 0bad7e894488e9b67256d892a478aab1 -> 
  custom:scripting/monoscript/fileName/Stepper.cs: 3ee1a56034750815f9c567b6c54fbbb8 -> 
  custom:scripting/monoscript/fileName/UIPrimitiveBase.cs: 80a945e915822efd5c887ee28f76aa9f -> 
  custom:AudioImporter_EditorPlatform: d09bf68614088b80899f8185d706f6e7 -> 
  custom:scripting/monoscript/fileName/LetterSpacing.cs: c4f4c504ac9c0b708c438c8a0faf6a96 -> 
  custom:scripting/monoscript/fileName/UISquircle.cs: faaa67841792f2c90a13db82841ac6e3 -> 
  custom:scripting/monoscript/fileName/RangeSlider.cs: 026cea0882c5bbc90f7cedc5111cfeb2 -> 
  custom:scripting/monoscript/fileName/UIExtensionMethods.cs: 2621bff24acfb4ddb3b264b7553588d8 -> 
  custom:scripting/monoscript/fileName/UIVerticalScroller.cs: 3532ae0d4ba5f6e2c310cfec2c655a8c -> 
  custom:scripting/monoscript/fileName/ColorLabel.cs: 9a2d62e5e8f65400e4abc881023f36f7 -> 
  custom:scripting/monoscript/fileName/TooltipTrigger.cs: 546a7d73bc42b9e6f1fd03a7e07d7f29 -> 
  custom:scripting/monoscript/fileName/UIMultiplyEffect.cs: 29b6f1f4d98d9b61292d829c0030af4b -> 
  custom:scripting/monoscript/fileName/CardPopup2D.cs: ac929914b8675b3ff1238ddb1cc99789 -> 
  custom:scripting/monoscript/fileName/ScrollSnapScrollbarHelper.cs: d6b043fd7048156ea2ef4da9da4a0a51 -> 
  custom:scripting/monoscript/fileName/HoverTooltip.cs: abdf0400bdf15bb8fdc0bc4d5ecc993f -> 
  custom:scripting/monoscript/fileName/ColorImage.cs: 87dea3e9bf43c94e295d4fa411046c66 -> 
  custom:scripting/monoscript/fileName/FancyScrollRectContext.cs: 9e5d4d8665c04a1190a3fc52908244b0 -> 
  custom:scripting/monoscript/fileName/TextPicIconEditor.cs: 1f41560011fcb93d03be374d10238c0c -> 
  custom:scripting/monoscript/fileName/UI_InfiniteScroll.cs: f7518bdb5ccbb5518282b9c860eef985 -> 
  custom:scripting/monoscript/fileName/UIExtensionsMenuOptions.cs: 25d3bc76bdcc7be45d732e8f064ec6a7 -> 
  custom:scripting/monoscript/fileName/ReadOnlyAttribute.cs: 604ae8fbc27d6402b88ac08f1987318f -> 
  custom:scripting/monoscript/fileName/UICircle.cs: e40253d6117a9fbea82cc285a7e8a36e -> 
  custom:scripting/monoscript/fileName/UIScrollToSelectionXY.cs: 8145d21a6ef6f8610242d2ba291595b9 -> 
  custom:scripting/monoscript/fileName/CUITextEditor.cs: 966cced0a631446b9484c2fe777a7f5b -> 
  custom:scripting/precompiled-assembly-types:UnityUIExtensions.editor: e002030e6fc012878af160bb334541ad -> 
  custom:scripting/monoscript/fileName/TweenRunner.cs: 90647cc400823b41df847a6cbfc29026 -> 
  custom:scripting/monoscript/fileName/UIHorizontalScroller.cs: 758f016ad67e22eff0f26468f408f006 -> 
  custom:scripting/monoscript/fileName/ReturnKeyTriggersButton.cs: 622f27a1a5fce3f8fe14f0fe6c6b39b5 -> 
  custom:scripting/monoscript/fileName/FancyGridViewCell.cs: 0cdf409b5aa8d4c25876d72b5c6a3b60 -> 
  custom:scripting/monoscript/fileName/Scroller.cs: 94938ad1cd7c20206a0339e3bd7f3330 -> 
  custom:scripting/monoscript/fileName/CylinderText.cs: 86c073c10ed890f8e108be86fb350e35 -> 
  custom:scripting/monoscript/fileName/ColorPickerPresets.cs: d20309ac183a87fd46c2e0a03ba5bdef -> 
  custom:scripting/monoscript/fileName/RadialSlider.cs: 24542b53b379116a4f98bb53a64e13b8 -> 
  custom:scripting/monoscript/fileName/PPIViewer.cs: 5269fbe050022d597b2ceba1b1d4cbae -> 
  custom:scripting/monoscript/fileName/InputFocus.cs: 6a5a3b184038cb5e7dbe4882c96bc91b -> 
  custom:scripting/monoscript/fileName/CUIBezierCurve.cs: 32214df0cb137de9f4967269deffb6f3 -> 
  custom:scripting/monoscript/fileName/DropDownListItem.cs: 91c61fd79335f34fb81e114553bf8888 -> 
  custom:scripting/monoscript/fileName/UIFlippable.cs: 9c843e180ea4b6afe9c1ba071336e124 -> 
  custom:scripting/monoscript/fileName/CanvasGroupActivator.cs: f743e9c6e47b0eb8c0b7b2fbf9f7de19 -> 
  custom:scripting/monoscript/fileName/UIWindowBase.cs: 776e605614a77fffd4e0147c8e684e94 -> 
  custom:video-encoder-webm-vp8: eb34c28f22e8b96e1ab97ce403110664 -> 
  custom:scripting/monoscript/fileName/ScrollPositionControllerEditor.cs: fb86570a90d8d5b779234b7f103e1b51 -> 
  custom:scripting/monoscript/fileName/CurvedLayout.cs: 46917779e317aa4a214ea430689de312 -> 
  custom:scripting/monoscript/fileName/ScrollConflictManager.cs: 1a474b2432b80a8b7211f13c79bb991c -> 
  custom:scripting/monoscript/fileName/ReadOnlyDrawer.cs: 1c0aa6472b8e40c24f66a5805d818994 -> 
  custom:audio-decoder-ogg-vorbis: bf7c407c2cedff20999df2af8eb42d56 -> 
  custom:scripting/monoscript/fileName/FancyGridView.cs: 849ed7f5b11c9db237ef61b01c5a5104 -> 
  custom:scripting/monoscript/fileName/CableCurve.cs: 1ed0592bfc80d3ca3db7b55e9a6e9d9a -> 
  custom:scripting/monoscript/fileName/PaginationManager.cs: b5c7a38e1c9bde92ca052679632bc9f1 -> 
  custom:scripting/monoscript/fileName/UILineTextureRenderer.cs: f3042185c83712ad42b2d6694b56f8d3 -> 
  custom:scripting/monoscript/fileName/MenuManager.cs: 8e71de17d45faf11b5ca3e63d3867170 -> 
  custom:scripting/monoscript/fileName/ColorPickerPresetsEditor.cs: 57bebb34d006d8305e8cd353ea00f28b -> 
  custom:scripting/monoscript/fileName/UI_MagneticInfiniteScroll.cs: 7f0db092e1c52c826e7ccbefe21fe7ce -> 
  custom:scripting/monoscript/fileName/ToolTip.cs: 2f05f936126a769ca9a98ef6920928a7 -> 
  custom:scripting/monoscript/fileName/TextPicRenameEditor.cs: b67a1588d964fe3ac177da9872e96689 -> 
  custom:scripting/monoscript/fileName/TestCompression.cs: 2a18178f72c1b3979b9006483863f20e -> 
  custom:scripting/monoscript/fileName/IFancyScrollRectContext.cs: 9c4dee0aef526d67eb0a668a1c9b910a -> 
  custom:scripting/monoscript/fileName/ColorChangedEvent.cs: bafb161b451089e6c72bcae877e0ba66 -> 
  custom:scripting/monoscript/fileName/BestFitOutline.cs: 2ec1c68346f5b721e3d92092cd60b278 -> 
  custom:scripting/monoscript/fileName/NonDrawingGraphicEditor.cs: 1e7abd1e1a4d3da38de70c6d38c19118 -> 
  custom:scripting/monoscript/fileName/HSVChangedEvent.cs: 8a0d7f505f4db7e267a03264293f54eb -> 
  custom:scripting/monoscript/fileName/CUIImageEditor.cs: 0be5a4365a8d65680f88c4d192e5254c -> 
  custom:scripting/monoscript/fileName/HorizontalScrollSnap.cs: 624447835d67a70d90ed2b7f69117316 -> 
  custom:scripting/monoscript/fileName/UI_TweenScale.cs: 50a18c41daf615d82dc37ef0e9dcea31 -> 
  custom:scripting/monoscript/fileName/BoundTooltipItem.cs: 12dc26af634677e40fd7840809357e6c -> 
  custom:scripting/monoscript/fileName/AccordionElement.cs: 69f1a7e537099cc57de9b6eaa86cef32 -> 
  custom:scripting/monoscript/fileName/UI_ScrollRectOcclusion.cs: 491f1c2592ac821eb8de9e533fddd4a9 -> 
  custom:scripting/monoscript/fileName/CUIBezierCurveEditor.cs: be4462c6de2387d5f99ef9d0e93b91ee -> 
  custom:scripting/monoscript/fileName/ColorSliderImage.cs: bbcbfbf23dc2f9fc5450db8f36b24487 -> 
  custom:scripting/monoscript/fileName/Accordion.cs: c31898dc7ffd6f7b32be5689419229bc -> 
  custom:scripting/monoscript/fileName/FancyCell.cs: 0cdf409b5aa8d4c25876d72b5c6a3b60 -> 
  custom:scripting/monoscript/fileName/ShineEffect.cs: 61d233269c4ea687efa548adef5d6e13 -> 
  custom:audio-encoder-webm-vorbis: bf7c407c2cedff20999df2af8eb42d56 -> 
  custom:scripting/monoscript/fileName/ScrollRectTweener.cs: 3437a8fb18bed84a45865e36e83e332f -> 
  custom:scripting/monoscript/fileName/MeshCreator.cs: a2506ad04bac2e5a6d6d50e0d7978d92 -> 
  custom:scripting/monoscript/fileName/UIPolygon.cs: ef7b3e02606f58c56a27e65db10bc7f3 -> 
  custom:scripting/monoscript/fileName/switchToRectTransform.cs: 0ef297259b7f2ab26defc1d718ad1e0a -> 
  custom:scripting/monoscript/fileName/UILineRendererList.cs: efbf4ff76c31aa3e4f61c8b26734d929 -> 
  custom:scripting/monoscript/fileName/CLZF2.cs: 40ef7bf6191a1a5e5b0f37e092e1b271 -> 
  custom:scripting/monoscript/fileName/SimpleMenu.cs: 90647cc400823b41df847a6cbfc29026 -> 
  custom:scripting/monoscript/fileName/RescalePanel.cs: a379a55181438e3b7a29019da8a3c82c -> 
  custom:scripting/monoscript/fileName/DragCorrector.cs: 89ab4a0369eecb75be2277a80a08c1e7 -> 
  custom:scripting/monoscript/fileName/RangeSliderEditor.cs: 1c09cdb4e75bc10f834bbae9a7b54e1e -> 
  custom:scripting/monoscript/fileName/FancyScrollRect.cs: 0cdf409b5aa8d4c25876d72b5c6a3b60 -> 
  custom:scripting/monoscript/fileName/ReorderableList.cs: 944c8e214787d07461c711b29546f976 -> 
  custom:scripting/monoscript/fileName/RadialLayout.cs: 170f31c5fdb54a9fe7ba926effdfd7d4 -> 
  custom:scripting/monoscript/fileName/ColorSlider.cs: a91d06b853e0bf2d5df3ea61a67d5c83 -> 
  custom:scripting/monoscript/fileName/IFancyGridViewContext.cs: be7addf49e5950ebb654fec55c2afa8b -> 
  custom:scripting/precompiled-assembly-types:UnityUIExtensions: c0991a7eaf90618746e467e9e018bd04 -> 
  custom:scripting/monoscript/fileName/CUIGraphic.cs: 4f47fad340418bff51fe6171e2259e7f -> 
  custom:scripting/monoscript/fileName/IFancyCellGroupContext.cs: 323b5f49cc2011b3d2d9088e528ed161 -> 
  custom:scripting/monoscript/fileName/MinMaxSlider.cs: e7d98a511e8b98df33f72f37935821e5 -> 
  custom:scripting/monoscript/fileName/ColorPickerTester.cs: 63b6c03c009a94721b9d41c8d5e5e6ed -> 
========================================================================
Received Prepare
Caller must complete domain reload
Begin MonoManager ReloadAssembly
- Loaded All Assemblies, in  0.522 seconds
Native extension for WindowsStandalone target not found
Native extension for WebGL target not found
Mono: successfully reloaded assembly
- Finished resetting the current domain, in  1.134 seconds
Domain Reload Profiling: 1655ms
	BeginReloadAssembly (170ms)
		ExecutionOrderSort (0ms)
		DisableScriptedObjects (13ms)
		BackupInstance (0ms)
		ReleaseScriptingObjects (0ms)
		CreateAndSetChildDomain (35ms)
	RebuildCommonClasses (34ms)
	RebuildNativeTypeToScriptingClass (12ms)
	initialDomainReloadingComplete (33ms)
	LoadAllAssembliesAndSetupDomain (271ms)
		LoadAssemblies (347ms)
		RebuildTransferFunctionScriptingTraits (0ms)
		AnalyzeDomain (18ms)
			TypeCache.Refresh (7ms)
				TypeCache.ScanAssembly (0ms)
			ScanForSourceGeneratedMonoScriptInfo (0ms)
			ResolveRequiredComponents (10ms)
	FinalizeReload (1135ms)
		ReleaseScriptCaches (0ms)
		RebuildScriptCaches (0ms)
		SetupLoadedEditorAssemblies (467ms)
			LogAssemblyErrors (0ms)
			InitializePlatformSupportModulesInManaged (6ms)
			SetLoadedEditorAssemblies (6ms)
			RefreshPlugins (0ms)
			BeforeProcessingInitializeOnLoad (78ms)
			ProcessInitializeOnLoadAttributes (340ms)
			ProcessInitializeOnLoadMethodAttributes (33ms)
			AfterProcessingInitializeOnLoad (3ms)
			EditorAssembliesLoaded (0ms)
		ExecutionOrderSort2 (0ms)
		AwakeInstancesAfterBackupRestoration (14ms)
Refreshing native plugins compatible for Editor in 9.30 ms, found 7 plugins.
Preloading 0 native plugins for Editor in 0.00 ms.
Unloading 4456 Unused Serialized files (Serialized files now loaded: 0)
Unloading 44 unused Assets / (0.7 MB). Loaded Objects now: 5255.
Memory consumption went from 158.3 MB to 157.7 MB.
Total: 5.301600 ms (FindLiveObjects: 0.601400 ms CreateObjectMapping: 0.138400 ms MarkObjects: 3.950900 ms  DeleteObjects: 0.607200 ms)

Prepare: number of updated asset objects reloaded= 0
AssetImportParameters requested are different than current active one (requested -> active):
  custom:scripting/monoscript/fileName/CardStack2D.cs: 52f7ac406c04f320c1cc31b32fc945ec -> 
  custom:scripting/monoscript/fileName/UILineRendererFIFO.cs: 1a840d7d842445f62c20beee85a5bbc5 -> 
  custom:scripting/monoscript/fileName/FlowLayoutGroup.cs: 4f8c51e99186127173631d5ea0b848a8 -> 
  custom:scripting/monoscript/fileName/UIParticleSystem.cs: 6cef203566a0c9333597e4e233613614 -> 
  custom:scripting/monoscript/fileName/UILineRenderer.cs: 673f1b621ab4781ac78770b1b3c45207 -> 
  custom:scripting/monoscript/fileName/TableLayoutGroup.cs: 9697d88a99d4c91003d206b86eed3a61 -> 
  custom:scripting/monoscript/fileName/Segment.cs: 823b994f6bbb6e32f73e9807948df6b3 -> 
  custom:container-demuxer-ogg: 62fdf1f143b41e24485cea50d1cbac27 -> 
  custom:scripting/monoscript/fileName/SelectionBox.cs: 9eabc2822607d24d284c5c0d720d4a01 -> 
  custom:scripting/monoscript/fileName/ReorderableListContent.cs: a630238339e5f198f723ac29a2329f6d -> 
  custom:scripting/monoscript/fileName/Menu.cs: d0a2652908e797d4064ef9b772450cc8 -> 
  custom:scripting/monoscript/fileName/SetPropertyUtility.cs: 02aade692758e5563210cc05829e9851 -> f604b4b9e6b0979bdfc1e2b40426dd19
  custom:scripting/monoscript/fileName/HSVUtil.cs: 2f204c7a89b046fae714aadbcda42851 -> 
  custom:scripting/monoscript/fileName/FancyCellGroup.cs: 90647cc400823b41df847a6cbfc29026 -> 
  custom:scripting/monoscript/fileName/RescaleDragPanel.cs: 428e5a10a21f2d3fc3805557487d591e -> 
  custom:scripting/monoscript/fileName/ExtensionsToggleGroup.cs: 93967f93faef61aecdca9232fa42b062 -> 
  custom:scripting/monoscript/fileName/ResizePanel.cs: 0a2d1269c62cba913a254b515f8b6020 -> 
  custom:scripting/monoscript/fileName/Circle.cs: cfc2369c92dd039be7c3f572f769fdcf -> 
  custom:scripting/monoscript/fileName/ShaderLibrary.cs: 7a09676978959734a6827051c965f749 -> 
  custom:scripting/monoscript/fileName/CurvedText.cs: c86aabacdca275700720e919fc8a8b52 -> 
  custom:scripting/monoscript/fileName/FancyScrollRectCell.cs: 0cdf409b5aa8d4c25876d72b5c6a3b60 -> 
  custom:scripting/monoscript/fileName/Gradient.cs: a4c2a5a25440c543cd82653fda832632 -> 
  custom:scripting/monoscript/fileName/ScrollSnapBase.cs: 3682088473625968e7b4647a6b4213f6 -> 
  custom:scripting/monoscript/fileName/CUIText.cs: 0be1a405bc9388e4813a74aad6018bec -> 
  custom:scripting/monoscript/fileName/BoundTooltipTrigger.cs: e78e2ee612ba85e075ab794a5cb95e73 -> 
  custom:scripting/monoscript/fileName/UIHighlightable.cs: fd305ad78204cb75a66ce809c3f50e6a -> 
  custom:video-codec-MediaFoundation-h265: 746d11721c4dcdbdad8f713fa42b33f4 -> 
  custom:scripting/monoscript/fileName/UIExtensionsInputManager.cs: 6f468ddae971c3bcce0288549c1beabd -> 
  custom:scripting/monoscript/fileName/Gradient2.cs: 9c1fd6257924e43a80b8fccb859d3828 -> 
  custom:scripting/monoscript/fileName/CooldownButton.cs: 72bd21b90ac71f29908a36179176f8fc -> 
  custom:video-decoder-ogg-theora: a1e56fd34408186e4bbccfd4996cb3dc -> 
  custom:scripting/monoscript/fileName/TileSizeFitter.cs: ba6326e335b6f177a627b992c444832c -> 
  custom:scripting/monoscript/fileName/SelectableScaler.cs: 3ebe175d64b38a572f8dbe8fd345f0c3 -> 
  custom:scripting/monoscript/fileName/AccordionElementEditor.cs: db5ee9b2cff22578a12a4d141614d665 -> 
  custom:scripting/monoscript/fileName/ExtensionsToggle.cs: e0b44aa7e1ff973d74b4857a34a48879 -> 
  custom:scripting/monoscript/fileName/ReorderableListElement.cs: 788a31431a1c95dc9a9a52767f8e812f -> 
  custom:scripting/monoscript/fileName/ShineEffector.cs: 52ed4eb6c7ed8f674a18d2a4db6eba86 -> 
  custom:scripting/monoscript/fileName/UISelectableExtension.cs: b6766007d8a2236e23d4749da2d8cdd2 -> 
  custom:framework-win-MediaFoundation: 216162199b28c13a410421893ffa2e32 -> 
  custom:scripting/monoscript/fileName/UISoftAdditiveEffect.cs: 30a825933c907dec19605ff2f58a292f -> 
  custom:scripting/monoscript/fileName/HexColorField.cs: 425eeca1ce4159bc649962b2337061a4 -> 
  custom:scripting/monoscript/fileName/ColorPickerControl.cs: 97231f899ae243cc634f34e048c22095 -> 
  custom:scripting/monoscript/fileName/ReorderableListDebug.cs: 51cf5a188c464deb681bea16cb795b61 -> 
  custom:scripting/monoscript/fileName/TextPic.cs: 9dbd7bc654cbf19eee33ac6fc452bfb1 -> 
  custom:scripting/monoscript/fileName/CUIImage.cs: 41f29f650aa507f802cd9793d91f3211 -> 
  custom:scripting/monoscript/fileName/DropDownListButton.cs: 71d533f2602e0e099d09a556ef8e4414 -> 
  custom:scripting/monoscript/fileName/ScrollSnap.cs: c5ae67ed5cc8c0ab1f7496803acc2648 -> 
  custom:scripting/monoscript/fileName/TextPicIconListCopier.cs: a564a2a474c019b98650cff2383ccfca -> 
  custom:scripting/monoscript/fileName/UICornerCut.cs: 69b0dfb485aa2b1afa65fcf30028125b -> 
  custom:scripting/monoscript/fileName/ScrollerEditor.cs: 478519b80ad2bc62d4a4b80ae078e694 -> 
  custom:scripting/monoscript/fileName/IBoxSelectable.cs: a5bf39a694cf2b84c65e7bec998d4941 -> 
  custom:scripting/monoscript/fileName/TiltWindow.cs: 7c3356d1b5bc9c6e9fe98345b0be7c30 -> 
  custom:scripting/monoscript/fileName/ExtensionMethods.cs: 943bd8dac5ce9467ce7deb0856dc6b0a -> 
  custom:scripting/monoscript/fileName/ComboBox.cs: a6ca48dde827ff07a9093f3624d58e62 -> 
  custom:scripting/monoscript/fileName/ScrollRectLinker.cs: 0316116e17d192ca2ef7c97539dff50f -> 
  custom:scripting/monoscript/fileName/SVBoxSlider.cs: 1d22c9c16d63e1cf38ad19bbcec9a0da -> 
  custom:scripting/monoscript/fileName/VerticalScrollSnap.cs: a7ebcf1fac8331e70ee01e540cbe484b -> 
  custom:scripting/monoscript/fileName/UILineConnector.cs: ea5f69a32957fe35ae7b512ef3f758ef -> 
  custom:scripting/monoscript/fileName/UIScreenEffect.cs: c36542c529d1f733362556ab22c18bf9 -> 
  custom:scripting/monoscript/fileName/SoftMaskScript.cs: 867049fb2647c9983fb1391409f93d30 -> 
  custom:scripting/monoscript/fileName/DiamondGraph.cs: a01b647a54847840428a395cc0d6fc16 -> 
  custom:scripting/monoscript/fileName/ScrollRectEx.cs: 3f6a881a34055e182fee3ab0baaee0c3 -> 
  custom:scripting/monoscript/fileName/UIGridRenderer.cs: 04c0062f4b7cdd6963fdba9ae03d9c72 -> 
  custom:scripting/monoscript/fileName/NicerOutline.cs: 571a7c7c4af4ebadc9fed23f0c3b0b46 -> 
  custom:CustomObjectIndexerAttribute: 9a22284fe3817be447336de3de66b15e -> 
  custom:scripting/monoscript/fileName/ScrollRectExtensions.cs: c76cb840404ffa9bc24248639e9da4ee -> 
  custom:scripting/monoscript/fileName/FancyGridViewContext.cs: 8738476657d4a33c34bc82bed7ce8bc9 -> 
  custom:scripting/monoscript/fileName/MinMaxValues.cs: 4aa11a61e640749f4ea5f947f86be5ba -> 
  custom:scripting/monoscript/fileName/CardExpanding3D.cs: d8b2b9924677ad2b445b05edbed7f0e3 -> 
  custom:scripting/monoscript/fileName/MinMaxSliderEditor.cs: e0496a7f76fc8934af2a763a7289ad36 -> 
  custom:scripting/monoscript/fileName/StepperSide.cs: 34d9a35c8c2622f327b140f18a7398a7 -> 
  custom:scripting/monoscript/fileName/CUIGraphicEditor.cs: a618262d3e77d462c5a0cd2e608e8a53 -> 
  custom:scripting/monoscript/fileName/DropDownList.cs: 3d51ab81e9571c9027b59874b2c78567 -> 
  custom:scripting/monoscript/fileName/ITweenValue.cs: 1d0eaa4b435fa135e18af6b5fa57e92e -> 
  custom:container-demuxer-webm: 4f35f7cbe854078d1ac9338744f61a02 -> 
  custom:scripting/monoscript/fileName/CardExpanding2D.cs: e0950b450275cb3936a581f286a6b471 -> 
  custom:scripting/monoscript/fileName/ResetSelectableHighlight.cs: 3ea63487fd77e7b22731770a86b4f8b9 -> 
  custom:scripting/monoscript/fileName/UIScrollToSelection.cs: d89fc8e36bdc19715e3104a5f857d175 -> 
  custom:scripting/monoscript/fileName/IScrollSnap.cs: 80b4110dac6695d630b8e7501d8e5aa8 -> 
  custom:scripting/monoscript/fileName/SegmentedControl.cs: 3a6e53207de58cf304ab520e0638e2df -> 
  custom:scripting/monoscript/fileName/ColorSampler.cs: 617678b91f4adc7b3146f51bed3fc4b1 -> 
  custom:scripting/monoscript/fileName/TabNavigationHelper.cs: 43f45dc623750048d2fbac24931c8ac8 -> 
  custom:scripting/monoscript/fileName/AutoCompleteComboBox.cs: 6e2e6cf33d4f5ca4ad3c05ff8f254467 -> 
  custom:scripting/monoscript/fileName/TextPicEditor.cs: c23216fe996c314d4c496ad837485981 -> 
  custom:scripting/monoscript/fileName/CUIMisc.cs: bc26c7f132f5cd28304cbc88070ca4dc -> 
  custom:scripting/monoscript/fileName/UIAdditiveEffect.cs: 50386f7d7d76f5c5e155dbf56c5e5fdd -> 
  custom:scripting/monoscript/fileName/MonoSpacing.cs: 45ba6bf376dd125375a8906a7d8b8b4b -> 
  custom:scripting/monoscript/fileName/FloatTween.cs: c51b551f6abec506d0db9945f7aa25cc -> 
  custom:scripting/monoscript/fileName/BoxSlider.cs: 662335e935a62641f6cb14e99e25e994 -> 
  custom:scripting/monoscript/fileName/BezierLineRendererEditor.cs: 2a50098be424d999e43b888ace13278c -> 
  custom:scripting/monoscript/fileName/NonDrawingGraphic.cs: a309796f6d67e4c1c110ec62b4572b4e -> 
  custom:scripting/monoscript/fileName/ScrollPositionController.cs: 30c392a65a277a4a74b1a6f1a3417601 -> 
  custom:scripting/monoscript/fileName/ContentScrollSnapHorizontal.cs: cb0bf043572062ce08b48904f46c98c8 -> 
  custom:scripting/monoscript/fileName/Triangulator.cs: 4ee9f09ca55767568ee94c9eaaed7244 -> d867a9a7a8385ef82ff357feb70c59d4
  custom:scripting/monoscript/fileName/UIImageCrop.cs: 1ec5d1f18ccf3bbe8ea319cda00ecfbc -> 
  custom:scripting/monoscript/fileName/BoxSliderEditor.cs: 9c680a5a338924fb176605eed0f68a75 -> 
  custom:scripting/monoscript/fileName/FancyScrollView.cs: c5f9c64ec4b4e183b17919204bc381a9 -> 
  custom:scripting/monoscript/fileName/BezierPath.cs: 90cbb6f823f7a03c69c93b3e1653c45e -> 
  custom:scripting/monoscript/fileName/SuperellipsePoints.cs: db2a1c9698f2dea478e1d6bfece554ae -> 
  custom:scripting/monoscript/fileName/UI_Knob.cs: 00244fb2be3e9e1f5ec3a07f175066a9 -> 
  custom:container-muxer-webm: aa71ff27fc2769a1b78a27578f13a17b -> 
  custom:scripting/monoscript/fileName/RaycastMask.cs: b13971e6a124c25b886c6703ae2aab24 -> 
  custom:scripting/monoscript/fileName/MultiTouchScrollRect.cs: 3a778993ea01435b2502c14ea2b2ff98 -> 
  custom:video-decoder-webm-vp8: 9c59270c3fd7afecdb556c50c9e8de78 -> 
  custom:scripting/monoscript/fileName/InputFieldEnterSubmit.cs: cdd5149b8afb8dc59ad57cc53ad8fb3b -> 
  custom:scripting/monoscript/fileName/ExampleSelectable.cs: 8dc7a8cd606154e7d10bb507e235c1f8 -> 
  custom:scripting/monoscript/fileName/uGUITools.cs: aa32797d8a9cdcd2167b6be114b0d5ec -> 
  custom:scripting/monoscript/fileName/UILinearDodgeEffect.cs: f5508d2f3f6addba614d4c08275f4546 -> 
  custom:SearchIndexIgnoredProperties: e643bd26f0fe6173181afceb89e7c659 -> 
  custom:scripting/monoscript/fileName/EasingCore.cs: 0bad7e894488e9b67256d892a478aab1 -> 
  custom:scripting/monoscript/fileName/Stepper.cs: 3ee1a56034750815f9c567b6c54fbbb8 -> 
  custom:scripting/monoscript/fileName/UIPrimitiveBase.cs: 80a945e915822efd5c887ee28f76aa9f -> 
  custom:AudioImporter_EditorPlatform: d09bf68614088b80899f8185d706f6e7 -> 
  custom:scripting/monoscript/fileName/LetterSpacing.cs: c4f4c504ac9c0b708c438c8a0faf6a96 -> 
  custom:scripting/monoscript/fileName/UISquircle.cs: faaa67841792f2c90a13db82841ac6e3 -> 
  custom:scripting/monoscript/fileName/RangeSlider.cs: 026cea0882c5bbc90f7cedc5111cfeb2 -> 
  custom:scripting/monoscript/fileName/UIExtensionMethods.cs: 2621bff24acfb4ddb3b264b7553588d8 -> 
  custom:scripting/monoscript/fileName/UIVerticalScroller.cs: 3532ae0d4ba5f6e2c310cfec2c655a8c -> 
  custom:scripting/monoscript/fileName/ColorLabel.cs: 9a2d62e5e8f65400e4abc881023f36f7 -> 
  custom:scripting/monoscript/fileName/TooltipTrigger.cs: 546a7d73bc42b9e6f1fd03a7e07d7f29 -> 
  custom:scripting/monoscript/fileName/UIMultiplyEffect.cs: 29b6f1f4d98d9b61292d829c0030af4b -> 
  custom:scripting/monoscript/fileName/CardPopup2D.cs: ac929914b8675b3ff1238ddb1cc99789 -> 
  custom:scripting/monoscript/fileName/ScrollSnapScrollbarHelper.cs: d6b043fd7048156ea2ef4da9da4a0a51 -> 
  custom:scripting/monoscript/fileName/HoverTooltip.cs: abdf0400bdf15bb8fdc0bc4d5ecc993f -> 
  custom:scripting/monoscript/fileName/ColorImage.cs: 87dea3e9bf43c94e295d4fa411046c66 -> 
  custom:scripting/monoscript/fileName/FancyScrollRectContext.cs: 9e5d4d8665c04a1190a3fc52908244b0 -> 
  custom:scripting/monoscript/fileName/TextPicIconEditor.cs: 1f41560011fcb93d03be374d10238c0c -> 
  custom:scripting/monoscript/fileName/UI_InfiniteScroll.cs: f7518bdb5ccbb5518282b9c860eef985 -> 
  custom:scripting/monoscript/fileName/UIExtensionsMenuOptions.cs: 25d3bc76bdcc7be45d732e8f064ec6a7 -> 
  custom:scripting/monoscript/fileName/ReadOnlyAttribute.cs: 604ae8fbc27d6402b88ac08f1987318f -> 
  custom:scripting/monoscript/fileName/UICircle.cs: e40253d6117a9fbea82cc285a7e8a36e -> 
  custom:scripting/monoscript/fileName/UIScrollToSelectionXY.cs: 8145d21a6ef6f8610242d2ba291595b9 -> 
  custom:scripting/monoscript/fileName/CUITextEditor.cs: 966cced0a631446b9484c2fe777a7f5b -> 
  custom:scripting/precompiled-assembly-types:UnityUIExtensions.editor: e002030e6fc012878af160bb334541ad -> 
  custom:scripting/monoscript/fileName/TweenRunner.cs: 90647cc400823b41df847a6cbfc29026 -> 
  custom:scripting/monoscript/fileName/UIHorizontalScroller.cs: 758f016ad67e22eff0f26468f408f006 -> 
  custom:scripting/monoscript/fileName/ReturnKeyTriggersButton.cs: 622f27a1a5fce3f8fe14f0fe6c6b39b5 -> 
  custom:scripting/monoscript/fileName/FancyGridViewCell.cs: 0cdf409b5aa8d4c25876d72b5c6a3b60 -> 
  custom:scripting/monoscript/fileName/Scroller.cs: 94938ad1cd7c20206a0339e3bd7f3330 -> 
  custom:scripting/monoscript/fileName/CylinderText.cs: 86c073c10ed890f8e108be86fb350e35 -> 
  custom:scripting/monoscript/fileName/ColorPickerPresets.cs: d20309ac183a87fd46c2e0a03ba5bdef -> 
  custom:scripting/monoscript/fileName/RadialSlider.cs: 24542b53b379116a4f98bb53a64e13b8 -> 
  custom:scripting/monoscript/fileName/PPIViewer.cs: 5269fbe050022d597b2ceba1b1d4cbae -> 
  custom:scripting/monoscript/fileName/InputFocus.cs: 6a5a3b184038cb5e7dbe4882c96bc91b -> 
  custom:scripting/monoscript/fileName/CUIBezierCurve.cs: 32214df0cb137de9f4967269deffb6f3 -> 
  custom:scripting/monoscript/fileName/DropDownListItem.cs: 91c61fd79335f34fb81e114553bf8888 -> 
  custom:scripting/monoscript/fileName/UIFlippable.cs: 9c843e180ea4b6afe9c1ba071336e124 -> 
  custom:scripting/monoscript/fileName/CanvasGroupActivator.cs: f743e9c6e47b0eb8c0b7b2fbf9f7de19 -> 
  custom:scripting/monoscript/fileName/UIWindowBase.cs: 776e605614a77fffd4e0147c8e684e94 -> 
  custom:video-encoder-webm-vp8: eb34c28f22e8b96e1ab97ce403110664 -> 
  custom:scripting/monoscript/fileName/ScrollPositionControllerEditor.cs: fb86570a90d8d5b779234b7f103e1b51 -> 
  custom:scripting/monoscript/fileName/CurvedLayout.cs: 46917779e317aa4a214ea430689de312 -> 
  custom:scripting/monoscript/fileName/ScrollConflictManager.cs: 1a474b2432b80a8b7211f13c79bb991c -> 
  custom:scripting/monoscript/fileName/ReadOnlyDrawer.cs: 1c0aa6472b8e40c24f66a5805d818994 -> 
  custom:audio-decoder-ogg-vorbis: bf7c407c2cedff20999df2af8eb42d56 -> 
  custom:scripting/monoscript/fileName/FancyGridView.cs: 849ed7f5b11c9db237ef61b01c5a5104 -> 
  custom:scripting/monoscript/fileName/CableCurve.cs: 1ed0592bfc80d3ca3db7b55e9a6e9d9a -> 
  custom:scripting/monoscript/fileName/PaginationManager.cs: b5c7a38e1c9bde92ca052679632bc9f1 -> 
  custom:scripting/monoscript/fileName/UILineTextureRenderer.cs: f3042185c83712ad42b2d6694b56f8d3 -> 
  custom:scripting/monoscript/fileName/MenuManager.cs: 8e71de17d45faf11b5ca3e63d3867170 -> 
  custom:scripting/monoscript/fileName/ColorPickerPresetsEditor.cs: 57bebb34d006d8305e8cd353ea00f28b -> 
  custom:scripting/monoscript/fileName/UI_MagneticInfiniteScroll.cs: 7f0db092e1c52c826e7ccbefe21fe7ce -> 
  custom:scripting/monoscript/fileName/ToolTip.cs: 2f05f936126a769ca9a98ef6920928a7 -> 
  custom:scripting/monoscript/fileName/TextPicRenameEditor.cs: b67a1588d964fe3ac177da9872e96689 -> 
  custom:scripting/monoscript/fileName/TestCompression.cs: 2a18178f72c1b3979b9006483863f20e -> 
  custom:scripting/monoscript/fileName/IFancyScrollRectContext.cs: 9c4dee0aef526d67eb0a668a1c9b910a -> 
  custom:scripting/monoscript/fileName/ColorChangedEvent.cs: bafb161b451089e6c72bcae877e0ba66 -> 
  custom:scripting/monoscript/fileName/BestFitOutline.cs: 2ec1c68346f5b721e3d92092cd60b278 -> 
  custom:scripting/monoscript/fileName/NonDrawingGraphicEditor.cs: 1e7abd1e1a4d3da38de70c6d38c19118 -> 
  custom:scripting/monoscript/fileName/HSVChangedEvent.cs: 8a0d7f505f4db7e267a03264293f54eb -> 
  custom:scripting/monoscript/fileName/CUIImageEditor.cs: 0be5a4365a8d65680f88c4d192e5254c -> 
  custom:scripting/monoscript/fileName/HorizontalScrollSnap.cs: 624447835d67a70d90ed2b7f69117316 -> 
  custom:scripting/monoscript/fileName/UI_TweenScale.cs: 50a18c41daf615d82dc37ef0e9dcea31 -> 
  custom:scripting/monoscript/fileName/BoundTooltipItem.cs: 12dc26af634677e40fd7840809357e6c -> 
  custom:scripting/monoscript/fileName/AccordionElement.cs: 69f1a7e537099cc57de9b6eaa86cef32 -> 
  custom:scripting/monoscript/fileName/UI_ScrollRectOcclusion.cs: 491f1c2592ac821eb8de9e533fddd4a9 -> 
  custom:scripting/monoscript/fileName/CUIBezierCurveEditor.cs: be4462c6de2387d5f99ef9d0e93b91ee -> 
  custom:scripting/monoscript/fileName/ColorSliderImage.cs: bbcbfbf23dc2f9fc5450db8f36b24487 -> 
  custom:scripting/monoscript/fileName/Accordion.cs: c31898dc7ffd6f7b32be5689419229bc -> 
  custom:scripting/monoscript/fileName/FancyCell.cs: 0cdf409b5aa8d4c25876d72b5c6a3b60 -> 
  custom:scripting/monoscript/fileName/ShineEffect.cs: 61d233269c4ea687efa548adef5d6e13 -> 
  custom:audio-encoder-webm-vorbis: bf7c407c2cedff20999df2af8eb42d56 -> 
  custom:scripting/monoscript/fileName/ScrollRectTweener.cs: 3437a8fb18bed84a45865e36e83e332f -> 
  custom:scripting/monoscript/fileName/MeshCreator.cs: a2506ad04bac2e5a6d6d50e0d7978d92 -> 
  custom:scripting/monoscript/fileName/UIPolygon.cs: ef7b3e02606f58c56a27e65db10bc7f3 -> 
  custom:scripting/monoscript/fileName/switchToRectTransform.cs: 0ef297259b7f2ab26defc1d718ad1e0a -> 
  custom:scripting/monoscript/fileName/UILineRendererList.cs: efbf4ff76c31aa3e4f61c8b26734d929 -> 
  custom:scripting/monoscript/fileName/CLZF2.cs: 40ef7bf6191a1a5e5b0f37e092e1b271 -> 
  custom:scripting/monoscript/fileName/SimpleMenu.cs: 90647cc400823b41df847a6cbfc29026 -> 
  custom:scripting/monoscript/fileName/RescalePanel.cs: a379a55181438e3b7a29019da8a3c82c -> 
  custom:scripting/monoscript/fileName/DragCorrector.cs: 89ab4a0369eecb75be2277a80a08c1e7 -> 
  custom:scripting/monoscript/fileName/RangeSliderEditor.cs: 1c09cdb4e75bc10f834bbae9a7b54e1e -> 
  custom:scripting/monoscript/fileName/FancyScrollRect.cs: 0cdf409b5aa8d4c25876d72b5c6a3b60 -> 
  custom:scripting/monoscript/fileName/ReorderableList.cs: 944c8e214787d07461c711b29546f976 -> 
  custom:scripting/monoscript/fileName/RadialLayout.cs: 170f31c5fdb54a9fe7ba926effdfd7d4 -> 
  custom:scripting/monoscript/fileName/ColorSlider.cs: a91d06b853e0bf2d5df3ea61a67d5c83 -> 
  custom:scripting/monoscript/fileName/IFancyGridViewContext.cs: be7addf49e5950ebb654fec55c2afa8b -> 
  custom:scripting/precompiled-assembly-types:UnityUIExtensions: c0991a7eaf90618746e467e9e018bd04 -> 
  custom:scripting/monoscript/fileName/CUIGraphic.cs: 4f47fad340418bff51fe6171e2259e7f -> 
  custom:scripting/monoscript/fileName/IFancyCellGroupContext.cs: 323b5f49cc2011b3d2d9088e528ed161 -> 
  custom:scripting/monoscript/fileName/MinMaxSlider.cs: e7d98a511e8b98df33f72f37935821e5 -> 
  custom:scripting/monoscript/fileName/ColorPickerTester.cs: 63b6c03c009a94721b9d41c8d5e5e6ed -> 
========================================================================
Received Prepare
Caller must complete domain reload
Begin MonoManager ReloadAssembly
- Loaded All Assemblies, in  0.536 seconds
Native extension for WindowsStandalone target not found
Native extension for WebGL target not found
Mono: successfully reloaded assembly
- Finished resetting the current domain, in  1.053 seconds
Domain Reload Profiling: 1588ms
	BeginReloadAssembly (166ms)
		ExecutionOrderSort (0ms)
		DisableScriptedObjects (13ms)
		BackupInstance (0ms)
		ReleaseScriptingObjects (0ms)
		CreateAndSetChildDomain (36ms)
	RebuildCommonClasses (39ms)
	RebuildNativeTypeToScriptingClass (13ms)
	initialDomainReloadingComplete (28ms)
	LoadAllAssembliesAndSetupDomain (290ms)
		LoadAssemblies (341ms)
		RebuildTransferFunctionScriptingTraits (0ms)
		AnalyzeDomain (36ms)
			TypeCache.Refresh (10ms)
				TypeCache.ScanAssembly (0ms)
			ScanForSourceGeneratedMonoScriptInfo (15ms)
			ResolveRequiredComponents (10ms)
	FinalizeReload (1053ms)
		ReleaseScriptCaches (0ms)
		RebuildScriptCaches (0ms)
		SetupLoadedEditorAssemblies (440ms)
			LogAssemblyErrors (0ms)
			InitializePlatformSupportModulesInManaged (6ms)
			SetLoadedEditorAssemblies (5ms)
			RefreshPlugins (0ms)
			BeforeProcessingInitializeOnLoad (73ms)
			ProcessInitializeOnLoadAttributes (319ms)
			ProcessInitializeOnLoadMethodAttributes (34ms)
			AfterProcessingInitializeOnLoad (3ms)
			EditorAssembliesLoaded (0ms)
		ExecutionOrderSort2 (0ms)
		AwakeInstancesAfterBackupRestoration (16ms)
Refreshing native plugins compatible for Editor in 7.55 ms, found 7 plugins.
Preloading 0 native plugins for Editor in 0.00 ms.
Unloading 4456 Unused Serialized files (Serialized files now loaded: 0)
Unloading 44 unused Assets / (0.7 MB). Loaded Objects now: 5259.
Memory consumption went from 158.3 MB to 157.7 MB.
Total: 3.724500 ms (FindLiveObjects: 0.502200 ms CreateObjectMapping: 0.124100 ms MarkObjects: 2.619900 ms  DeleteObjects: 0.476500 ms)

Prepare: number of updated asset objects reloaded= 0
AssetImportParameters requested are different than current active one (requested -> active):
  custom:scripting/monoscript/fileName/CardStack2D.cs: 52f7ac406c04f320c1cc31b32fc945ec -> 
  custom:scripting/monoscript/fileName/UILineRendererFIFO.cs: 1a840d7d842445f62c20beee85a5bbc5 -> 
  custom:scripting/monoscript/fileName/FlowLayoutGroup.cs: 4f8c51e99186127173631d5ea0b848a8 -> 
  custom:scripting/monoscript/fileName/UIParticleSystem.cs: 6cef203566a0c9333597e4e233613614 -> 
  custom:scripting/monoscript/fileName/UILineRenderer.cs: 673f1b621ab4781ac78770b1b3c45207 -> 
  custom:scripting/monoscript/fileName/TableLayoutGroup.cs: 9697d88a99d4c91003d206b86eed3a61 -> 
  custom:scripting/monoscript/fileName/Segment.cs: 823b994f6bbb6e32f73e9807948df6b3 -> 
  custom:container-demuxer-ogg: 62fdf1f143b41e24485cea50d1cbac27 -> 
  custom:scripting/monoscript/fileName/SelectionBox.cs: 9eabc2822607d24d284c5c0d720d4a01 -> 
  custom:scripting/monoscript/fileName/ReorderableListContent.cs: a630238339e5f198f723ac29a2329f6d -> 
  custom:scripting/monoscript/fileName/Menu.cs: d0a2652908e797d4064ef9b772450cc8 -> 
  custom:scripting/monoscript/fileName/SetPropertyUtility.cs: 02aade692758e5563210cc05829e9851 -> f604b4b9e6b0979bdfc1e2b40426dd19
  custom:scripting/monoscript/fileName/HSVUtil.cs: 2f204c7a89b046fae714aadbcda42851 -> 
  custom:scripting/monoscript/fileName/FancyCellGroup.cs: 90647cc400823b41df847a6cbfc29026 -> 
  custom:scripting/monoscript/fileName/RescaleDragPanel.cs: 428e5a10a21f2d3fc3805557487d591e -> 
  custom:scripting/monoscript/fileName/ExtensionsToggleGroup.cs: 93967f93faef61aecdca9232fa42b062 -> 
  custom:scripting/monoscript/fileName/ResizePanel.cs: 0a2d1269c62cba913a254b515f8b6020 -> 
  custom:scripting/monoscript/fileName/Circle.cs: cfc2369c92dd039be7c3f572f769fdcf -> 
  custom:scripting/monoscript/fileName/ShaderLibrary.cs: 7a09676978959734a6827051c965f749 -> 
  custom:scripting/monoscript/fileName/CurvedText.cs: c86aabacdca275700720e919fc8a8b52 -> 
  custom:scripting/monoscript/fileName/FancyScrollRectCell.cs: 0cdf409b5aa8d4c25876d72b5c6a3b60 -> 
  custom:scripting/monoscript/fileName/Gradient.cs: a4c2a5a25440c543cd82653fda832632 -> 
  custom:scripting/monoscript/fileName/ScrollSnapBase.cs: 3682088473625968e7b4647a6b4213f6 -> 
  custom:scripting/monoscript/fileName/CUIText.cs: 0be1a405bc9388e4813a74aad6018bec -> 
  custom:scripting/monoscript/fileName/BoundTooltipTrigger.cs: e78e2ee612ba85e075ab794a5cb95e73 -> 
  custom:scripting/monoscript/fileName/UIHighlightable.cs: fd305ad78204cb75a66ce809c3f50e6a -> 
  custom:video-codec-MediaFoundation-h265: 746d11721c4dcdbdad8f713fa42b33f4 -> 
  custom:scripting/monoscript/fileName/UIExtensionsInputManager.cs: 6f468ddae971c3bcce0288549c1beabd -> 
  custom:scripting/monoscript/fileName/Gradient2.cs: 9c1fd6257924e43a80b8fccb859d3828 -> 
  custom:scripting/monoscript/fileName/CooldownButton.cs: 72bd21b90ac71f29908a36179176f8fc -> 
  custom:video-decoder-ogg-theora: a1e56fd34408186e4bbccfd4996cb3dc -> 
  custom:scripting/monoscript/fileName/TileSizeFitter.cs: ba6326e335b6f177a627b992c444832c -> 
  custom:scripting/monoscript/fileName/SelectableScaler.cs: 3ebe175d64b38a572f8dbe8fd345f0c3 -> 
  custom:scripting/monoscript/fileName/AccordionElementEditor.cs: db5ee9b2cff22578a12a4d141614d665 -> 
  custom:scripting/monoscript/fileName/ExtensionsToggle.cs: e0b44aa7e1ff973d74b4857a34a48879 -> 
  custom:scripting/monoscript/fileName/ReorderableListElement.cs: 788a31431a1c95dc9a9a52767f8e812f -> 
  custom:scripting/monoscript/fileName/ShineEffector.cs: 52ed4eb6c7ed8f674a18d2a4db6eba86 -> 
  custom:scripting/monoscript/fileName/UISelectableExtension.cs: b6766007d8a2236e23d4749da2d8cdd2 -> 
  custom:framework-win-MediaFoundation: 216162199b28c13a410421893ffa2e32 -> 
  custom:scripting/monoscript/fileName/UISoftAdditiveEffect.cs: 30a825933c907dec19605ff2f58a292f -> 
  custom:scripting/monoscript/fileName/HexColorField.cs: 425eeca1ce4159bc649962b2337061a4 -> 
  custom:scripting/monoscript/fileName/ColorPickerControl.cs: 97231f899ae243cc634f34e048c22095 -> 
  custom:scripting/monoscript/fileName/ReorderableListDebug.cs: 51cf5a188c464deb681bea16cb795b61 -> 
  custom:scripting/monoscript/fileName/TextPic.cs: 9dbd7bc654cbf19eee33ac6fc452bfb1 -> 
  custom:scripting/monoscript/fileName/CUIImage.cs: 41f29f650aa507f802cd9793d91f3211 -> 
  custom:scripting/monoscript/fileName/DropDownListButton.cs: 71d533f2602e0e099d09a556ef8e4414 -> 
  custom:scripting/monoscript/fileName/ScrollSnap.cs: c5ae67ed5cc8c0ab1f7496803acc2648 -> 
  custom:scripting/monoscript/fileName/TextPicIconListCopier.cs: a564a2a474c019b98650cff2383ccfca -> 
  custom:scripting/monoscript/fileName/UICornerCut.cs: 69b0dfb485aa2b1afa65fcf30028125b -> 
  custom:scripting/monoscript/fileName/ScrollerEditor.cs: 478519b80ad2bc62d4a4b80ae078e694 -> 
  custom:scripting/monoscript/fileName/IBoxSelectable.cs: a5bf39a694cf2b84c65e7bec998d4941 -> 
  custom:scripting/monoscript/fileName/TiltWindow.cs: 7c3356d1b5bc9c6e9fe98345b0be7c30 -> 
  custom:scripting/monoscript/fileName/ExtensionMethods.cs: 943bd8dac5ce9467ce7deb0856dc6b0a -> 
  custom:scripting/monoscript/fileName/ComboBox.cs: a6ca48dde827ff07a9093f3624d58e62 -> 
  custom:scripting/monoscript/fileName/ScrollRectLinker.cs: 0316116e17d192ca2ef7c97539dff50f -> 
  custom:scripting/monoscript/fileName/SVBoxSlider.cs: 1d22c9c16d63e1cf38ad19bbcec9a0da -> 
  custom:scripting/monoscript/fileName/VerticalScrollSnap.cs: a7ebcf1fac8331e70ee01e540cbe484b -> 
  custom:scripting/monoscript/fileName/UILineConnector.cs: ea5f69a32957fe35ae7b512ef3f758ef -> 
  custom:scripting/monoscript/fileName/UIScreenEffect.cs: c36542c529d1f733362556ab22c18bf9 -> 
  custom:scripting/monoscript/fileName/SoftMaskScript.cs: 867049fb2647c9983fb1391409f93d30 -> 
  custom:scripting/monoscript/fileName/DiamondGraph.cs: a01b647a54847840428a395cc0d6fc16 -> 
  custom:scripting/monoscript/fileName/ScrollRectEx.cs: 3f6a881a34055e182fee3ab0baaee0c3 -> 
  custom:scripting/monoscript/fileName/UIGridRenderer.cs: 04c0062f4b7cdd6963fdba9ae03d9c72 -> 
  custom:scripting/monoscript/fileName/NicerOutline.cs: 571a7c7c4af4ebadc9fed23f0c3b0b46 -> 
  custom:CustomObjectIndexerAttribute: 9a22284fe3817be447336de3de66b15e -> 
  custom:scripting/monoscript/fileName/ScrollRectExtensions.cs: c76cb840404ffa9bc24248639e9da4ee -> 
  custom:scripting/monoscript/fileName/FancyGridViewContext.cs: 8738476657d4a33c34bc82bed7ce8bc9 -> 
  custom:scripting/monoscript/fileName/MinMaxValues.cs: 4aa11a61e640749f4ea5f947f86be5ba -> 
  custom:scripting/monoscript/fileName/CardExpanding3D.cs: d8b2b9924677ad2b445b05edbed7f0e3 -> 
  custom:scripting/monoscript/fileName/MinMaxSliderEditor.cs: e0496a7f76fc8934af2a763a7289ad36 -> 
  custom:scripting/monoscript/fileName/StepperSide.cs: 34d9a35c8c2622f327b140f18a7398a7 -> 
  custom:scripting/monoscript/fileName/CUIGraphicEditor.cs: a618262d3e77d462c5a0cd2e608e8a53 -> 
  custom:scripting/monoscript/fileName/DropDownList.cs: 3d51ab81e9571c9027b59874b2c78567 -> 
  custom:scripting/monoscript/fileName/ITweenValue.cs: 1d0eaa4b435fa135e18af6b5fa57e92e -> 
  custom:container-demuxer-webm: 4f35f7cbe854078d1ac9338744f61a02 -> 
  custom:scripting/monoscript/fileName/CardExpanding2D.cs: e0950b450275cb3936a581f286a6b471 -> 
  custom:scripting/monoscript/fileName/ResetSelectableHighlight.cs: 3ea63487fd77e7b22731770a86b4f8b9 -> 
  custom:scripting/monoscript/fileName/UIScrollToSelection.cs: d89fc8e36bdc19715e3104a5f857d175 -> 
  custom:scripting/monoscript/fileName/IScrollSnap.cs: 80b4110dac6695d630b8e7501d8e5aa8 -> 
  custom:scripting/monoscript/fileName/SegmentedControl.cs: 3a6e53207de58cf304ab520e0638e2df -> 
  custom:scripting/monoscript/fileName/ColorSampler.cs: 617678b91f4adc7b3146f51bed3fc4b1 -> 
  custom:scripting/monoscript/fileName/TabNavigationHelper.cs: 43f45dc623750048d2fbac24931c8ac8 -> 
  custom:scripting/monoscript/fileName/AutoCompleteComboBox.cs: 6e2e6cf33d4f5ca4ad3c05ff8f254467 -> 
  custom:scripting/monoscript/fileName/TextPicEditor.cs: c23216fe996c314d4c496ad837485981 -> 
  custom:scripting/monoscript/fileName/CUIMisc.cs: bc26c7f132f5cd28304cbc88070ca4dc -> 
  custom:scripting/monoscript/fileName/UIAdditiveEffect.cs: 50386f7d7d76f5c5e155dbf56c5e5fdd -> 
  custom:scripting/monoscript/fileName/MonoSpacing.cs: 45ba6bf376dd125375a8906a7d8b8b4b -> 
  custom:scripting/monoscript/fileName/FloatTween.cs: c51b551f6abec506d0db9945f7aa25cc -> 
  custom:scripting/monoscript/fileName/BoxSlider.cs: 662335e935a62641f6cb14e99e25e994 -> 
  custom:scripting/monoscript/fileName/BezierLineRendererEditor.cs: 2a50098be424d999e43b888ace13278c -> 
  custom:scripting/monoscript/fileName/NonDrawingGraphic.cs: a309796f6d67e4c1c110ec62b4572b4e -> 
  custom:scripting/monoscript/fileName/ScrollPositionController.cs: 30c392a65a277a4a74b1a6f1a3417601 -> 
  custom:scripting/monoscript/fileName/ContentScrollSnapHorizontal.cs: cb0bf043572062ce08b48904f46c98c8 -> 
  custom:scripting/monoscript/fileName/Triangulator.cs: 4ee9f09ca55767568ee94c9eaaed7244 -> d867a9a7a8385ef82ff357feb70c59d4
  custom:scripting/monoscript/fileName/UIImageCrop.cs: 1ec5d1f18ccf3bbe8ea319cda00ecfbc -> 
  custom:scripting/monoscript/fileName/BoxSliderEditor.cs: 9c680a5a338924fb176605eed0f68a75 -> 
  custom:scripting/monoscript/fileName/FancyScrollView.cs: c5f9c64ec4b4e183b17919204bc381a9 -> 
  custom:scripting/monoscript/fileName/BezierPath.cs: 90cbb6f823f7a03c69c93b3e1653c45e -> 
  custom:scripting/monoscript/fileName/SuperellipsePoints.cs: db2a1c9698f2dea478e1d6bfece554ae -> 
  custom:scripting/monoscript/fileName/UI_Knob.cs: 00244fb2be3e9e1f5ec3a07f175066a9 -> 
  custom:container-muxer-webm: aa71ff27fc2769a1b78a27578f13a17b -> 
  custom:scripting/monoscript/fileName/RaycastMask.cs: b13971e6a124c25b886c6703ae2aab24 -> 
  custom:scripting/monoscript/fileName/MultiTouchScrollRect.cs: 3a778993ea01435b2502c14ea2b2ff98 -> 
  custom:video-decoder-webm-vp8: 9c59270c3fd7afecdb556c50c9e8de78 -> 
  custom:scripting/monoscript/fileName/InputFieldEnterSubmit.cs: cdd5149b8afb8dc59ad57cc53ad8fb3b -> 
  custom:scripting/monoscript/fileName/ExampleSelectable.cs: 8dc7a8cd606154e7d10bb507e235c1f8 -> 
  custom:scripting/monoscript/fileName/uGUITools.cs: aa32797d8a9cdcd2167b6be114b0d5ec -> 
  custom:scripting/monoscript/fileName/UILinearDodgeEffect.cs: f5508d2f3f6addba614d4c08275f4546 -> 
  custom:SearchIndexIgnoredProperties: e643bd26f0fe6173181afceb89e7c659 -> 
  custom:scripting/monoscript/fileName/EasingCore.cs: 0bad7e894488e9b67256d892a478aab1 -> 
  custom:scripting/monoscript/fileName/Stepper.cs: 3ee1a56034750815f9c567b6c54fbbb8 -> 
  custom:scripting/monoscript/fileName/UIPrimitiveBase.cs: 80a945e915822efd5c887ee28f76aa9f -> 
  custom:AudioImporter_EditorPlatform: d09bf68614088b80899f8185d706f6e7 -> 
  custom:scripting/monoscript/fileName/LetterSpacing.cs: c4f4c504ac9c0b708c438c8a0faf6a96 -> 
  custom:scripting/monoscript/fileName/UISquircle.cs: faaa67841792f2c90a13db82841ac6e3 -> 
  custom:scripting/monoscript/fileName/RangeSlider.cs: 026cea0882c5bbc90f7cedc5111cfeb2 -> 
  custom:scripting/monoscript/fileName/UIExtensionMethods.cs: 2621bff24acfb4ddb3b264b7553588d8 -> 
  custom:scripting/monoscript/fileName/UIVerticalScroller.cs: 3532ae0d4ba5f6e2c310cfec2c655a8c -> 
  custom:scripting/monoscript/fileName/ColorLabel.cs: 9a2d62e5e8f65400e4abc881023f36f7 -> 
  custom:scripting/monoscript/fileName/TooltipTrigger.cs: 546a7d73bc42b9e6f1fd03a7e07d7f29 -> 
  custom:scripting/monoscript/fileName/UIMultiplyEffect.cs: 29b6f1f4d98d9b61292d829c0030af4b -> 
  custom:scripting/monoscript/fileName/CardPopup2D.cs: ac929914b8675b3ff1238ddb1cc99789 -> 
  custom:scripting/monoscript/fileName/ScrollSnapScrollbarHelper.cs: d6b043fd7048156ea2ef4da9da4a0a51 -> 
  custom:scripting/monoscript/fileName/HoverTooltip.cs: abdf0400bdf15bb8fdc0bc4d5ecc993f -> 
  custom:scripting/monoscript/fileName/ColorImage.cs: 87dea3e9bf43c94e295d4fa411046c66 -> 
  custom:scripting/monoscript/fileName/FancyScrollRectContext.cs: 9e5d4d8665c04a1190a3fc52908244b0 -> 
  custom:scripting/monoscript/fileName/TextPicIconEditor.cs: 1f41560011fcb93d03be374d10238c0c -> 
  custom:scripting/monoscript/fileName/UI_InfiniteScroll.cs: f7518bdb5ccbb5518282b9c860eef985 -> 
  custom:scripting/monoscript/fileName/UIExtensionsMenuOptions.cs: 25d3bc76bdcc7be45d732e8f064ec6a7 -> 
  custom:scripting/monoscript/fileName/ReadOnlyAttribute.cs: 604ae8fbc27d6402b88ac08f1987318f -> 
  custom:scripting/monoscript/fileName/UICircle.cs: e40253d6117a9fbea82cc285a7e8a36e -> 
  custom:scripting/monoscript/fileName/UIScrollToSelectionXY.cs: 8145d21a6ef6f8610242d2ba291595b9 -> 
  custom:scripting/monoscript/fileName/CUITextEditor.cs: 966cced0a631446b9484c2fe777a7f5b -> 
  custom:scripting/precompiled-assembly-types:UnityUIExtensions.editor: e002030e6fc012878af160bb334541ad -> 
  custom:scripting/monoscript/fileName/TweenRunner.cs: 90647cc400823b41df847a6cbfc29026 -> 
  custom:scripting/monoscript/fileName/UIHorizontalScroller.cs: 758f016ad67e22eff0f26468f408f006 -> 
  custom:scripting/monoscript/fileName/ReturnKeyTriggersButton.cs: 622f27a1a5fce3f8fe14f0fe6c6b39b5 -> 
  custom:scripting/monoscript/fileName/FancyGridViewCell.cs: 0cdf409b5aa8d4c25876d72b5c6a3b60 -> 
  custom:scripting/monoscript/fileName/Scroller.cs: 94938ad1cd7c20206a0339e3bd7f3330 -> 
  custom:scripting/monoscript/fileName/CylinderText.cs: 86c073c10ed890f8e108be86fb350e35 -> 
  custom:scripting/monoscript/fileName/ColorPickerPresets.cs: d20309ac183a87fd46c2e0a03ba5bdef -> 
  custom:scripting/monoscript/fileName/RadialSlider.cs: 24542b53b379116a4f98bb53a64e13b8 -> 
  custom:scripting/monoscript/fileName/PPIViewer.cs: 5269fbe050022d597b2ceba1b1d4cbae -> 
  custom:scripting/monoscript/fileName/InputFocus.cs: 6a5a3b184038cb5e7dbe4882c96bc91b -> 
  custom:scripting/monoscript/fileName/CUIBezierCurve.cs: 32214df0cb137de9f4967269deffb6f3 -> 
  custom:scripting/monoscript/fileName/DropDownListItem.cs: 91c61fd79335f34fb81e114553bf8888 -> 
  custom:scripting/monoscript/fileName/UIFlippable.cs: 9c843e180ea4b6afe9c1ba071336e124 -> 
  custom:scripting/monoscript/fileName/CanvasGroupActivator.cs: f743e9c6e47b0eb8c0b7b2fbf9f7de19 -> 
  custom:scripting/monoscript/fileName/UIWindowBase.cs: 776e605614a77fffd4e0147c8e684e94 -> 
  custom:video-encoder-webm-vp8: eb34c28f22e8b96e1ab97ce403110664 -> 
  custom:scripting/monoscript/fileName/ScrollPositionControllerEditor.cs: fb86570a90d8d5b779234b7f103e1b51 -> 
  custom:scripting/monoscript/fileName/CurvedLayout.cs: 46917779e317aa4a214ea430689de312 -> 
  custom:scripting/monoscript/fileName/ScrollConflictManager.cs: 1a474b2432b80a8b7211f13c79bb991c -> 
  custom:scripting/monoscript/fileName/ReadOnlyDrawer.cs: 1c0aa6472b8e40c24f66a5805d818994 -> 
  custom:audio-decoder-ogg-vorbis: bf7c407c2cedff20999df2af8eb42d56 -> 
  custom:scripting/monoscript/fileName/FancyGridView.cs: 849ed7f5b11c9db237ef61b01c5a5104 -> 
  custom:scripting/monoscript/fileName/CableCurve.cs: 1ed0592bfc80d3ca3db7b55e9a6e9d9a -> 
  custom:scripting/monoscript/fileName/PaginationManager.cs: b5c7a38e1c9bde92ca052679632bc9f1 -> 
  custom:scripting/monoscript/fileName/UILineTextureRenderer.cs: f3042185c83712ad42b2d6694b56f8d3 -> 
  custom:scripting/monoscript/fileName/MenuManager.cs: 8e71de17d45faf11b5ca3e63d3867170 -> 
  custom:scripting/monoscript/fileName/ColorPickerPresetsEditor.cs: 57bebb34d006d8305e8cd353ea00f28b -> 
  custom:scripting/monoscript/fileName/UI_MagneticInfiniteScroll.cs: 7f0db092e1c52c826e7ccbefe21fe7ce -> 
  custom:scripting/monoscript/fileName/ToolTip.cs: 2f05f936126a769ca9a98ef6920928a7 -> 
  custom:scripting/monoscript/fileName/TextPicRenameEditor.cs: b67a1588d964fe3ac177da9872e96689 -> 
  custom:scripting/monoscript/fileName/TestCompression.cs: 2a18178f72c1b3979b9006483863f20e -> 
  custom:scripting/monoscript/fileName/IFancyScrollRectContext.cs: 9c4dee0aef526d67eb0a668a1c9b910a -> 
  custom:scripting/monoscript/fileName/ColorChangedEvent.cs: bafb161b451089e6c72bcae877e0ba66 -> 
  custom:scripting/monoscript/fileName/BestFitOutline.cs: 2ec1c68346f5b721e3d92092cd60b278 -> 
  custom:scripting/monoscript/fileName/NonDrawingGraphicEditor.cs: 1e7abd1e1a4d3da38de70c6d38c19118 -> 
  custom:scripting/monoscript/fileName/HSVChangedEvent.cs: 8a0d7f505f4db7e267a03264293f54eb -> 
  custom:scripting/monoscript/fileName/CUIImageEditor.cs: 0be5a4365a8d65680f88c4d192e5254c -> 
  custom:scripting/monoscript/fileName/HorizontalScrollSnap.cs: 624447835d67a70d90ed2b7f69117316 -> 
  custom:scripting/monoscript/fileName/UI_TweenScale.cs: 50a18c41daf615d82dc37ef0e9dcea31 -> 
  custom:scripting/monoscript/fileName/BoundTooltipItem.cs: 12dc26af634677e40fd7840809357e6c -> 
  custom:scripting/monoscript/fileName/AccordionElement.cs: 69f1a7e537099cc57de9b6eaa86cef32 -> 
  custom:scripting/monoscript/fileName/UI_ScrollRectOcclusion.cs: 491f1c2592ac821eb8de9e533fddd4a9 -> 
  custom:scripting/monoscript/fileName/CUIBezierCurveEditor.cs: be4462c6de2387d5f99ef9d0e93b91ee -> 
  custom:scripting/monoscript/fileName/ColorSliderImage.cs: bbcbfbf23dc2f9fc5450db8f36b24487 -> 
  custom:scripting/monoscript/fileName/Accordion.cs: c31898dc7ffd6f7b32be5689419229bc -> 
  custom:scripting/monoscript/fileName/FancyCell.cs: 0cdf409b5aa8d4c25876d72b5c6a3b60 -> 
  custom:scripting/monoscript/fileName/ShineEffect.cs: 61d233269c4ea687efa548adef5d6e13 -> 
  custom:audio-encoder-webm-vorbis: bf7c407c2cedff20999df2af8eb42d56 -> 
  custom:scripting/monoscript/fileName/ScrollRectTweener.cs: 3437a8fb18bed84a45865e36e83e332f -> 
  custom:scripting/monoscript/fileName/MeshCreator.cs: a2506ad04bac2e5a6d6d50e0d7978d92 -> 
  custom:scripting/monoscript/fileName/UIPolygon.cs: ef7b3e02606f58c56a27e65db10bc7f3 -> 
  custom:scripting/monoscript/fileName/switchToRectTransform.cs: 0ef297259b7f2ab26defc1d718ad1e0a -> 
  custom:scripting/monoscript/fileName/UILineRendererList.cs: efbf4ff76c31aa3e4f61c8b26734d929 -> 
  custom:scripting/monoscript/fileName/CLZF2.cs: 40ef7bf6191a1a5e5b0f37e092e1b271 -> 
  custom:scripting/monoscript/fileName/SimpleMenu.cs: 90647cc400823b41df847a6cbfc29026 -> 
  custom:scripting/monoscript/fileName/RescalePanel.cs: a379a55181438e3b7a29019da8a3c82c -> 
  custom:scripting/monoscript/fileName/DragCorrector.cs: 89ab4a0369eecb75be2277a80a08c1e7 -> 
  custom:scripting/monoscript/fileName/RangeSliderEditor.cs: 1c09cdb4e75bc10f834bbae9a7b54e1e -> 
  custom:scripting/monoscript/fileName/FancyScrollRect.cs: 0cdf409b5aa8d4c25876d72b5c6a3b60 -> 
  custom:scripting/monoscript/fileName/ReorderableList.cs: 944c8e214787d07461c711b29546f976 -> 
  custom:scripting/monoscript/fileName/RadialLayout.cs: 170f31c5fdb54a9fe7ba926effdfd7d4 -> 
  custom:scripting/monoscript/fileName/ColorSlider.cs: a91d06b853e0bf2d5df3ea61a67d5c83 -> 
  custom:scripting/monoscript/fileName/IFancyGridViewContext.cs: be7addf49e5950ebb654fec55c2afa8b -> 
  custom:scripting/precompiled-assembly-types:UnityUIExtensions: c0991a7eaf90618746e467e9e018bd04 -> 
  custom:scripting/monoscript/fileName/CUIGraphic.cs: 4f47fad340418bff51fe6171e2259e7f -> 
  custom:scripting/monoscript/fileName/IFancyCellGroupContext.cs: 323b5f49cc2011b3d2d9088e528ed161 -> 
  custom:scripting/monoscript/fileName/MinMaxSlider.cs: e7d98a511e8b98df33f72f37935821e5 -> 
  custom:scripting/monoscript/fileName/ColorPickerTester.cs: 63b6c03c009a94721b9d41c8d5e5e6ed -> 
========================================================================
Received Prepare
Caller must complete domain reload
Begin MonoManager ReloadAssembly
- Loaded All Assemblies, in  0.508 seconds
Native extension for WindowsStandalone target not found
Native extension for WebGL target not found
Mono: successfully reloaded assembly
- Finished resetting the current domain, in  1.097 seconds
Domain Reload Profiling: 1604ms
	BeginReloadAssembly (160ms)
		ExecutionOrderSort (0ms)
		DisableScriptedObjects (13ms)
		BackupInstance (0ms)
		ReleaseScriptingObjects (0ms)
		CreateAndSetChildDomain (33ms)
	RebuildCommonClasses (35ms)
	RebuildNativeTypeToScriptingClass (12ms)
	initialDomainReloadingComplete (26ms)
	LoadAllAssembliesAndSetupDomain (273ms)
		LoadAssemblies (342ms)
		RebuildTransferFunctionScriptingTraits (0ms)
		AnalyzeDomain (18ms)
			TypeCache.Refresh (7ms)
				TypeCache.ScanAssembly (0ms)
			ScanForSourceGeneratedMonoScriptInfo (0ms)
			ResolveRequiredComponents (10ms)
	FinalizeReload (1097ms)
		ReleaseScriptCaches (0ms)
		RebuildScriptCaches (0ms)
		SetupLoadedEditorAssemblies (479ms)
			LogAssemblyErrors (0ms)
			InitializePlatformSupportModulesInManaged (6ms)
			SetLoadedEditorAssemblies (6ms)
			RefreshPlugins (0ms)
			BeforeProcessingInitializeOnLoad (76ms)
			ProcessInitializeOnLoadAttributes (351ms)
			ProcessInitializeOnLoadMethodAttributes (37ms)
			AfterProcessingInitializeOnLoad (3ms)
			EditorAssembliesLoaded (0ms)
		ExecutionOrderSort2 (0ms)
		AwakeInstancesAfterBackupRestoration (15ms)
Refreshing native plugins compatible for Editor in 10.23 ms, found 7 plugins.
Preloading 0 native plugins for Editor in 0.00 ms.
Unloading 4456 Unused Serialized files (Serialized files now loaded: 0)
Unloading 44 unused Assets / (0.7 MB). Loaded Objects now: 5263.
Memory consumption went from 158.4 MB to 157.7 MB.
Total: 8.332900 ms (FindLiveObjects: 1.034700 ms CreateObjectMapping: 0.328400 ms MarkObjects: 5.776200 ms  DeleteObjects: 1.190100 ms)

Prepare: number of updated asset objects reloaded= 0
AssetImportParameters requested are different than current active one (requested -> active):
  custom:scripting/monoscript/fileName/CardStack2D.cs: 52f7ac406c04f320c1cc31b32fc945ec -> 
  custom:scripting/monoscript/fileName/UILineRendererFIFO.cs: 1a840d7d842445f62c20beee85a5bbc5 -> 
  custom:scripting/monoscript/fileName/FlowLayoutGroup.cs: 4f8c51e99186127173631d5ea0b848a8 -> 
  custom:scripting/monoscript/fileName/UIParticleSystem.cs: 6cef203566a0c9333597e4e233613614 -> 
  custom:scripting/monoscript/fileName/UILineRenderer.cs: 673f1b621ab4781ac78770b1b3c45207 -> 
  custom:scripting/monoscript/fileName/TableLayoutGroup.cs: 9697d88a99d4c91003d206b86eed3a61 -> 
  custom:scripting/monoscript/fileName/Segment.cs: 823b994f6bbb6e32f73e9807948df6b3 -> 
  custom:container-demuxer-ogg: 62fdf1f143b41e24485cea50d1cbac27 -> 
  custom:scripting/monoscript/fileName/SelectionBox.cs: 9eabc2822607d24d284c5c0d720d4a01 -> 
  custom:scripting/monoscript/fileName/ReorderableListContent.cs: a630238339e5f198f723ac29a2329f6d -> 
  custom:scripting/monoscript/fileName/Menu.cs: d0a2652908e797d4064ef9b772450cc8 -> 
  custom:scripting/monoscript/fileName/SetPropertyUtility.cs: 02aade692758e5563210cc05829e9851 -> f604b4b9e6b0979bdfc1e2b40426dd19
  custom:scripting/monoscript/fileName/HSVUtil.cs: 2f204c7a89b046fae714aadbcda42851 -> 
  custom:scripting/monoscript/fileName/FancyCellGroup.cs: 90647cc400823b41df847a6cbfc29026 -> 
  custom:scripting/monoscript/fileName/RescaleDragPanel.cs: 428e5a10a21f2d3fc3805557487d591e -> 
  custom:scripting/monoscript/fileName/ExtensionsToggleGroup.cs: 93967f93faef61aecdca9232fa42b062 -> 
  custom:scripting/monoscript/fileName/ResizePanel.cs: 0a2d1269c62cba913a254b515f8b6020 -> 
  custom:scripting/monoscript/fileName/Circle.cs: cfc2369c92dd039be7c3f572f769fdcf -> 
  custom:scripting/monoscript/fileName/ShaderLibrary.cs: 7a09676978959734a6827051c965f749 -> 
  custom:scripting/monoscript/fileName/CurvedText.cs: c86aabacdca275700720e919fc8a8b52 -> 
  custom:scripting/monoscript/fileName/FancyScrollRectCell.cs: 0cdf409b5aa8d4c25876d72b5c6a3b60 -> 
  custom:scripting/monoscript/fileName/Gradient.cs: a4c2a5a25440c543cd82653fda832632 -> 
  custom:scripting/monoscript/fileName/ScrollSnapBase.cs: 3682088473625968e7b4647a6b4213f6 -> 
  custom:scripting/monoscript/fileName/CUIText.cs: 0be1a405bc9388e4813a74aad6018bec -> 
  custom:scripting/monoscript/fileName/BoundTooltipTrigger.cs: e78e2ee612ba85e075ab794a5cb95e73 -> 
  custom:scripting/monoscript/fileName/UIHighlightable.cs: fd305ad78204cb75a66ce809c3f50e6a -> 
  custom:video-codec-MediaFoundation-h265: 746d11721c4dcdbdad8f713fa42b33f4 -> 
  custom:scripting/monoscript/fileName/UIExtensionsInputManager.cs: 6f468ddae971c3bcce0288549c1beabd -> 
  custom:scripting/monoscript/fileName/Gradient2.cs: 9c1fd6257924e43a80b8fccb859d3828 -> 
  custom:scripting/monoscript/fileName/CooldownButton.cs: 72bd21b90ac71f29908a36179176f8fc -> 
  custom:video-decoder-ogg-theora: a1e56fd34408186e4bbccfd4996cb3dc -> 
  custom:scripting/monoscript/fileName/TileSizeFitter.cs: ba6326e335b6f177a627b992c444832c -> 
  custom:scripting/monoscript/fileName/SelectableScaler.cs: 3ebe175d64b38a572f8dbe8fd345f0c3 -> 
  custom:scripting/monoscript/fileName/AccordionElementEditor.cs: db5ee9b2cff22578a12a4d141614d665 -> 
  custom:scripting/monoscript/fileName/ExtensionsToggle.cs: e0b44aa7e1ff973d74b4857a34a48879 -> 
  custom:scripting/monoscript/fileName/ReorderableListElement.cs: 788a31431a1c95dc9a9a52767f8e812f -> 
  custom:scripting/monoscript/fileName/ShineEffector.cs: 52ed4eb6c7ed8f674a18d2a4db6eba86 -> 
  custom:scripting/monoscript/fileName/UISelectableExtension.cs: b6766007d8a2236e23d4749da2d8cdd2 -> 
  custom:framework-win-MediaFoundation: 216162199b28c13a410421893ffa2e32 -> 
  custom:scripting/monoscript/fileName/UISoftAdditiveEffect.cs: 30a825933c907dec19605ff2f58a292f -> 
  custom:scripting/monoscript/fileName/HexColorField.cs: 425eeca1ce4159bc649962b2337061a4 -> 
  custom:scripting/monoscript/fileName/ColorPickerControl.cs: 97231f899ae243cc634f34e048c22095 -> 
  custom:scripting/monoscript/fileName/ReorderableListDebug.cs: 51cf5a188c464deb681bea16cb795b61 -> 
  custom:scripting/monoscript/fileName/TextPic.cs: 9dbd7bc654cbf19eee33ac6fc452bfb1 -> 
  custom:scripting/monoscript/fileName/CUIImage.cs: 41f29f650aa507f802cd9793d91f3211 -> 
  custom:scripting/monoscript/fileName/DropDownListButton.cs: 71d533f2602e0e099d09a556ef8e4414 -> 
  custom:scripting/monoscript/fileName/ScrollSnap.cs: c5ae67ed5cc8c0ab1f7496803acc2648 -> 
  custom:scripting/monoscript/fileName/TextPicIconListCopier.cs: a564a2a474c019b98650cff2383ccfca -> 
  custom:scripting/monoscript/fileName/UICornerCut.cs: 69b0dfb485aa2b1afa65fcf30028125b -> 
  custom:scripting/monoscript/fileName/ScrollerEditor.cs: 478519b80ad2bc62d4a4b80ae078e694 -> 
  custom:scripting/monoscript/fileName/IBoxSelectable.cs: a5bf39a694cf2b84c65e7bec998d4941 -> 
  custom:scripting/monoscript/fileName/TiltWindow.cs: 7c3356d1b5bc9c6e9fe98345b0be7c30 -> 
  custom:scripting/monoscript/fileName/ExtensionMethods.cs: 943bd8dac5ce9467ce7deb0856dc6b0a -> 
  custom:scripting/monoscript/fileName/ComboBox.cs: a6ca48dde827ff07a9093f3624d58e62 -> 
  custom:scripting/monoscript/fileName/ScrollRectLinker.cs: 0316116e17d192ca2ef7c97539dff50f -> 
  custom:scripting/monoscript/fileName/SVBoxSlider.cs: 1d22c9c16d63e1cf38ad19bbcec9a0da -> 
  custom:scripting/monoscript/fileName/VerticalScrollSnap.cs: a7ebcf1fac8331e70ee01e540cbe484b -> 
  custom:scripting/monoscript/fileName/UILineConnector.cs: ea5f69a32957fe35ae7b512ef3f758ef -> 
  custom:scripting/monoscript/fileName/UIScreenEffect.cs: c36542c529d1f733362556ab22c18bf9 -> 
  custom:scripting/monoscript/fileName/SoftMaskScript.cs: 867049fb2647c9983fb1391409f93d30 -> 
  custom:scripting/monoscript/fileName/DiamondGraph.cs: a01b647a54847840428a395cc0d6fc16 -> 
  custom:scripting/monoscript/fileName/ScrollRectEx.cs: 3f6a881a34055e182fee3ab0baaee0c3 -> 
  custom:scripting/monoscript/fileName/UIGridRenderer.cs: 04c0062f4b7cdd6963fdba9ae03d9c72 -> 
  custom:scripting/monoscript/fileName/NicerOutline.cs: 571a7c7c4af4ebadc9fed23f0c3b0b46 -> 
  custom:CustomObjectIndexerAttribute: 9a22284fe3817be447336de3de66b15e -> 
  custom:scripting/monoscript/fileName/ScrollRectExtensions.cs: c76cb840404ffa9bc24248639e9da4ee -> 
  custom:scripting/monoscript/fileName/FancyGridViewContext.cs: 8738476657d4a33c34bc82bed7ce8bc9 -> 
  custom:scripting/monoscript/fileName/MinMaxValues.cs: 4aa11a61e640749f4ea5f947f86be5ba -> 
  custom:scripting/monoscript/fileName/CardExpanding3D.cs: d8b2b9924677ad2b445b05edbed7f0e3 -> 
  custom:scripting/monoscript/fileName/MinMaxSliderEditor.cs: e0496a7f76fc8934af2a763a7289ad36 -> 
  custom:scripting/monoscript/fileName/StepperSide.cs: 34d9a35c8c2622f327b140f18a7398a7 -> 
  custom:scripting/monoscript/fileName/CUIGraphicEditor.cs: a618262d3e77d462c5a0cd2e608e8a53 -> 
  custom:scripting/monoscript/fileName/DropDownList.cs: 3d51ab81e9571c9027b59874b2c78567 -> 
  custom:scripting/monoscript/fileName/ITweenValue.cs: 1d0eaa4b435fa135e18af6b5fa57e92e -> 
  custom:container-demuxer-webm: 4f35f7cbe854078d1ac9338744f61a02 -> 
  custom:scripting/monoscript/fileName/CardExpanding2D.cs: e0950b450275cb3936a581f286a6b471 -> 
  custom:scripting/monoscript/fileName/ResetSelectableHighlight.cs: 3ea63487fd77e7b22731770a86b4f8b9 -> 
  custom:scripting/monoscript/fileName/UIScrollToSelection.cs: d89fc8e36bdc19715e3104a5f857d175 -> 
  custom:scripting/monoscript/fileName/IScrollSnap.cs: 80b4110dac6695d630b8e7501d8e5aa8 -> 
  custom:scripting/monoscript/fileName/SegmentedControl.cs: 3a6e53207de58cf304ab520e0638e2df -> 
  custom:scripting/monoscript/fileName/ColorSampler.cs: 617678b91f4adc7b3146f51bed3fc4b1 -> 
  custom:scripting/monoscript/fileName/TabNavigationHelper.cs: 43f45dc623750048d2fbac24931c8ac8 -> 
  custom:scripting/monoscript/fileName/AutoCompleteComboBox.cs: 6e2e6cf33d4f5ca4ad3c05ff8f254467 -> 
  custom:scripting/monoscript/fileName/TextPicEditor.cs: c23216fe996c314d4c496ad837485981 -> 
  custom:scripting/monoscript/fileName/CUIMisc.cs: bc26c7f132f5cd28304cbc88070ca4dc -> 
  custom:scripting/monoscript/fileName/UIAdditiveEffect.cs: 50386f7d7d76f5c5e155dbf56c5e5fdd -> 
  custom:scripting/monoscript/fileName/MonoSpacing.cs: 45ba6bf376dd125375a8906a7d8b8b4b -> 
  custom:scripting/monoscript/fileName/FloatTween.cs: c51b551f6abec506d0db9945f7aa25cc -> 
  custom:scripting/monoscript/fileName/BoxSlider.cs: 662335e935a62641f6cb14e99e25e994 -> 
  custom:scripting/monoscript/fileName/BezierLineRendererEditor.cs: 2a50098be424d999e43b888ace13278c -> 
  custom:scripting/monoscript/fileName/NonDrawingGraphic.cs: a309796f6d67e4c1c110ec62b4572b4e -> 
  custom:scripting/monoscript/fileName/ScrollPositionController.cs: 30c392a65a277a4a74b1a6f1a3417601 -> 
  custom:scripting/monoscript/fileName/ContentScrollSnapHorizontal.cs: cb0bf043572062ce08b48904f46c98c8 -> 
  custom:scripting/monoscript/fileName/Triangulator.cs: 4ee9f09ca55767568ee94c9eaaed7244 -> d867a9a7a8385ef82ff357feb70c59d4
  custom:scripting/monoscript/fileName/UIImageCrop.cs: 1ec5d1f18ccf3bbe8ea319cda00ecfbc -> 
  custom:scripting/monoscript/fileName/BoxSliderEditor.cs: 9c680a5a338924fb176605eed0f68a75 -> 
  custom:scripting/monoscript/fileName/FancyScrollView.cs: c5f9c64ec4b4e183b17919204bc381a9 -> 
  custom:scripting/monoscript/fileName/BezierPath.cs: 90cbb6f823f7a03c69c93b3e1653c45e -> 
  custom:scripting/monoscript/fileName/SuperellipsePoints.cs: db2a1c9698f2dea478e1d6bfece554ae -> 
  custom:scripting/monoscript/fileName/UI_Knob.cs: 00244fb2be3e9e1f5ec3a07f175066a9 -> 
  custom:container-muxer-webm: aa71ff27fc2769a1b78a27578f13a17b -> 
  custom:scripting/monoscript/fileName/RaycastMask.cs: b13971e6a124c25b886c6703ae2aab24 -> 
  custom:scripting/monoscript/fileName/MultiTouchScrollRect.cs: 3a778993ea01435b2502c14ea2b2ff98 -> 
  custom:video-decoder-webm-vp8: 9c59270c3fd7afecdb556c50c9e8de78 -> 
  custom:scripting/monoscript/fileName/InputFieldEnterSubmit.cs: cdd5149b8afb8dc59ad57cc53ad8fb3b -> 
  custom:scripting/monoscript/fileName/ExampleSelectable.cs: 8dc7a8cd606154e7d10bb507e235c1f8 -> 
  custom:scripting/monoscript/fileName/uGUITools.cs: aa32797d8a9cdcd2167b6be114b0d5ec -> 
  custom:scripting/monoscript/fileName/UILinearDodgeEffect.cs: f5508d2f3f6addba614d4c08275f4546 -> 
  custom:SearchIndexIgnoredProperties: e643bd26f0fe6173181afceb89e7c659 -> 
  custom:scripting/monoscript/fileName/EasingCore.cs: 0bad7e894488e9b67256d892a478aab1 -> 
  custom:scripting/monoscript/fileName/Stepper.cs: 3ee1a56034750815f9c567b6c54fbbb8 -> 
  custom:scripting/monoscript/fileName/UIPrimitiveBase.cs: 80a945e915822efd5c887ee28f76aa9f -> 
  custom:AudioImporter_EditorPlatform: d09bf68614088b80899f8185d706f6e7 -> 
  custom:scripting/monoscript/fileName/LetterSpacing.cs: c4f4c504ac9c0b708c438c8a0faf6a96 -> 
  custom:scripting/monoscript/fileName/UISquircle.cs: faaa67841792f2c90a13db82841ac6e3 -> 
  custom:scripting/monoscript/fileName/RangeSlider.cs: 026cea0882c5bbc90f7cedc5111cfeb2 -> 
  custom:scripting/monoscript/fileName/UIExtensionMethods.cs: 2621bff24acfb4ddb3b264b7553588d8 -> 
  custom:scripting/monoscript/fileName/UIVerticalScroller.cs: 3532ae0d4ba5f6e2c310cfec2c655a8c -> 
  custom:scripting/monoscript/fileName/ColorLabel.cs: 9a2d62e5e8f65400e4abc881023f36f7 -> 
  custom:scripting/monoscript/fileName/TooltipTrigger.cs: 546a7d73bc42b9e6f1fd03a7e07d7f29 -> 
  custom:scripting/monoscript/fileName/UIMultiplyEffect.cs: 29b6f1f4d98d9b61292d829c0030af4b -> 
  custom:scripting/monoscript/fileName/CardPopup2D.cs: ac929914b8675b3ff1238ddb1cc99789 -> 
  custom:scripting/monoscript/fileName/ScrollSnapScrollbarHelper.cs: d6b043fd7048156ea2ef4da9da4a0a51 -> 
  custom:scripting/monoscript/fileName/HoverTooltip.cs: abdf0400bdf15bb8fdc0bc4d5ecc993f -> 
  custom:scripting/monoscript/fileName/ColorImage.cs: 87dea3e9bf43c94e295d4fa411046c66 -> 
  custom:scripting/monoscript/fileName/FancyScrollRectContext.cs: 9e5d4d8665c04a1190a3fc52908244b0 -> 
  custom:scripting/monoscript/fileName/TextPicIconEditor.cs: 1f41560011fcb93d03be374d10238c0c -> 
  custom:scripting/monoscript/fileName/UI_InfiniteScroll.cs: f7518bdb5ccbb5518282b9c860eef985 -> 
  custom:scripting/monoscript/fileName/UIExtensionsMenuOptions.cs: 25d3bc76bdcc7be45d732e8f064ec6a7 -> 
  custom:scripting/monoscript/fileName/ReadOnlyAttribute.cs: 604ae8fbc27d6402b88ac08f1987318f -> 
  custom:scripting/monoscript/fileName/UICircle.cs: e40253d6117a9fbea82cc285a7e8a36e -> 
  custom:scripting/monoscript/fileName/UIScrollToSelectionXY.cs: 8145d21a6ef6f8610242d2ba291595b9 -> 
  custom:scripting/monoscript/fileName/CUITextEditor.cs: 966cced0a631446b9484c2fe777a7f5b -> 
  custom:scripting/precompiled-assembly-types:UnityUIExtensions.editor: e002030e6fc012878af160bb334541ad -> 
  custom:scripting/monoscript/fileName/TweenRunner.cs: 90647cc400823b41df847a6cbfc29026 -> 
  custom:scripting/monoscript/fileName/UIHorizontalScroller.cs: 758f016ad67e22eff0f26468f408f006 -> 
  custom:scripting/monoscript/fileName/ReturnKeyTriggersButton.cs: 622f27a1a5fce3f8fe14f0fe6c6b39b5 -> 
  custom:scripting/monoscript/fileName/FancyGridViewCell.cs: 0cdf409b5aa8d4c25876d72b5c6a3b60 -> 
  custom:scripting/monoscript/fileName/Scroller.cs: 94938ad1cd7c20206a0339e3bd7f3330 -> 
  custom:scripting/monoscript/fileName/CylinderText.cs: 86c073c10ed890f8e108be86fb350e35 -> 
  custom:scripting/monoscript/fileName/ColorPickerPresets.cs: d20309ac183a87fd46c2e0a03ba5bdef -> 
  custom:scripting/monoscript/fileName/RadialSlider.cs: 24542b53b379116a4f98bb53a64e13b8 -> 
  custom:scripting/monoscript/fileName/PPIViewer.cs: 5269fbe050022d597b2ceba1b1d4cbae -> 
  custom:scripting/monoscript/fileName/InputFocus.cs: 6a5a3b184038cb5e7dbe4882c96bc91b -> 
  custom:scripting/monoscript/fileName/CUIBezierCurve.cs: 32214df0cb137de9f4967269deffb6f3 -> 
  custom:scripting/monoscript/fileName/DropDownListItem.cs: 91c61fd79335f34fb81e114553bf8888 -> 
  custom:scripting/monoscript/fileName/UIFlippable.cs: 9c843e180ea4b6afe9c1ba071336e124 -> 
  custom:scripting/monoscript/fileName/CanvasGroupActivator.cs: f743e9c6e47b0eb8c0b7b2fbf9f7de19 -> 
  custom:scripting/monoscript/fileName/UIWindowBase.cs: 776e605614a77fffd4e0147c8e684e94 -> 
  custom:video-encoder-webm-vp8: eb34c28f22e8b96e1ab97ce403110664 -> 
  custom:scripting/monoscript/fileName/ScrollPositionControllerEditor.cs: fb86570a90d8d5b779234b7f103e1b51 -> 
  custom:scripting/monoscript/fileName/CurvedLayout.cs: 46917779e317aa4a214ea430689de312 -> 
  custom:scripting/monoscript/fileName/ScrollConflictManager.cs: 1a474b2432b80a8b7211f13c79bb991c -> 
  custom:scripting/monoscript/fileName/ReadOnlyDrawer.cs: 1c0aa6472b8e40c24f66a5805d818994 -> 
  custom:audio-decoder-ogg-vorbis: bf7c407c2cedff20999df2af8eb42d56 -> 
  custom:scripting/monoscript/fileName/FancyGridView.cs: 849ed7f5b11c9db237ef61b01c5a5104 -> 
  custom:scripting/monoscript/fileName/CableCurve.cs: 1ed0592bfc80d3ca3db7b55e9a6e9d9a -> 
  custom:scripting/monoscript/fileName/PaginationManager.cs: b5c7a38e1c9bde92ca052679632bc9f1 -> 
  custom:scripting/monoscript/fileName/UILineTextureRenderer.cs: f3042185c83712ad42b2d6694b56f8d3 -> 
  custom:scripting/monoscript/fileName/MenuManager.cs: 8e71de17d45faf11b5ca3e63d3867170 -> 
  custom:scripting/monoscript/fileName/ColorPickerPresetsEditor.cs: 57bebb34d006d8305e8cd353ea00f28b -> 
  custom:scripting/monoscript/fileName/UI_MagneticInfiniteScroll.cs: 7f0db092e1c52c826e7ccbefe21fe7ce -> 
  custom:scripting/monoscript/fileName/ToolTip.cs: 2f05f936126a769ca9a98ef6920928a7 -> 
  custom:scripting/monoscript/fileName/TextPicRenameEditor.cs: b67a1588d964fe3ac177da9872e96689 -> 
  custom:scripting/monoscript/fileName/TestCompression.cs: 2a18178f72c1b3979b9006483863f20e -> 
  custom:scripting/monoscript/fileName/IFancyScrollRectContext.cs: 9c4dee0aef526d67eb0a668a1c9b910a -> 
  custom:scripting/monoscript/fileName/ColorChangedEvent.cs: bafb161b451089e6c72bcae877e0ba66 -> 
  custom:scripting/monoscript/fileName/BestFitOutline.cs: 2ec1c68346f5b721e3d92092cd60b278 -> 
  custom:scripting/monoscript/fileName/NonDrawingGraphicEditor.cs: 1e7abd1e1a4d3da38de70c6d38c19118 -> 
  custom:scripting/monoscript/fileName/HSVChangedEvent.cs: 8a0d7f505f4db7e267a03264293f54eb -> 
  custom:scripting/monoscript/fileName/CUIImageEditor.cs: 0be5a4365a8d65680f88c4d192e5254c -> 
  custom:scripting/monoscript/fileName/HorizontalScrollSnap.cs: 624447835d67a70d90ed2b7f69117316 -> 
  custom:scripting/monoscript/fileName/UI_TweenScale.cs: 50a18c41daf615d82dc37ef0e9dcea31 -> 
  custom:scripting/monoscript/fileName/BoundTooltipItem.cs: 12dc26af634677e40fd7840809357e6c -> 
  custom:scripting/monoscript/fileName/AccordionElement.cs: 69f1a7e537099cc57de9b6eaa86cef32 -> 
  custom:scripting/monoscript/fileName/UI_ScrollRectOcclusion.cs: 491f1c2592ac821eb8de9e533fddd4a9 -> 
  custom:scripting/monoscript/fileName/CUIBezierCurveEditor.cs: be4462c6de2387d5f99ef9d0e93b91ee -> 
  custom:scripting/monoscript/fileName/ColorSliderImage.cs: bbcbfbf23dc2f9fc5450db8f36b24487 -> 
  custom:scripting/monoscript/fileName/Accordion.cs: c31898dc7ffd6f7b32be5689419229bc -> 
  custom:scripting/monoscript/fileName/FancyCell.cs: 0cdf409b5aa8d4c25876d72b5c6a3b60 -> 
  custom:scripting/monoscript/fileName/ShineEffect.cs: 61d233269c4ea687efa548adef5d6e13 -> 
  custom:audio-encoder-webm-vorbis: bf7c407c2cedff20999df2af8eb42d56 -> 
  custom:scripting/monoscript/fileName/ScrollRectTweener.cs: 3437a8fb18bed84a45865e36e83e332f -> 
  custom:scripting/monoscript/fileName/MeshCreator.cs: a2506ad04bac2e5a6d6d50e0d7978d92 -> 
  custom:scripting/monoscript/fileName/UIPolygon.cs: ef7b3e02606f58c56a27e65db10bc7f3 -> 
  custom:scripting/monoscript/fileName/switchToRectTransform.cs: 0ef297259b7f2ab26defc1d718ad1e0a -> 
  custom:scripting/monoscript/fileName/UILineRendererList.cs: efbf4ff76c31aa3e4f61c8b26734d929 -> 
  custom:scripting/monoscript/fileName/CLZF2.cs: 40ef7bf6191a1a5e5b0f37e092e1b271 -> 
  custom:scripting/monoscript/fileName/SimpleMenu.cs: 90647cc400823b41df847a6cbfc29026 -> 
  custom:scripting/monoscript/fileName/RescalePanel.cs: a379a55181438e3b7a29019da8a3c82c -> 
  custom:scripting/monoscript/fileName/DragCorrector.cs: 89ab4a0369eecb75be2277a80a08c1e7 -> 
  custom:scripting/monoscript/fileName/RangeSliderEditor.cs: 1c09cdb4e75bc10f834bbae9a7b54e1e -> 
  custom:scripting/monoscript/fileName/FancyScrollRect.cs: 0cdf409b5aa8d4c25876d72b5c6a3b60 -> 
  custom:scripting/monoscript/fileName/ReorderableList.cs: 944c8e214787d07461c711b29546f976 -> 
  custom:scripting/monoscript/fileName/RadialLayout.cs: 170f31c5fdb54a9fe7ba926effdfd7d4 -> 
  custom:scripting/monoscript/fileName/ColorSlider.cs: a91d06b853e0bf2d5df3ea61a67d5c83 -> 
  custom:scripting/monoscript/fileName/IFancyGridViewContext.cs: be7addf49e5950ebb654fec55c2afa8b -> 
  custom:scripting/precompiled-assembly-types:UnityUIExtensions: c0991a7eaf90618746e467e9e018bd04 -> 
  custom:scripting/monoscript/fileName/CUIGraphic.cs: 4f47fad340418bff51fe6171e2259e7f -> 
  custom:scripting/monoscript/fileName/IFancyCellGroupContext.cs: 323b5f49cc2011b3d2d9088e528ed161 -> 
  custom:scripting/monoscript/fileName/MinMaxSlider.cs: e7d98a511e8b98df33f72f37935821e5 -> 
  custom:scripting/monoscript/fileName/ColorPickerTester.cs: 63b6c03c009a94721b9d41c8d5e5e6ed -> 
========================================================================
Received Prepare
Caller must complete domain reload
Begin MonoManager ReloadAssembly
- Loaded All Assemblies, in  0.626 seconds
Native extension for WindowsStandalone target not found
Native extension for WebGL target not found
Mono: successfully reloaded assembly
- Finished resetting the current domain, in  1.383 seconds
Domain Reload Profiling: 2010ms
	BeginReloadAssembly (176ms)
		ExecutionOrderSort (0ms)
		DisableScriptedObjects (16ms)
		BackupInstance (0ms)
		ReleaseScriptingObjects (0ms)
		CreateAndSetChildDomain (34ms)
	RebuildCommonClasses (36ms)
	RebuildNativeTypeToScriptingClass (12ms)
	initialDomainReloadingComplete (31ms)
	LoadAllAssembliesAndSetupDomain (371ms)
		LoadAssemblies (445ms)
		RebuildTransferFunctionScriptingTraits (0ms)
		AnalyzeDomain (22ms)
			TypeCache.Refresh (8ms)
				TypeCache.ScanAssembly (0ms)
			ScanForSourceGeneratedMonoScriptInfo (0ms)
			ResolveRequiredComponents (12ms)
	FinalizeReload (1384ms)
		ReleaseScriptCaches (0ms)
		RebuildScriptCaches (0ms)
		SetupLoadedEditorAssemblies (521ms)
			LogAssemblyErrors (0ms)
			InitializePlatformSupportModulesInManaged (8ms)
			SetLoadedEditorAssemblies (10ms)
			RefreshPlugins (0ms)
			BeforeProcessingInitializeOnLoad (87ms)
			ProcessInitializeOnLoadAttributes (374ms)
			ProcessInitializeOnLoadMethodAttributes (38ms)
			AfterProcessingInitializeOnLoad (3ms)
			EditorAssembliesLoaded (0ms)
		ExecutionOrderSort2 (0ms)
		AwakeInstancesAfterBackupRestoration (16ms)
Refreshing native plugins compatible for Editor in 11.28 ms, found 7 plugins.
Preloading 0 native plugins for Editor in 0.00 ms.
Unloading 4456 Unused Serialized files (Serialized files now loaded: 0)
Unloading 44 unused Assets / (0.7 MB). Loaded Objects now: 5267.
Memory consumption went from 158.4 MB to 157.7 MB.
Total: 9.356900 ms (FindLiveObjects: 1.061900 ms CreateObjectMapping: 0.687300 ms MarkObjects: 6.878600 ms  DeleteObjects: 0.727200 ms)

Prepare: number of updated asset objects reloaded= 0
AssetImportParameters requested are different than current active one (requested -> active):
  custom:scripting/monoscript/fileName/CardStack2D.cs: 52f7ac406c04f320c1cc31b32fc945ec -> 
  custom:scripting/monoscript/fileName/UILineRendererFIFO.cs: 1a840d7d842445f62c20beee85a5bbc5 -> 
  custom:scripting/monoscript/fileName/FlowLayoutGroup.cs: 4f8c51e99186127173631d5ea0b848a8 -> 
  custom:scripting/monoscript/fileName/UIParticleSystem.cs: 6cef203566a0c9333597e4e233613614 -> 
  custom:scripting/monoscript/fileName/UILineRenderer.cs: 673f1b621ab4781ac78770b1b3c45207 -> 
  custom:scripting/monoscript/fileName/TableLayoutGroup.cs: 9697d88a99d4c91003d206b86eed3a61 -> 
  custom:scripting/monoscript/fileName/Segment.cs: 823b994f6bbb6e32f73e9807948df6b3 -> 
  custom:container-demuxer-ogg: 62fdf1f143b41e24485cea50d1cbac27 -> 
  custom:scripting/monoscript/fileName/SelectionBox.cs: 9eabc2822607d24d284c5c0d720d4a01 -> 
  custom:scripting/monoscript/fileName/ReorderableListContent.cs: a630238339e5f198f723ac29a2329f6d -> 
  custom:scripting/monoscript/fileName/Menu.cs: d0a2652908e797d4064ef9b772450cc8 -> 
  custom:scripting/monoscript/fileName/SetPropertyUtility.cs: 02aade692758e5563210cc05829e9851 -> f604b4b9e6b0979bdfc1e2b40426dd19
  custom:scripting/monoscript/fileName/HSVUtil.cs: 2f204c7a89b046fae714aadbcda42851 -> 
  custom:scripting/monoscript/fileName/FancyCellGroup.cs: 90647cc400823b41df847a6cbfc29026 -> 
  custom:scripting/monoscript/fileName/RescaleDragPanel.cs: 428e5a10a21f2d3fc3805557487d591e -> 
  custom:scripting/monoscript/fileName/ExtensionsToggleGroup.cs: 93967f93faef61aecdca9232fa42b062 -> 
  custom:scripting/monoscript/fileName/ResizePanel.cs: 0a2d1269c62cba913a254b515f8b6020 -> 
  custom:scripting/monoscript/fileName/Circle.cs: cfc2369c92dd039be7c3f572f769fdcf -> 
  custom:scripting/monoscript/fileName/ShaderLibrary.cs: 7a09676978959734a6827051c965f749 -> 
  custom:scripting/monoscript/fileName/CurvedText.cs: c86aabacdca275700720e919fc8a8b52 -> 
  custom:scripting/monoscript/fileName/FancyScrollRectCell.cs: 0cdf409b5aa8d4c25876d72b5c6a3b60 -> 
  custom:scripting/monoscript/fileName/Gradient.cs: a4c2a5a25440c543cd82653fda832632 -> 
  custom:scripting/monoscript/fileName/ScrollSnapBase.cs: 3682088473625968e7b4647a6b4213f6 -> 
  custom:scripting/monoscript/fileName/CUIText.cs: 0be1a405bc9388e4813a74aad6018bec -> 
  custom:scripting/monoscript/fileName/BoundTooltipTrigger.cs: e78e2ee612ba85e075ab794a5cb95e73 -> 
  custom:scripting/monoscript/fileName/UIHighlightable.cs: fd305ad78204cb75a66ce809c3f50e6a -> 
  custom:video-codec-MediaFoundation-h265: 746d11721c4dcdbdad8f713fa42b33f4 -> 
  custom:scripting/monoscript/fileName/UIExtensionsInputManager.cs: 6f468ddae971c3bcce0288549c1beabd -> 
  custom:scripting/monoscript/fileName/Gradient2.cs: 9c1fd6257924e43a80b8fccb859d3828 -> 
  custom:scripting/monoscript/fileName/CooldownButton.cs: 72bd21b90ac71f29908a36179176f8fc -> 
  custom:video-decoder-ogg-theora: a1e56fd34408186e4bbccfd4996cb3dc -> 
  custom:scripting/monoscript/fileName/TileSizeFitter.cs: ba6326e335b6f177a627b992c444832c -> 
  custom:scripting/monoscript/fileName/SelectableScaler.cs: 3ebe175d64b38a572f8dbe8fd345f0c3 -> 
  custom:scripting/monoscript/fileName/AccordionElementEditor.cs: db5ee9b2cff22578a12a4d141614d665 -> 
  custom:scripting/monoscript/fileName/ExtensionsToggle.cs: e0b44aa7e1ff973d74b4857a34a48879 -> 
  custom:scripting/monoscript/fileName/ReorderableListElement.cs: 788a31431a1c95dc9a9a52767f8e812f -> 
  custom:scripting/monoscript/fileName/ShineEffector.cs: 52ed4eb6c7ed8f674a18d2a4db6eba86 -> 
  custom:scripting/monoscript/fileName/UISelectableExtension.cs: b6766007d8a2236e23d4749da2d8cdd2 -> 
  custom:framework-win-MediaFoundation: 216162199b28c13a410421893ffa2e32 -> 
  custom:scripting/monoscript/fileName/UISoftAdditiveEffect.cs: 30a825933c907dec19605ff2f58a292f -> 
  custom:scripting/monoscript/fileName/HexColorField.cs: 425eeca1ce4159bc649962b2337061a4 -> 
  custom:scripting/monoscript/fileName/ColorPickerControl.cs: 97231f899ae243cc634f34e048c22095 -> 
  custom:scripting/monoscript/fileName/ReorderableListDebug.cs: 51cf5a188c464deb681bea16cb795b61 -> 
  custom:scripting/monoscript/fileName/TextPic.cs: 9dbd7bc654cbf19eee33ac6fc452bfb1 -> 
  custom:scripting/monoscript/fileName/CUIImage.cs: 41f29f650aa507f802cd9793d91f3211 -> 
  custom:scripting/monoscript/fileName/DropDownListButton.cs: 71d533f2602e0e099d09a556ef8e4414 -> 
  custom:scripting/monoscript/fileName/ScrollSnap.cs: c5ae67ed5cc8c0ab1f7496803acc2648 -> 
  custom:scripting/monoscript/fileName/TextPicIconListCopier.cs: a564a2a474c019b98650cff2383ccfca -> 
  custom:scripting/monoscript/fileName/UICornerCut.cs: 69b0dfb485aa2b1afa65fcf30028125b -> 
  custom:scripting/monoscript/fileName/ScrollerEditor.cs: 478519b80ad2bc62d4a4b80ae078e694 -> 
  custom:scripting/monoscript/fileName/IBoxSelectable.cs: a5bf39a694cf2b84c65e7bec998d4941 -> 
  custom:scripting/monoscript/fileName/TiltWindow.cs: 7c3356d1b5bc9c6e9fe98345b0be7c30 -> 
  custom:scripting/monoscript/fileName/ExtensionMethods.cs: 943bd8dac5ce9467ce7deb0856dc6b0a -> 
  custom:scripting/monoscript/fileName/ComboBox.cs: a6ca48dde827ff07a9093f3624d58e62 -> 
  custom:scripting/monoscript/fileName/ScrollRectLinker.cs: 0316116e17d192ca2ef7c97539dff50f -> 
  custom:scripting/monoscript/fileName/SVBoxSlider.cs: 1d22c9c16d63e1cf38ad19bbcec9a0da -> 
  custom:scripting/monoscript/fileName/VerticalScrollSnap.cs: a7ebcf1fac8331e70ee01e540cbe484b -> 
  custom:scripting/monoscript/fileName/UILineConnector.cs: ea5f69a32957fe35ae7b512ef3f758ef -> 
  custom:scripting/monoscript/fileName/UIScreenEffect.cs: c36542c529d1f733362556ab22c18bf9 -> 
  custom:scripting/monoscript/fileName/SoftMaskScript.cs: 867049fb2647c9983fb1391409f93d30 -> 
  custom:scripting/monoscript/fileName/DiamondGraph.cs: a01b647a54847840428a395cc0d6fc16 -> 
  custom:scripting/monoscript/fileName/ScrollRectEx.cs: 3f6a881a34055e182fee3ab0baaee0c3 -> 
  custom:scripting/monoscript/fileName/UIGridRenderer.cs: 04c0062f4b7cdd6963fdba9ae03d9c72 -> 
  custom:scripting/monoscript/fileName/NicerOutline.cs: 571a7c7c4af4ebadc9fed23f0c3b0b46 -> 
  custom:CustomObjectIndexerAttribute: 9a22284fe3817be447336de3de66b15e -> 
  custom:scripting/monoscript/fileName/ScrollRectExtensions.cs: c76cb840404ffa9bc24248639e9da4ee -> 
  custom:scripting/monoscript/fileName/FancyGridViewContext.cs: 8738476657d4a33c34bc82bed7ce8bc9 -> 
  custom:scripting/monoscript/fileName/MinMaxValues.cs: 4aa11a61e640749f4ea5f947f86be5ba -> 
  custom:scripting/monoscript/fileName/CardExpanding3D.cs: d8b2b9924677ad2b445b05edbed7f0e3 -> 
  custom:scripting/monoscript/fileName/MinMaxSliderEditor.cs: e0496a7f76fc8934af2a763a7289ad36 -> 
  custom:scripting/monoscript/fileName/StepperSide.cs: 34d9a35c8c2622f327b140f18a7398a7 -> 
  custom:scripting/monoscript/fileName/CUIGraphicEditor.cs: a618262d3e77d462c5a0cd2e608e8a53 -> 
  custom:scripting/monoscript/fileName/DropDownList.cs: 3d51ab81e9571c9027b59874b2c78567 -> 
  custom:scripting/monoscript/fileName/ITweenValue.cs: 1d0eaa4b435fa135e18af6b5fa57e92e -> 
  custom:container-demuxer-webm: 4f35f7cbe854078d1ac9338744f61a02 -> 
  custom:scripting/monoscript/fileName/CardExpanding2D.cs: e0950b450275cb3936a581f286a6b471 -> 
  custom:scripting/monoscript/fileName/ResetSelectableHighlight.cs: 3ea63487fd77e7b22731770a86b4f8b9 -> 
  custom:scripting/monoscript/fileName/UIScrollToSelection.cs: d89fc8e36bdc19715e3104a5f857d175 -> 
  custom:scripting/monoscript/fileName/IScrollSnap.cs: 80b4110dac6695d630b8e7501d8e5aa8 -> 
  custom:scripting/monoscript/fileName/SegmentedControl.cs: 3a6e53207de58cf304ab520e0638e2df -> 
  custom:scripting/monoscript/fileName/ColorSampler.cs: 617678b91f4adc7b3146f51bed3fc4b1 -> 
  custom:scripting/monoscript/fileName/TabNavigationHelper.cs: 43f45dc623750048d2fbac24931c8ac8 -> 
  custom:scripting/monoscript/fileName/AutoCompleteComboBox.cs: 6e2e6cf33d4f5ca4ad3c05ff8f254467 -> 
  custom:scripting/monoscript/fileName/TextPicEditor.cs: c23216fe996c314d4c496ad837485981 -> 
  custom:scripting/monoscript/fileName/CUIMisc.cs: bc26c7f132f5cd28304cbc88070ca4dc -> 
  custom:scripting/monoscript/fileName/UIAdditiveEffect.cs: 50386f7d7d76f5c5e155dbf56c5e5fdd -> 
  custom:scripting/monoscript/fileName/MonoSpacing.cs: 45ba6bf376dd125375a8906a7d8b8b4b -> 
  custom:scripting/monoscript/fileName/FloatTween.cs: c51b551f6abec506d0db9945f7aa25cc -> 
  custom:scripting/monoscript/fileName/BoxSlider.cs: 662335e935a62641f6cb14e99e25e994 -> 
  custom:scripting/monoscript/fileName/BezierLineRendererEditor.cs: 2a50098be424d999e43b888ace13278c -> 
  custom:scripting/monoscript/fileName/NonDrawingGraphic.cs: a309796f6d67e4c1c110ec62b4572b4e -> 
  custom:scripting/monoscript/fileName/ScrollPositionController.cs: 30c392a65a277a4a74b1a6f1a3417601 -> 
  custom:scripting/monoscript/fileName/ContentScrollSnapHorizontal.cs: cb0bf043572062ce08b48904f46c98c8 -> 
  custom:scripting/monoscript/fileName/Triangulator.cs: 4ee9f09ca55767568ee94c9eaaed7244 -> d867a9a7a8385ef82ff357feb70c59d4
  custom:scripting/monoscript/fileName/UIImageCrop.cs: 1ec5d1f18ccf3bbe8ea319cda00ecfbc -> 
  custom:scripting/monoscript/fileName/BoxSliderEditor.cs: 9c680a5a338924fb176605eed0f68a75 -> 
  custom:scripting/monoscript/fileName/FancyScrollView.cs: c5f9c64ec4b4e183b17919204bc381a9 -> 
  custom:scripting/monoscript/fileName/BezierPath.cs: 90cbb6f823f7a03c69c93b3e1653c45e -> 
  custom:scripting/monoscript/fileName/SuperellipsePoints.cs: db2a1c9698f2dea478e1d6bfece554ae -> 
  custom:scripting/monoscript/fileName/UI_Knob.cs: 00244fb2be3e9e1f5ec3a07f175066a9 -> 
  custom:container-muxer-webm: aa71ff27fc2769a1b78a27578f13a17b -> 
  custom:scripting/monoscript/fileName/RaycastMask.cs: b13971e6a124c25b886c6703ae2aab24 -> 
  custom:scripting/monoscript/fileName/MultiTouchScrollRect.cs: 3a778993ea01435b2502c14ea2b2ff98 -> 
  custom:video-decoder-webm-vp8: 9c59270c3fd7afecdb556c50c9e8de78 -> 
  custom:scripting/monoscript/fileName/InputFieldEnterSubmit.cs: cdd5149b8afb8dc59ad57cc53ad8fb3b -> 
  custom:scripting/monoscript/fileName/ExampleSelectable.cs: 8dc7a8cd606154e7d10bb507e235c1f8 -> 
  custom:scripting/monoscript/fileName/uGUITools.cs: aa32797d8a9cdcd2167b6be114b0d5ec -> 
  custom:scripting/monoscript/fileName/UILinearDodgeEffect.cs: f5508d2f3f6addba614d4c08275f4546 -> 
  custom:SearchIndexIgnoredProperties: e643bd26f0fe6173181afceb89e7c659 -> 
  custom:scripting/monoscript/fileName/EasingCore.cs: 0bad7e894488e9b67256d892a478aab1 -> 
  custom:scripting/monoscript/fileName/Stepper.cs: 3ee1a56034750815f9c567b6c54fbbb8 -> 
  custom:scripting/monoscript/fileName/UIPrimitiveBase.cs: 80a945e915822efd5c887ee28f76aa9f -> 
  custom:AudioImporter_EditorPlatform: d09bf68614088b80899f8185d706f6e7 -> 
  custom:scripting/monoscript/fileName/LetterSpacing.cs: c4f4c504ac9c0b708c438c8a0faf6a96 -> 
  custom:scripting/monoscript/fileName/UISquircle.cs: faaa67841792f2c90a13db82841ac6e3 -> 
  custom:scripting/monoscript/fileName/RangeSlider.cs: 026cea0882c5bbc90f7cedc5111cfeb2 -> 
  custom:scripting/monoscript/fileName/UIExtensionMethods.cs: 2621bff24acfb4ddb3b264b7553588d8 -> 
  custom:scripting/monoscript/fileName/UIVerticalScroller.cs: 3532ae0d4ba5f6e2c310cfec2c655a8c -> 
  custom:scripting/monoscript/fileName/ColorLabel.cs: 9a2d62e5e8f65400e4abc881023f36f7 -> 
  custom:scripting/monoscript/fileName/TooltipTrigger.cs: 546a7d73bc42b9e6f1fd03a7e07d7f29 -> 
  custom:scripting/monoscript/fileName/UIMultiplyEffect.cs: 29b6f1f4d98d9b61292d829c0030af4b -> 
  custom:scripting/monoscript/fileName/CardPopup2D.cs: ac929914b8675b3ff1238ddb1cc99789 -> 
  custom:scripting/monoscript/fileName/ScrollSnapScrollbarHelper.cs: d6b043fd7048156ea2ef4da9da4a0a51 -> 
  custom:scripting/monoscript/fileName/HoverTooltip.cs: abdf0400bdf15bb8fdc0bc4d5ecc993f -> 
  custom:scripting/monoscript/fileName/ColorImage.cs: 87dea3e9bf43c94e295d4fa411046c66 -> 
  custom:scripting/monoscript/fileName/FancyScrollRectContext.cs: 9e5d4d8665c04a1190a3fc52908244b0 -> 
  custom:scripting/monoscript/fileName/TextPicIconEditor.cs: 1f41560011fcb93d03be374d10238c0c -> 
  custom:scripting/monoscript/fileName/UI_InfiniteScroll.cs: f7518bdb5ccbb5518282b9c860eef985 -> 
  custom:scripting/monoscript/fileName/UIExtensionsMenuOptions.cs: 25d3bc76bdcc7be45d732e8f064ec6a7 -> 
  custom:scripting/monoscript/fileName/ReadOnlyAttribute.cs: 604ae8fbc27d6402b88ac08f1987318f -> 
  custom:scripting/monoscript/fileName/UICircle.cs: e40253d6117a9fbea82cc285a7e8a36e -> 
  custom:scripting/monoscript/fileName/UIScrollToSelectionXY.cs: 8145d21a6ef6f8610242d2ba291595b9 -> 
  custom:scripting/monoscript/fileName/CUITextEditor.cs: 966cced0a631446b9484c2fe777a7f5b -> 
  custom:scripting/precompiled-assembly-types:UnityUIExtensions.editor: e002030e6fc012878af160bb334541ad -> 
  custom:scripting/monoscript/fileName/TweenRunner.cs: 90647cc400823b41df847a6cbfc29026 -> 
  custom:scripting/monoscript/fileName/UIHorizontalScroller.cs: 758f016ad67e22eff0f26468f408f006 -> 
  custom:scripting/monoscript/fileName/ReturnKeyTriggersButton.cs: 622f27a1a5fce3f8fe14f0fe6c6b39b5 -> 
  custom:scripting/monoscript/fileName/FancyGridViewCell.cs: 0cdf409b5aa8d4c25876d72b5c6a3b60 -> 
  custom:scripting/monoscript/fileName/Scroller.cs: 94938ad1cd7c20206a0339e3bd7f3330 -> 
  custom:scripting/monoscript/fileName/CylinderText.cs: 86c073c10ed890f8e108be86fb350e35 -> 
  custom:scripting/monoscript/fileName/ColorPickerPresets.cs: d20309ac183a87fd46c2e0a03ba5bdef -> 
  custom:scripting/monoscript/fileName/RadialSlider.cs: 24542b53b379116a4f98bb53a64e13b8 -> 
  custom:scripting/monoscript/fileName/PPIViewer.cs: 5269fbe050022d597b2ceba1b1d4cbae -> 
  custom:scripting/monoscript/fileName/InputFocus.cs: 6a5a3b184038cb5e7dbe4882c96bc91b -> 
  custom:scripting/monoscript/fileName/CUIBezierCurve.cs: 32214df0cb137de9f4967269deffb6f3 -> 
  custom:scripting/monoscript/fileName/DropDownListItem.cs: 91c61fd79335f34fb81e114553bf8888 -> 
  custom:scripting/monoscript/fileName/UIFlippable.cs: 9c843e180ea4b6afe9c1ba071336e124 -> 
  custom:scripting/monoscript/fileName/CanvasGroupActivator.cs: f743e9c6e47b0eb8c0b7b2fbf9f7de19 -> 
  custom:scripting/monoscript/fileName/UIWindowBase.cs: 776e605614a77fffd4e0147c8e684e94 -> 
  custom:video-encoder-webm-vp8: eb34c28f22e8b96e1ab97ce403110664 -> 
  custom:scripting/monoscript/fileName/ScrollPositionControllerEditor.cs: fb86570a90d8d5b779234b7f103e1b51 -> 
  custom:scripting/monoscript/fileName/CurvedLayout.cs: 46917779e317aa4a214ea430689de312 -> 
  custom:scripting/monoscript/fileName/ScrollConflictManager.cs: 1a474b2432b80a8b7211f13c79bb991c -> 
  custom:scripting/monoscript/fileName/ReadOnlyDrawer.cs: 1c0aa6472b8e40c24f66a5805d818994 -> 
  custom:audio-decoder-ogg-vorbis: bf7c407c2cedff20999df2af8eb42d56 -> 
  custom:scripting/monoscript/fileName/FancyGridView.cs: 849ed7f5b11c9db237ef61b01c5a5104 -> 
  custom:scripting/monoscript/fileName/CableCurve.cs: 1ed0592bfc80d3ca3db7b55e9a6e9d9a -> 
  custom:scripting/monoscript/fileName/PaginationManager.cs: b5c7a38e1c9bde92ca052679632bc9f1 -> 
  custom:scripting/monoscript/fileName/UILineTextureRenderer.cs: f3042185c83712ad42b2d6694b56f8d3 -> 
  custom:scripting/monoscript/fileName/MenuManager.cs: 8e71de17d45faf11b5ca3e63d3867170 -> 
  custom:scripting/monoscript/fileName/ColorPickerPresetsEditor.cs: 57bebb34d006d8305e8cd353ea00f28b -> 
  custom:scripting/monoscript/fileName/UI_MagneticInfiniteScroll.cs: 7f0db092e1c52c826e7ccbefe21fe7ce -> 
  custom:scripting/monoscript/fileName/ToolTip.cs: 2f05f936126a769ca9a98ef6920928a7 -> 
  custom:scripting/monoscript/fileName/TextPicRenameEditor.cs: b67a1588d964fe3ac177da9872e96689 -> 
  custom:scripting/monoscript/fileName/TestCompression.cs: 2a18178f72c1b3979b9006483863f20e -> 
  custom:scripting/monoscript/fileName/IFancyScrollRectContext.cs: 9c4dee0aef526d67eb0a668a1c9b910a -> 
  custom:scripting/monoscript/fileName/ColorChangedEvent.cs: bafb161b451089e6c72bcae877e0ba66 -> 
  custom:scripting/monoscript/fileName/BestFitOutline.cs: 2ec1c68346f5b721e3d92092cd60b278 -> 
  custom:scripting/monoscript/fileName/NonDrawingGraphicEditor.cs: 1e7abd1e1a4d3da38de70c6d38c19118 -> 
  custom:scripting/monoscript/fileName/HSVChangedEvent.cs: 8a0d7f505f4db7e267a03264293f54eb -> 
  custom:scripting/monoscript/fileName/CUIImageEditor.cs: 0be5a4365a8d65680f88c4d192e5254c -> 
  custom:scripting/monoscript/fileName/HorizontalScrollSnap.cs: 624447835d67a70d90ed2b7f69117316 -> 
  custom:scripting/monoscript/fileName/UI_TweenScale.cs: 50a18c41daf615d82dc37ef0e9dcea31 -> 
  custom:scripting/monoscript/fileName/BoundTooltipItem.cs: 12dc26af634677e40fd7840809357e6c -> 
  custom:scripting/monoscript/fileName/AccordionElement.cs: 69f1a7e537099cc57de9b6eaa86cef32 -> 
  custom:scripting/monoscript/fileName/UI_ScrollRectOcclusion.cs: 491f1c2592ac821eb8de9e533fddd4a9 -> 
  custom:scripting/monoscript/fileName/CUIBezierCurveEditor.cs: be4462c6de2387d5f99ef9d0e93b91ee -> 
  custom:scripting/monoscript/fileName/ColorSliderImage.cs: bbcbfbf23dc2f9fc5450db8f36b24487 -> 
  custom:scripting/monoscript/fileName/Accordion.cs: c31898dc7ffd6f7b32be5689419229bc -> 
  custom:scripting/monoscript/fileName/FancyCell.cs: 0cdf409b5aa8d4c25876d72b5c6a3b60 -> 
  custom:scripting/monoscript/fileName/ShineEffect.cs: 61d233269c4ea687efa548adef5d6e13 -> 
  custom:audio-encoder-webm-vorbis: bf7c407c2cedff20999df2af8eb42d56 -> 
  custom:scripting/monoscript/fileName/ScrollRectTweener.cs: 3437a8fb18bed84a45865e36e83e332f -> 
  custom:scripting/monoscript/fileName/MeshCreator.cs: a2506ad04bac2e5a6d6d50e0d7978d92 -> 
  custom:scripting/monoscript/fileName/UIPolygon.cs: ef7b3e02606f58c56a27e65db10bc7f3 -> 
  custom:scripting/monoscript/fileName/switchToRectTransform.cs: 0ef297259b7f2ab26defc1d718ad1e0a -> 
  custom:scripting/monoscript/fileName/UILineRendererList.cs: efbf4ff76c31aa3e4f61c8b26734d929 -> 
  custom:scripting/monoscript/fileName/CLZF2.cs: 40ef7bf6191a1a5e5b0f37e092e1b271 -> 
  custom:scripting/monoscript/fileName/SimpleMenu.cs: 90647cc400823b41df847a6cbfc29026 -> 
  custom:scripting/monoscript/fileName/RescalePanel.cs: a379a55181438e3b7a29019da8a3c82c -> 
  custom:scripting/monoscript/fileName/DragCorrector.cs: 89ab4a0369eecb75be2277a80a08c1e7 -> 
  custom:scripting/monoscript/fileName/RangeSliderEditor.cs: 1c09cdb4e75bc10f834bbae9a7b54e1e -> 
  custom:scripting/monoscript/fileName/FancyScrollRect.cs: 0cdf409b5aa8d4c25876d72b5c6a3b60 -> 
  custom:scripting/monoscript/fileName/ReorderableList.cs: 944c8e214787d07461c711b29546f976 -> 
  custom:scripting/monoscript/fileName/RadialLayout.cs: 170f31c5fdb54a9fe7ba926effdfd7d4 -> 
  custom:scripting/monoscript/fileName/ColorSlider.cs: a91d06b853e0bf2d5df3ea61a67d5c83 -> 
  custom:scripting/monoscript/fileName/IFancyGridViewContext.cs: be7addf49e5950ebb654fec55c2afa8b -> 
  custom:scripting/precompiled-assembly-types:UnityUIExtensions: c0991a7eaf90618746e467e9e018bd04 -> 
  custom:scripting/monoscript/fileName/CUIGraphic.cs: 4f47fad340418bff51fe6171e2259e7f -> 
  custom:scripting/monoscript/fileName/IFancyCellGroupContext.cs: 323b5f49cc2011b3d2d9088e528ed161 -> 
  custom:scripting/monoscript/fileName/MinMaxSlider.cs: e7d98a511e8b98df33f72f37935821e5 -> 
  custom:scripting/monoscript/fileName/ColorPickerTester.cs: 63b6c03c009a94721b9d41c8d5e5e6ed -> 
========================================================================
Received Prepare
Caller must complete domain reload
Begin MonoManager ReloadAssembly
- Loaded All Assemblies, in  0.566 seconds
Native extension for WindowsStandalone target not found
Native extension for WebGL target not found
Mono: successfully reloaded assembly
- Finished resetting the current domain, in  1.154 seconds
Domain Reload Profiling: 1720ms
	BeginReloadAssembly (182ms)
		ExecutionOrderSort (0ms)
		DisableScriptedObjects (13ms)
		BackupInstance (0ms)
		ReleaseScriptingObjects (0ms)
		CreateAndSetChildDomain (42ms)
	RebuildCommonClasses (36ms)
	RebuildNativeTypeToScriptingClass (12ms)
	initialDomainReloadingComplete (27ms)
	LoadAllAssembliesAndSetupDomain (308ms)
		LoadAssemblies (385ms)
		RebuildTransferFunctionScriptingTraits (0ms)
		AnalyzeDomain (19ms)
			TypeCache.Refresh (6ms)
				TypeCache.ScanAssembly (0ms)
			ScanForSourceGeneratedMonoScriptInfo (0ms)
			ResolveRequiredComponents (11ms)
	FinalizeReload (1155ms)
		ReleaseScriptCaches (0ms)
		RebuildScriptCaches (0ms)
		SetupLoadedEditorAssemblies (474ms)
			LogAssemblyErrors (0ms)
			InitializePlatformSupportModulesInManaged (6ms)
			SetLoadedEditorAssemblies (5ms)
			RefreshPlugins (0ms)
			BeforeProcessingInitializeOnLoad (75ms)
			ProcessInitializeOnLoadAttributes (348ms)
			ProcessInitializeOnLoadMethodAttributes (36ms)
			AfterProcessingInitializeOnLoad (3ms)
			EditorAssembliesLoaded (0ms)
		ExecutionOrderSort2 (0ms)
		AwakeInstancesAfterBackupRestoration (15ms)
Refreshing native plugins compatible for Editor in 8.66 ms, found 7 plugins.
Preloading 0 native plugins for Editor in 0.00 ms.
Unloading 4456 Unused Serialized files (Serialized files now loaded: 0)
Unloading 44 unused Assets / (0.7 MB). Loaded Objects now: 5271.
Memory consumption went from 158.3 MB to 157.6 MB.
Total: 4.580000 ms (FindLiveObjects: 0.639200 ms CreateObjectMapping: 0.147500 ms MarkObjects: 3.269700 ms  DeleteObjects: 0.521700 ms)

Prepare: number of updated asset objects reloaded= 0
AssetImportParameters requested are different than current active one (requested -> active):
  custom:scripting/monoscript/fileName/CardStack2D.cs: 52f7ac406c04f320c1cc31b32fc945ec -> 
  custom:scripting/monoscript/fileName/UILineRendererFIFO.cs: 1a840d7d842445f62c20beee85a5bbc5 -> 
  custom:scripting/monoscript/fileName/FlowLayoutGroup.cs: 4f8c51e99186127173631d5ea0b848a8 -> 
  custom:scripting/monoscript/fileName/UIParticleSystem.cs: 6cef203566a0c9333597e4e233613614 -> 
  custom:scripting/monoscript/fileName/UILineRenderer.cs: 673f1b621ab4781ac78770b1b3c45207 -> 
  custom:scripting/monoscript/fileName/TableLayoutGroup.cs: 9697d88a99d4c91003d206b86eed3a61 -> 
  custom:scripting/monoscript/fileName/Segment.cs: 823b994f6bbb6e32f73e9807948df6b3 -> 
  custom:container-demuxer-ogg: 62fdf1f143b41e24485cea50d1cbac27 -> 
  custom:scripting/monoscript/fileName/SelectionBox.cs: 9eabc2822607d24d284c5c0d720d4a01 -> 
  custom:scripting/monoscript/fileName/ReorderableListContent.cs: a630238339e5f198f723ac29a2329f6d -> 
  custom:scripting/monoscript/fileName/Menu.cs: d0a2652908e797d4064ef9b772450cc8 -> 
  custom:scripting/monoscript/fileName/SetPropertyUtility.cs: 02aade692758e5563210cc05829e9851 -> f604b4b9e6b0979bdfc1e2b40426dd19
  custom:scripting/monoscript/fileName/HSVUtil.cs: 2f204c7a89b046fae714aadbcda42851 -> 
  custom:scripting/monoscript/fileName/FancyCellGroup.cs: 90647cc400823b41df847a6cbfc29026 -> 
  custom:scripting/monoscript/fileName/RescaleDragPanel.cs: 428e5a10a21f2d3fc3805557487d591e -> 
  custom:scripting/monoscript/fileName/ExtensionsToggleGroup.cs: 93967f93faef61aecdca9232fa42b062 -> 
  custom:scripting/monoscript/fileName/ResizePanel.cs: 0a2d1269c62cba913a254b515f8b6020 -> 
  custom:scripting/monoscript/fileName/Circle.cs: cfc2369c92dd039be7c3f572f769fdcf -> 
  custom:scripting/monoscript/fileName/ShaderLibrary.cs: 7a09676978959734a6827051c965f749 -> 
  custom:scripting/monoscript/fileName/CurvedText.cs: c86aabacdca275700720e919fc8a8b52 -> 
  custom:scripting/monoscript/fileName/FancyScrollRectCell.cs: 0cdf409b5aa8d4c25876d72b5c6a3b60 -> 
  custom:scripting/monoscript/fileName/Gradient.cs: a4c2a5a25440c543cd82653fda832632 -> 
  custom:scripting/monoscript/fileName/ScrollSnapBase.cs: 3682088473625968e7b4647a6b4213f6 -> 
  custom:scripting/monoscript/fileName/CUIText.cs: 0be1a405bc9388e4813a74aad6018bec -> 
  custom:scripting/monoscript/fileName/BoundTooltipTrigger.cs: e78e2ee612ba85e075ab794a5cb95e73 -> 
  custom:scripting/monoscript/fileName/UIHighlightable.cs: fd305ad78204cb75a66ce809c3f50e6a -> 
  custom:video-codec-MediaFoundation-h265: 746d11721c4dcdbdad8f713fa42b33f4 -> 
  custom:scripting/monoscript/fileName/UIExtensionsInputManager.cs: 6f468ddae971c3bcce0288549c1beabd -> 
  custom:scripting/monoscript/fileName/Gradient2.cs: 9c1fd6257924e43a80b8fccb859d3828 -> 
  custom:scripting/monoscript/fileName/CooldownButton.cs: 72bd21b90ac71f29908a36179176f8fc -> 
  custom:video-decoder-ogg-theora: a1e56fd34408186e4bbccfd4996cb3dc -> 
  custom:scripting/monoscript/fileName/TileSizeFitter.cs: ba6326e335b6f177a627b992c444832c -> 
  custom:scripting/monoscript/fileName/SelectableScaler.cs: 3ebe175d64b38a572f8dbe8fd345f0c3 -> 
  custom:scripting/monoscript/fileName/AccordionElementEditor.cs: db5ee9b2cff22578a12a4d141614d665 -> 
  custom:scripting/monoscript/fileName/ExtensionsToggle.cs: e0b44aa7e1ff973d74b4857a34a48879 -> 
  custom:scripting/monoscript/fileName/ReorderableListElement.cs: 788a31431a1c95dc9a9a52767f8e812f -> 
  custom:scripting/monoscript/fileName/ShineEffector.cs: 52ed4eb6c7ed8f674a18d2a4db6eba86 -> 
  custom:scripting/monoscript/fileName/UISelectableExtension.cs: b6766007d8a2236e23d4749da2d8cdd2 -> 
  custom:framework-win-MediaFoundation: 216162199b28c13a410421893ffa2e32 -> 
  custom:scripting/monoscript/fileName/UISoftAdditiveEffect.cs: 30a825933c907dec19605ff2f58a292f -> 
  custom:scripting/monoscript/fileName/HexColorField.cs: 425eeca1ce4159bc649962b2337061a4 -> 
  custom:scripting/monoscript/fileName/ColorPickerControl.cs: 97231f899ae243cc634f34e048c22095 -> 
  custom:scripting/monoscript/fileName/ReorderableListDebug.cs: 51cf5a188c464deb681bea16cb795b61 -> 
  custom:scripting/monoscript/fileName/TextPic.cs: 9dbd7bc654cbf19eee33ac6fc452bfb1 -> 
  custom:scripting/monoscript/fileName/CUIImage.cs: 41f29f650aa507f802cd9793d91f3211 -> 
  custom:scripting/monoscript/fileName/DropDownListButton.cs: 71d533f2602e0e099d09a556ef8e4414 -> 
  custom:scripting/monoscript/fileName/ScrollSnap.cs: c5ae67ed5cc8c0ab1f7496803acc2648 -> 
  custom:scripting/monoscript/fileName/TextPicIconListCopier.cs: a564a2a474c019b98650cff2383ccfca -> 
  custom:scripting/monoscript/fileName/UICornerCut.cs: 69b0dfb485aa2b1afa65fcf30028125b -> 
  custom:scripting/monoscript/fileName/ScrollerEditor.cs: 478519b80ad2bc62d4a4b80ae078e694 -> 
  custom:scripting/monoscript/fileName/IBoxSelectable.cs: a5bf39a694cf2b84c65e7bec998d4941 -> 
  custom:scripting/monoscript/fileName/TiltWindow.cs: 7c3356d1b5bc9c6e9fe98345b0be7c30 -> 
  custom:scripting/monoscript/fileName/ExtensionMethods.cs: 943bd8dac5ce9467ce7deb0856dc6b0a -> 
  custom:scripting/monoscript/fileName/ComboBox.cs: a6ca48dde827ff07a9093f3624d58e62 -> 
  custom:scripting/monoscript/fileName/ScrollRectLinker.cs: 0316116e17d192ca2ef7c97539dff50f -> 
  custom:scripting/monoscript/fileName/SVBoxSlider.cs: 1d22c9c16d63e1cf38ad19bbcec9a0da -> 
  custom:scripting/monoscript/fileName/VerticalScrollSnap.cs: a7ebcf1fac8331e70ee01e540cbe484b -> 
  custom:scripting/monoscript/fileName/UILineConnector.cs: ea5f69a32957fe35ae7b512ef3f758ef -> 
  custom:scripting/monoscript/fileName/UIScreenEffect.cs: c36542c529d1f733362556ab22c18bf9 -> 
  custom:scripting/monoscript/fileName/SoftMaskScript.cs: 867049fb2647c9983fb1391409f93d30 -> 
  custom:scripting/monoscript/fileName/DiamondGraph.cs: a01b647a54847840428a395cc0d6fc16 -> 
  custom:scripting/monoscript/fileName/ScrollRectEx.cs: 3f6a881a34055e182fee3ab0baaee0c3 -> 
  custom:scripting/monoscript/fileName/UIGridRenderer.cs: 04c0062f4b7cdd6963fdba9ae03d9c72 -> 
  custom:scripting/monoscript/fileName/NicerOutline.cs: 571a7c7c4af4ebadc9fed23f0c3b0b46 -> 
  custom:CustomObjectIndexerAttribute: 9a22284fe3817be447336de3de66b15e -> 
  custom:scripting/monoscript/fileName/ScrollRectExtensions.cs: c76cb840404ffa9bc24248639e9da4ee -> 
  custom:scripting/monoscript/fileName/FancyGridViewContext.cs: 8738476657d4a33c34bc82bed7ce8bc9 -> 
  custom:scripting/monoscript/fileName/MinMaxValues.cs: 4aa11a61e640749f4ea5f947f86be5ba -> 
  custom:scripting/monoscript/fileName/CardExpanding3D.cs: d8b2b9924677ad2b445b05edbed7f0e3 -> 
  custom:scripting/monoscript/fileName/MinMaxSliderEditor.cs: e0496a7f76fc8934af2a763a7289ad36 -> 
  custom:scripting/monoscript/fileName/StepperSide.cs: 34d9a35c8c2622f327b140f18a7398a7 -> 
  custom:scripting/monoscript/fileName/CUIGraphicEditor.cs: a618262d3e77d462c5a0cd2e608e8a53 -> 
  custom:scripting/monoscript/fileName/DropDownList.cs: 3d51ab81e9571c9027b59874b2c78567 -> 
  custom:scripting/monoscript/fileName/ITweenValue.cs: 1d0eaa4b435fa135e18af6b5fa57e92e -> 
  custom:container-demuxer-webm: 4f35f7cbe854078d1ac9338744f61a02 -> 
  custom:scripting/monoscript/fileName/CardExpanding2D.cs: e0950b450275cb3936a581f286a6b471 -> 
  custom:scripting/monoscript/fileName/ResetSelectableHighlight.cs: 3ea63487fd77e7b22731770a86b4f8b9 -> 
  custom:scripting/monoscript/fileName/UIScrollToSelection.cs: d89fc8e36bdc19715e3104a5f857d175 -> 
  custom:scripting/monoscript/fileName/IScrollSnap.cs: 80b4110dac6695d630b8e7501d8e5aa8 -> 
  custom:scripting/monoscript/fileName/SegmentedControl.cs: 3a6e53207de58cf304ab520e0638e2df -> 
  custom:scripting/monoscript/fileName/ColorSampler.cs: 617678b91f4adc7b3146f51bed3fc4b1 -> 
  custom:scripting/monoscript/fileName/TabNavigationHelper.cs: 43f45dc623750048d2fbac24931c8ac8 -> 
  custom:scripting/monoscript/fileName/AutoCompleteComboBox.cs: 6e2e6cf33d4f5ca4ad3c05ff8f254467 -> 
  custom:scripting/monoscript/fileName/TextPicEditor.cs: c23216fe996c314d4c496ad837485981 -> 
  custom:scripting/monoscript/fileName/CUIMisc.cs: bc26c7f132f5cd28304cbc88070ca4dc -> 
  custom:scripting/monoscript/fileName/UIAdditiveEffect.cs: 50386f7d7d76f5c5e155dbf56c5e5fdd -> 
  custom:scripting/monoscript/fileName/MonoSpacing.cs: 45ba6bf376dd125375a8906a7d8b8b4b -> 
  custom:scripting/monoscript/fileName/FloatTween.cs: c51b551f6abec506d0db9945f7aa25cc -> 
  custom:scripting/monoscript/fileName/BoxSlider.cs: 662335e935a62641f6cb14e99e25e994 -> 
  custom:scripting/monoscript/fileName/BezierLineRendererEditor.cs: 2a50098be424d999e43b888ace13278c -> 
  custom:scripting/monoscript/fileName/NonDrawingGraphic.cs: a309796f6d67e4c1c110ec62b4572b4e -> 
  custom:scripting/monoscript/fileName/ScrollPositionController.cs: 30c392a65a277a4a74b1a6f1a3417601 -> 
  custom:scripting/monoscript/fileName/ContentScrollSnapHorizontal.cs: cb0bf043572062ce08b48904f46c98c8 -> 
  custom:scripting/monoscript/fileName/Triangulator.cs: 4ee9f09ca55767568ee94c9eaaed7244 -> d867a9a7a8385ef82ff357feb70c59d4
  custom:scripting/monoscript/fileName/UIImageCrop.cs: 1ec5d1f18ccf3bbe8ea319cda00ecfbc -> 
  custom:scripting/monoscript/fileName/BoxSliderEditor.cs: 9c680a5a338924fb176605eed0f68a75 -> 
  custom:scripting/monoscript/fileName/FancyScrollView.cs: c5f9c64ec4b4e183b17919204bc381a9 -> 
  custom:scripting/monoscript/fileName/BezierPath.cs: 90cbb6f823f7a03c69c93b3e1653c45e -> 
  custom:scripting/monoscript/fileName/SuperellipsePoints.cs: db2a1c9698f2dea478e1d6bfece554ae -> 
  custom:scripting/monoscript/fileName/UI_Knob.cs: 00244fb2be3e9e1f5ec3a07f175066a9 -> 
  custom:container-muxer-webm: aa71ff27fc2769a1b78a27578f13a17b -> 
  custom:scripting/monoscript/fileName/RaycastMask.cs: b13971e6a124c25b886c6703ae2aab24 -> 
  custom:scripting/monoscript/fileName/MultiTouchScrollRect.cs: 3a778993ea01435b2502c14ea2b2ff98 -> 
  custom:video-decoder-webm-vp8: 9c59270c3fd7afecdb556c50c9e8de78 -> 
  custom:scripting/monoscript/fileName/InputFieldEnterSubmit.cs: cdd5149b8afb8dc59ad57cc53ad8fb3b -> 
  custom:scripting/monoscript/fileName/ExampleSelectable.cs: 8dc7a8cd606154e7d10bb507e235c1f8 -> 
  custom:scripting/monoscript/fileName/uGUITools.cs: aa32797d8a9cdcd2167b6be114b0d5ec -> 
  custom:scripting/monoscript/fileName/UILinearDodgeEffect.cs: f5508d2f3f6addba614d4c08275f4546 -> 
  custom:SearchIndexIgnoredProperties: e643bd26f0fe6173181afceb89e7c659 -> 
  custom:scripting/monoscript/fileName/EasingCore.cs: 0bad7e894488e9b67256d892a478aab1 -> 
  custom:scripting/monoscript/fileName/Stepper.cs: 3ee1a56034750815f9c567b6c54fbbb8 -> 
  custom:scripting/monoscript/fileName/UIPrimitiveBase.cs: 80a945e915822efd5c887ee28f76aa9f -> 
  custom:AudioImporter_EditorPlatform: d09bf68614088b80899f8185d706f6e7 -> 
  custom:scripting/monoscript/fileName/LetterSpacing.cs: c4f4c504ac9c0b708c438c8a0faf6a96 -> 
  custom:scripting/monoscript/fileName/UISquircle.cs: faaa67841792f2c90a13db82841ac6e3 -> 
  custom:scripting/monoscript/fileName/RangeSlider.cs: 026cea0882c5bbc90f7cedc5111cfeb2 -> 
  custom:scripting/monoscript/fileName/UIExtensionMethods.cs: 2621bff24acfb4ddb3b264b7553588d8 -> 
  custom:scripting/monoscript/fileName/UIVerticalScroller.cs: 3532ae0d4ba5f6e2c310cfec2c655a8c -> 
  custom:scripting/monoscript/fileName/ColorLabel.cs: 9a2d62e5e8f65400e4abc881023f36f7 -> 
  custom:scripting/monoscript/fileName/TooltipTrigger.cs: 546a7d73bc42b9e6f1fd03a7e07d7f29 -> 
  custom:scripting/monoscript/fileName/UIMultiplyEffect.cs: 29b6f1f4d98d9b61292d829c0030af4b -> 
  custom:scripting/monoscript/fileName/CardPopup2D.cs: ac929914b8675b3ff1238ddb1cc99789 -> 
  custom:scripting/monoscript/fileName/ScrollSnapScrollbarHelper.cs: d6b043fd7048156ea2ef4da9da4a0a51 -> 
  custom:scripting/monoscript/fileName/HoverTooltip.cs: abdf0400bdf15bb8fdc0bc4d5ecc993f -> 
  custom:scripting/monoscript/fileName/ColorImage.cs: 87dea3e9bf43c94e295d4fa411046c66 -> 
  custom:scripting/monoscript/fileName/FancyScrollRectContext.cs: 9e5d4d8665c04a1190a3fc52908244b0 -> 
  custom:scripting/monoscript/fileName/TextPicIconEditor.cs: 1f41560011fcb93d03be374d10238c0c -> 
  custom:scripting/monoscript/fileName/UI_InfiniteScroll.cs: f7518bdb5ccbb5518282b9c860eef985 -> 
  custom:scripting/monoscript/fileName/UIExtensionsMenuOptions.cs: 25d3bc76bdcc7be45d732e8f064ec6a7 -> 
  custom:scripting/monoscript/fileName/ReadOnlyAttribute.cs: 604ae8fbc27d6402b88ac08f1987318f -> 
  custom:scripting/monoscript/fileName/UICircle.cs: e40253d6117a9fbea82cc285a7e8a36e -> 
  custom:scripting/monoscript/fileName/UIScrollToSelectionXY.cs: 8145d21a6ef6f8610242d2ba291595b9 -> 
  custom:scripting/monoscript/fileName/CUITextEditor.cs: 966cced0a631446b9484c2fe777a7f5b -> 
  custom:scripting/precompiled-assembly-types:UnityUIExtensions.editor: e002030e6fc012878af160bb334541ad -> 
  custom:scripting/monoscript/fileName/TweenRunner.cs: 90647cc400823b41df847a6cbfc29026 -> 
  custom:scripting/monoscript/fileName/UIHorizontalScroller.cs: 758f016ad67e22eff0f26468f408f006 -> 
  custom:scripting/monoscript/fileName/ReturnKeyTriggersButton.cs: 622f27a1a5fce3f8fe14f0fe6c6b39b5 -> 
  custom:scripting/monoscript/fileName/FancyGridViewCell.cs: 0cdf409b5aa8d4c25876d72b5c6a3b60 -> 
  custom:scripting/monoscript/fileName/Scroller.cs: 94938ad1cd7c20206a0339e3bd7f3330 -> 
  custom:scripting/monoscript/fileName/CylinderText.cs: 86c073c10ed890f8e108be86fb350e35 -> 
  custom:scripting/monoscript/fileName/ColorPickerPresets.cs: d20309ac183a87fd46c2e0a03ba5bdef -> 
  custom:scripting/monoscript/fileName/RadialSlider.cs: 24542b53b379116a4f98bb53a64e13b8 -> 
  custom:scripting/monoscript/fileName/PPIViewer.cs: 5269fbe050022d597b2ceba1b1d4cbae -> 
  custom:scripting/monoscript/fileName/InputFocus.cs: 6a5a3b184038cb5e7dbe4882c96bc91b -> 
  custom:scripting/monoscript/fileName/CUIBezierCurve.cs: 32214df0cb137de9f4967269deffb6f3 -> 
  custom:scripting/monoscript/fileName/DropDownListItem.cs: 91c61fd79335f34fb81e114553bf8888 -> 
  custom:scripting/monoscript/fileName/UIFlippable.cs: 9c843e180ea4b6afe9c1ba071336e124 -> 
  custom:scripting/monoscript/fileName/CanvasGroupActivator.cs: f743e9c6e47b0eb8c0b7b2fbf9f7de19 -> 
  custom:scripting/monoscript/fileName/UIWindowBase.cs: 776e605614a77fffd4e0147c8e684e94 -> 
  custom:video-encoder-webm-vp8: eb34c28f22e8b96e1ab97ce403110664 -> 
  custom:scripting/monoscript/fileName/ScrollPositionControllerEditor.cs: fb86570a90d8d5b779234b7f103e1b51 -> 
  custom:scripting/monoscript/fileName/CurvedLayout.cs: 46917779e317aa4a214ea430689de312 -> 
  custom:scripting/monoscript/fileName/ScrollConflictManager.cs: 1a474b2432b80a8b7211f13c79bb991c -> 
  custom:scripting/monoscript/fileName/ReadOnlyDrawer.cs: 1c0aa6472b8e40c24f66a5805d818994 -> 
  custom:audio-decoder-ogg-vorbis: bf7c407c2cedff20999df2af8eb42d56 -> 
  custom:scripting/monoscript/fileName/FancyGridView.cs: 849ed7f5b11c9db237ef61b01c5a5104 -> 
  custom:scripting/monoscript/fileName/CableCurve.cs: 1ed0592bfc80d3ca3db7b55e9a6e9d9a -> 
  custom:scripting/monoscript/fileName/PaginationManager.cs: b5c7a38e1c9bde92ca052679632bc9f1 -> 
  custom:scripting/monoscript/fileName/UILineTextureRenderer.cs: f3042185c83712ad42b2d6694b56f8d3 -> 
  custom:scripting/monoscript/fileName/MenuManager.cs: 8e71de17d45faf11b5ca3e63d3867170 -> 
  custom:scripting/monoscript/fileName/ColorPickerPresetsEditor.cs: 57bebb34d006d8305e8cd353ea00f28b -> 
  custom:scripting/monoscript/fileName/UI_MagneticInfiniteScroll.cs: 7f0db092e1c52c826e7ccbefe21fe7ce -> 
  custom:scripting/monoscript/fileName/ToolTip.cs: 2f05f936126a769ca9a98ef6920928a7 -> 
  custom:scripting/monoscript/fileName/TextPicRenameEditor.cs: b67a1588d964fe3ac177da9872e96689 -> 
  custom:scripting/monoscript/fileName/TestCompression.cs: 2a18178f72c1b3979b9006483863f20e -> 
  custom:scripting/monoscript/fileName/IFancyScrollRectContext.cs: 9c4dee0aef526d67eb0a668a1c9b910a -> 
  custom:scripting/monoscript/fileName/ColorChangedEvent.cs: bafb161b451089e6c72bcae877e0ba66 -> 
  custom:scripting/monoscript/fileName/BestFitOutline.cs: 2ec1c68346f5b721e3d92092cd60b278 -> 
  custom:scripting/monoscript/fileName/NonDrawingGraphicEditor.cs: 1e7abd1e1a4d3da38de70c6d38c19118 -> 
  custom:scripting/monoscript/fileName/HSVChangedEvent.cs: 8a0d7f505f4db7e267a03264293f54eb -> 
  custom:scripting/monoscript/fileName/CUIImageEditor.cs: 0be5a4365a8d65680f88c4d192e5254c -> 
  custom:scripting/monoscript/fileName/HorizontalScrollSnap.cs: 624447835d67a70d90ed2b7f69117316 -> 
  custom:scripting/monoscript/fileName/UI_TweenScale.cs: 50a18c41daf615d82dc37ef0e9dcea31 -> 
  custom:scripting/monoscript/fileName/BoundTooltipItem.cs: 12dc26af634677e40fd7840809357e6c -> 
  custom:scripting/monoscript/fileName/AccordionElement.cs: 69f1a7e537099cc57de9b6eaa86cef32 -> 
  custom:scripting/monoscript/fileName/UI_ScrollRectOcclusion.cs: 491f1c2592ac821eb8de9e533fddd4a9 -> 
  custom:scripting/monoscript/fileName/CUIBezierCurveEditor.cs: be4462c6de2387d5f99ef9d0e93b91ee -> 
  custom:scripting/monoscript/fileName/ColorSliderImage.cs: bbcbfbf23dc2f9fc5450db8f36b24487 -> 
  custom:scripting/monoscript/fileName/Accordion.cs: c31898dc7ffd6f7b32be5689419229bc -> 
  custom:scripting/monoscript/fileName/FancyCell.cs: 0cdf409b5aa8d4c25876d72b5c6a3b60 -> 
  custom:scripting/monoscript/fileName/ShineEffect.cs: 61d233269c4ea687efa548adef5d6e13 -> 
  custom:audio-encoder-webm-vorbis: bf7c407c2cedff20999df2af8eb42d56 -> 
  custom:scripting/monoscript/fileName/ScrollRectTweener.cs: 3437a8fb18bed84a45865e36e83e332f -> 
  custom:scripting/monoscript/fileName/MeshCreator.cs: a2506ad04bac2e5a6d6d50e0d7978d92 -> 
  custom:scripting/monoscript/fileName/UIPolygon.cs: ef7b3e02606f58c56a27e65db10bc7f3 -> 
  custom:scripting/monoscript/fileName/switchToRectTransform.cs: 0ef297259b7f2ab26defc1d718ad1e0a -> 
  custom:scripting/monoscript/fileName/UILineRendererList.cs: efbf4ff76c31aa3e4f61c8b26734d929 -> 
  custom:scripting/monoscript/fileName/CLZF2.cs: 40ef7bf6191a1a5e5b0f37e092e1b271 -> 
  custom:scripting/monoscript/fileName/SimpleMenu.cs: 90647cc400823b41df847a6cbfc29026 -> 
  custom:scripting/monoscript/fileName/RescalePanel.cs: a379a55181438e3b7a29019da8a3c82c -> 
  custom:scripting/monoscript/fileName/DragCorrector.cs: 89ab4a0369eecb75be2277a80a08c1e7 -> 
  custom:scripting/monoscript/fileName/RangeSliderEditor.cs: 1c09cdb4e75bc10f834bbae9a7b54e1e -> 
  custom:scripting/monoscript/fileName/FancyScrollRect.cs: 0cdf409b5aa8d4c25876d72b5c6a3b60 -> 
  custom:scripting/monoscript/fileName/ReorderableList.cs: 944c8e214787d07461c711b29546f976 -> 
  custom:scripting/monoscript/fileName/RadialLayout.cs: 170f31c5fdb54a9fe7ba926effdfd7d4 -> 
  custom:scripting/monoscript/fileName/ColorSlider.cs: a91d06b853e0bf2d5df3ea61a67d5c83 -> 
  custom:scripting/monoscript/fileName/IFancyGridViewContext.cs: be7addf49e5950ebb654fec55c2afa8b -> 
  custom:scripting/precompiled-assembly-types:UnityUIExtensions: c0991a7eaf90618746e467e9e018bd04 -> 
  custom:scripting/monoscript/fileName/CUIGraphic.cs: 4f47fad340418bff51fe6171e2259e7f -> 
  custom:scripting/monoscript/fileName/IFancyCellGroupContext.cs: 323b5f49cc2011b3d2d9088e528ed161 -> 
  custom:scripting/monoscript/fileName/MinMaxSlider.cs: e7d98a511e8b98df33f72f37935821e5 -> 
  custom:scripting/monoscript/fileName/ColorPickerTester.cs: 63b6c03c009a94721b9d41c8d5e5e6ed -> 
========================================================================
Received Prepare
Caller must complete domain reload
Begin MonoManager ReloadAssembly
- Loaded All Assemblies, in  0.524 seconds
Native extension for WindowsStandalone target not found
Native extension for WebGL target not found
Mono: successfully reloaded assembly
- Finished resetting the current domain, in  1.192 seconds
Domain Reload Profiling: 1716ms
	BeginReloadAssembly (167ms)
		ExecutionOrderSort (0ms)
		DisableScriptedObjects (13ms)
		BackupInstance (0ms)
		ReleaseScriptingObjects (0ms)
		CreateAndSetChildDomain (33ms)
	RebuildCommonClasses (38ms)
	RebuildNativeTypeToScriptingClass (12ms)
	initialDomainReloadingComplete (30ms)
	LoadAllAssembliesAndSetupDomain (276ms)
		LoadAssemblies (348ms)
		RebuildTransferFunctionScriptingTraits (0ms)
		AnalyzeDomain (18ms)
			TypeCache.Refresh (6ms)
				TypeCache.ScanAssembly (0ms)
			ScanForSourceGeneratedMonoScriptInfo (0ms)
			ResolveRequiredComponents (10ms)
	FinalizeReload (1193ms)
		ReleaseScriptCaches (0ms)
		RebuildScriptCaches (0ms)
		SetupLoadedEditorAssemblies (496ms)
			LogAssemblyErrors (0ms)
			InitializePlatformSupportModulesInManaged (9ms)
			SetLoadedEditorAssemblies (8ms)
			RefreshPlugins (0ms)
			BeforeProcessingInitializeOnLoad (97ms)
			ProcessInitializeOnLoadAttributes (343ms)
			ProcessInitializeOnLoadMethodAttributes (35ms)
			AfterProcessingInitializeOnLoad (3ms)
			EditorAssembliesLoaded (0ms)
		ExecutionOrderSort2 (0ms)
		AwakeInstancesAfterBackupRestoration (19ms)
Refreshing native plugins compatible for Editor in 11.54 ms, found 7 plugins.
Preloading 0 native plugins for Editor in 0.00 ms.
Unloading 4456 Unused Serialized files (Serialized files now loaded: 0)
Unloading 44 unused Assets / (0.7 MB). Loaded Objects now: 5275.
Memory consumption went from 158.4 MB to 157.7 MB.
Total: 8.779300 ms (FindLiveObjects: 0.792400 ms CreateObjectMapping: 0.682200 ms MarkObjects: 6.304200 ms  DeleteObjects: 0.997600 ms)

Prepare: number of updated asset objects reloaded= 0
AssetImportParameters requested are different than current active one (requested -> active):
  custom:scripting/monoscript/fileName/CardStack2D.cs: 52f7ac406c04f320c1cc31b32fc945ec -> 
  custom:scripting/monoscript/fileName/UILineRendererFIFO.cs: 1a840d7d842445f62c20beee85a5bbc5 -> 
  custom:scripting/monoscript/fileName/FlowLayoutGroup.cs: 4f8c51e99186127173631d5ea0b848a8 -> 
  custom:scripting/monoscript/fileName/UIParticleSystem.cs: 6cef203566a0c9333597e4e233613614 -> 
  custom:scripting/monoscript/fileName/UILineRenderer.cs: 673f1b621ab4781ac78770b1b3c45207 -> 
  custom:scripting/monoscript/fileName/TableLayoutGroup.cs: 9697d88a99d4c91003d206b86eed3a61 -> 
  custom:scripting/monoscript/fileName/Segment.cs: 823b994f6bbb6e32f73e9807948df6b3 -> 
  custom:container-demuxer-ogg: 62fdf1f143b41e24485cea50d1cbac27 -> 
  custom:scripting/monoscript/fileName/SelectionBox.cs: 9eabc2822607d24d284c5c0d720d4a01 -> 
  custom:scripting/monoscript/fileName/ReorderableListContent.cs: a630238339e5f198f723ac29a2329f6d -> 
  custom:scripting/monoscript/fileName/Menu.cs: d0a2652908e797d4064ef9b772450cc8 -> 
  custom:scripting/monoscript/fileName/SetPropertyUtility.cs: 02aade692758e5563210cc05829e9851 -> f604b4b9e6b0979bdfc1e2b40426dd19
  custom:scripting/monoscript/fileName/HSVUtil.cs: 2f204c7a89b046fae714aadbcda42851 -> 
  custom:scripting/monoscript/fileName/FancyCellGroup.cs: 90647cc400823b41df847a6cbfc29026 -> 
  custom:scripting/monoscript/fileName/RescaleDragPanel.cs: 428e5a10a21f2d3fc3805557487d591e -> 
  custom:scripting/monoscript/fileName/ExtensionsToggleGroup.cs: 93967f93faef61aecdca9232fa42b062 -> 
  custom:scripting/monoscript/fileName/ResizePanel.cs: 0a2d1269c62cba913a254b515f8b6020 -> 
  custom:scripting/monoscript/fileName/Circle.cs: cfc2369c92dd039be7c3f572f769fdcf -> 
  custom:scripting/monoscript/fileName/ShaderLibrary.cs: 7a09676978959734a6827051c965f749 -> 
  custom:scripting/monoscript/fileName/CurvedText.cs: c86aabacdca275700720e919fc8a8b52 -> 
  custom:scripting/monoscript/fileName/FancyScrollRectCell.cs: 0cdf409b5aa8d4c25876d72b5c6a3b60 -> 
  custom:scripting/monoscript/fileName/Gradient.cs: a4c2a5a25440c543cd82653fda832632 -> 
  custom:scripting/monoscript/fileName/ScrollSnapBase.cs: 3682088473625968e7b4647a6b4213f6 -> 
  custom:scripting/monoscript/fileName/CUIText.cs: 0be1a405bc9388e4813a74aad6018bec -> 
  custom:scripting/monoscript/fileName/BoundTooltipTrigger.cs: e78e2ee612ba85e075ab794a5cb95e73 -> 
  custom:scripting/monoscript/fileName/UIHighlightable.cs: fd305ad78204cb75a66ce809c3f50e6a -> 
  custom:video-codec-MediaFoundation-h265: 746d11721c4dcdbdad8f713fa42b33f4 -> 
  custom:scripting/monoscript/fileName/UIExtensionsInputManager.cs: 6f468ddae971c3bcce0288549c1beabd -> 
  custom:scripting/monoscript/fileName/Gradient2.cs: 9c1fd6257924e43a80b8fccb859d3828 -> 
  custom:scripting/monoscript/fileName/CooldownButton.cs: 72bd21b90ac71f29908a36179176f8fc -> 
  custom:video-decoder-ogg-theora: a1e56fd34408186e4bbccfd4996cb3dc -> 
  custom:scripting/monoscript/fileName/TileSizeFitter.cs: ba6326e335b6f177a627b992c444832c -> 
  custom:scripting/monoscript/fileName/SelectableScaler.cs: 3ebe175d64b38a572f8dbe8fd345f0c3 -> 
  custom:scripting/monoscript/fileName/AccordionElementEditor.cs: db5ee9b2cff22578a12a4d141614d665 -> 
  custom:scripting/monoscript/fileName/ExtensionsToggle.cs: e0b44aa7e1ff973d74b4857a34a48879 -> 
  custom:scripting/monoscript/fileName/ReorderableListElement.cs: 788a31431a1c95dc9a9a52767f8e812f -> 
  custom:scripting/monoscript/fileName/ShineEffector.cs: 52ed4eb6c7ed8f674a18d2a4db6eba86 -> 
  custom:scripting/monoscript/fileName/UISelectableExtension.cs: b6766007d8a2236e23d4749da2d8cdd2 -> 
  custom:framework-win-MediaFoundation: 216162199b28c13a410421893ffa2e32 -> 
  custom:scripting/monoscript/fileName/UISoftAdditiveEffect.cs: 30a825933c907dec19605ff2f58a292f -> 
  custom:scripting/monoscript/fileName/HexColorField.cs: 425eeca1ce4159bc649962b2337061a4 -> 
  custom:scripting/monoscript/fileName/ColorPickerControl.cs: 97231f899ae243cc634f34e048c22095 -> 
  custom:scripting/monoscript/fileName/ReorderableListDebug.cs: 51cf5a188c464deb681bea16cb795b61 -> 
  custom:scripting/monoscript/fileName/TextPic.cs: 9dbd7bc654cbf19eee33ac6fc452bfb1 -> 
  custom:scripting/monoscript/fileName/CUIImage.cs: 41f29f650aa507f802cd9793d91f3211 -> 
  custom:scripting/monoscript/fileName/DropDownListButton.cs: 71d533f2602e0e099d09a556ef8e4414 -> 
  custom:scripting/monoscript/fileName/ScrollSnap.cs: c5ae67ed5cc8c0ab1f7496803acc2648 -> 
  custom:scripting/monoscript/fileName/TextPicIconListCopier.cs: a564a2a474c019b98650cff2383ccfca -> 
  custom:scripting/monoscript/fileName/UICornerCut.cs: 69b0dfb485aa2b1afa65fcf30028125b -> 
  custom:scripting/monoscript/fileName/ScrollerEditor.cs: 478519b80ad2bc62d4a4b80ae078e694 -> 
  custom:scripting/monoscript/fileName/IBoxSelectable.cs: a5bf39a694cf2b84c65e7bec998d4941 -> 
  custom:scripting/monoscript/fileName/TiltWindow.cs: 7c3356d1b5bc9c6e9fe98345b0be7c30 -> 
  custom:scripting/monoscript/fileName/ExtensionMethods.cs: 943bd8dac5ce9467ce7deb0856dc6b0a -> 
  custom:scripting/monoscript/fileName/ComboBox.cs: a6ca48dde827ff07a9093f3624d58e62 -> 
  custom:scripting/monoscript/fileName/ScrollRectLinker.cs: 0316116e17d192ca2ef7c97539dff50f -> 
  custom:scripting/monoscript/fileName/SVBoxSlider.cs: 1d22c9c16d63e1cf38ad19bbcec9a0da -> 
  custom:scripting/monoscript/fileName/VerticalScrollSnap.cs: a7ebcf1fac8331e70ee01e540cbe484b -> 
  custom:scripting/monoscript/fileName/UILineConnector.cs: ea5f69a32957fe35ae7b512ef3f758ef -> 
  custom:scripting/monoscript/fileName/UIScreenEffect.cs: c36542c529d1f733362556ab22c18bf9 -> 
  custom:scripting/monoscript/fileName/SoftMaskScript.cs: 867049fb2647c9983fb1391409f93d30 -> 
  custom:scripting/monoscript/fileName/DiamondGraph.cs: a01b647a54847840428a395cc0d6fc16 -> 
  custom:scripting/monoscript/fileName/ScrollRectEx.cs: 3f6a881a34055e182fee3ab0baaee0c3 -> 
  custom:scripting/monoscript/fileName/UIGridRenderer.cs: 04c0062f4b7cdd6963fdba9ae03d9c72 -> 
  custom:scripting/monoscript/fileName/NicerOutline.cs: 571a7c7c4af4ebadc9fed23f0c3b0b46 -> 
  custom:CustomObjectIndexerAttribute: 9a22284fe3817be447336de3de66b15e -> 
  custom:scripting/monoscript/fileName/ScrollRectExtensions.cs: c76cb840404ffa9bc24248639e9da4ee -> 
  custom:scripting/monoscript/fileName/FancyGridViewContext.cs: 8738476657d4a33c34bc82bed7ce8bc9 -> 
  custom:scripting/monoscript/fileName/MinMaxValues.cs: 4aa11a61e640749f4ea5f947f86be5ba -> 
  custom:scripting/monoscript/fileName/CardExpanding3D.cs: d8b2b9924677ad2b445b05edbed7f0e3 -> 
  custom:scripting/monoscript/fileName/MinMaxSliderEditor.cs: e0496a7f76fc8934af2a763a7289ad36 -> 
  custom:scripting/monoscript/fileName/StepperSide.cs: 34d9a35c8c2622f327b140f18a7398a7 -> 
  custom:scripting/monoscript/fileName/CUIGraphicEditor.cs: a618262d3e77d462c5a0cd2e608e8a53 -> 
  custom:scripting/monoscript/fileName/DropDownList.cs: 3d51ab81e9571c9027b59874b2c78567 -> 
  custom:scripting/monoscript/fileName/ITweenValue.cs: 1d0eaa4b435fa135e18af6b5fa57e92e -> 
  custom:container-demuxer-webm: 4f35f7cbe854078d1ac9338744f61a02 -> 
  custom:scripting/monoscript/fileName/CardExpanding2D.cs: e0950b450275cb3936a581f286a6b471 -> 
  custom:scripting/monoscript/fileName/ResetSelectableHighlight.cs: 3ea63487fd77e7b22731770a86b4f8b9 -> 
  custom:scripting/monoscript/fileName/UIScrollToSelection.cs: d89fc8e36bdc19715e3104a5f857d175 -> 
  custom:scripting/monoscript/fileName/IScrollSnap.cs: 80b4110dac6695d630b8e7501d8e5aa8 -> 
  custom:scripting/monoscript/fileName/SegmentedControl.cs: 3a6e53207de58cf304ab520e0638e2df -> 
  custom:scripting/monoscript/fileName/ColorSampler.cs: 617678b91f4adc7b3146f51bed3fc4b1 -> 
  custom:scripting/monoscript/fileName/TabNavigationHelper.cs: 43f45dc623750048d2fbac24931c8ac8 -> 
  custom:scripting/monoscript/fileName/AutoCompleteComboBox.cs: 6e2e6cf33d4f5ca4ad3c05ff8f254467 -> 
  custom:scripting/monoscript/fileName/TextPicEditor.cs: c23216fe996c314d4c496ad837485981 -> 
  custom:scripting/monoscript/fileName/CUIMisc.cs: bc26c7f132f5cd28304cbc88070ca4dc -> 
  custom:scripting/monoscript/fileName/UIAdditiveEffect.cs: 50386f7d7d76f5c5e155dbf56c5e5fdd -> 
  custom:scripting/monoscript/fileName/MonoSpacing.cs: 45ba6bf376dd125375a8906a7d8b8b4b -> 
  custom:scripting/monoscript/fileName/FloatTween.cs: c51b551f6abec506d0db9945f7aa25cc -> 
  custom:scripting/monoscript/fileName/BoxSlider.cs: 662335e935a62641f6cb14e99e25e994 -> 
  custom:scripting/monoscript/fileName/BezierLineRendererEditor.cs: 2a50098be424d999e43b888ace13278c -> 
  custom:scripting/monoscript/fileName/NonDrawingGraphic.cs: a309796f6d67e4c1c110ec62b4572b4e -> 
  custom:scripting/monoscript/fileName/ScrollPositionController.cs: 30c392a65a277a4a74b1a6f1a3417601 -> 
  custom:scripting/monoscript/fileName/ContentScrollSnapHorizontal.cs: cb0bf043572062ce08b48904f46c98c8 -> 
  custom:scripting/monoscript/fileName/Triangulator.cs: 4ee9f09ca55767568ee94c9eaaed7244 -> d867a9a7a8385ef82ff357feb70c59d4
  custom:scripting/monoscript/fileName/UIImageCrop.cs: 1ec5d1f18ccf3bbe8ea319cda00ecfbc -> 
  custom:scripting/monoscript/fileName/BoxSliderEditor.cs: 9c680a5a338924fb176605eed0f68a75 -> 
  custom:scripting/monoscript/fileName/FancyScrollView.cs: c5f9c64ec4b4e183b17919204bc381a9 -> 
  custom:scripting/monoscript/fileName/BezierPath.cs: 90cbb6f823f7a03c69c93b3e1653c45e -> 
  custom:scripting/monoscript/fileName/SuperellipsePoints.cs: db2a1c9698f2dea478e1d6bfece554ae -> 
  custom:scripting/monoscript/fileName/UI_Knob.cs: 00244fb2be3e9e1f5ec3a07f175066a9 -> 
  custom:container-muxer-webm: aa71ff27fc2769a1b78a27578f13a17b -> 
  custom:scripting/monoscript/fileName/RaycastMask.cs: b13971e6a124c25b886c6703ae2aab24 -> 
  custom:scripting/monoscript/fileName/MultiTouchScrollRect.cs: 3a778993ea01435b2502c14ea2b2ff98 -> 
  custom:video-decoder-webm-vp8: 9c59270c3fd7afecdb556c50c9e8de78 -> 
  custom:scripting/monoscript/fileName/InputFieldEnterSubmit.cs: cdd5149b8afb8dc59ad57cc53ad8fb3b -> 
  custom:scripting/monoscript/fileName/ExampleSelectable.cs: 8dc7a8cd606154e7d10bb507e235c1f8 -> 
  custom:scripting/monoscript/fileName/uGUITools.cs: aa32797d8a9cdcd2167b6be114b0d5ec -> 
  custom:scripting/monoscript/fileName/UILinearDodgeEffect.cs: f5508d2f3f6addba614d4c08275f4546 -> 
  custom:SearchIndexIgnoredProperties: e643bd26f0fe6173181afceb89e7c659 -> 
  custom:scripting/monoscript/fileName/EasingCore.cs: 0bad7e894488e9b67256d892a478aab1 -> 
  custom:scripting/monoscript/fileName/Stepper.cs: 3ee1a56034750815f9c567b6c54fbbb8 -> 
  custom:scripting/monoscript/fileName/UIPrimitiveBase.cs: 80a945e915822efd5c887ee28f76aa9f -> 
  custom:AudioImporter_EditorPlatform: d09bf68614088b80899f8185d706f6e7 -> 
  custom:scripting/monoscript/fileName/LetterSpacing.cs: c4f4c504ac9c0b708c438c8a0faf6a96 -> 
  custom:scripting/monoscript/fileName/UISquircle.cs: faaa67841792f2c90a13db82841ac6e3 -> 
  custom:scripting/monoscript/fileName/RangeSlider.cs: 026cea0882c5bbc90f7cedc5111cfeb2 -> 
  custom:scripting/monoscript/fileName/UIExtensionMethods.cs: 2621bff24acfb4ddb3b264b7553588d8 -> 
  custom:scripting/monoscript/fileName/UIVerticalScroller.cs: 3532ae0d4ba5f6e2c310cfec2c655a8c -> 
  custom:scripting/monoscript/fileName/ColorLabel.cs: 9a2d62e5e8f65400e4abc881023f36f7 -> 
  custom:scripting/monoscript/fileName/TooltipTrigger.cs: 546a7d73bc42b9e6f1fd03a7e07d7f29 -> 
  custom:scripting/monoscript/fileName/UIMultiplyEffect.cs: 29b6f1f4d98d9b61292d829c0030af4b -> 
  custom:scripting/monoscript/fileName/CardPopup2D.cs: ac929914b8675b3ff1238ddb1cc99789 -> 
  custom:scripting/monoscript/fileName/ScrollSnapScrollbarHelper.cs: d6b043fd7048156ea2ef4da9da4a0a51 -> 
  custom:scripting/monoscript/fileName/HoverTooltip.cs: abdf0400bdf15bb8fdc0bc4d5ecc993f -> 
  custom:scripting/monoscript/fileName/ColorImage.cs: 87dea3e9bf43c94e295d4fa411046c66 -> 
  custom:scripting/monoscript/fileName/FancyScrollRectContext.cs: 9e5d4d8665c04a1190a3fc52908244b0 -> 
  custom:scripting/monoscript/fileName/TextPicIconEditor.cs: 1f41560011fcb93d03be374d10238c0c -> 
  custom:scripting/monoscript/fileName/UI_InfiniteScroll.cs: f7518bdb5ccbb5518282b9c860eef985 -> 
  custom:scripting/monoscript/fileName/UIExtensionsMenuOptions.cs: 25d3bc76bdcc7be45d732e8f064ec6a7 -> 
  custom:scripting/monoscript/fileName/ReadOnlyAttribute.cs: 604ae8fbc27d6402b88ac08f1987318f -> 
  custom:scripting/monoscript/fileName/UICircle.cs: e40253d6117a9fbea82cc285a7e8a36e -> 
  custom:scripting/monoscript/fileName/UIScrollToSelectionXY.cs: 8145d21a6ef6f8610242d2ba291595b9 -> 
  custom:scripting/monoscript/fileName/CUITextEditor.cs: 966cced0a631446b9484c2fe777a7f5b -> 
  custom:scripting/precompiled-assembly-types:UnityUIExtensions.editor: e002030e6fc012878af160bb334541ad -> 
  custom:scripting/monoscript/fileName/TweenRunner.cs: 90647cc400823b41df847a6cbfc29026 -> 
  custom:scripting/monoscript/fileName/UIHorizontalScroller.cs: 758f016ad67e22eff0f26468f408f006 -> 
  custom:scripting/monoscript/fileName/ReturnKeyTriggersButton.cs: 622f27a1a5fce3f8fe14f0fe6c6b39b5 -> 
  custom:scripting/monoscript/fileName/FancyGridViewCell.cs: 0cdf409b5aa8d4c25876d72b5c6a3b60 -> 
  custom:scripting/monoscript/fileName/Scroller.cs: 94938ad1cd7c20206a0339e3bd7f3330 -> 
  custom:scripting/monoscript/fileName/CylinderText.cs: 86c073c10ed890f8e108be86fb350e35 -> 
  custom:scripting/monoscript/fileName/ColorPickerPresets.cs: d20309ac183a87fd46c2e0a03ba5bdef -> 
  custom:scripting/monoscript/fileName/RadialSlider.cs: 24542b53b379116a4f98bb53a64e13b8 -> 
  custom:scripting/monoscript/fileName/PPIViewer.cs: 5269fbe050022d597b2ceba1b1d4cbae -> 
  custom:scripting/monoscript/fileName/InputFocus.cs: 6a5a3b184038cb5e7dbe4882c96bc91b -> 
  custom:scripting/monoscript/fileName/CUIBezierCurve.cs: 32214df0cb137de9f4967269deffb6f3 -> 
  custom:scripting/monoscript/fileName/DropDownListItem.cs: 91c61fd79335f34fb81e114553bf8888 -> 
  custom:scripting/monoscript/fileName/UIFlippable.cs: 9c843e180ea4b6afe9c1ba071336e124 -> 
  custom:scripting/monoscript/fileName/CanvasGroupActivator.cs: f743e9c6e47b0eb8c0b7b2fbf9f7de19 -> 
  custom:scripting/monoscript/fileName/UIWindowBase.cs: 776e605614a77fffd4e0147c8e684e94 -> 
  custom:video-encoder-webm-vp8: eb34c28f22e8b96e1ab97ce403110664 -> 
  custom:scripting/monoscript/fileName/ScrollPositionControllerEditor.cs: fb86570a90d8d5b779234b7f103e1b51 -> 
  custom:scripting/monoscript/fileName/CurvedLayout.cs: 46917779e317aa4a214ea430689de312 -> 
  custom:scripting/monoscript/fileName/ScrollConflictManager.cs: 1a474b2432b80a8b7211f13c79bb991c -> 
  custom:scripting/monoscript/fileName/ReadOnlyDrawer.cs: 1c0aa6472b8e40c24f66a5805d818994 -> 
  custom:audio-decoder-ogg-vorbis: bf7c407c2cedff20999df2af8eb42d56 -> 
  custom:scripting/monoscript/fileName/FancyGridView.cs: 849ed7f5b11c9db237ef61b01c5a5104 -> 
  custom:scripting/monoscript/fileName/CableCurve.cs: 1ed0592bfc80d3ca3db7b55e9a6e9d9a -> 
  custom:scripting/monoscript/fileName/PaginationManager.cs: b5c7a38e1c9bde92ca052679632bc9f1 -> 
  custom:scripting/monoscript/fileName/UILineTextureRenderer.cs: f3042185c83712ad42b2d6694b56f8d3 -> 
  custom:scripting/monoscript/fileName/MenuManager.cs: 8e71de17d45faf11b5ca3e63d3867170 -> 
  custom:scripting/monoscript/fileName/ColorPickerPresetsEditor.cs: 57bebb34d006d8305e8cd353ea00f28b -> 
  custom:scripting/monoscript/fileName/UI_MagneticInfiniteScroll.cs: 7f0db092e1c52c826e7ccbefe21fe7ce -> 
  custom:scripting/monoscript/fileName/ToolTip.cs: 2f05f936126a769ca9a98ef6920928a7 -> 
  custom:scripting/monoscript/fileName/TextPicRenameEditor.cs: b67a1588d964fe3ac177da9872e96689 -> 
  custom:scripting/monoscript/fileName/TestCompression.cs: 2a18178f72c1b3979b9006483863f20e -> 
  custom:scripting/monoscript/fileName/IFancyScrollRectContext.cs: 9c4dee0aef526d67eb0a668a1c9b910a -> 
  custom:scripting/monoscript/fileName/ColorChangedEvent.cs: bafb161b451089e6c72bcae877e0ba66 -> 
  custom:scripting/monoscript/fileName/BestFitOutline.cs: 2ec1c68346f5b721e3d92092cd60b278 -> 
  custom:scripting/monoscript/fileName/NonDrawingGraphicEditor.cs: 1e7abd1e1a4d3da38de70c6d38c19118 -> 
  custom:scripting/monoscript/fileName/HSVChangedEvent.cs: 8a0d7f505f4db7e267a03264293f54eb -> 
  custom:scripting/monoscript/fileName/CUIImageEditor.cs: 0be5a4365a8d65680f88c4d192e5254c -> 
  custom:scripting/monoscript/fileName/HorizontalScrollSnap.cs: 624447835d67a70d90ed2b7f69117316 -> 
  custom:scripting/monoscript/fileName/UI_TweenScale.cs: 50a18c41daf615d82dc37ef0e9dcea31 -> 
  custom:scripting/monoscript/fileName/BoundTooltipItem.cs: 12dc26af634677e40fd7840809357e6c -> 
  custom:scripting/monoscript/fileName/AccordionElement.cs: 69f1a7e537099cc57de9b6eaa86cef32 -> 
  custom:scripting/monoscript/fileName/UI_ScrollRectOcclusion.cs: 491f1c2592ac821eb8de9e533fddd4a9 -> 
  custom:scripting/monoscript/fileName/CUIBezierCurveEditor.cs: be4462c6de2387d5f99ef9d0e93b91ee -> 
  custom:scripting/monoscript/fileName/ColorSliderImage.cs: bbcbfbf23dc2f9fc5450db8f36b24487 -> 
  custom:scripting/monoscript/fileName/Accordion.cs: c31898dc7ffd6f7b32be5689419229bc -> 
  custom:scripting/monoscript/fileName/FancyCell.cs: 0cdf409b5aa8d4c25876d72b5c6a3b60 -> 
  custom:scripting/monoscript/fileName/ShineEffect.cs: 61d233269c4ea687efa548adef5d6e13 -> 
  custom:audio-encoder-webm-vorbis: bf7c407c2cedff20999df2af8eb42d56 -> 
  custom:scripting/monoscript/fileName/ScrollRectTweener.cs: 3437a8fb18bed84a45865e36e83e332f -> 
  custom:scripting/monoscript/fileName/MeshCreator.cs: a2506ad04bac2e5a6d6d50e0d7978d92 -> 
  custom:scripting/monoscript/fileName/UIPolygon.cs: ef7b3e02606f58c56a27e65db10bc7f3 -> 
  custom:scripting/monoscript/fileName/switchToRectTransform.cs: 0ef297259b7f2ab26defc1d718ad1e0a -> 
  custom:scripting/monoscript/fileName/UILineRendererList.cs: efbf4ff76c31aa3e4f61c8b26734d929 -> 
  custom:scripting/monoscript/fileName/CLZF2.cs: 40ef7bf6191a1a5e5b0f37e092e1b271 -> 
  custom:scripting/monoscript/fileName/SimpleMenu.cs: 90647cc400823b41df847a6cbfc29026 -> 
  custom:scripting/monoscript/fileName/RescalePanel.cs: a379a55181438e3b7a29019da8a3c82c -> 
  custom:scripting/monoscript/fileName/DragCorrector.cs: 89ab4a0369eecb75be2277a80a08c1e7 -> 
  custom:scripting/monoscript/fileName/RangeSliderEditor.cs: 1c09cdb4e75bc10f834bbae9a7b54e1e -> 
  custom:scripting/monoscript/fileName/FancyScrollRect.cs: 0cdf409b5aa8d4c25876d72b5c6a3b60 -> 
  custom:scripting/monoscript/fileName/ReorderableList.cs: 944c8e214787d07461c711b29546f976 -> 
  custom:scripting/monoscript/fileName/RadialLayout.cs: 170f31c5fdb54a9fe7ba926effdfd7d4 -> 
  custom:scripting/monoscript/fileName/ColorSlider.cs: a91d06b853e0bf2d5df3ea61a67d5c83 -> 
  custom:scripting/monoscript/fileName/IFancyGridViewContext.cs: be7addf49e5950ebb654fec55c2afa8b -> 
  custom:scripting/precompiled-assembly-types:UnityUIExtensions: c0991a7eaf90618746e467e9e018bd04 -> 
  custom:scripting/monoscript/fileName/CUIGraphic.cs: 4f47fad340418bff51fe6171e2259e7f -> 
  custom:scripting/monoscript/fileName/IFancyCellGroupContext.cs: 323b5f49cc2011b3d2d9088e528ed161 -> 
  custom:scripting/monoscript/fileName/MinMaxSlider.cs: e7d98a511e8b98df33f72f37935821e5 -> 
  custom:scripting/monoscript/fileName/ColorPickerTester.cs: 63b6c03c009a94721b9d41c8d5e5e6ed -> 
========================================================================
Received Prepare
Caller must complete domain reload
Begin MonoManager ReloadAssembly
- Loaded All Assemblies, in  0.519 seconds
Native extension for WindowsStandalone target not found
Native extension for WebGL target not found
Mono: successfully reloaded assembly
- Finished resetting the current domain, in  1.119 seconds
Domain Reload Profiling: 1637ms
	BeginReloadAssembly (167ms)
		ExecutionOrderSort (0ms)
		DisableScriptedObjects (14ms)
		BackupInstance (0ms)
		ReleaseScriptingObjects (0ms)
		CreateAndSetChildDomain (34ms)
	RebuildCommonClasses (35ms)
	RebuildNativeTypeToScriptingClass (12ms)
	initialDomainReloadingComplete (31ms)
	LoadAllAssembliesAndSetupDomain (273ms)
		LoadAssemblies (343ms)
		RebuildTransferFunctionScriptingTraits (0ms)
		AnalyzeDomain (19ms)
			TypeCache.Refresh (6ms)
				TypeCache.ScanAssembly (0ms)
			ScanForSourceGeneratedMonoScriptInfo (0ms)
			ResolveRequiredComponents (12ms)
	FinalizeReload (1120ms)
		ReleaseScriptCaches (0ms)
		RebuildScriptCaches (0ms)
		SetupLoadedEditorAssemblies (478ms)
			LogAssemblyErrors (0ms)
			InitializePlatformSupportModulesInManaged (6ms)
			SetLoadedEditorAssemblies (6ms)
			RefreshPlugins (0ms)
			BeforeProcessingInitializeOnLoad (78ms)
			ProcessInitializeOnLoadAttributes (349ms)
			ProcessInitializeOnLoadMethodAttributes (36ms)
			AfterProcessingInitializeOnLoad (3ms)
			EditorAssembliesLoaded (0ms)
		ExecutionOrderSort2 (0ms)
		AwakeInstancesAfterBackupRestoration (16ms)
Refreshing native plugins compatible for Editor in 8.63 ms, found 7 plugins.
Preloading 0 native plugins for Editor in 0.00 ms.
Unloading 4456 Unused Serialized files (Serialized files now loaded: 0)
Unloading 44 unused Assets / (0.7 MB). Loaded Objects now: 5279.
Memory consumption went from 158.4 MB to 157.7 MB.
Total: 8.606800 ms (FindLiveObjects: 0.896100 ms CreateObjectMapping: 0.668300 ms MarkObjects: 5.962000 ms  DeleteObjects: 1.077700 ms)

Prepare: number of updated asset objects reloaded= 0
AssetImportParameters requested are different than current active one (requested -> active):
  custom:scripting/monoscript/fileName/CardStack2D.cs: 52f7ac406c04f320c1cc31b32fc945ec -> 
  custom:scripting/monoscript/fileName/UILineRendererFIFO.cs: 1a840d7d842445f62c20beee85a5bbc5 -> 
  custom:scripting/monoscript/fileName/FlowLayoutGroup.cs: 4f8c51e99186127173631d5ea0b848a8 -> 
  custom:scripting/monoscript/fileName/UIParticleSystem.cs: 6cef203566a0c9333597e4e233613614 -> 
  custom:scripting/monoscript/fileName/UILineRenderer.cs: 673f1b621ab4781ac78770b1b3c45207 -> 
  custom:scripting/monoscript/fileName/TableLayoutGroup.cs: 9697d88a99d4c91003d206b86eed3a61 -> 
  custom:scripting/monoscript/fileName/Segment.cs: 823b994f6bbb6e32f73e9807948df6b3 -> 
  custom:container-demuxer-ogg: 62fdf1f143b41e24485cea50d1cbac27 -> 
  custom:scripting/monoscript/fileName/SelectionBox.cs: 9eabc2822607d24d284c5c0d720d4a01 -> 
  custom:scripting/monoscript/fileName/ReorderableListContent.cs: a630238339e5f198f723ac29a2329f6d -> 
  custom:scripting/monoscript/fileName/Menu.cs: d0a2652908e797d4064ef9b772450cc8 -> 
  custom:scripting/monoscript/fileName/SetPropertyUtility.cs: 02aade692758e5563210cc05829e9851 -> f604b4b9e6b0979bdfc1e2b40426dd19
  custom:scripting/monoscript/fileName/HSVUtil.cs: 2f204c7a89b046fae714aadbcda42851 -> 
  custom:scripting/monoscript/fileName/FancyCellGroup.cs: 90647cc400823b41df847a6cbfc29026 -> 
  custom:scripting/monoscript/fileName/RescaleDragPanel.cs: 428e5a10a21f2d3fc3805557487d591e -> 
  custom:scripting/monoscript/fileName/ExtensionsToggleGroup.cs: 93967f93faef61aecdca9232fa42b062 -> 
  custom:scripting/monoscript/fileName/ResizePanel.cs: 0a2d1269c62cba913a254b515f8b6020 -> 
  custom:scripting/monoscript/fileName/Circle.cs: cfc2369c92dd039be7c3f572f769fdcf -> 
  custom:scripting/monoscript/fileName/ShaderLibrary.cs: 7a09676978959734a6827051c965f749 -> 
  custom:scripting/monoscript/fileName/CurvedText.cs: c86aabacdca275700720e919fc8a8b52 -> 
  custom:scripting/monoscript/fileName/FancyScrollRectCell.cs: 0cdf409b5aa8d4c25876d72b5c6a3b60 -> 
  custom:scripting/monoscript/fileName/Gradient.cs: a4c2a5a25440c543cd82653fda832632 -> 
  custom:scripting/monoscript/fileName/ScrollSnapBase.cs: 3682088473625968e7b4647a6b4213f6 -> 
  custom:scripting/monoscript/fileName/CUIText.cs: 0be1a405bc9388e4813a74aad6018bec -> 
  custom:scripting/monoscript/fileName/BoundTooltipTrigger.cs: e78e2ee612ba85e075ab794a5cb95e73 -> 
  custom:scripting/monoscript/fileName/UIHighlightable.cs: fd305ad78204cb75a66ce809c3f50e6a -> 
  custom:video-codec-MediaFoundation-h265: 746d11721c4dcdbdad8f713fa42b33f4 -> 
  custom:scripting/monoscript/fileName/UIExtensionsInputManager.cs: 6f468ddae971c3bcce0288549c1beabd -> 
  custom:scripting/monoscript/fileName/Gradient2.cs: 9c1fd6257924e43a80b8fccb859d3828 -> 
  custom:scripting/monoscript/fileName/CooldownButton.cs: 72bd21b90ac71f29908a36179176f8fc -> 
  custom:video-decoder-ogg-theora: a1e56fd34408186e4bbccfd4996cb3dc -> 
  custom:scripting/monoscript/fileName/TileSizeFitter.cs: ba6326e335b6f177a627b992c444832c -> 
  custom:scripting/monoscript/fileName/SelectableScaler.cs: 3ebe175d64b38a572f8dbe8fd345f0c3 -> 
  custom:scripting/monoscript/fileName/AccordionElementEditor.cs: db5ee9b2cff22578a12a4d141614d665 -> 
  custom:scripting/monoscript/fileName/ExtensionsToggle.cs: e0b44aa7e1ff973d74b4857a34a48879 -> 
  custom:scripting/monoscript/fileName/ReorderableListElement.cs: 788a31431a1c95dc9a9a52767f8e812f -> 
  custom:scripting/monoscript/fileName/ShineEffector.cs: 52ed4eb6c7ed8f674a18d2a4db6eba86 -> 
  custom:scripting/monoscript/fileName/UISelectableExtension.cs: b6766007d8a2236e23d4749da2d8cdd2 -> 
  custom:framework-win-MediaFoundation: 216162199b28c13a410421893ffa2e32 -> 
  custom:scripting/monoscript/fileName/UISoftAdditiveEffect.cs: 30a825933c907dec19605ff2f58a292f -> 
  custom:scripting/monoscript/fileName/HexColorField.cs: 425eeca1ce4159bc649962b2337061a4 -> 
  custom:scripting/monoscript/fileName/ColorPickerControl.cs: 97231f899ae243cc634f34e048c22095 -> 
  custom:scripting/monoscript/fileName/ReorderableListDebug.cs: 51cf5a188c464deb681bea16cb795b61 -> 
  custom:scripting/monoscript/fileName/TextPic.cs: 9dbd7bc654cbf19eee33ac6fc452bfb1 -> 
  custom:scripting/monoscript/fileName/CUIImage.cs: 41f29f650aa507f802cd9793d91f3211 -> 
  custom:scripting/monoscript/fileName/DropDownListButton.cs: 71d533f2602e0e099d09a556ef8e4414 -> 
  custom:scripting/monoscript/fileName/ScrollSnap.cs: c5ae67ed5cc8c0ab1f7496803acc2648 -> 
  custom:scripting/monoscript/fileName/TextPicIconListCopier.cs: a564a2a474c019b98650cff2383ccfca -> 
  custom:scripting/monoscript/fileName/UICornerCut.cs: 69b0dfb485aa2b1afa65fcf30028125b -> 
  custom:scripting/monoscript/fileName/ScrollerEditor.cs: 478519b80ad2bc62d4a4b80ae078e694 -> 
  custom:scripting/monoscript/fileName/IBoxSelectable.cs: a5bf39a694cf2b84c65e7bec998d4941 -> 
  custom:scripting/monoscript/fileName/TiltWindow.cs: 7c3356d1b5bc9c6e9fe98345b0be7c30 -> 
  custom:scripting/monoscript/fileName/ExtensionMethods.cs: 943bd8dac5ce9467ce7deb0856dc6b0a -> 
  custom:scripting/monoscript/fileName/ComboBox.cs: a6ca48dde827ff07a9093f3624d58e62 -> 
  custom:scripting/monoscript/fileName/ScrollRectLinker.cs: 0316116e17d192ca2ef7c97539dff50f -> 
  custom:scripting/monoscript/fileName/SVBoxSlider.cs: 1d22c9c16d63e1cf38ad19bbcec9a0da -> 
  custom:scripting/monoscript/fileName/VerticalScrollSnap.cs: a7ebcf1fac8331e70ee01e540cbe484b -> 
  custom:scripting/monoscript/fileName/UILineConnector.cs: ea5f69a32957fe35ae7b512ef3f758ef -> 
  custom:scripting/monoscript/fileName/UIScreenEffect.cs: c36542c529d1f733362556ab22c18bf9 -> 
  custom:scripting/monoscript/fileName/SoftMaskScript.cs: 867049fb2647c9983fb1391409f93d30 -> 
  custom:scripting/monoscript/fileName/DiamondGraph.cs: a01b647a54847840428a395cc0d6fc16 -> 
  custom:scripting/monoscript/fileName/ScrollRectEx.cs: 3f6a881a34055e182fee3ab0baaee0c3 -> 
  custom:scripting/monoscript/fileName/UIGridRenderer.cs: 04c0062f4b7cdd6963fdba9ae03d9c72 -> 
  custom:scripting/monoscript/fileName/NicerOutline.cs: 571a7c7c4af4ebadc9fed23f0c3b0b46 -> 
  custom:CustomObjectIndexerAttribute: 9a22284fe3817be447336de3de66b15e -> 
  custom:scripting/monoscript/fileName/ScrollRectExtensions.cs: c76cb840404ffa9bc24248639e9da4ee -> 
  custom:scripting/monoscript/fileName/FancyGridViewContext.cs: 8738476657d4a33c34bc82bed7ce8bc9 -> 
  custom:scripting/monoscript/fileName/MinMaxValues.cs: 4aa11a61e640749f4ea5f947f86be5ba -> 
  custom:scripting/monoscript/fileName/CardExpanding3D.cs: d8b2b9924677ad2b445b05edbed7f0e3 -> 
  custom:scripting/monoscript/fileName/MinMaxSliderEditor.cs: e0496a7f76fc8934af2a763a7289ad36 -> 
  custom:scripting/monoscript/fileName/StepperSide.cs: 34d9a35c8c2622f327b140f18a7398a7 -> 
  custom:scripting/monoscript/fileName/CUIGraphicEditor.cs: a618262d3e77d462c5a0cd2e608e8a53 -> 
  custom:scripting/monoscript/fileName/DropDownList.cs: 3d51ab81e9571c9027b59874b2c78567 -> 
  custom:scripting/monoscript/fileName/ITweenValue.cs: 1d0eaa4b435fa135e18af6b5fa57e92e -> 
  custom:container-demuxer-webm: 4f35f7cbe854078d1ac9338744f61a02 -> 
  custom:scripting/monoscript/fileName/CardExpanding2D.cs: e0950b450275cb3936a581f286a6b471 -> 
  custom:scripting/monoscript/fileName/ResetSelectableHighlight.cs: 3ea63487fd77e7b22731770a86b4f8b9 -> 
  custom:scripting/monoscript/fileName/UIScrollToSelection.cs: d89fc8e36bdc19715e3104a5f857d175 -> 
  custom:scripting/monoscript/fileName/IScrollSnap.cs: 80b4110dac6695d630b8e7501d8e5aa8 -> 
  custom:scripting/monoscript/fileName/SegmentedControl.cs: 3a6e53207de58cf304ab520e0638e2df -> 
  custom:scripting/monoscript/fileName/ColorSampler.cs: 617678b91f4adc7b3146f51bed3fc4b1 -> 
  custom:scripting/monoscript/fileName/TabNavigationHelper.cs: 43f45dc623750048d2fbac24931c8ac8 -> 
  custom:scripting/monoscript/fileName/AutoCompleteComboBox.cs: 6e2e6cf33d4f5ca4ad3c05ff8f254467 -> 
  custom:scripting/monoscript/fileName/TextPicEditor.cs: c23216fe996c314d4c496ad837485981 -> 
  custom:scripting/monoscript/fileName/CUIMisc.cs: bc26c7f132f5cd28304cbc88070ca4dc -> 
  custom:scripting/monoscript/fileName/UIAdditiveEffect.cs: 50386f7d7d76f5c5e155dbf56c5e5fdd -> 
  custom:scripting/monoscript/fileName/MonoSpacing.cs: 45ba6bf376dd125375a8906a7d8b8b4b -> 
  custom:scripting/monoscript/fileName/FloatTween.cs: c51b551f6abec506d0db9945f7aa25cc -> 
  custom:scripting/monoscript/fileName/BoxSlider.cs: 662335e935a62641f6cb14e99e25e994 -> 
  custom:scripting/monoscript/fileName/BezierLineRendererEditor.cs: 2a50098be424d999e43b888ace13278c -> 
  custom:scripting/monoscript/fileName/NonDrawingGraphic.cs: a309796f6d67e4c1c110ec62b4572b4e -> 
  custom:scripting/monoscript/fileName/ScrollPositionController.cs: 30c392a65a277a4a74b1a6f1a3417601 -> 
  custom:scripting/monoscript/fileName/ContentScrollSnapHorizontal.cs: cb0bf043572062ce08b48904f46c98c8 -> 
  custom:scripting/monoscript/fileName/Triangulator.cs: 4ee9f09ca55767568ee94c9eaaed7244 -> d867a9a7a8385ef82ff357feb70c59d4
  custom:scripting/monoscript/fileName/UIImageCrop.cs: 1ec5d1f18ccf3bbe8ea319cda00ecfbc -> 
  custom:scripting/monoscript/fileName/BoxSliderEditor.cs: 9c680a5a338924fb176605eed0f68a75 -> 
  custom:scripting/monoscript/fileName/FancyScrollView.cs: c5f9c64ec4b4e183b17919204bc381a9 -> 
  custom:scripting/monoscript/fileName/BezierPath.cs: 90cbb6f823f7a03c69c93b3e1653c45e -> 
  custom:scripting/monoscript/fileName/SuperellipsePoints.cs: db2a1c9698f2dea478e1d6bfece554ae -> 
  custom:scripting/monoscript/fileName/UI_Knob.cs: 00244fb2be3e9e1f5ec3a07f175066a9 -> 
  custom:container-muxer-webm: aa71ff27fc2769a1b78a27578f13a17b -> 
  custom:scripting/monoscript/fileName/RaycastMask.cs: b13971e6a124c25b886c6703ae2aab24 -> 
  custom:scripting/monoscript/fileName/MultiTouchScrollRect.cs: 3a778993ea01435b2502c14ea2b2ff98 -> 
  custom:video-decoder-webm-vp8: 9c59270c3fd7afecdb556c50c9e8de78 -> 
  custom:scripting/monoscript/fileName/InputFieldEnterSubmit.cs: cdd5149b8afb8dc59ad57cc53ad8fb3b -> 
  custom:scripting/monoscript/fileName/ExampleSelectable.cs: 8dc7a8cd606154e7d10bb507e235c1f8 -> 
  custom:scripting/monoscript/fileName/uGUITools.cs: aa32797d8a9cdcd2167b6be114b0d5ec -> 
  custom:scripting/monoscript/fileName/UILinearDodgeEffect.cs: f5508d2f3f6addba614d4c08275f4546 -> 
  custom:SearchIndexIgnoredProperties: e643bd26f0fe6173181afceb89e7c659 -> 
  custom:scripting/monoscript/fileName/EasingCore.cs: 0bad7e894488e9b67256d892a478aab1 -> 
  custom:scripting/monoscript/fileName/Stepper.cs: 3ee1a56034750815f9c567b6c54fbbb8 -> 
  custom:scripting/monoscript/fileName/UIPrimitiveBase.cs: 80a945e915822efd5c887ee28f76aa9f -> 
  custom:AudioImporter_EditorPlatform: d09bf68614088b80899f8185d706f6e7 -> 
  custom:scripting/monoscript/fileName/LetterSpacing.cs: c4f4c504ac9c0b708c438c8a0faf6a96 -> 
  custom:scripting/monoscript/fileName/UISquircle.cs: faaa67841792f2c90a13db82841ac6e3 -> 
  custom:scripting/monoscript/fileName/RangeSlider.cs: 026cea0882c5bbc90f7cedc5111cfeb2 -> 
  custom:scripting/monoscript/fileName/UIExtensionMethods.cs: 2621bff24acfb4ddb3b264b7553588d8 -> 
  custom:scripting/monoscript/fileName/UIVerticalScroller.cs: 3532ae0d4ba5f6e2c310cfec2c655a8c -> 
  custom:scripting/monoscript/fileName/ColorLabel.cs: 9a2d62e5e8f65400e4abc881023f36f7 -> 
  custom:scripting/monoscript/fileName/TooltipTrigger.cs: 546a7d73bc42b9e6f1fd03a7e07d7f29 -> 
  custom:scripting/monoscript/fileName/UIMultiplyEffect.cs: 29b6f1f4d98d9b61292d829c0030af4b -> 
  custom:scripting/monoscript/fileName/CardPopup2D.cs: ac929914b8675b3ff1238ddb1cc99789 -> 
  custom:scripting/monoscript/fileName/ScrollSnapScrollbarHelper.cs: d6b043fd7048156ea2ef4da9da4a0a51 -> 
  custom:scripting/monoscript/fileName/HoverTooltip.cs: abdf0400bdf15bb8fdc0bc4d5ecc993f -> 
  custom:scripting/monoscript/fileName/ColorImage.cs: 87dea3e9bf43c94e295d4fa411046c66 -> 
  custom:scripting/monoscript/fileName/FancyScrollRectContext.cs: 9e5d4d8665c04a1190a3fc52908244b0 -> 
  custom:scripting/monoscript/fileName/TextPicIconEditor.cs: 1f41560011fcb93d03be374d10238c0c -> 
  custom:scripting/monoscript/fileName/UI_InfiniteScroll.cs: f7518bdb5ccbb5518282b9c860eef985 -> 
  custom:scripting/monoscript/fileName/UIExtensionsMenuOptions.cs: 25d3bc76bdcc7be45d732e8f064ec6a7 -> 
  custom:scripting/monoscript/fileName/ReadOnlyAttribute.cs: 604ae8fbc27d6402b88ac08f1987318f -> 
  custom:scripting/monoscript/fileName/UICircle.cs: e40253d6117a9fbea82cc285a7e8a36e -> 
  custom:scripting/monoscript/fileName/UIScrollToSelectionXY.cs: 8145d21a6ef6f8610242d2ba291595b9 -> 
  custom:scripting/monoscript/fileName/CUITextEditor.cs: 966cced0a631446b9484c2fe777a7f5b -> 
  custom:scripting/precompiled-assembly-types:UnityUIExtensions.editor: e002030e6fc012878af160bb334541ad -> 
  custom:scripting/monoscript/fileName/TweenRunner.cs: 90647cc400823b41df847a6cbfc29026 -> 
  custom:scripting/monoscript/fileName/UIHorizontalScroller.cs: 758f016ad67e22eff0f26468f408f006 -> 
  custom:scripting/monoscript/fileName/ReturnKeyTriggersButton.cs: 622f27a1a5fce3f8fe14f0fe6c6b39b5 -> 
  custom:scripting/monoscript/fileName/FancyGridViewCell.cs: 0cdf409b5aa8d4c25876d72b5c6a3b60 -> 
  custom:scripting/monoscript/fileName/Scroller.cs: 94938ad1cd7c20206a0339e3bd7f3330 -> 
  custom:scripting/monoscript/fileName/CylinderText.cs: 86c073c10ed890f8e108be86fb350e35 -> 
  custom:scripting/monoscript/fileName/ColorPickerPresets.cs: d20309ac183a87fd46c2e0a03ba5bdef -> 
  custom:scripting/monoscript/fileName/RadialSlider.cs: 24542b53b379116a4f98bb53a64e13b8 -> 
  custom:scripting/monoscript/fileName/PPIViewer.cs: 5269fbe050022d597b2ceba1b1d4cbae -> 
  custom:scripting/monoscript/fileName/InputFocus.cs: 6a5a3b184038cb5e7dbe4882c96bc91b -> 
  custom:scripting/monoscript/fileName/CUIBezierCurve.cs: 32214df0cb137de9f4967269deffb6f3 -> 
  custom:scripting/monoscript/fileName/DropDownListItem.cs: 91c61fd79335f34fb81e114553bf8888 -> 
  custom:scripting/monoscript/fileName/UIFlippable.cs: 9c843e180ea4b6afe9c1ba071336e124 -> 
  custom:scripting/monoscript/fileName/CanvasGroupActivator.cs: f743e9c6e47b0eb8c0b7b2fbf9f7de19 -> 
  custom:scripting/monoscript/fileName/UIWindowBase.cs: 776e605614a77fffd4e0147c8e684e94 -> 
  custom:video-encoder-webm-vp8: eb34c28f22e8b96e1ab97ce403110664 -> 
  custom:scripting/monoscript/fileName/ScrollPositionControllerEditor.cs: fb86570a90d8d5b779234b7f103e1b51 -> 
  custom:scripting/monoscript/fileName/CurvedLayout.cs: 46917779e317aa4a214ea430689de312 -> 
  custom:scripting/monoscript/fileName/ScrollConflictManager.cs: 1a474b2432b80a8b7211f13c79bb991c -> 
  custom:scripting/monoscript/fileName/ReadOnlyDrawer.cs: 1c0aa6472b8e40c24f66a5805d818994 -> 
  custom:audio-decoder-ogg-vorbis: bf7c407c2cedff20999df2af8eb42d56 -> 
  custom:scripting/monoscript/fileName/FancyGridView.cs: 849ed7f5b11c9db237ef61b01c5a5104 -> 
  custom:scripting/monoscript/fileName/CableCurve.cs: 1ed0592bfc80d3ca3db7b55e9a6e9d9a -> 
  custom:scripting/monoscript/fileName/PaginationManager.cs: b5c7a38e1c9bde92ca052679632bc9f1 -> 
  custom:scripting/monoscript/fileName/UILineTextureRenderer.cs: f3042185c83712ad42b2d6694b56f8d3 -> 
  custom:scripting/monoscript/fileName/MenuManager.cs: 8e71de17d45faf11b5ca3e63d3867170 -> 
  custom:scripting/monoscript/fileName/ColorPickerPresetsEditor.cs: 57bebb34d006d8305e8cd353ea00f28b -> 
  custom:scripting/monoscript/fileName/UI_MagneticInfiniteScroll.cs: 7f0db092e1c52c826e7ccbefe21fe7ce -> 
  custom:scripting/monoscript/fileName/ToolTip.cs: 2f05f936126a769ca9a98ef6920928a7 -> 
  custom:scripting/monoscript/fileName/TextPicRenameEditor.cs: b67a1588d964fe3ac177da9872e96689 -> 
  custom:scripting/monoscript/fileName/TestCompression.cs: 2a18178f72c1b3979b9006483863f20e -> 
  custom:scripting/monoscript/fileName/IFancyScrollRectContext.cs: 9c4dee0aef526d67eb0a668a1c9b910a -> 
  custom:scripting/monoscript/fileName/ColorChangedEvent.cs: bafb161b451089e6c72bcae877e0ba66 -> 
  custom:scripting/monoscript/fileName/BestFitOutline.cs: 2ec1c68346f5b721e3d92092cd60b278 -> 
  custom:scripting/monoscript/fileName/NonDrawingGraphicEditor.cs: 1e7abd1e1a4d3da38de70c6d38c19118 -> 
  custom:scripting/monoscript/fileName/HSVChangedEvent.cs: 8a0d7f505f4db7e267a03264293f54eb -> 
  custom:scripting/monoscript/fileName/CUIImageEditor.cs: 0be5a4365a8d65680f88c4d192e5254c -> 
  custom:scripting/monoscript/fileName/HorizontalScrollSnap.cs: 624447835d67a70d90ed2b7f69117316 -> 
  custom:scripting/monoscript/fileName/UI_TweenScale.cs: 50a18c41daf615d82dc37ef0e9dcea31 -> 
  custom:scripting/monoscript/fileName/BoundTooltipItem.cs: 12dc26af634677e40fd7840809357e6c -> 
  custom:scripting/monoscript/fileName/AccordionElement.cs: 69f1a7e537099cc57de9b6eaa86cef32 -> 
  custom:scripting/monoscript/fileName/UI_ScrollRectOcclusion.cs: 491f1c2592ac821eb8de9e533fddd4a9 -> 
  custom:scripting/monoscript/fileName/CUIBezierCurveEditor.cs: be4462c6de2387d5f99ef9d0e93b91ee -> 
  custom:scripting/monoscript/fileName/ColorSliderImage.cs: bbcbfbf23dc2f9fc5450db8f36b24487 -> 
  custom:scripting/monoscript/fileName/Accordion.cs: c31898dc7ffd6f7b32be5689419229bc -> 
  custom:scripting/monoscript/fileName/FancyCell.cs: 0cdf409b5aa8d4c25876d72b5c6a3b60 -> 
  custom:scripting/monoscript/fileName/ShineEffect.cs: 61d233269c4ea687efa548adef5d6e13 -> 
  custom:audio-encoder-webm-vorbis: bf7c407c2cedff20999df2af8eb42d56 -> 
  custom:scripting/monoscript/fileName/ScrollRectTweener.cs: 3437a8fb18bed84a45865e36e83e332f -> 
  custom:scripting/monoscript/fileName/MeshCreator.cs: a2506ad04bac2e5a6d6d50e0d7978d92 -> 
  custom:scripting/monoscript/fileName/UIPolygon.cs: ef7b3e02606f58c56a27e65db10bc7f3 -> 
  custom:scripting/monoscript/fileName/switchToRectTransform.cs: 0ef297259b7f2ab26defc1d718ad1e0a -> 
  custom:scripting/monoscript/fileName/UILineRendererList.cs: efbf4ff76c31aa3e4f61c8b26734d929 -> 
  custom:scripting/monoscript/fileName/CLZF2.cs: 40ef7bf6191a1a5e5b0f37e092e1b271 -> 
  custom:scripting/monoscript/fileName/SimpleMenu.cs: 90647cc400823b41df847a6cbfc29026 -> 
  custom:scripting/monoscript/fileName/RescalePanel.cs: a379a55181438e3b7a29019da8a3c82c -> 
  custom:scripting/monoscript/fileName/DragCorrector.cs: 89ab4a0369eecb75be2277a80a08c1e7 -> 
  custom:scripting/monoscript/fileName/RangeSliderEditor.cs: 1c09cdb4e75bc10f834bbae9a7b54e1e -> 
  custom:scripting/monoscript/fileName/FancyScrollRect.cs: 0cdf409b5aa8d4c25876d72b5c6a3b60 -> 
  custom:scripting/monoscript/fileName/ReorderableList.cs: 944c8e214787d07461c711b29546f976 -> 
  custom:scripting/monoscript/fileName/RadialLayout.cs: 170f31c5fdb54a9fe7ba926effdfd7d4 -> 
  custom:scripting/monoscript/fileName/ColorSlider.cs: a91d06b853e0bf2d5df3ea61a67d5c83 -> 
  custom:scripting/monoscript/fileName/IFancyGridViewContext.cs: be7addf49e5950ebb654fec55c2afa8b -> 
  custom:scripting/precompiled-assembly-types:UnityUIExtensions: c0991a7eaf90618746e467e9e018bd04 -> 
  custom:scripting/monoscript/fileName/CUIGraphic.cs: 4f47fad340418bff51fe6171e2259e7f -> 
  custom:scripting/monoscript/fileName/IFancyCellGroupContext.cs: 323b5f49cc2011b3d2d9088e528ed161 -> 
  custom:scripting/monoscript/fileName/MinMaxSlider.cs: e7d98a511e8b98df33f72f37935821e5 -> 
  custom:scripting/monoscript/fileName/ColorPickerTester.cs: 63b6c03c009a94721b9d41c8d5e5e6ed -> 
========================================================================
Received Prepare
Caller must complete domain reload
Begin MonoManager ReloadAssembly
- Loaded All Assemblies, in  0.519 seconds
Native extension for WindowsStandalone target not found
Native extension for WebGL target not found
Mono: successfully reloaded assembly
- Finished resetting the current domain, in  1.141 seconds
Domain Reload Profiling: 1659ms
	BeginReloadAssembly (162ms)
		ExecutionOrderSort (0ms)
		DisableScriptedObjects (15ms)
		BackupInstance (0ms)
		ReleaseScriptingObjects (0ms)
		CreateAndSetChildDomain (37ms)
	RebuildCommonClasses (38ms)
	RebuildNativeTypeToScriptingClass (15ms)
	initialDomainReloadingComplete (27ms)
	LoadAllAssembliesAndSetupDomain (275ms)
		LoadAssemblies (339ms)
		RebuildTransferFunctionScriptingTraits (0ms)
		AnalyzeDomain (18ms)
			TypeCache.Refresh (6ms)
				TypeCache.ScanAssembly (0ms)
			ScanForSourceGeneratedMonoScriptInfo (0ms)
			ResolveRequiredComponents (10ms)
	FinalizeReload (1141ms)
		ReleaseScriptCaches (0ms)
		RebuildScriptCaches (0ms)
		SetupLoadedEditorAssemblies (475ms)
			LogAssemblyErrors (0ms)
			InitializePlatformSupportModulesInManaged (6ms)
			SetLoadedEditorAssemblies (6ms)
			RefreshPlugins (0ms)
			BeforeProcessingInitializeOnLoad (74ms)
			ProcessInitializeOnLoadAttributes (351ms)
			ProcessInitializeOnLoadMethodAttributes (34ms)
			AfterProcessingInitializeOnLoad (3ms)
			EditorAssembliesLoaded (0ms)
		ExecutionOrderSort2 (0ms)
		AwakeInstancesAfterBackupRestoration (17ms)
Refreshing native plugins compatible for Editor in 7.37 ms, found 7 plugins.
Preloading 0 native plugins for Editor in 0.00 ms.
Unloading 4456 Unused Serialized files (Serialized files now loaded: 0)
Unloading 44 unused Assets / (0.7 MB). Loaded Objects now: 5283.
Memory consumption went from 158.4 MB to 157.7 MB.
Total: 3.848400 ms (FindLiveObjects: 0.444900 ms CreateObjectMapping: 0.139200 ms MarkObjects: 2.772800 ms  DeleteObjects: 0.489900 ms)

Prepare: number of updated asset objects reloaded= 0
AssetImportParameters requested are different than current active one (requested -> active):
  custom:scripting/monoscript/fileName/CardStack2D.cs: 52f7ac406c04f320c1cc31b32fc945ec -> 
  custom:scripting/monoscript/fileName/UILineRendererFIFO.cs: 1a840d7d842445f62c20beee85a5bbc5 -> 
  custom:scripting/monoscript/fileName/FlowLayoutGroup.cs: 4f8c51e99186127173631d5ea0b848a8 -> 
  custom:scripting/monoscript/fileName/UIParticleSystem.cs: 6cef203566a0c9333597e4e233613614 -> 
  custom:scripting/monoscript/fileName/UILineRenderer.cs: 673f1b621ab4781ac78770b1b3c45207 -> 
  custom:scripting/monoscript/fileName/TableLayoutGroup.cs: 9697d88a99d4c91003d206b86eed3a61 -> 
  custom:scripting/monoscript/fileName/Segment.cs: 823b994f6bbb6e32f73e9807948df6b3 -> 
  custom:container-demuxer-ogg: 62fdf1f143b41e24485cea50d1cbac27 -> 
  custom:scripting/monoscript/fileName/SelectionBox.cs: 9eabc2822607d24d284c5c0d720d4a01 -> 
  custom:scripting/monoscript/fileName/ReorderableListContent.cs: a630238339e5f198f723ac29a2329f6d -> 
  custom:scripting/monoscript/fileName/Menu.cs: d0a2652908e797d4064ef9b772450cc8 -> 
  custom:scripting/monoscript/fileName/SetPropertyUtility.cs: 02aade692758e5563210cc05829e9851 -> f604b4b9e6b0979bdfc1e2b40426dd19
  custom:scripting/monoscript/fileName/HSVUtil.cs: 2f204c7a89b046fae714aadbcda42851 -> 
  custom:scripting/monoscript/fileName/FancyCellGroup.cs: 90647cc400823b41df847a6cbfc29026 -> 
  custom:scripting/monoscript/fileName/RescaleDragPanel.cs: 428e5a10a21f2d3fc3805557487d591e -> 
  custom:scripting/monoscript/fileName/ExtensionsToggleGroup.cs: 93967f93faef61aecdca9232fa42b062 -> 
  custom:scripting/monoscript/fileName/ResizePanel.cs: 0a2d1269c62cba913a254b515f8b6020 -> 
  custom:scripting/monoscript/fileName/Circle.cs: cfc2369c92dd039be7c3f572f769fdcf -> 
  custom:scripting/monoscript/fileName/ShaderLibrary.cs: 7a09676978959734a6827051c965f749 -> 
  custom:scripting/monoscript/fileName/CurvedText.cs: c86aabacdca275700720e919fc8a8b52 -> 
  custom:scripting/monoscript/fileName/FancyScrollRectCell.cs: 0cdf409b5aa8d4c25876d72b5c6a3b60 -> 
  custom:scripting/monoscript/fileName/Gradient.cs: a4c2a5a25440c543cd82653fda832632 -> 
  custom:scripting/monoscript/fileName/ScrollSnapBase.cs: 3682088473625968e7b4647a6b4213f6 -> 
  custom:scripting/monoscript/fileName/CUIText.cs: 0be1a405bc9388e4813a74aad6018bec -> 
  custom:scripting/monoscript/fileName/BoundTooltipTrigger.cs: e78e2ee612ba85e075ab794a5cb95e73 -> 
  custom:scripting/monoscript/fileName/UIHighlightable.cs: fd305ad78204cb75a66ce809c3f50e6a -> 
  custom:video-codec-MediaFoundation-h265: 746d11721c4dcdbdad8f713fa42b33f4 -> 
  custom:scripting/monoscript/fileName/UIExtensionsInputManager.cs: 6f468ddae971c3bcce0288549c1beabd -> 
  custom:scripting/monoscript/fileName/Gradient2.cs: 9c1fd6257924e43a80b8fccb859d3828 -> 
  custom:scripting/monoscript/fileName/CooldownButton.cs: 72bd21b90ac71f29908a36179176f8fc -> 
  custom:video-decoder-ogg-theora: a1e56fd34408186e4bbccfd4996cb3dc -> 
  custom:scripting/monoscript/fileName/TileSizeFitter.cs: ba6326e335b6f177a627b992c444832c -> 
  custom:scripting/monoscript/fileName/SelectableScaler.cs: 3ebe175d64b38a572f8dbe8fd345f0c3 -> 
  custom:scripting/monoscript/fileName/AccordionElementEditor.cs: db5ee9b2cff22578a12a4d141614d665 -> 
  custom:scripting/monoscript/fileName/ExtensionsToggle.cs: e0b44aa7e1ff973d74b4857a34a48879 -> 
  custom:scripting/monoscript/fileName/ReorderableListElement.cs: 788a31431a1c95dc9a9a52767f8e812f -> 
  custom:scripting/monoscript/fileName/ShineEffector.cs: 52ed4eb6c7ed8f674a18d2a4db6eba86 -> 
  custom:scripting/monoscript/fileName/UISelectableExtension.cs: b6766007d8a2236e23d4749da2d8cdd2 -> 
  custom:framework-win-MediaFoundation: 216162199b28c13a410421893ffa2e32 -> 
  custom:scripting/monoscript/fileName/UISoftAdditiveEffect.cs: 30a825933c907dec19605ff2f58a292f -> 
  custom:scripting/monoscript/fileName/HexColorField.cs: 425eeca1ce4159bc649962b2337061a4 -> 
  custom:scripting/monoscript/fileName/ColorPickerControl.cs: 97231f899ae243cc634f34e048c22095 -> 
  custom:scripting/monoscript/fileName/ReorderableListDebug.cs: 51cf5a188c464deb681bea16cb795b61 -> 
  custom:scripting/monoscript/fileName/TextPic.cs: 9dbd7bc654cbf19eee33ac6fc452bfb1 -> 
  custom:scripting/monoscript/fileName/CUIImage.cs: 41f29f650aa507f802cd9793d91f3211 -> 
  custom:scripting/monoscript/fileName/DropDownListButton.cs: 71d533f2602e0e099d09a556ef8e4414 -> 
  custom:scripting/monoscript/fileName/ScrollSnap.cs: c5ae67ed5cc8c0ab1f7496803acc2648 -> 
  custom:scripting/monoscript/fileName/TextPicIconListCopier.cs: a564a2a474c019b98650cff2383ccfca -> 
  custom:scripting/monoscript/fileName/UICornerCut.cs: 69b0dfb485aa2b1afa65fcf30028125b -> 
  custom:scripting/monoscript/fileName/ScrollerEditor.cs: 478519b80ad2bc62d4a4b80ae078e694 -> 
  custom:scripting/monoscript/fileName/IBoxSelectable.cs: a5bf39a694cf2b84c65e7bec998d4941 -> 
  custom:scripting/monoscript/fileName/TiltWindow.cs: 7c3356d1b5bc9c6e9fe98345b0be7c30 -> 
  custom:scripting/monoscript/fileName/ExtensionMethods.cs: 943bd8dac5ce9467ce7deb0856dc6b0a -> 
  custom:scripting/monoscript/fileName/ComboBox.cs: a6ca48dde827ff07a9093f3624d58e62 -> 
  custom:scripting/monoscript/fileName/ScrollRectLinker.cs: 0316116e17d192ca2ef7c97539dff50f -> 
  custom:scripting/monoscript/fileName/SVBoxSlider.cs: 1d22c9c16d63e1cf38ad19bbcec9a0da -> 
  custom:scripting/monoscript/fileName/VerticalScrollSnap.cs: a7ebcf1fac8331e70ee01e540cbe484b -> 
  custom:scripting/monoscript/fileName/UILineConnector.cs: ea5f69a32957fe35ae7b512ef3f758ef -> 
  custom:scripting/monoscript/fileName/UIScreenEffect.cs: c36542c529d1f733362556ab22c18bf9 -> 
  custom:scripting/monoscript/fileName/SoftMaskScript.cs: 867049fb2647c9983fb1391409f93d30 -> 
  custom:scripting/monoscript/fileName/DiamondGraph.cs: a01b647a54847840428a395cc0d6fc16 -> 
  custom:scripting/monoscript/fileName/ScrollRectEx.cs: 3f6a881a34055e182fee3ab0baaee0c3 -> 
  custom:scripting/monoscript/fileName/UIGridRenderer.cs: 04c0062f4b7cdd6963fdba9ae03d9c72 -> 
  custom:scripting/monoscript/fileName/NicerOutline.cs: 571a7c7c4af4ebadc9fed23f0c3b0b46 -> 
  custom:CustomObjectIndexerAttribute: 9a22284fe3817be447336de3de66b15e -> 
  custom:scripting/monoscript/fileName/ScrollRectExtensions.cs: c76cb840404ffa9bc24248639e9da4ee -> 
  custom:scripting/monoscript/fileName/FancyGridViewContext.cs: 8738476657d4a33c34bc82bed7ce8bc9 -> 
  custom:scripting/monoscript/fileName/MinMaxValues.cs: 4aa11a61e640749f4ea5f947f86be5ba -> 
  custom:scripting/monoscript/fileName/CardExpanding3D.cs: d8b2b9924677ad2b445b05edbed7f0e3 -> 
  custom:scripting/monoscript/fileName/MinMaxSliderEditor.cs: e0496a7f76fc8934af2a763a7289ad36 -> 
  custom:scripting/monoscript/fileName/StepperSide.cs: 34d9a35c8c2622f327b140f18a7398a7 -> 
  custom:scripting/monoscript/fileName/CUIGraphicEditor.cs: a618262d3e77d462c5a0cd2e608e8a53 -> 
  custom:scripting/monoscript/fileName/DropDownList.cs: 3d51ab81e9571c9027b59874b2c78567 -> 
  custom:scripting/monoscript/fileName/ITweenValue.cs: 1d0eaa4b435fa135e18af6b5fa57e92e -> 
  custom:container-demuxer-webm: 4f35f7cbe854078d1ac9338744f61a02 -> 
  custom:scripting/monoscript/fileName/CardExpanding2D.cs: e0950b450275cb3936a581f286a6b471 -> 
  custom:scripting/monoscript/fileName/ResetSelectableHighlight.cs: 3ea63487fd77e7b22731770a86b4f8b9 -> 
  custom:scripting/monoscript/fileName/UIScrollToSelection.cs: d89fc8e36bdc19715e3104a5f857d175 -> 
  custom:scripting/monoscript/fileName/IScrollSnap.cs: 80b4110dac6695d630b8e7501d8e5aa8 -> 
  custom:scripting/monoscript/fileName/SegmentedControl.cs: 3a6e53207de58cf304ab520e0638e2df -> 
  custom:scripting/monoscript/fileName/ColorSampler.cs: 617678b91f4adc7b3146f51bed3fc4b1 -> 
  custom:scripting/monoscript/fileName/TabNavigationHelper.cs: 43f45dc623750048d2fbac24931c8ac8 -> 
  custom:scripting/monoscript/fileName/AutoCompleteComboBox.cs: 6e2e6cf33d4f5ca4ad3c05ff8f254467 -> 
  custom:scripting/monoscript/fileName/TextPicEditor.cs: c23216fe996c314d4c496ad837485981 -> 
  custom:scripting/monoscript/fileName/CUIMisc.cs: bc26c7f132f5cd28304cbc88070ca4dc -> 
  custom:scripting/monoscript/fileName/UIAdditiveEffect.cs: 50386f7d7d76f5c5e155dbf56c5e5fdd -> 
  custom:scripting/monoscript/fileName/MonoSpacing.cs: 45ba6bf376dd125375a8906a7d8b8b4b -> 
  custom:scripting/monoscript/fileName/FloatTween.cs: c51b551f6abec506d0db9945f7aa25cc -> 
  custom:scripting/monoscript/fileName/BoxSlider.cs: 662335e935a62641f6cb14e99e25e994 -> 
  custom:scripting/monoscript/fileName/BezierLineRendererEditor.cs: 2a50098be424d999e43b888ace13278c -> 
  custom:scripting/monoscript/fileName/NonDrawingGraphic.cs: a309796f6d67e4c1c110ec62b4572b4e -> 
  custom:scripting/monoscript/fileName/ScrollPositionController.cs: 30c392a65a277a4a74b1a6f1a3417601 -> 
  custom:scripting/monoscript/fileName/ContentScrollSnapHorizontal.cs: cb0bf043572062ce08b48904f46c98c8 -> 
  custom:scripting/monoscript/fileName/Triangulator.cs: 4ee9f09ca55767568ee94c9eaaed7244 -> d867a9a7a8385ef82ff357feb70c59d4
  custom:scripting/monoscript/fileName/UIImageCrop.cs: 1ec5d1f18ccf3bbe8ea319cda00ecfbc -> 
  custom:scripting/monoscript/fileName/BoxSliderEditor.cs: 9c680a5a338924fb176605eed0f68a75 -> 
  custom:scripting/monoscript/fileName/FancyScrollView.cs: c5f9c64ec4b4e183b17919204bc381a9 -> 
  custom:scripting/monoscript/fileName/BezierPath.cs: 90cbb6f823f7a03c69c93b3e1653c45e -> 
  custom:scripting/monoscript/fileName/SuperellipsePoints.cs: db2a1c9698f2dea478e1d6bfece554ae -> 
  custom:scripting/monoscript/fileName/UI_Knob.cs: 00244fb2be3e9e1f5ec3a07f175066a9 -> 
  custom:container-muxer-webm: aa71ff27fc2769a1b78a27578f13a17b -> 
  custom:scripting/monoscript/fileName/RaycastMask.cs: b13971e6a124c25b886c6703ae2aab24 -> 
  custom:scripting/monoscript/fileName/MultiTouchScrollRect.cs: 3a778993ea01435b2502c14ea2b2ff98 -> 
  custom:video-decoder-webm-vp8: 9c59270c3fd7afecdb556c50c9e8de78 -> 
  custom:scripting/monoscript/fileName/InputFieldEnterSubmit.cs: cdd5149b8afb8dc59ad57cc53ad8fb3b -> 
  custom:scripting/monoscript/fileName/ExampleSelectable.cs: 8dc7a8cd606154e7d10bb507e235c1f8 -> 
  custom:scripting/monoscript/fileName/uGUITools.cs: aa32797d8a9cdcd2167b6be114b0d5ec -> 
  custom:scripting/monoscript/fileName/UILinearDodgeEffect.cs: f5508d2f3f6addba614d4c08275f4546 -> 
  custom:SearchIndexIgnoredProperties: e643bd26f0fe6173181afceb89e7c659 -> 
  custom:scripting/monoscript/fileName/EasingCore.cs: 0bad7e894488e9b67256d892a478aab1 -> 
  custom:scripting/monoscript/fileName/Stepper.cs: 3ee1a56034750815f9c567b6c54fbbb8 -> 
  custom:scripting/monoscript/fileName/UIPrimitiveBase.cs: 80a945e915822efd5c887ee28f76aa9f -> 
  custom:AudioImporter_EditorPlatform: d09bf68614088b80899f8185d706f6e7 -> 
  custom:scripting/monoscript/fileName/LetterSpacing.cs: c4f4c504ac9c0b708c438c8a0faf6a96 -> 
  custom:scripting/monoscript/fileName/UISquircle.cs: faaa67841792f2c90a13db82841ac6e3 -> 
  custom:scripting/monoscript/fileName/RangeSlider.cs: 026cea0882c5bbc90f7cedc5111cfeb2 -> 
  custom:scripting/monoscript/fileName/UIExtensionMethods.cs: 2621bff24acfb4ddb3b264b7553588d8 -> 
  custom:scripting/monoscript/fileName/UIVerticalScroller.cs: 3532ae0d4ba5f6e2c310cfec2c655a8c -> 
  custom:scripting/monoscript/fileName/ColorLabel.cs: 9a2d62e5e8f65400e4abc881023f36f7 -> 
  custom:scripting/monoscript/fileName/TooltipTrigger.cs: 546a7d73bc42b9e6f1fd03a7e07d7f29 -> 
  custom:scripting/monoscript/fileName/UIMultiplyEffect.cs: 29b6f1f4d98d9b61292d829c0030af4b -> 
  custom:scripting/monoscript/fileName/CardPopup2D.cs: ac929914b8675b3ff1238ddb1cc99789 -> 
  custom:scripting/monoscript/fileName/ScrollSnapScrollbarHelper.cs: d6b043fd7048156ea2ef4da9da4a0a51 -> 
  custom:scripting/monoscript/fileName/HoverTooltip.cs: abdf0400bdf15bb8fdc0bc4d5ecc993f -> 
  custom:scripting/monoscript/fileName/ColorImage.cs: 87dea3e9bf43c94e295d4fa411046c66 -> 
  custom:scripting/monoscript/fileName/FancyScrollRectContext.cs: 9e5d4d8665c04a1190a3fc52908244b0 -> 
  custom:scripting/monoscript/fileName/TextPicIconEditor.cs: 1f41560011fcb93d03be374d10238c0c -> 
  custom:scripting/monoscript/fileName/UI_InfiniteScroll.cs: f7518bdb5ccbb5518282b9c860eef985 -> 
  custom:scripting/monoscript/fileName/UIExtensionsMenuOptions.cs: 25d3bc76bdcc7be45d732e8f064ec6a7 -> 
  custom:scripting/monoscript/fileName/ReadOnlyAttribute.cs: 604ae8fbc27d6402b88ac08f1987318f -> 
  custom:scripting/monoscript/fileName/UICircle.cs: e40253d6117a9fbea82cc285a7e8a36e -> 
  custom:scripting/monoscript/fileName/UIScrollToSelectionXY.cs: 8145d21a6ef6f8610242d2ba291595b9 -> 
  custom:scripting/monoscript/fileName/CUITextEditor.cs: 966cced0a631446b9484c2fe777a7f5b -> 
  custom:scripting/precompiled-assembly-types:UnityUIExtensions.editor: e002030e6fc012878af160bb334541ad -> 
  custom:scripting/monoscript/fileName/TweenRunner.cs: 90647cc400823b41df847a6cbfc29026 -> 
  custom:scripting/monoscript/fileName/UIHorizontalScroller.cs: 758f016ad67e22eff0f26468f408f006 -> 
  custom:scripting/monoscript/fileName/ReturnKeyTriggersButton.cs: 622f27a1a5fce3f8fe14f0fe6c6b39b5 -> 
  custom:scripting/monoscript/fileName/FancyGridViewCell.cs: 0cdf409b5aa8d4c25876d72b5c6a3b60 -> 
  custom:scripting/monoscript/fileName/Scroller.cs: 94938ad1cd7c20206a0339e3bd7f3330 -> 
  custom:scripting/monoscript/fileName/CylinderText.cs: 86c073c10ed890f8e108be86fb350e35 -> 
  custom:scripting/monoscript/fileName/ColorPickerPresets.cs: d20309ac183a87fd46c2e0a03ba5bdef -> 
  custom:scripting/monoscript/fileName/RadialSlider.cs: 24542b53b379116a4f98bb53a64e13b8 -> 
  custom:scripting/monoscript/fileName/PPIViewer.cs: 5269fbe050022d597b2ceba1b1d4cbae -> 
  custom:scripting/monoscript/fileName/InputFocus.cs: 6a5a3b184038cb5e7dbe4882c96bc91b -> 
  custom:scripting/monoscript/fileName/CUIBezierCurve.cs: 32214df0cb137de9f4967269deffb6f3 -> 
  custom:scripting/monoscript/fileName/DropDownListItem.cs: 91c61fd79335f34fb81e114553bf8888 -> 
  custom:scripting/monoscript/fileName/UIFlippable.cs: 9c843e180ea4b6afe9c1ba071336e124 -> 
  custom:scripting/monoscript/fileName/CanvasGroupActivator.cs: f743e9c6e47b0eb8c0b7b2fbf9f7de19 -> 
  custom:scripting/monoscript/fileName/UIWindowBase.cs: 776e605614a77fffd4e0147c8e684e94 -> 
  custom:video-encoder-webm-vp8: eb34c28f22e8b96e1ab97ce403110664 -> 
  custom:scripting/monoscript/fileName/ScrollPositionControllerEditor.cs: fb86570a90d8d5b779234b7f103e1b51 -> 
  custom:scripting/monoscript/fileName/CurvedLayout.cs: 46917779e317aa4a214ea430689de312 -> 
  custom:scripting/monoscript/fileName/ScrollConflictManager.cs: 1a474b2432b80a8b7211f13c79bb991c -> 
  custom:scripting/monoscript/fileName/ReadOnlyDrawer.cs: 1c0aa6472b8e40c24f66a5805d818994 -> 
  custom:audio-decoder-ogg-vorbis: bf7c407c2cedff20999df2af8eb42d56 -> 
  custom:scripting/monoscript/fileName/FancyGridView.cs: 849ed7f5b11c9db237ef61b01c5a5104 -> 
  custom:scripting/monoscript/fileName/CableCurve.cs: 1ed0592bfc80d3ca3db7b55e9a6e9d9a -> 
  custom:scripting/monoscript/fileName/PaginationManager.cs: b5c7a38e1c9bde92ca052679632bc9f1 -> 
  custom:scripting/monoscript/fileName/UILineTextureRenderer.cs: f3042185c83712ad42b2d6694b56f8d3 -> 
  custom:scripting/monoscript/fileName/MenuManager.cs: 8e71de17d45faf11b5ca3e63d3867170 -> 
  custom:scripting/monoscript/fileName/ColorPickerPresetsEditor.cs: 57bebb34d006d8305e8cd353ea00f28b -> 
  custom:scripting/monoscript/fileName/UI_MagneticInfiniteScroll.cs: 7f0db092e1c52c826e7ccbefe21fe7ce -> 
  custom:scripting/monoscript/fileName/ToolTip.cs: 2f05f936126a769ca9a98ef6920928a7 -> 
  custom:scripting/monoscript/fileName/TextPicRenameEditor.cs: b67a1588d964fe3ac177da9872e96689 -> 
  custom:scripting/monoscript/fileName/TestCompression.cs: 2a18178f72c1b3979b9006483863f20e -> 
  custom:scripting/monoscript/fileName/IFancyScrollRectContext.cs: 9c4dee0aef526d67eb0a668a1c9b910a -> 
  custom:scripting/monoscript/fileName/ColorChangedEvent.cs: bafb161b451089e6c72bcae877e0ba66 -> 
  custom:scripting/monoscript/fileName/BestFitOutline.cs: 2ec1c68346f5b721e3d92092cd60b278 -> 
  custom:scripting/monoscript/fileName/NonDrawingGraphicEditor.cs: 1e7abd1e1a4d3da38de70c6d38c19118 -> 
  custom:scripting/monoscript/fileName/HSVChangedEvent.cs: 8a0d7f505f4db7e267a03264293f54eb -> 
  custom:scripting/monoscript/fileName/CUIImageEditor.cs: 0be5a4365a8d65680f88c4d192e5254c -> 
  custom:scripting/monoscript/fileName/HorizontalScrollSnap.cs: 624447835d67a70d90ed2b7f69117316 -> 
  custom:scripting/monoscript/fileName/UI_TweenScale.cs: 50a18c41daf615d82dc37ef0e9dcea31 -> 
  custom:scripting/monoscript/fileName/BoundTooltipItem.cs: 12dc26af634677e40fd7840809357e6c -> 
  custom:scripting/monoscript/fileName/AccordionElement.cs: 69f1a7e537099cc57de9b6eaa86cef32 -> 
  custom:scripting/monoscript/fileName/UI_ScrollRectOcclusion.cs: 491f1c2592ac821eb8de9e533fddd4a9 -> 
  custom:scripting/monoscript/fileName/CUIBezierCurveEditor.cs: be4462c6de2387d5f99ef9d0e93b91ee -> 
  custom:scripting/monoscript/fileName/ColorSliderImage.cs: bbcbfbf23dc2f9fc5450db8f36b24487 -> 
  custom:scripting/monoscript/fileName/Accordion.cs: c31898dc7ffd6f7b32be5689419229bc -> 
  custom:scripting/monoscript/fileName/FancyCell.cs: 0cdf409b5aa8d4c25876d72b5c6a3b60 -> 
  custom:scripting/monoscript/fileName/ShineEffect.cs: 61d233269c4ea687efa548adef5d6e13 -> 
  custom:audio-encoder-webm-vorbis: bf7c407c2cedff20999df2af8eb42d56 -> 
  custom:scripting/monoscript/fileName/ScrollRectTweener.cs: 3437a8fb18bed84a45865e36e83e332f -> 
  custom:scripting/monoscript/fileName/MeshCreator.cs: a2506ad04bac2e5a6d6d50e0d7978d92 -> 
  custom:scripting/monoscript/fileName/UIPolygon.cs: ef7b3e02606f58c56a27e65db10bc7f3 -> 
  custom:scripting/monoscript/fileName/switchToRectTransform.cs: 0ef297259b7f2ab26defc1d718ad1e0a -> 
  custom:scripting/monoscript/fileName/UILineRendererList.cs: efbf4ff76c31aa3e4f61c8b26734d929 -> 
  custom:scripting/monoscript/fileName/CLZF2.cs: 40ef7bf6191a1a5e5b0f37e092e1b271 -> 
  custom:scripting/monoscript/fileName/SimpleMenu.cs: 90647cc400823b41df847a6cbfc29026 -> 
  custom:scripting/monoscript/fileName/RescalePanel.cs: a379a55181438e3b7a29019da8a3c82c -> 
  custom:scripting/monoscript/fileName/DragCorrector.cs: 89ab4a0369eecb75be2277a80a08c1e7 -> 
  custom:scripting/monoscript/fileName/RangeSliderEditor.cs: 1c09cdb4e75bc10f834bbae9a7b54e1e -> 
  custom:scripting/monoscript/fileName/FancyScrollRect.cs: 0cdf409b5aa8d4c25876d72b5c6a3b60 -> 
  custom:scripting/monoscript/fileName/ReorderableList.cs: 944c8e214787d07461c711b29546f976 -> 
  custom:scripting/monoscript/fileName/RadialLayout.cs: 170f31c5fdb54a9fe7ba926effdfd7d4 -> 
  custom:scripting/monoscript/fileName/ColorSlider.cs: a91d06b853e0bf2d5df3ea61a67d5c83 -> 
  custom:scripting/monoscript/fileName/IFancyGridViewContext.cs: be7addf49e5950ebb654fec55c2afa8b -> 
  custom:scripting/precompiled-assembly-types:UnityUIExtensions: c0991a7eaf90618746e467e9e018bd04 -> 
  custom:scripting/monoscript/fileName/CUIGraphic.cs: 4f47fad340418bff51fe6171e2259e7f -> 
  custom:scripting/monoscript/fileName/IFancyCellGroupContext.cs: 323b5f49cc2011b3d2d9088e528ed161 -> 
  custom:scripting/monoscript/fileName/MinMaxSlider.cs: e7d98a511e8b98df33f72f37935821e5 -> 
  custom:scripting/monoscript/fileName/ColorPickerTester.cs: 63b6c03c009a94721b9d41c8d5e5e6ed -> 
========================================================================
Received Prepare
Caller must complete domain reload
Begin MonoManager ReloadAssembly
- Loaded All Assemblies, in  0.527 seconds
Native extension for WindowsStandalone target not found
Native extension for WebGL target not found
Mono: successfully reloaded assembly
- Finished resetting the current domain, in  1.130 seconds
Domain Reload Profiling: 1656ms
	BeginReloadAssembly (174ms)
		ExecutionOrderSort (0ms)
		DisableScriptedObjects (13ms)
		BackupInstance (0ms)
		ReleaseScriptingObjects (0ms)
		CreateAndSetChildDomain (35ms)
	RebuildCommonClasses (44ms)
	RebuildNativeTypeToScriptingClass (12ms)
	initialDomainReloadingComplete (27ms)
	LoadAllAssembliesAndSetupDomain (267ms)
		LoadAssemblies (345ms)
		RebuildTransferFunctionScriptingTraits (0ms)
		AnalyzeDomain (18ms)
			TypeCache.Refresh (6ms)
				TypeCache.ScanAssembly (0ms)
			ScanForSourceGeneratedMonoScriptInfo (0ms)
			ResolveRequiredComponents (11ms)
	FinalizeReload (1130ms)
		ReleaseScriptCaches (0ms)
		RebuildScriptCaches (0ms)
		SetupLoadedEditorAssemblies (459ms)
			LogAssemblyErrors (0ms)
			InitializePlatformSupportModulesInManaged (7ms)
			SetLoadedEditorAssemblies (6ms)
			RefreshPlugins (0ms)
			BeforeProcessingInitializeOnLoad (81ms)
			ProcessInitializeOnLoadAttributes (327ms)
			ProcessInitializeOnLoadMethodAttributes (33ms)
			AfterProcessingInitializeOnLoad (4ms)
			EditorAssembliesLoaded (0ms)
		ExecutionOrderSort2 (0ms)
		AwakeInstancesAfterBackupRestoration (16ms)
Refreshing native plugins compatible for Editor in 9.42 ms, found 7 plugins.
Preloading 0 native plugins for Editor in 0.00 ms.
Unloading 4456 Unused Serialized files (Serialized files now loaded: 0)
Unloading 44 unused Assets / (0.7 MB). Loaded Objects now: 5287.
Memory consumption went from 158.4 MB to 157.7 MB.
Total: 3.868300 ms (FindLiveObjects: 0.469800 ms CreateObjectMapping: 0.115800 ms MarkObjects: 2.800100 ms  DeleteObjects: 0.481200 ms)

Prepare: number of updated asset objects reloaded= 0
AssetImportParameters requested are different than current active one (requested -> active):
  custom:scripting/monoscript/fileName/CardStack2D.cs: 52f7ac406c04f320c1cc31b32fc945ec -> 
  custom:scripting/monoscript/fileName/UILineRendererFIFO.cs: 1a840d7d842445f62c20beee85a5bbc5 -> 
  custom:scripting/monoscript/fileName/FlowLayoutGroup.cs: 4f8c51e99186127173631d5ea0b848a8 -> 
  custom:scripting/monoscript/fileName/UIParticleSystem.cs: 6cef203566a0c9333597e4e233613614 -> 
  custom:scripting/monoscript/fileName/UILineRenderer.cs: 673f1b621ab4781ac78770b1b3c45207 -> 
  custom:scripting/monoscript/fileName/TableLayoutGroup.cs: 9697d88a99d4c91003d206b86eed3a61 -> 
  custom:scripting/monoscript/fileName/Segment.cs: 823b994f6bbb6e32f73e9807948df6b3 -> 
  custom:container-demuxer-ogg: 62fdf1f143b41e24485cea50d1cbac27 -> 
  custom:scripting/monoscript/fileName/SelectionBox.cs: 9eabc2822607d24d284c5c0d720d4a01 -> 
  custom:scripting/monoscript/fileName/ReorderableListContent.cs: a630238339e5f198f723ac29a2329f6d -> 
  custom:scripting/monoscript/fileName/Menu.cs: d0a2652908e797d4064ef9b772450cc8 -> 
  custom:scripting/monoscript/fileName/SetPropertyUtility.cs: 02aade692758e5563210cc05829e9851 -> f604b4b9e6b0979bdfc1e2b40426dd19
  custom:scripting/monoscript/fileName/HSVUtil.cs: 2f204c7a89b046fae714aadbcda42851 -> 
  custom:scripting/monoscript/fileName/FancyCellGroup.cs: 90647cc400823b41df847a6cbfc29026 -> 
  custom:scripting/monoscript/fileName/RescaleDragPanel.cs: 428e5a10a21f2d3fc3805557487d591e -> 
  custom:scripting/monoscript/fileName/ExtensionsToggleGroup.cs: 93967f93faef61aecdca9232fa42b062 -> 
  custom:scripting/monoscript/fileName/ResizePanel.cs: 0a2d1269c62cba913a254b515f8b6020 -> 
  custom:scripting/monoscript/fileName/Circle.cs: cfc2369c92dd039be7c3f572f769fdcf -> 
  custom:scripting/monoscript/fileName/ShaderLibrary.cs: 7a09676978959734a6827051c965f749 -> 
  custom:scripting/monoscript/fileName/CurvedText.cs: c86aabacdca275700720e919fc8a8b52 -> 
  custom:scripting/monoscript/fileName/FancyScrollRectCell.cs: 0cdf409b5aa8d4c25876d72b5c6a3b60 -> 
  custom:scripting/monoscript/fileName/Gradient.cs: a4c2a5a25440c543cd82653fda832632 -> 
  custom:scripting/monoscript/fileName/ScrollSnapBase.cs: 3682088473625968e7b4647a6b4213f6 -> 
  custom:scripting/monoscript/fileName/CUIText.cs: 0be1a405bc9388e4813a74aad6018bec -> 
  custom:scripting/monoscript/fileName/BoundTooltipTrigger.cs: e78e2ee612ba85e075ab794a5cb95e73 -> 
  custom:scripting/monoscript/fileName/UIHighlightable.cs: fd305ad78204cb75a66ce809c3f50e6a -> 
  custom:video-codec-MediaFoundation-h265: 746d11721c4dcdbdad8f713fa42b33f4 -> 
  custom:scripting/monoscript/fileName/UIExtensionsInputManager.cs: 6f468ddae971c3bcce0288549c1beabd -> 
  custom:scripting/monoscript/fileName/Gradient2.cs: 9c1fd6257924e43a80b8fccb859d3828 -> 
  custom:scripting/monoscript/fileName/CooldownButton.cs: 72bd21b90ac71f29908a36179176f8fc -> 
  custom:video-decoder-ogg-theora: a1e56fd34408186e4bbccfd4996cb3dc -> 
  custom:scripting/monoscript/fileName/TileSizeFitter.cs: ba6326e335b6f177a627b992c444832c -> 
  custom:scripting/monoscript/fileName/SelectableScaler.cs: 3ebe175d64b38a572f8dbe8fd345f0c3 -> 
  custom:scripting/monoscript/fileName/AccordionElementEditor.cs: db5ee9b2cff22578a12a4d141614d665 -> 
  custom:scripting/monoscript/fileName/ExtensionsToggle.cs: e0b44aa7e1ff973d74b4857a34a48879 -> 
  custom:scripting/monoscript/fileName/ReorderableListElement.cs: 788a31431a1c95dc9a9a52767f8e812f -> 
  custom:scripting/monoscript/fileName/ShineEffector.cs: 52ed4eb6c7ed8f674a18d2a4db6eba86 -> 
  custom:scripting/monoscript/fileName/UISelectableExtension.cs: b6766007d8a2236e23d4749da2d8cdd2 -> 
  custom:framework-win-MediaFoundation: 216162199b28c13a410421893ffa2e32 -> 
  custom:scripting/monoscript/fileName/UISoftAdditiveEffect.cs: 30a825933c907dec19605ff2f58a292f -> 
  custom:scripting/monoscript/fileName/HexColorField.cs: 425eeca1ce4159bc649962b2337061a4 -> 
  custom:scripting/monoscript/fileName/ColorPickerControl.cs: 97231f899ae243cc634f34e048c22095 -> 
  custom:scripting/monoscript/fileName/ReorderableListDebug.cs: 51cf5a188c464deb681bea16cb795b61 -> 
  custom:scripting/monoscript/fileName/TextPic.cs: 9dbd7bc654cbf19eee33ac6fc452bfb1 -> 
  custom:scripting/monoscript/fileName/CUIImage.cs: 41f29f650aa507f802cd9793d91f3211 -> 
  custom:scripting/monoscript/fileName/DropDownListButton.cs: 71d533f2602e0e099d09a556ef8e4414 -> 
  custom:scripting/monoscript/fileName/ScrollSnap.cs: c5ae67ed5cc8c0ab1f7496803acc2648 -> 
  custom:scripting/monoscript/fileName/TextPicIconListCopier.cs: a564a2a474c019b98650cff2383ccfca -> 
  custom:scripting/monoscript/fileName/UICornerCut.cs: 69b0dfb485aa2b1afa65fcf30028125b -> 
  custom:scripting/monoscript/fileName/ScrollerEditor.cs: 478519b80ad2bc62d4a4b80ae078e694 -> 
  custom:scripting/monoscript/fileName/IBoxSelectable.cs: a5bf39a694cf2b84c65e7bec998d4941 -> 
  custom:scripting/monoscript/fileName/TiltWindow.cs: 7c3356d1b5bc9c6e9fe98345b0be7c30 -> 
  custom:scripting/monoscript/fileName/ExtensionMethods.cs: 943bd8dac5ce9467ce7deb0856dc6b0a -> 
  custom:scripting/monoscript/fileName/ComboBox.cs: a6ca48dde827ff07a9093f3624d58e62 -> 
  custom:scripting/monoscript/fileName/ScrollRectLinker.cs: 0316116e17d192ca2ef7c97539dff50f -> 
  custom:scripting/monoscript/fileName/SVBoxSlider.cs: 1d22c9c16d63e1cf38ad19bbcec9a0da -> 
  custom:scripting/monoscript/fileName/VerticalScrollSnap.cs: a7ebcf1fac8331e70ee01e540cbe484b -> 
  custom:scripting/monoscript/fileName/UILineConnector.cs: ea5f69a32957fe35ae7b512ef3f758ef -> 
  custom:scripting/monoscript/fileName/UIScreenEffect.cs: c36542c529d1f733362556ab22c18bf9 -> 
  custom:scripting/monoscript/fileName/SoftMaskScript.cs: 867049fb2647c9983fb1391409f93d30 -> 
  custom:scripting/monoscript/fileName/DiamondGraph.cs: a01b647a54847840428a395cc0d6fc16 -> 
  custom:scripting/monoscript/fileName/ScrollRectEx.cs: 3f6a881a34055e182fee3ab0baaee0c3 -> 
  custom:scripting/monoscript/fileName/UIGridRenderer.cs: 04c0062f4b7cdd6963fdba9ae03d9c72 -> 
  custom:scripting/monoscript/fileName/NicerOutline.cs: 571a7c7c4af4ebadc9fed23f0c3b0b46 -> 
  custom:CustomObjectIndexerAttribute: 9a22284fe3817be447336de3de66b15e -> 
  custom:scripting/monoscript/fileName/ScrollRectExtensions.cs: c76cb840404ffa9bc24248639e9da4ee -> 
  custom:scripting/monoscript/fileName/FancyGridViewContext.cs: 8738476657d4a33c34bc82bed7ce8bc9 -> 
  custom:scripting/monoscript/fileName/MinMaxValues.cs: 4aa11a61e640749f4ea5f947f86be5ba -> 
  custom:scripting/monoscript/fileName/CardExpanding3D.cs: d8b2b9924677ad2b445b05edbed7f0e3 -> 
  custom:scripting/monoscript/fileName/MinMaxSliderEditor.cs: e0496a7f76fc8934af2a763a7289ad36 -> 
  custom:scripting/monoscript/fileName/StepperSide.cs: 34d9a35c8c2622f327b140f18a7398a7 -> 
  custom:scripting/monoscript/fileName/CUIGraphicEditor.cs: a618262d3e77d462c5a0cd2e608e8a53 -> 
  custom:scripting/monoscript/fileName/DropDownList.cs: 3d51ab81e9571c9027b59874b2c78567 -> 
  custom:scripting/monoscript/fileName/ITweenValue.cs: 1d0eaa4b435fa135e18af6b5fa57e92e -> 
  custom:container-demuxer-webm: 4f35f7cbe854078d1ac9338744f61a02 -> 
  custom:scripting/monoscript/fileName/CardExpanding2D.cs: e0950b450275cb3936a581f286a6b471 -> 
  custom:scripting/monoscript/fileName/ResetSelectableHighlight.cs: 3ea63487fd77e7b22731770a86b4f8b9 -> 
  custom:scripting/monoscript/fileName/UIScrollToSelection.cs: d89fc8e36bdc19715e3104a5f857d175 -> 
  custom:scripting/monoscript/fileName/IScrollSnap.cs: 80b4110dac6695d630b8e7501d8e5aa8 -> 
  custom:scripting/monoscript/fileName/SegmentedControl.cs: 3a6e53207de58cf304ab520e0638e2df -> 
  custom:scripting/monoscript/fileName/ColorSampler.cs: 617678b91f4adc7b3146f51bed3fc4b1 -> 
  custom:scripting/monoscript/fileName/TabNavigationHelper.cs: 43f45dc623750048d2fbac24931c8ac8 -> 
  custom:scripting/monoscript/fileName/AutoCompleteComboBox.cs: 6e2e6cf33d4f5ca4ad3c05ff8f254467 -> 
  custom:scripting/monoscript/fileName/TextPicEditor.cs: c23216fe996c314d4c496ad837485981 -> 
  custom:scripting/monoscript/fileName/CUIMisc.cs: bc26c7f132f5cd28304cbc88070ca4dc -> 
  custom:scripting/monoscript/fileName/UIAdditiveEffect.cs: 50386f7d7d76f5c5e155dbf56c5e5fdd -> 
  custom:scripting/monoscript/fileName/MonoSpacing.cs: 45ba6bf376dd125375a8906a7d8b8b4b -> 
  custom:scripting/monoscript/fileName/FloatTween.cs: c51b551f6abec506d0db9945f7aa25cc -> 
  custom:scripting/monoscript/fileName/BoxSlider.cs: 662335e935a62641f6cb14e99e25e994 -> 
  custom:scripting/monoscript/fileName/BezierLineRendererEditor.cs: 2a50098be424d999e43b888ace13278c -> 
  custom:scripting/monoscript/fileName/NonDrawingGraphic.cs: a309796f6d67e4c1c110ec62b4572b4e -> 
  custom:scripting/monoscript/fileName/ScrollPositionController.cs: 30c392a65a277a4a74b1a6f1a3417601 -> 
  custom:scripting/monoscript/fileName/ContentScrollSnapHorizontal.cs: cb0bf043572062ce08b48904f46c98c8 -> 
  custom:scripting/monoscript/fileName/Triangulator.cs: 4ee9f09ca55767568ee94c9eaaed7244 -> d867a9a7a8385ef82ff357feb70c59d4
  custom:scripting/monoscript/fileName/UIImageCrop.cs: 1ec5d1f18ccf3bbe8ea319cda00ecfbc -> 
  custom:scripting/monoscript/fileName/BoxSliderEditor.cs: 9c680a5a338924fb176605eed0f68a75 -> 
  custom:scripting/monoscript/fileName/FancyScrollView.cs: c5f9c64ec4b4e183b17919204bc381a9 -> 
  custom:scripting/monoscript/fileName/BezierPath.cs: 90cbb6f823f7a03c69c93b3e1653c45e -> 
  custom:scripting/monoscript/fileName/SuperellipsePoints.cs: db2a1c9698f2dea478e1d6bfece554ae -> 
  custom:scripting/monoscript/fileName/UI_Knob.cs: 00244fb2be3e9e1f5ec3a07f175066a9 -> 
  custom:container-muxer-webm: aa71ff27fc2769a1b78a27578f13a17b -> 
  custom:scripting/monoscript/fileName/RaycastMask.cs: b13971e6a124c25b886c6703ae2aab24 -> 
  custom:scripting/monoscript/fileName/MultiTouchScrollRect.cs: 3a778993ea01435b2502c14ea2b2ff98 -> 
  custom:video-decoder-webm-vp8: 9c59270c3fd7afecdb556c50c9e8de78 -> 
  custom:scripting/monoscript/fileName/InputFieldEnterSubmit.cs: cdd5149b8afb8dc59ad57cc53ad8fb3b -> 
  custom:scripting/monoscript/fileName/ExampleSelectable.cs: 8dc7a8cd606154e7d10bb507e235c1f8 -> 
  custom:scripting/monoscript/fileName/uGUITools.cs: aa32797d8a9cdcd2167b6be114b0d5ec -> 
  custom:scripting/monoscript/fileName/UILinearDodgeEffect.cs: f5508d2f3f6addba614d4c08275f4546 -> 
  custom:SearchIndexIgnoredProperties: e643bd26f0fe6173181afceb89e7c659 -> 
  custom:scripting/monoscript/fileName/EasingCore.cs: 0bad7e894488e9b67256d892a478aab1 -> 
  custom:scripting/monoscript/fileName/Stepper.cs: 3ee1a56034750815f9c567b6c54fbbb8 -> 
  custom:scripting/monoscript/fileName/UIPrimitiveBase.cs: 80a945e915822efd5c887ee28f76aa9f -> 
  custom:AudioImporter_EditorPlatform: d09bf68614088b80899f8185d706f6e7 -> 
  custom:scripting/monoscript/fileName/LetterSpacing.cs: c4f4c504ac9c0b708c438c8a0faf6a96 -> 
  custom:scripting/monoscript/fileName/UISquircle.cs: faaa67841792f2c90a13db82841ac6e3 -> 
  custom:scripting/monoscript/fileName/RangeSlider.cs: 026cea0882c5bbc90f7cedc5111cfeb2 -> 
  custom:scripting/monoscript/fileName/UIExtensionMethods.cs: 2621bff24acfb4ddb3b264b7553588d8 -> 
  custom:scripting/monoscript/fileName/UIVerticalScroller.cs: 3532ae0d4ba5f6e2c310cfec2c655a8c -> 
  custom:scripting/monoscript/fileName/ColorLabel.cs: 9a2d62e5e8f65400e4abc881023f36f7 -> 
  custom:scripting/monoscript/fileName/TooltipTrigger.cs: 546a7d73bc42b9e6f1fd03a7e07d7f29 -> 
  custom:scripting/monoscript/fileName/UIMultiplyEffect.cs: 29b6f1f4d98d9b61292d829c0030af4b -> 
  custom:scripting/monoscript/fileName/CardPopup2D.cs: ac929914b8675b3ff1238ddb1cc99789 -> 
  custom:scripting/monoscript/fileName/ScrollSnapScrollbarHelper.cs: d6b043fd7048156ea2ef4da9da4a0a51 -> 
  custom:scripting/monoscript/fileName/HoverTooltip.cs: abdf0400bdf15bb8fdc0bc4d5ecc993f -> 
  custom:scripting/monoscript/fileName/ColorImage.cs: 87dea3e9bf43c94e295d4fa411046c66 -> 
  custom:scripting/monoscript/fileName/FancyScrollRectContext.cs: 9e5d4d8665c04a1190a3fc52908244b0 -> 
  custom:scripting/monoscript/fileName/TextPicIconEditor.cs: 1f41560011fcb93d03be374d10238c0c -> 
  custom:scripting/monoscript/fileName/UI_InfiniteScroll.cs: f7518bdb5ccbb5518282b9c860eef985 -> 
  custom:scripting/monoscript/fileName/UIExtensionsMenuOptions.cs: 25d3bc76bdcc7be45d732e8f064ec6a7 -> 
  custom:scripting/monoscript/fileName/ReadOnlyAttribute.cs: 604ae8fbc27d6402b88ac08f1987318f -> 
  custom:scripting/monoscript/fileName/UICircle.cs: e40253d6117a9fbea82cc285a7e8a36e -> 
  custom:scripting/monoscript/fileName/UIScrollToSelectionXY.cs: 8145d21a6ef6f8610242d2ba291595b9 -> 
  custom:scripting/monoscript/fileName/CUITextEditor.cs: 966cced0a631446b9484c2fe777a7f5b -> 
  custom:scripting/precompiled-assembly-types:UnityUIExtensions.editor: e002030e6fc012878af160bb334541ad -> 
  custom:scripting/monoscript/fileName/TweenRunner.cs: 90647cc400823b41df847a6cbfc29026 -> 
  custom:scripting/monoscript/fileName/UIHorizontalScroller.cs: 758f016ad67e22eff0f26468f408f006 -> 
  custom:scripting/monoscript/fileName/ReturnKeyTriggersButton.cs: 622f27a1a5fce3f8fe14f0fe6c6b39b5 -> 
  custom:scripting/monoscript/fileName/FancyGridViewCell.cs: 0cdf409b5aa8d4c25876d72b5c6a3b60 -> 
  custom:scripting/monoscript/fileName/Scroller.cs: 94938ad1cd7c20206a0339e3bd7f3330 -> 
  custom:scripting/monoscript/fileName/CylinderText.cs: 86c073c10ed890f8e108be86fb350e35 -> 
  custom:scripting/monoscript/fileName/ColorPickerPresets.cs: d20309ac183a87fd46c2e0a03ba5bdef -> 
  custom:scripting/monoscript/fileName/RadialSlider.cs: 24542b53b379116a4f98bb53a64e13b8 -> 
  custom:scripting/monoscript/fileName/PPIViewer.cs: 5269fbe050022d597b2ceba1b1d4cbae -> 
  custom:scripting/monoscript/fileName/InputFocus.cs: 6a5a3b184038cb5e7dbe4882c96bc91b -> 
  custom:scripting/monoscript/fileName/CUIBezierCurve.cs: 32214df0cb137de9f4967269deffb6f3 -> 
  custom:scripting/monoscript/fileName/DropDownListItem.cs: 91c61fd79335f34fb81e114553bf8888 -> 
  custom:scripting/monoscript/fileName/UIFlippable.cs: 9c843e180ea4b6afe9c1ba071336e124 -> 
  custom:scripting/monoscript/fileName/CanvasGroupActivator.cs: f743e9c6e47b0eb8c0b7b2fbf9f7de19 -> 
  custom:scripting/monoscript/fileName/UIWindowBase.cs: 776e605614a77fffd4e0147c8e684e94 -> 
  custom:video-encoder-webm-vp8: eb34c28f22e8b96e1ab97ce403110664 -> 
  custom:scripting/monoscript/fileName/ScrollPositionControllerEditor.cs: fb86570a90d8d5b779234b7f103e1b51 -> 
  custom:scripting/monoscript/fileName/CurvedLayout.cs: 46917779e317aa4a214ea430689de312 -> 
  custom:scripting/monoscript/fileName/ScrollConflictManager.cs: 1a474b2432b80a8b7211f13c79bb991c -> 
  custom:scripting/monoscript/fileName/ReadOnlyDrawer.cs: 1c0aa6472b8e40c24f66a5805d818994 -> 
  custom:audio-decoder-ogg-vorbis: bf7c407c2cedff20999df2af8eb42d56 -> 
  custom:scripting/monoscript/fileName/FancyGridView.cs: 849ed7f5b11c9db237ef61b01c5a5104 -> 
  custom:scripting/monoscript/fileName/CableCurve.cs: 1ed0592bfc80d3ca3db7b55e9a6e9d9a -> 
  custom:scripting/monoscript/fileName/PaginationManager.cs: b5c7a38e1c9bde92ca052679632bc9f1 -> 
  custom:scripting/monoscript/fileName/UILineTextureRenderer.cs: f3042185c83712ad42b2d6694b56f8d3 -> 
  custom:scripting/monoscript/fileName/MenuManager.cs: 8e71de17d45faf11b5ca3e63d3867170 -> 
  custom:scripting/monoscript/fileName/ColorPickerPresetsEditor.cs: 57bebb34d006d8305e8cd353ea00f28b -> 
  custom:scripting/monoscript/fileName/UI_MagneticInfiniteScroll.cs: 7f0db092e1c52c826e7ccbefe21fe7ce -> 
  custom:scripting/monoscript/fileName/ToolTip.cs: 2f05f936126a769ca9a98ef6920928a7 -> 
  custom:scripting/monoscript/fileName/TextPicRenameEditor.cs: b67a1588d964fe3ac177da9872e96689 -> 
  custom:scripting/monoscript/fileName/TestCompression.cs: 2a18178f72c1b3979b9006483863f20e -> 
  custom:scripting/monoscript/fileName/IFancyScrollRectContext.cs: 9c4dee0aef526d67eb0a668a1c9b910a -> 
  custom:scripting/monoscript/fileName/ColorChangedEvent.cs: bafb161b451089e6c72bcae877e0ba66 -> 
  custom:scripting/monoscript/fileName/BestFitOutline.cs: 2ec1c68346f5b721e3d92092cd60b278 -> 
  custom:scripting/monoscript/fileName/NonDrawingGraphicEditor.cs: 1e7abd1e1a4d3da38de70c6d38c19118 -> 
  custom:scripting/monoscript/fileName/HSVChangedEvent.cs: 8a0d7f505f4db7e267a03264293f54eb -> 
  custom:scripting/monoscript/fileName/CUIImageEditor.cs: 0be5a4365a8d65680f88c4d192e5254c -> 
  custom:scripting/monoscript/fileName/HorizontalScrollSnap.cs: 624447835d67a70d90ed2b7f69117316 -> 
  custom:scripting/monoscript/fileName/UI_TweenScale.cs: 50a18c41daf615d82dc37ef0e9dcea31 -> 
  custom:scripting/monoscript/fileName/BoundTooltipItem.cs: 12dc26af634677e40fd7840809357e6c -> 
  custom:scripting/monoscript/fileName/AccordionElement.cs: 69f1a7e537099cc57de9b6eaa86cef32 -> 
  custom:scripting/monoscript/fileName/UI_ScrollRectOcclusion.cs: 491f1c2592ac821eb8de9e533fddd4a9 -> 
  custom:scripting/monoscript/fileName/CUIBezierCurveEditor.cs: be4462c6de2387d5f99ef9d0e93b91ee -> 
  custom:scripting/monoscript/fileName/ColorSliderImage.cs: bbcbfbf23dc2f9fc5450db8f36b24487 -> 
  custom:scripting/monoscript/fileName/Accordion.cs: c31898dc7ffd6f7b32be5689419229bc -> 
  custom:scripting/monoscript/fileName/FancyCell.cs: 0cdf409b5aa8d4c25876d72b5c6a3b60 -> 
  custom:scripting/monoscript/fileName/ShineEffect.cs: 61d233269c4ea687efa548adef5d6e13 -> 
  custom:audio-encoder-webm-vorbis: bf7c407c2cedff20999df2af8eb42d56 -> 
  custom:scripting/monoscript/fileName/ScrollRectTweener.cs: 3437a8fb18bed84a45865e36e83e332f -> 
  custom:scripting/monoscript/fileName/MeshCreator.cs: a2506ad04bac2e5a6d6d50e0d7978d92 -> 
  custom:scripting/monoscript/fileName/UIPolygon.cs: ef7b3e02606f58c56a27e65db10bc7f3 -> 
  custom:scripting/monoscript/fileName/switchToRectTransform.cs: 0ef297259b7f2ab26defc1d718ad1e0a -> 
  custom:scripting/monoscript/fileName/UILineRendererList.cs: efbf4ff76c31aa3e4f61c8b26734d929 -> 
  custom:scripting/monoscript/fileName/CLZF2.cs: 40ef7bf6191a1a5e5b0f37e092e1b271 -> 
  custom:scripting/monoscript/fileName/SimpleMenu.cs: 90647cc400823b41df847a6cbfc29026 -> 
  custom:scripting/monoscript/fileName/RescalePanel.cs: a379a55181438e3b7a29019da8a3c82c -> 
  custom:scripting/monoscript/fileName/DragCorrector.cs: 89ab4a0369eecb75be2277a80a08c1e7 -> 
  custom:scripting/monoscript/fileName/RangeSliderEditor.cs: 1c09cdb4e75bc10f834bbae9a7b54e1e -> 
  custom:scripting/monoscript/fileName/FancyScrollRect.cs: 0cdf409b5aa8d4c25876d72b5c6a3b60 -> 
  custom:scripting/monoscript/fileName/ReorderableList.cs: 944c8e214787d07461c711b29546f976 -> 
  custom:scripting/monoscript/fileName/RadialLayout.cs: 170f31c5fdb54a9fe7ba926effdfd7d4 -> 
  custom:scripting/monoscript/fileName/ColorSlider.cs: a91d06b853e0bf2d5df3ea61a67d5c83 -> 
  custom:scripting/monoscript/fileName/IFancyGridViewContext.cs: be7addf49e5950ebb654fec55c2afa8b -> 
  custom:scripting/precompiled-assembly-types:UnityUIExtensions: c0991a7eaf90618746e467e9e018bd04 -> 
  custom:scripting/monoscript/fileName/CUIGraphic.cs: 4f47fad340418bff51fe6171e2259e7f -> 
  custom:scripting/monoscript/fileName/IFancyCellGroupContext.cs: 323b5f49cc2011b3d2d9088e528ed161 -> 
  custom:scripting/monoscript/fileName/MinMaxSlider.cs: e7d98a511e8b98df33f72f37935821e5 -> 
  custom:scripting/monoscript/fileName/ColorPickerTester.cs: 63b6c03c009a94721b9d41c8d5e5e6ed -> 
========================================================================
Received Prepare
Caller must complete domain reload
Begin MonoManager ReloadAssembly
- Loaded All Assemblies, in  0.506 seconds
Native extension for WindowsStandalone target not found
Native extension for WebGL target not found
Mono: successfully reloaded assembly
- Finished resetting the current domain, in  1.073 seconds
Domain Reload Profiling: 1579ms
	BeginReloadAssembly (159ms)
		ExecutionOrderSort (0ms)
		DisableScriptedObjects (12ms)
		BackupInstance (0ms)
		ReleaseScriptingObjects (0ms)
		CreateAndSetChildDomain (32ms)
	RebuildCommonClasses (33ms)
	RebuildNativeTypeToScriptingClass (11ms)
	initialDomainReloadingComplete (27ms)
	LoadAllAssembliesAndSetupDomain (274ms)
		LoadAssemblies (339ms)
		RebuildTransferFunctionScriptingTraits (0ms)
		AnalyzeDomain (22ms)
			TypeCache.Refresh (7ms)
				TypeCache.ScanAssembly (0ms)
			ScanForSourceGeneratedMonoScriptInfo (0ms)
			ResolveRequiredComponents (12ms)
	FinalizeReload (1074ms)
		ReleaseScriptCaches (0ms)
		RebuildScriptCaches (0ms)
		SetupLoadedEditorAssemblies (465ms)
			LogAssemblyErrors (0ms)
			InitializePlatformSupportModulesInManaged (8ms)
			SetLoadedEditorAssemblies (6ms)
			RefreshPlugins (0ms)
			BeforeProcessingInitializeOnLoad (75ms)
			ProcessInitializeOnLoadAttributes (340ms)
			ProcessInitializeOnLoadMethodAttributes (34ms)
			AfterProcessingInitializeOnLoad (3ms)
			EditorAssembliesLoaded (0ms)
		ExecutionOrderSort2 (0ms)
		AwakeInstancesAfterBackupRestoration (15ms)
Refreshing native plugins compatible for Editor in 8.52 ms, found 7 plugins.
Preloading 0 native plugins for Editor in 0.00 ms.
Unloading 4456 Unused Serialized files (Serialized files now loaded: 0)
Unloading 44 unused Assets / (0.7 MB). Loaded Objects now: 5291.
Memory consumption went from 158.3 MB to 157.6 MB.
Total: 4.779000 ms (FindLiveObjects: 0.541800 ms CreateObjectMapping: 0.293700 ms MarkObjects: 3.365900 ms  DeleteObjects: 0.575800 ms)

Prepare: number of updated asset objects reloaded= 0
AssetImportParameters requested are different than current active one (requested -> active):
  custom:scripting/monoscript/fileName/CardStack2D.cs: 52f7ac406c04f320c1cc31b32fc945ec -> 
  custom:scripting/monoscript/fileName/UILineRendererFIFO.cs: 1a840d7d842445f62c20beee85a5bbc5 -> 
  custom:scripting/monoscript/fileName/FlowLayoutGroup.cs: 4f8c51e99186127173631d5ea0b848a8 -> 
  custom:scripting/monoscript/fileName/UIParticleSystem.cs: 6cef203566a0c9333597e4e233613614 -> 
  custom:scripting/monoscript/fileName/UILineRenderer.cs: 673f1b621ab4781ac78770b1b3c45207 -> 
  custom:scripting/monoscript/fileName/TableLayoutGroup.cs: 9697d88a99d4c91003d206b86eed3a61 -> 
  custom:scripting/monoscript/fileName/Segment.cs: 823b994f6bbb6e32f73e9807948df6b3 -> 
  custom:container-demuxer-ogg: 62fdf1f143b41e24485cea50d1cbac27 -> 
  custom:scripting/monoscript/fileName/SelectionBox.cs: 9eabc2822607d24d284c5c0d720d4a01 -> 
  custom:scripting/monoscript/fileName/ReorderableListContent.cs: a630238339e5f198f723ac29a2329f6d -> 
  custom:scripting/monoscript/fileName/Menu.cs: d0a2652908e797d4064ef9b772450cc8 -> 
  custom:scripting/monoscript/fileName/SetPropertyUtility.cs: 02aade692758e5563210cc05829e9851 -> f604b4b9e6b0979bdfc1e2b40426dd19
  custom:scripting/monoscript/fileName/HSVUtil.cs: 2f204c7a89b046fae714aadbcda42851 -> 
  custom:scripting/monoscript/fileName/FancyCellGroup.cs: 90647cc400823b41df847a6cbfc29026 -> 
  custom:scripting/monoscript/fileName/RescaleDragPanel.cs: 428e5a10a21f2d3fc3805557487d591e -> 
  custom:scripting/monoscript/fileName/ExtensionsToggleGroup.cs: 93967f93faef61aecdca9232fa42b062 -> 
  custom:scripting/monoscript/fileName/ResizePanel.cs: 0a2d1269c62cba913a254b515f8b6020 -> 
  custom:scripting/monoscript/fileName/Circle.cs: cfc2369c92dd039be7c3f572f769fdcf -> 
  custom:scripting/monoscript/fileName/ShaderLibrary.cs: 7a09676978959734a6827051c965f749 -> 
  custom:scripting/monoscript/fileName/CurvedText.cs: c86aabacdca275700720e919fc8a8b52 -> 
  custom:scripting/monoscript/fileName/FancyScrollRectCell.cs: 0cdf409b5aa8d4c25876d72b5c6a3b60 -> 
  custom:scripting/monoscript/fileName/Gradient.cs: a4c2a5a25440c543cd82653fda832632 -> 
  custom:scripting/monoscript/fileName/ScrollSnapBase.cs: 3682088473625968e7b4647a6b4213f6 -> 
  custom:scripting/monoscript/fileName/CUIText.cs: 0be1a405bc9388e4813a74aad6018bec -> 
  custom:scripting/monoscript/fileName/BoundTooltipTrigger.cs: e78e2ee612ba85e075ab794a5cb95e73 -> 
  custom:scripting/monoscript/fileName/UIHighlightable.cs: fd305ad78204cb75a66ce809c3f50e6a -> 
  custom:video-codec-MediaFoundation-h265: 746d11721c4dcdbdad8f713fa42b33f4 -> 
  custom:scripting/monoscript/fileName/UIExtensionsInputManager.cs: 6f468ddae971c3bcce0288549c1beabd -> 
  custom:scripting/monoscript/fileName/Gradient2.cs: 9c1fd6257924e43a80b8fccb859d3828 -> 
  custom:scripting/monoscript/fileName/CooldownButton.cs: 72bd21b90ac71f29908a36179176f8fc -> 
  custom:video-decoder-ogg-theora: a1e56fd34408186e4bbccfd4996cb3dc -> 
  custom:scripting/monoscript/fileName/TileSizeFitter.cs: ba6326e335b6f177a627b992c444832c -> 
  custom:scripting/monoscript/fileName/SelectableScaler.cs: 3ebe175d64b38a572f8dbe8fd345f0c3 -> 
  custom:scripting/monoscript/fileName/AccordionElementEditor.cs: db5ee9b2cff22578a12a4d141614d665 -> 
  custom:scripting/monoscript/fileName/ExtensionsToggle.cs: e0b44aa7e1ff973d74b4857a34a48879 -> 
  custom:scripting/monoscript/fileName/ReorderableListElement.cs: 788a31431a1c95dc9a9a52767f8e812f -> 
  custom:scripting/monoscript/fileName/ShineEffector.cs: 52ed4eb6c7ed8f674a18d2a4db6eba86 -> 
  custom:scripting/monoscript/fileName/UISelectableExtension.cs: b6766007d8a2236e23d4749da2d8cdd2 -> 
  custom:framework-win-MediaFoundation: 216162199b28c13a410421893ffa2e32 -> 
  custom:scripting/monoscript/fileName/UISoftAdditiveEffect.cs: 30a825933c907dec19605ff2f58a292f -> 
  custom:scripting/monoscript/fileName/HexColorField.cs: 425eeca1ce4159bc649962b2337061a4 -> 
  custom:scripting/monoscript/fileName/ColorPickerControl.cs: 97231f899ae243cc634f34e048c22095 -> 
  custom:scripting/monoscript/fileName/ReorderableListDebug.cs: 51cf5a188c464deb681bea16cb795b61 -> 
  custom:scripting/monoscript/fileName/TextPic.cs: 9dbd7bc654cbf19eee33ac6fc452bfb1 -> 
  custom:scripting/monoscript/fileName/CUIImage.cs: 41f29f650aa507f802cd9793d91f3211 -> 
  custom:scripting/monoscript/fileName/DropDownListButton.cs: 71d533f2602e0e099d09a556ef8e4414 -> 
  custom:scripting/monoscript/fileName/ScrollSnap.cs: c5ae67ed5cc8c0ab1f7496803acc2648 -> 
  custom:scripting/monoscript/fileName/TextPicIconListCopier.cs: a564a2a474c019b98650cff2383ccfca -> 
  custom:scripting/monoscript/fileName/UICornerCut.cs: 69b0dfb485aa2b1afa65fcf30028125b -> 
  custom:scripting/monoscript/fileName/ScrollerEditor.cs: 478519b80ad2bc62d4a4b80ae078e694 -> 
  custom:scripting/monoscript/fileName/IBoxSelectable.cs: a5bf39a694cf2b84c65e7bec998d4941 -> 
  custom:scripting/monoscript/fileName/TiltWindow.cs: 7c3356d1b5bc9c6e9fe98345b0be7c30 -> 
  custom:scripting/monoscript/fileName/ExtensionMethods.cs: 943bd8dac5ce9467ce7deb0856dc6b0a -> 
  custom:scripting/monoscript/fileName/ComboBox.cs: a6ca48dde827ff07a9093f3624d58e62 -> 
  custom:scripting/monoscript/fileName/ScrollRectLinker.cs: 0316116e17d192ca2ef7c97539dff50f -> 
  custom:scripting/monoscript/fileName/SVBoxSlider.cs: 1d22c9c16d63e1cf38ad19bbcec9a0da -> 
  custom:scripting/monoscript/fileName/VerticalScrollSnap.cs: a7ebcf1fac8331e70ee01e540cbe484b -> 
  custom:scripting/monoscript/fileName/UILineConnector.cs: ea5f69a32957fe35ae7b512ef3f758ef -> 
  custom:scripting/monoscript/fileName/UIScreenEffect.cs: c36542c529d1f733362556ab22c18bf9 -> 
  custom:scripting/monoscript/fileName/SoftMaskScript.cs: 867049fb2647c9983fb1391409f93d30 -> 
  custom:scripting/monoscript/fileName/DiamondGraph.cs: a01b647a54847840428a395cc0d6fc16 -> 
  custom:scripting/monoscript/fileName/ScrollRectEx.cs: 3f6a881a34055e182fee3ab0baaee0c3 -> 
  custom:scripting/monoscript/fileName/UIGridRenderer.cs: 04c0062f4b7cdd6963fdba9ae03d9c72 -> 
  custom:scripting/monoscript/fileName/NicerOutline.cs: 571a7c7c4af4ebadc9fed23f0c3b0b46 -> 
  custom:CustomObjectIndexerAttribute: 9a22284fe3817be447336de3de66b15e -> 
  custom:scripting/monoscript/fileName/ScrollRectExtensions.cs: c76cb840404ffa9bc24248639e9da4ee -> 
  custom:scripting/monoscript/fileName/FancyGridViewContext.cs: 8738476657d4a33c34bc82bed7ce8bc9 -> 
  custom:scripting/monoscript/fileName/MinMaxValues.cs: 4aa11a61e640749f4ea5f947f86be5ba -> 
  custom:scripting/monoscript/fileName/CardExpanding3D.cs: d8b2b9924677ad2b445b05edbed7f0e3 -> 
  custom:scripting/monoscript/fileName/MinMaxSliderEditor.cs: e0496a7f76fc8934af2a763a7289ad36 -> 
  custom:scripting/monoscript/fileName/StepperSide.cs: 34d9a35c8c2622f327b140f18a7398a7 -> 
  custom:scripting/monoscript/fileName/CUIGraphicEditor.cs: a618262d3e77d462c5a0cd2e608e8a53 -> 
  custom:scripting/monoscript/fileName/DropDownList.cs: 3d51ab81e9571c9027b59874b2c78567 -> 
  custom:scripting/monoscript/fileName/ITweenValue.cs: 1d0eaa4b435fa135e18af6b5fa57e92e -> 
  custom:container-demuxer-webm: 4f35f7cbe854078d1ac9338744f61a02 -> 
  custom:scripting/monoscript/fileName/CardExpanding2D.cs: e0950b450275cb3936a581f286a6b471 -> 
  custom:scripting/monoscript/fileName/ResetSelectableHighlight.cs: 3ea63487fd77e7b22731770a86b4f8b9 -> 
  custom:scripting/monoscript/fileName/UIScrollToSelection.cs: d89fc8e36bdc19715e3104a5f857d175 -> 
  custom:scripting/monoscript/fileName/IScrollSnap.cs: 80b4110dac6695d630b8e7501d8e5aa8 -> 
  custom:scripting/monoscript/fileName/SegmentedControl.cs: 3a6e53207de58cf304ab520e0638e2df -> 
  custom:scripting/monoscript/fileName/ColorSampler.cs: 617678b91f4adc7b3146f51bed3fc4b1 -> 
  custom:scripting/monoscript/fileName/TabNavigationHelper.cs: 43f45dc623750048d2fbac24931c8ac8 -> 
  custom:scripting/monoscript/fileName/AutoCompleteComboBox.cs: 6e2e6cf33d4f5ca4ad3c05ff8f254467 -> 
  custom:scripting/monoscript/fileName/TextPicEditor.cs: c23216fe996c314d4c496ad837485981 -> 
  custom:scripting/monoscript/fileName/CUIMisc.cs: bc26c7f132f5cd28304cbc88070ca4dc -> 
  custom:scripting/monoscript/fileName/UIAdditiveEffect.cs: 50386f7d7d76f5c5e155dbf56c5e5fdd -> 
  custom:scripting/monoscript/fileName/MonoSpacing.cs: 45ba6bf376dd125375a8906a7d8b8b4b -> 
  custom:scripting/monoscript/fileName/FloatTween.cs: c51b551f6abec506d0db9945f7aa25cc -> 
  custom:scripting/monoscript/fileName/BoxSlider.cs: 662335e935a62641f6cb14e99e25e994 -> 
  custom:scripting/monoscript/fileName/BezierLineRendererEditor.cs: 2a50098be424d999e43b888ace13278c -> 
  custom:scripting/monoscript/fileName/NonDrawingGraphic.cs: a309796f6d67e4c1c110ec62b4572b4e -> 
  custom:scripting/monoscript/fileName/ScrollPositionController.cs: 30c392a65a277a4a74b1a6f1a3417601 -> 
  custom:scripting/monoscript/fileName/ContentScrollSnapHorizontal.cs: cb0bf043572062ce08b48904f46c98c8 -> 
  custom:scripting/monoscript/fileName/Triangulator.cs: 4ee9f09ca55767568ee94c9eaaed7244 -> d867a9a7a8385ef82ff357feb70c59d4
  custom:scripting/monoscript/fileName/UIImageCrop.cs: 1ec5d1f18ccf3bbe8ea319cda00ecfbc -> 
  custom:scripting/monoscript/fileName/BoxSliderEditor.cs: 9c680a5a338924fb176605eed0f68a75 -> 
  custom:scripting/monoscript/fileName/FancyScrollView.cs: c5f9c64ec4b4e183b17919204bc381a9 -> 
  custom:scripting/monoscript/fileName/BezierPath.cs: 90cbb6f823f7a03c69c93b3e1653c45e -> 
  custom:scripting/monoscript/fileName/SuperellipsePoints.cs: db2a1c9698f2dea478e1d6bfece554ae -> 
  custom:scripting/monoscript/fileName/UI_Knob.cs: 00244fb2be3e9e1f5ec3a07f175066a9 -> 
  custom:container-muxer-webm: aa71ff27fc2769a1b78a27578f13a17b -> 
  custom:scripting/monoscript/fileName/RaycastMask.cs: b13971e6a124c25b886c6703ae2aab24 -> 
  custom:scripting/monoscript/fileName/MultiTouchScrollRect.cs: 3a778993ea01435b2502c14ea2b2ff98 -> 
  custom:video-decoder-webm-vp8: 9c59270c3fd7afecdb556c50c9e8de78 -> 
  custom:scripting/monoscript/fileName/InputFieldEnterSubmit.cs: cdd5149b8afb8dc59ad57cc53ad8fb3b -> 
  custom:scripting/monoscript/fileName/ExampleSelectable.cs: 8dc7a8cd606154e7d10bb507e235c1f8 -> 
  custom:scripting/monoscript/fileName/uGUITools.cs: aa32797d8a9cdcd2167b6be114b0d5ec -> 
  custom:scripting/monoscript/fileName/UILinearDodgeEffect.cs: f5508d2f3f6addba614d4c08275f4546 -> 
  custom:SearchIndexIgnoredProperties: e643bd26f0fe6173181afceb89e7c659 -> 
  custom:scripting/monoscript/fileName/EasingCore.cs: 0bad7e894488e9b67256d892a478aab1 -> 
  custom:scripting/monoscript/fileName/Stepper.cs: 3ee1a56034750815f9c567b6c54fbbb8 -> 
  custom:scripting/monoscript/fileName/UIPrimitiveBase.cs: 80a945e915822efd5c887ee28f76aa9f -> 
  custom:AudioImporter_EditorPlatform: d09bf68614088b80899f8185d706f6e7 -> 
  custom:scripting/monoscript/fileName/LetterSpacing.cs: c4f4c504ac9c0b708c438c8a0faf6a96 -> 
  custom:scripting/monoscript/fileName/UISquircle.cs: faaa67841792f2c90a13db82841ac6e3 -> 
  custom:scripting/monoscript/fileName/RangeSlider.cs: 026cea0882c5bbc90f7cedc5111cfeb2 -> 
  custom:scripting/monoscript/fileName/UIExtensionMethods.cs: 2621bff24acfb4ddb3b264b7553588d8 -> 
  custom:scripting/monoscript/fileName/UIVerticalScroller.cs: 3532ae0d4ba5f6e2c310cfec2c655a8c -> 
  custom:scripting/monoscript/fileName/ColorLabel.cs: 9a2d62e5e8f65400e4abc881023f36f7 -> 
  custom:scripting/monoscript/fileName/TooltipTrigger.cs: 546a7d73bc42b9e6f1fd03a7e07d7f29 -> 
  custom:scripting/monoscript/fileName/UIMultiplyEffect.cs: 29b6f1f4d98d9b61292d829c0030af4b -> 
  custom:scripting/monoscript/fileName/CardPopup2D.cs: ac929914b8675b3ff1238ddb1cc99789 -> 
  custom:scripting/monoscript/fileName/ScrollSnapScrollbarHelper.cs: d6b043fd7048156ea2ef4da9da4a0a51 -> 
  custom:scripting/monoscript/fileName/HoverTooltip.cs: abdf0400bdf15bb8fdc0bc4d5ecc993f -> 
  custom:scripting/monoscript/fileName/ColorImage.cs: 87dea3e9bf43c94e295d4fa411046c66 -> 
  custom:scripting/monoscript/fileName/FancyScrollRectContext.cs: 9e5d4d8665c04a1190a3fc52908244b0 -> 
  custom:scripting/monoscript/fileName/TextPicIconEditor.cs: 1f41560011fcb93d03be374d10238c0c -> 
  custom:scripting/monoscript/fileName/UI_InfiniteScroll.cs: f7518bdb5ccbb5518282b9c860eef985 -> 
  custom:scripting/monoscript/fileName/UIExtensionsMenuOptions.cs: 25d3bc76bdcc7be45d732e8f064ec6a7 -> 
  custom:scripting/monoscript/fileName/ReadOnlyAttribute.cs: 604ae8fbc27d6402b88ac08f1987318f -> 
  custom:scripting/monoscript/fileName/UICircle.cs: e40253d6117a9fbea82cc285a7e8a36e -> 
  custom:scripting/monoscript/fileName/UIScrollToSelectionXY.cs: 8145d21a6ef6f8610242d2ba291595b9 -> 
  custom:scripting/monoscript/fileName/CUITextEditor.cs: 966cced0a631446b9484c2fe777a7f5b -> 
  custom:scripting/precompiled-assembly-types:UnityUIExtensions.editor: e002030e6fc012878af160bb334541ad -> 
  custom:scripting/monoscript/fileName/TweenRunner.cs: 90647cc400823b41df847a6cbfc29026 -> 
  custom:scripting/monoscript/fileName/UIHorizontalScroller.cs: 758f016ad67e22eff0f26468f408f006 -> 
  custom:scripting/monoscript/fileName/ReturnKeyTriggersButton.cs: 622f27a1a5fce3f8fe14f0fe6c6b39b5 -> 
  custom:scripting/monoscript/fileName/FancyGridViewCell.cs: 0cdf409b5aa8d4c25876d72b5c6a3b60 -> 
  custom:scripting/monoscript/fileName/Scroller.cs: 94938ad1cd7c20206a0339e3bd7f3330 -> 
  custom:scripting/monoscript/fileName/CylinderText.cs: 86c073c10ed890f8e108be86fb350e35 -> 
  custom:scripting/monoscript/fileName/ColorPickerPresets.cs: d20309ac183a87fd46c2e0a03ba5bdef -> 
  custom:scripting/monoscript/fileName/RadialSlider.cs: 24542b53b379116a4f98bb53a64e13b8 -> 
  custom:scripting/monoscript/fileName/PPIViewer.cs: 5269fbe050022d597b2ceba1b1d4cbae -> 
  custom:scripting/monoscript/fileName/InputFocus.cs: 6a5a3b184038cb5e7dbe4882c96bc91b -> 
  custom:scripting/monoscript/fileName/CUIBezierCurve.cs: 32214df0cb137de9f4967269deffb6f3 -> 
  custom:scripting/monoscript/fileName/DropDownListItem.cs: 91c61fd79335f34fb81e114553bf8888 -> 
  custom:scripting/monoscript/fileName/UIFlippable.cs: 9c843e180ea4b6afe9c1ba071336e124 -> 
  custom:scripting/monoscript/fileName/CanvasGroupActivator.cs: f743e9c6e47b0eb8c0b7b2fbf9f7de19 -> 
  custom:scripting/monoscript/fileName/UIWindowBase.cs: 776e605614a77fffd4e0147c8e684e94 -> 
  custom:video-encoder-webm-vp8: eb34c28f22e8b96e1ab97ce403110664 -> 
  custom:scripting/monoscript/fileName/ScrollPositionControllerEditor.cs: fb86570a90d8d5b779234b7f103e1b51 -> 
  custom:scripting/monoscript/fileName/CurvedLayout.cs: 46917779e317aa4a214ea430689de312 -> 
  custom:scripting/monoscript/fileName/ScrollConflictManager.cs: 1a474b2432b80a8b7211f13c79bb991c -> 
  custom:scripting/monoscript/fileName/ReadOnlyDrawer.cs: 1c0aa6472b8e40c24f66a5805d818994 -> 
  custom:audio-decoder-ogg-vorbis: bf7c407c2cedff20999df2af8eb42d56 -> 
  custom:scripting/monoscript/fileName/FancyGridView.cs: 849ed7f5b11c9db237ef61b01c5a5104 -> 
  custom:scripting/monoscript/fileName/CableCurve.cs: 1ed0592bfc80d3ca3db7b55e9a6e9d9a -> 
  custom:scripting/monoscript/fileName/PaginationManager.cs: b5c7a38e1c9bde92ca052679632bc9f1 -> 
  custom:scripting/monoscript/fileName/UILineTextureRenderer.cs: f3042185c83712ad42b2d6694b56f8d3 -> 
  custom:scripting/monoscript/fileName/MenuManager.cs: 8e71de17d45faf11b5ca3e63d3867170 -> 
  custom:scripting/monoscript/fileName/ColorPickerPresetsEditor.cs: 57bebb34d006d8305e8cd353ea00f28b -> 
  custom:scripting/monoscript/fileName/UI_MagneticInfiniteScroll.cs: 7f0db092e1c52c826e7ccbefe21fe7ce -> 
  custom:scripting/monoscript/fileName/ToolTip.cs: 2f05f936126a769ca9a98ef6920928a7 -> 
  custom:scripting/monoscript/fileName/TextPicRenameEditor.cs: b67a1588d964fe3ac177da9872e96689 -> 
  custom:scripting/monoscript/fileName/TestCompression.cs: 2a18178f72c1b3979b9006483863f20e -> 
  custom:scripting/monoscript/fileName/IFancyScrollRectContext.cs: 9c4dee0aef526d67eb0a668a1c9b910a -> 
  custom:scripting/monoscript/fileName/ColorChangedEvent.cs: bafb161b451089e6c72bcae877e0ba66 -> 
  custom:scripting/monoscript/fileName/BestFitOutline.cs: 2ec1c68346f5b721e3d92092cd60b278 -> 
  custom:scripting/monoscript/fileName/NonDrawingGraphicEditor.cs: 1e7abd1e1a4d3da38de70c6d38c19118 -> 
  custom:scripting/monoscript/fileName/HSVChangedEvent.cs: 8a0d7f505f4db7e267a03264293f54eb -> 
  custom:scripting/monoscript/fileName/CUIImageEditor.cs: 0be5a4365a8d65680f88c4d192e5254c -> 
  custom:scripting/monoscript/fileName/HorizontalScrollSnap.cs: 624447835d67a70d90ed2b7f69117316 -> 
  custom:scripting/monoscript/fileName/UI_TweenScale.cs: 50a18c41daf615d82dc37ef0e9dcea31 -> 
  custom:scripting/monoscript/fileName/BoundTooltipItem.cs: 12dc26af634677e40fd7840809357e6c -> 
  custom:scripting/monoscript/fileName/AccordionElement.cs: 69f1a7e537099cc57de9b6eaa86cef32 -> 
  custom:scripting/monoscript/fileName/UI_ScrollRectOcclusion.cs: 491f1c2592ac821eb8de9e533fddd4a9 -> 
  custom:scripting/monoscript/fileName/CUIBezierCurveEditor.cs: be4462c6de2387d5f99ef9d0e93b91ee -> 
  custom:scripting/monoscript/fileName/ColorSliderImage.cs: bbcbfbf23dc2f9fc5450db8f36b24487 -> 
  custom:scripting/monoscript/fileName/Accordion.cs: c31898dc7ffd6f7b32be5689419229bc -> 
  custom:scripting/monoscript/fileName/FancyCell.cs: 0cdf409b5aa8d4c25876d72b5c6a3b60 -> 
  custom:scripting/monoscript/fileName/ShineEffect.cs: 61d233269c4ea687efa548adef5d6e13 -> 
  custom:audio-encoder-webm-vorbis: bf7c407c2cedff20999df2af8eb42d56 -> 
  custom:scripting/monoscript/fileName/ScrollRectTweener.cs: 3437a8fb18bed84a45865e36e83e332f -> 
  custom:scripting/monoscript/fileName/MeshCreator.cs: a2506ad04bac2e5a6d6d50e0d7978d92 -> 
  custom:scripting/monoscript/fileName/UIPolygon.cs: ef7b3e02606f58c56a27e65db10bc7f3 -> 
  custom:scripting/monoscript/fileName/switchToRectTransform.cs: 0ef297259b7f2ab26defc1d718ad1e0a -> 
  custom:scripting/monoscript/fileName/UILineRendererList.cs: efbf4ff76c31aa3e4f61c8b26734d929 -> 
  custom:scripting/monoscript/fileName/CLZF2.cs: 40ef7bf6191a1a5e5b0f37e092e1b271 -> 
  custom:scripting/monoscript/fileName/SimpleMenu.cs: 90647cc400823b41df847a6cbfc29026 -> 
  custom:scripting/monoscript/fileName/RescalePanel.cs: a379a55181438e3b7a29019da8a3c82c -> 
  custom:scripting/monoscript/fileName/DragCorrector.cs: 89ab4a0369eecb75be2277a80a08c1e7 -> 
  custom:scripting/monoscript/fileName/RangeSliderEditor.cs: 1c09cdb4e75bc10f834bbae9a7b54e1e -> 
  custom:scripting/monoscript/fileName/FancyScrollRect.cs: 0cdf409b5aa8d4c25876d72b5c6a3b60 -> 
  custom:scripting/monoscript/fileName/ReorderableList.cs: 944c8e214787d07461c711b29546f976 -> 
  custom:scripting/monoscript/fileName/RadialLayout.cs: 170f31c5fdb54a9fe7ba926effdfd7d4 -> 
  custom:scripting/monoscript/fileName/ColorSlider.cs: a91d06b853e0bf2d5df3ea61a67d5c83 -> 
  custom:scripting/monoscript/fileName/IFancyGridViewContext.cs: be7addf49e5950ebb654fec55c2afa8b -> 
  custom:scripting/precompiled-assembly-types:UnityUIExtensions: c0991a7eaf90618746e467e9e018bd04 -> 
  custom:scripting/monoscript/fileName/CUIGraphic.cs: 4f47fad340418bff51fe6171e2259e7f -> 
  custom:scripting/monoscript/fileName/IFancyCellGroupContext.cs: 323b5f49cc2011b3d2d9088e528ed161 -> 
  custom:scripting/monoscript/fileName/MinMaxSlider.cs: e7d98a511e8b98df33f72f37935821e5 -> 
  custom:scripting/monoscript/fileName/ColorPickerTester.cs: 63b6c03c009a94721b9d41c8d5e5e6ed -> 
========================================================================
Received Prepare
Caller must complete domain reload
Begin MonoManager ReloadAssembly
- Loaded All Assemblies, in  0.609 seconds
Native extension for WindowsStandalone target not found
Native extension for WebGL target not found
Mono: successfully reloaded assembly
- Finished resetting the current domain, in  1.545 seconds
Domain Reload Profiling: 2154ms
	BeginReloadAssembly (173ms)
		ExecutionOrderSort (0ms)
		DisableScriptedObjects (12ms)
		BackupInstance (0ms)
		ReleaseScriptingObjects (0ms)
		CreateAndSetChildDomain (36ms)
	RebuildCommonClasses (35ms)
	RebuildNativeTypeToScriptingClass (12ms)
	initialDomainReloadingComplete (29ms)
	LoadAllAssembliesAndSetupDomain (360ms)
		LoadAssemblies (415ms)
		RebuildTransferFunctionScriptingTraits (0ms)
		AnalyzeDomain (39ms)
			TypeCache.Refresh (11ms)
				TypeCache.ScanAssembly (0ms)
			ScanForSourceGeneratedMonoScriptInfo (15ms)
			ResolveRequiredComponents (12ms)
	FinalizeReload (1545ms)
		ReleaseScriptCaches (0ms)
		RebuildScriptCaches (0ms)
		SetupLoadedEditorAssemblies (442ms)
			LogAssemblyErrors (0ms)
			InitializePlatformSupportModulesInManaged (6ms)
			SetLoadedEditorAssemblies (6ms)
			RefreshPlugins (0ms)
			BeforeProcessingInitializeOnLoad (76ms)
			ProcessInitializeOnLoadAttributes (320ms)
			ProcessInitializeOnLoadMethodAttributes (32ms)
			AfterProcessingInitializeOnLoad (3ms)
			EditorAssembliesLoaded (0ms)
		ExecutionOrderSort2 (0ms)
		AwakeInstancesAfterBackupRestoration (14ms)
Refreshing native plugins compatible for Editor in 5.48 ms, found 7 plugins.
Preloading 0 native plugins for Editor in 0.00 ms.
Unloading 4456 Unused Serialized files (Serialized files now loaded: 0)
Unloading 44 unused Assets / (0.7 MB). Loaded Objects now: 5295.
Memory consumption went from 158.4 MB to 157.7 MB.
Total: 4.200500 ms (FindLiveObjects: 0.467400 ms CreateObjectMapping: 0.226400 ms MarkObjects: 3.027100 ms  DeleteObjects: 0.478400 ms)

Prepare: number of updated asset objects reloaded= 0
AssetImportParameters requested are different than current active one (requested -> active):
  custom:scripting/monoscript/fileName/CardStack2D.cs: 52f7ac406c04f320c1cc31b32fc945ec -> 
  custom:scripting/monoscript/fileName/UILineRendererFIFO.cs: 1a840d7d842445f62c20beee85a5bbc5 -> 
  custom:scripting/monoscript/fileName/FlowLayoutGroup.cs: 4f8c51e99186127173631d5ea0b848a8 -> 
  custom:scripting/monoscript/fileName/UIParticleSystem.cs: 6cef203566a0c9333597e4e233613614 -> 
  custom:scripting/monoscript/fileName/UILineRenderer.cs: 673f1b621ab4781ac78770b1b3c45207 -> 
  custom:scripting/monoscript/fileName/TableLayoutGroup.cs: 9697d88a99d4c91003d206b86eed3a61 -> 
  custom:scripting/monoscript/fileName/Segment.cs: 823b994f6bbb6e32f73e9807948df6b3 -> 
  custom:container-demuxer-ogg: 62fdf1f143b41e24485cea50d1cbac27 -> 
  custom:scripting/monoscript/fileName/SelectionBox.cs: 9eabc2822607d24d284c5c0d720d4a01 -> 
  custom:scripting/monoscript/fileName/ReorderableListContent.cs: a630238339e5f198f723ac29a2329f6d -> 
  custom:scripting/monoscript/fileName/Menu.cs: d0a2652908e797d4064ef9b772450cc8 -> 
  custom:scripting/monoscript/fileName/SetPropertyUtility.cs: 02aade692758e5563210cc05829e9851 -> f604b4b9e6b0979bdfc1e2b40426dd19
  custom:scripting/monoscript/fileName/HSVUtil.cs: 2f204c7a89b046fae714aadbcda42851 -> 
  custom:scripting/monoscript/fileName/FancyCellGroup.cs: 90647cc400823b41df847a6cbfc29026 -> 
  custom:scripting/monoscript/fileName/RescaleDragPanel.cs: 428e5a10a21f2d3fc3805557487d591e -> 
  custom:scripting/monoscript/fileName/ExtensionsToggleGroup.cs: 93967f93faef61aecdca9232fa42b062 -> 
  custom:scripting/monoscript/fileName/ResizePanel.cs: 0a2d1269c62cba913a254b515f8b6020 -> 
  custom:scripting/monoscript/fileName/Circle.cs: cfc2369c92dd039be7c3f572f769fdcf -> 
  custom:scripting/monoscript/fileName/ShaderLibrary.cs: 7a09676978959734a6827051c965f749 -> 
  custom:scripting/monoscript/fileName/CurvedText.cs: c86aabacdca275700720e919fc8a8b52 -> 
  custom:scripting/monoscript/fileName/FancyScrollRectCell.cs: 0cdf409b5aa8d4c25876d72b5c6a3b60 -> 
  custom:scripting/monoscript/fileName/Gradient.cs: a4c2a5a25440c543cd82653fda832632 -> 
  custom:scripting/monoscript/fileName/ScrollSnapBase.cs: 3682088473625968e7b4647a6b4213f6 -> 
  custom:scripting/monoscript/fileName/CUIText.cs: 0be1a405bc9388e4813a74aad6018bec -> 
  custom:scripting/monoscript/fileName/BoundTooltipTrigger.cs: e78e2ee612ba85e075ab794a5cb95e73 -> 
  custom:scripting/monoscript/fileName/UIHighlightable.cs: fd305ad78204cb75a66ce809c3f50e6a -> 
  custom:video-codec-MediaFoundation-h265: 746d11721c4dcdbdad8f713fa42b33f4 -> 
  custom:scripting/monoscript/fileName/UIExtensionsInputManager.cs: 6f468ddae971c3bcce0288549c1beabd -> 
  custom:scripting/monoscript/fileName/Gradient2.cs: 9c1fd6257924e43a80b8fccb859d3828 -> 
  custom:scripting/monoscript/fileName/CooldownButton.cs: 72bd21b90ac71f29908a36179176f8fc -> 
  custom:video-decoder-ogg-theora: a1e56fd34408186e4bbccfd4996cb3dc -> 
  custom:scripting/monoscript/fileName/TileSizeFitter.cs: ba6326e335b6f177a627b992c444832c -> 
  custom:scripting/monoscript/fileName/SelectableScaler.cs: 3ebe175d64b38a572f8dbe8fd345f0c3 -> 
  custom:scripting/monoscript/fileName/AccordionElementEditor.cs: db5ee9b2cff22578a12a4d141614d665 -> 
  custom:scripting/monoscript/fileName/ExtensionsToggle.cs: e0b44aa7e1ff973d74b4857a34a48879 -> 
  custom:scripting/monoscript/fileName/ReorderableListElement.cs: 788a31431a1c95dc9a9a52767f8e812f -> 
  custom:scripting/monoscript/fileName/ShineEffector.cs: 52ed4eb6c7ed8f674a18d2a4db6eba86 -> 
  custom:scripting/monoscript/fileName/UISelectableExtension.cs: b6766007d8a2236e23d4749da2d8cdd2 -> 
  custom:framework-win-MediaFoundation: 216162199b28c13a410421893ffa2e32 -> 
  custom:scripting/monoscript/fileName/UISoftAdditiveEffect.cs: 30a825933c907dec19605ff2f58a292f -> 
  custom:scripting/monoscript/fileName/HexColorField.cs: 425eeca1ce4159bc649962b2337061a4 -> 
  custom:scripting/monoscript/fileName/ColorPickerControl.cs: 97231f899ae243cc634f34e048c22095 -> 
  custom:scripting/monoscript/fileName/ReorderableListDebug.cs: 51cf5a188c464deb681bea16cb795b61 -> 
  custom:scripting/monoscript/fileName/TextPic.cs: 9dbd7bc654cbf19eee33ac6fc452bfb1 -> 
  custom:scripting/monoscript/fileName/CUIImage.cs: 41f29f650aa507f802cd9793d91f3211 -> 
  custom:scripting/monoscript/fileName/DropDownListButton.cs: 71d533f2602e0e099d09a556ef8e4414 -> 
  custom:scripting/monoscript/fileName/ScrollSnap.cs: c5ae67ed5cc8c0ab1f7496803acc2648 -> 
  custom:scripting/monoscript/fileName/TextPicIconListCopier.cs: a564a2a474c019b98650cff2383ccfca -> 
  custom:scripting/monoscript/fileName/UICornerCut.cs: 69b0dfb485aa2b1afa65fcf30028125b -> 
  custom:scripting/monoscript/fileName/ScrollerEditor.cs: 478519b80ad2bc62d4a4b80ae078e694 -> 
  custom:scripting/monoscript/fileName/IBoxSelectable.cs: a5bf39a694cf2b84c65e7bec998d4941 -> 
  custom:scripting/monoscript/fileName/TiltWindow.cs: 7c3356d1b5bc9c6e9fe98345b0be7c30 -> 
  custom:scripting/monoscript/fileName/ExtensionMethods.cs: 943bd8dac5ce9467ce7deb0856dc6b0a -> 
  custom:scripting/monoscript/fileName/ComboBox.cs: a6ca48dde827ff07a9093f3624d58e62 -> 
  custom:scripting/monoscript/fileName/ScrollRectLinker.cs: 0316116e17d192ca2ef7c97539dff50f -> 
  custom:scripting/monoscript/fileName/SVBoxSlider.cs: 1d22c9c16d63e1cf38ad19bbcec9a0da -> 
  custom:scripting/monoscript/fileName/VerticalScrollSnap.cs: a7ebcf1fac8331e70ee01e540cbe484b -> 
  custom:scripting/monoscript/fileName/UILineConnector.cs: ea5f69a32957fe35ae7b512ef3f758ef -> 
  custom:scripting/monoscript/fileName/UIScreenEffect.cs: c36542c529d1f733362556ab22c18bf9 -> 
  custom:scripting/monoscript/fileName/SoftMaskScript.cs: 867049fb2647c9983fb1391409f93d30 -> 
  custom:scripting/monoscript/fileName/DiamondGraph.cs: a01b647a54847840428a395cc0d6fc16 -> 
  custom:scripting/monoscript/fileName/ScrollRectEx.cs: 3f6a881a34055e182fee3ab0baaee0c3 -> 
  custom:scripting/monoscript/fileName/UIGridRenderer.cs: 04c0062f4b7cdd6963fdba9ae03d9c72 -> 
  custom:scripting/monoscript/fileName/NicerOutline.cs: 571a7c7c4af4ebadc9fed23f0c3b0b46 -> 
  custom:CustomObjectIndexerAttribute: 9a22284fe3817be447336de3de66b15e -> 
  custom:scripting/monoscript/fileName/ScrollRectExtensions.cs: c76cb840404ffa9bc24248639e9da4ee -> 
  custom:scripting/monoscript/fileName/FancyGridViewContext.cs: 8738476657d4a33c34bc82bed7ce8bc9 -> 
  custom:scripting/monoscript/fileName/MinMaxValues.cs: 4aa11a61e640749f4ea5f947f86be5ba -> 
  custom:scripting/monoscript/fileName/CardExpanding3D.cs: d8b2b9924677ad2b445b05edbed7f0e3 -> 
  custom:scripting/monoscript/fileName/MinMaxSliderEditor.cs: e0496a7f76fc8934af2a763a7289ad36 -> 
  custom:scripting/monoscript/fileName/StepperSide.cs: 34d9a35c8c2622f327b140f18a7398a7 -> 
  custom:scripting/monoscript/fileName/CUIGraphicEditor.cs: a618262d3e77d462c5a0cd2e608e8a53 -> 
  custom:scripting/monoscript/fileName/DropDownList.cs: 3d51ab81e9571c9027b59874b2c78567 -> 
  custom:scripting/monoscript/fileName/ITweenValue.cs: 1d0eaa4b435fa135e18af6b5fa57e92e -> 
  custom:container-demuxer-webm: 4f35f7cbe854078d1ac9338744f61a02 -> 
  custom:scripting/monoscript/fileName/CardExpanding2D.cs: e0950b450275cb3936a581f286a6b471 -> 
  custom:scripting/monoscript/fileName/ResetSelectableHighlight.cs: 3ea63487fd77e7b22731770a86b4f8b9 -> 
  custom:scripting/monoscript/fileName/UIScrollToSelection.cs: d89fc8e36bdc19715e3104a5f857d175 -> 
  custom:scripting/monoscript/fileName/IScrollSnap.cs: 80b4110dac6695d630b8e7501d8e5aa8 -> 
  custom:scripting/monoscript/fileName/SegmentedControl.cs: 3a6e53207de58cf304ab520e0638e2df -> 
  custom:scripting/monoscript/fileName/ColorSampler.cs: 617678b91f4adc7b3146f51bed3fc4b1 -> 
  custom:scripting/monoscript/fileName/TabNavigationHelper.cs: 43f45dc623750048d2fbac24931c8ac8 -> 
  custom:scripting/monoscript/fileName/AutoCompleteComboBox.cs: 6e2e6cf33d4f5ca4ad3c05ff8f254467 -> 
  custom:scripting/monoscript/fileName/TextPicEditor.cs: c23216fe996c314d4c496ad837485981 -> 
  custom:scripting/monoscript/fileName/CUIMisc.cs: bc26c7f132f5cd28304cbc88070ca4dc -> 
  custom:scripting/monoscript/fileName/UIAdditiveEffect.cs: 50386f7d7d76f5c5e155dbf56c5e5fdd -> 
  custom:scripting/monoscript/fileName/MonoSpacing.cs: 45ba6bf376dd125375a8906a7d8b8b4b -> 
  custom:scripting/monoscript/fileName/FloatTween.cs: c51b551f6abec506d0db9945f7aa25cc -> 
  custom:scripting/monoscript/fileName/BoxSlider.cs: 662335e935a62641f6cb14e99e25e994 -> 
  custom:scripting/monoscript/fileName/BezierLineRendererEditor.cs: 2a50098be424d999e43b888ace13278c -> 
  custom:scripting/monoscript/fileName/NonDrawingGraphic.cs: a309796f6d67e4c1c110ec62b4572b4e -> 
  custom:scripting/monoscript/fileName/ScrollPositionController.cs: 30c392a65a277a4a74b1a6f1a3417601 -> 
  custom:scripting/monoscript/fileName/ContentScrollSnapHorizontal.cs: cb0bf043572062ce08b48904f46c98c8 -> 
  custom:scripting/monoscript/fileName/Triangulator.cs: 4ee9f09ca55767568ee94c9eaaed7244 -> d867a9a7a8385ef82ff357feb70c59d4
  custom:scripting/monoscript/fileName/UIImageCrop.cs: 1ec5d1f18ccf3bbe8ea319cda00ecfbc -> 
  custom:scripting/monoscript/fileName/BoxSliderEditor.cs: 9c680a5a338924fb176605eed0f68a75 -> 
  custom:scripting/monoscript/fileName/FancyScrollView.cs: c5f9c64ec4b4e183b17919204bc381a9 -> 
  custom:scripting/monoscript/fileName/BezierPath.cs: 90cbb6f823f7a03c69c93b3e1653c45e -> 
  custom:scripting/monoscript/fileName/SuperellipsePoints.cs: db2a1c9698f2dea478e1d6bfece554ae -> 
  custom:scripting/monoscript/fileName/UI_Knob.cs: 00244fb2be3e9e1f5ec3a07f175066a9 -> 
  custom:container-muxer-webm: aa71ff27fc2769a1b78a27578f13a17b -> 
  custom:scripting/monoscript/fileName/RaycastMask.cs: b13971e6a124c25b886c6703ae2aab24 -> 
  custom:scripting/monoscript/fileName/MultiTouchScrollRect.cs: 3a778993ea01435b2502c14ea2b2ff98 -> 
  custom:video-decoder-webm-vp8: 9c59270c3fd7afecdb556c50c9e8de78 -> 
  custom:scripting/monoscript/fileName/InputFieldEnterSubmit.cs: cdd5149b8afb8dc59ad57cc53ad8fb3b -> 
  custom:scripting/monoscript/fileName/ExampleSelectable.cs: 8dc7a8cd606154e7d10bb507e235c1f8 -> 
  custom:scripting/monoscript/fileName/uGUITools.cs: aa32797d8a9cdcd2167b6be114b0d5ec -> 
  custom:scripting/monoscript/fileName/UILinearDodgeEffect.cs: f5508d2f3f6addba614d4c08275f4546 -> 
  custom:SearchIndexIgnoredProperties: e643bd26f0fe6173181afceb89e7c659 -> 
  custom:scripting/monoscript/fileName/EasingCore.cs: 0bad7e894488e9b67256d892a478aab1 -> 
  custom:scripting/monoscript/fileName/Stepper.cs: 3ee1a56034750815f9c567b6c54fbbb8 -> 
  custom:scripting/monoscript/fileName/UIPrimitiveBase.cs: 80a945e915822efd5c887ee28f76aa9f -> 
  custom:AudioImporter_EditorPlatform: d09bf68614088b80899f8185d706f6e7 -> 
  custom:scripting/monoscript/fileName/LetterSpacing.cs: c4f4c504ac9c0b708c438c8a0faf6a96 -> 
  custom:scripting/monoscript/fileName/UISquircle.cs: faaa67841792f2c90a13db82841ac6e3 -> 
  custom:scripting/monoscript/fileName/RangeSlider.cs: 026cea0882c5bbc90f7cedc5111cfeb2 -> 
  custom:scripting/monoscript/fileName/UIExtensionMethods.cs: 2621bff24acfb4ddb3b264b7553588d8 -> 
  custom:scripting/monoscript/fileName/UIVerticalScroller.cs: 3532ae0d4ba5f6e2c310cfec2c655a8c -> 
  custom:scripting/monoscript/fileName/ColorLabel.cs: 9a2d62e5e8f65400e4abc881023f36f7 -> 
  custom:scripting/monoscript/fileName/TooltipTrigger.cs: 546a7d73bc42b9e6f1fd03a7e07d7f29 -> 
  custom:scripting/monoscript/fileName/UIMultiplyEffect.cs: 29b6f1f4d98d9b61292d829c0030af4b -> 
  custom:scripting/monoscript/fileName/CardPopup2D.cs: ac929914b8675b3ff1238ddb1cc99789 -> 
  custom:scripting/monoscript/fileName/ScrollSnapScrollbarHelper.cs: d6b043fd7048156ea2ef4da9da4a0a51 -> 
  custom:scripting/monoscript/fileName/HoverTooltip.cs: abdf0400bdf15bb8fdc0bc4d5ecc993f -> 
  custom:scripting/monoscript/fileName/ColorImage.cs: 87dea3e9bf43c94e295d4fa411046c66 -> 
  custom:scripting/monoscript/fileName/FancyScrollRectContext.cs: 9e5d4d8665c04a1190a3fc52908244b0 -> 
  custom:scripting/monoscript/fileName/TextPicIconEditor.cs: 1f41560011fcb93d03be374d10238c0c -> 
  custom:scripting/monoscript/fileName/UI_InfiniteScroll.cs: f7518bdb5ccbb5518282b9c860eef985 -> 
  custom:scripting/monoscript/fileName/UIExtensionsMenuOptions.cs: 25d3bc76bdcc7be45d732e8f064ec6a7 -> 
  custom:scripting/monoscript/fileName/ReadOnlyAttribute.cs: 604ae8fbc27d6402b88ac08f1987318f -> 
  custom:scripting/monoscript/fileName/UICircle.cs: e40253d6117a9fbea82cc285a7e8a36e -> 
  custom:scripting/monoscript/fileName/UIScrollToSelectionXY.cs: 8145d21a6ef6f8610242d2ba291595b9 -> 
  custom:scripting/monoscript/fileName/CUITextEditor.cs: 966cced0a631446b9484c2fe777a7f5b -> 
  custom:scripting/precompiled-assembly-types:UnityUIExtensions.editor: e002030e6fc012878af160bb334541ad -> 
  custom:scripting/monoscript/fileName/TweenRunner.cs: 90647cc400823b41df847a6cbfc29026 -> 
  custom:scripting/monoscript/fileName/UIHorizontalScroller.cs: 758f016ad67e22eff0f26468f408f006 -> 
  custom:scripting/monoscript/fileName/ReturnKeyTriggersButton.cs: 622f27a1a5fce3f8fe14f0fe6c6b39b5 -> 
  custom:scripting/monoscript/fileName/FancyGridViewCell.cs: 0cdf409b5aa8d4c25876d72b5c6a3b60 -> 
  custom:scripting/monoscript/fileName/Scroller.cs: 94938ad1cd7c20206a0339e3bd7f3330 -> 
  custom:scripting/monoscript/fileName/CylinderText.cs: 86c073c10ed890f8e108be86fb350e35 -> 
  custom:scripting/monoscript/fileName/ColorPickerPresets.cs: d20309ac183a87fd46c2e0a03ba5bdef -> 
  custom:scripting/monoscript/fileName/RadialSlider.cs: 24542b53b379116a4f98bb53a64e13b8 -> 
  custom:scripting/monoscript/fileName/PPIViewer.cs: 5269fbe050022d597b2ceba1b1d4cbae -> 
  custom:scripting/monoscript/fileName/InputFocus.cs: 6a5a3b184038cb5e7dbe4882c96bc91b -> 
  custom:scripting/monoscript/fileName/CUIBezierCurve.cs: 32214df0cb137de9f4967269deffb6f3 -> 
  custom:scripting/monoscript/fileName/DropDownListItem.cs: 91c61fd79335f34fb81e114553bf8888 -> 
  custom:scripting/monoscript/fileName/UIFlippable.cs: 9c843e180ea4b6afe9c1ba071336e124 -> 
  custom:scripting/monoscript/fileName/CanvasGroupActivator.cs: f743e9c6e47b0eb8c0b7b2fbf9f7de19 -> 
  custom:scripting/monoscript/fileName/UIWindowBase.cs: 776e605614a77fffd4e0147c8e684e94 -> 
  custom:video-encoder-webm-vp8: eb34c28f22e8b96e1ab97ce403110664 -> 
  custom:scripting/monoscript/fileName/ScrollPositionControllerEditor.cs: fb86570a90d8d5b779234b7f103e1b51 -> 
  custom:scripting/monoscript/fileName/CurvedLayout.cs: 46917779e317aa4a214ea430689de312 -> 
  custom:scripting/monoscript/fileName/ScrollConflictManager.cs: 1a474b2432b80a8b7211f13c79bb991c -> 
  custom:scripting/monoscript/fileName/ReadOnlyDrawer.cs: 1c0aa6472b8e40c24f66a5805d818994 -> 
  custom:audio-decoder-ogg-vorbis: bf7c407c2cedff20999df2af8eb42d56 -> 
  custom:scripting/monoscript/fileName/FancyGridView.cs: 849ed7f5b11c9db237ef61b01c5a5104 -> 
  custom:scripting/monoscript/fileName/CableCurve.cs: 1ed0592bfc80d3ca3db7b55e9a6e9d9a -> 
  custom:scripting/monoscript/fileName/PaginationManager.cs: b5c7a38e1c9bde92ca052679632bc9f1 -> 
  custom:scripting/monoscript/fileName/UILineTextureRenderer.cs: f3042185c83712ad42b2d6694b56f8d3 -> 
  custom:scripting/monoscript/fileName/MenuManager.cs: 8e71de17d45faf11b5ca3e63d3867170 -> 
  custom:scripting/monoscript/fileName/ColorPickerPresetsEditor.cs: 57bebb34d006d8305e8cd353ea00f28b -> 
  custom:scripting/monoscript/fileName/UI_MagneticInfiniteScroll.cs: 7f0db092e1c52c826e7ccbefe21fe7ce -> 
  custom:scripting/monoscript/fileName/ToolTip.cs: 2f05f936126a769ca9a98ef6920928a7 -> 
  custom:scripting/monoscript/fileName/TextPicRenameEditor.cs: b67a1588d964fe3ac177da9872e96689 -> 
  custom:scripting/monoscript/fileName/TestCompression.cs: 2a18178f72c1b3979b9006483863f20e -> 
  custom:scripting/monoscript/fileName/IFancyScrollRectContext.cs: 9c4dee0aef526d67eb0a668a1c9b910a -> 
  custom:scripting/monoscript/fileName/ColorChangedEvent.cs: bafb161b451089e6c72bcae877e0ba66 -> 
  custom:scripting/monoscript/fileName/BestFitOutline.cs: 2ec1c68346f5b721e3d92092cd60b278 -> 
  custom:scripting/monoscript/fileName/NonDrawingGraphicEditor.cs: 1e7abd1e1a4d3da38de70c6d38c19118 -> 
  custom:scripting/monoscript/fileName/HSVChangedEvent.cs: 8a0d7f505f4db7e267a03264293f54eb -> 
  custom:scripting/monoscript/fileName/CUIImageEditor.cs: 0be5a4365a8d65680f88c4d192e5254c -> 
  custom:scripting/monoscript/fileName/HorizontalScrollSnap.cs: 624447835d67a70d90ed2b7f69117316 -> 
  custom:scripting/monoscript/fileName/UI_TweenScale.cs: 50a18c41daf615d82dc37ef0e9dcea31 -> 
  custom:scripting/monoscript/fileName/BoundTooltipItem.cs: 12dc26af634677e40fd7840809357e6c -> 
  custom:scripting/monoscript/fileName/AccordionElement.cs: 69f1a7e537099cc57de9b6eaa86cef32 -> 
  custom:scripting/monoscript/fileName/UI_ScrollRectOcclusion.cs: 491f1c2592ac821eb8de9e533fddd4a9 -> 
  custom:scripting/monoscript/fileName/CUIBezierCurveEditor.cs: be4462c6de2387d5f99ef9d0e93b91ee -> 
  custom:scripting/monoscript/fileName/ColorSliderImage.cs: bbcbfbf23dc2f9fc5450db8f36b24487 -> 
  custom:scripting/monoscript/fileName/Accordion.cs: c31898dc7ffd6f7b32be5689419229bc -> 
  custom:scripting/monoscript/fileName/FancyCell.cs: 0cdf409b5aa8d4c25876d72b5c6a3b60 -> 
  custom:scripting/monoscript/fileName/ShineEffect.cs: 61d233269c4ea687efa548adef5d6e13 -> 
  custom:audio-encoder-webm-vorbis: bf7c407c2cedff20999df2af8eb42d56 -> 
  custom:scripting/monoscript/fileName/ScrollRectTweener.cs: 3437a8fb18bed84a45865e36e83e332f -> 
  custom:scripting/monoscript/fileName/MeshCreator.cs: a2506ad04bac2e5a6d6d50e0d7978d92 -> 
  custom:scripting/monoscript/fileName/UIPolygon.cs: ef7b3e02606f58c56a27e65db10bc7f3 -> 
  custom:scripting/monoscript/fileName/switchToRectTransform.cs: 0ef297259b7f2ab26defc1d718ad1e0a -> 
  custom:scripting/monoscript/fileName/UILineRendererList.cs: efbf4ff76c31aa3e4f61c8b26734d929 -> 
  custom:scripting/monoscript/fileName/CLZF2.cs: 40ef7bf6191a1a5e5b0f37e092e1b271 -> 
  custom:scripting/monoscript/fileName/SimpleMenu.cs: 90647cc400823b41df847a6cbfc29026 -> 
  custom:scripting/monoscript/fileName/RescalePanel.cs: a379a55181438e3b7a29019da8a3c82c -> 
  custom:scripting/monoscript/fileName/DragCorrector.cs: 89ab4a0369eecb75be2277a80a08c1e7 -> 
  custom:scripting/monoscript/fileName/RangeSliderEditor.cs: 1c09cdb4e75bc10f834bbae9a7b54e1e -> 
  custom:scripting/monoscript/fileName/FancyScrollRect.cs: 0cdf409b5aa8d4c25876d72b5c6a3b60 -> 
  custom:scripting/precompiled-assembly-types:Assembly-CSharp: b9b5c9d3acc78c4055756d16036d66ad -> d9898b08f7aa15a36c94fc52d0b7440b
  custom:scripting/monoscript/fileName/ReorderableList.cs: 944c8e214787d07461c711b29546f976 -> 
  custom:scripting/monoscript/fileName/RadialLayout.cs: 170f31c5fdb54a9fe7ba926effdfd7d4 -> 
  custom:scripting/monoscript/fileName/ColorSlider.cs: a91d06b853e0bf2d5df3ea61a67d5c83 -> 
  custom:scripting/monoscript/fileName/IFancyGridViewContext.cs: be7addf49e5950ebb654fec55c2afa8b -> 
  custom:scripting/precompiled-assembly-types:UnityUIExtensions: c0991a7eaf90618746e467e9e018bd04 -> 
  custom:scripting/monoscript/fileName/CUIGraphic.cs: 4f47fad340418bff51fe6171e2259e7f -> 
  custom:scripting/monoscript/fileName/IFancyCellGroupContext.cs: 323b5f49cc2011b3d2d9088e528ed161 -> 
  custom:scripting/monoscript/fileName/MinMaxSlider.cs: e7d98a511e8b98df33f72f37935821e5 -> 
  custom:scripting/monoscript/fileName/ColorPickerTester.cs: 63b6c03c009a94721b9d41c8d5e5e6ed -> 
========================================================================
Received Prepare
Caller must complete domain reload
Begin MonoManager ReloadAssembly
- Loaded All Assemblies, in  0.513 seconds
Native extension for WindowsStandalone target not found
Native extension for WebGL target not found
Mono: successfully reloaded assembly
- Finished resetting the current domain, in  1.091 seconds
Domain Reload Profiling: 1604ms
	BeginReloadAssembly (158ms)
		ExecutionOrderSort (0ms)
		DisableScriptedObjects (13ms)
		BackupInstance (0ms)
		ReleaseScriptingObjects (0ms)
		CreateAndSetChildDomain (35ms)
	RebuildCommonClasses (35ms)
	RebuildNativeTypeToScriptingClass (13ms)
	initialDomainReloadingComplete (32ms)
	LoadAllAssembliesAndSetupDomain (273ms)
		LoadAssemblies (336ms)
		RebuildTransferFunctionScriptingTraits (0ms)
		AnalyzeDomain (18ms)
			TypeCache.Refresh (6ms)
				TypeCache.ScanAssembly (0ms)
			ScanForSourceGeneratedMonoScriptInfo (0ms)
			ResolveRequiredComponents (10ms)
	FinalizeReload (1091ms)
		ReleaseScriptCaches (0ms)
		RebuildScriptCaches (0ms)
		SetupLoadedEditorAssemblies (454ms)
			LogAssemblyErrors (0ms)
			InitializePlatformSupportModulesInManaged (7ms)
			SetLoadedEditorAssemblies (5ms)
			RefreshPlugins (0ms)
			BeforeProcessingInitializeOnLoad (71ms)
			ProcessInitializeOnLoadAttributes (331ms)
			ProcessInitializeOnLoadMethodAttributes (37ms)
			AfterProcessingInitializeOnLoad (3ms)
			EditorAssembliesLoaded (0ms)
		ExecutionOrderSort2 (0ms)
		AwakeInstancesAfterBackupRestoration (16ms)
Refreshing native plugins compatible for Editor in 11.16 ms, found 7 plugins.
Preloading 0 native plugins for Editor in 0.00 ms.
Unloading 4456 Unused Serialized files (Serialized files now loaded: 0)
Unloading 44 unused Assets / (0.7 MB). Loaded Objects now: 5299.
Memory consumption went from 158.4 MB to 157.7 MB.
Total: 8.195800 ms (FindLiveObjects: 0.905800 ms CreateObjectMapping: 0.419500 ms MarkObjects: 5.807500 ms  DeleteObjects: 1.060600 ms)

Prepare: number of updated asset objects reloaded= 0
AssetImportParameters requested are different than current active one (requested -> active):
  custom:scripting/monoscript/fileName/CardStack2D.cs: 52f7ac406c04f320c1cc31b32fc945ec -> 
  custom:scripting/monoscript/fileName/UILineRendererFIFO.cs: 1a840d7d842445f62c20beee85a5bbc5 -> 
  custom:scripting/monoscript/fileName/FlowLayoutGroup.cs: 4f8c51e99186127173631d5ea0b848a8 -> 
  custom:scripting/monoscript/fileName/UIParticleSystem.cs: 6cef203566a0c9333597e4e233613614 -> 
  custom:scripting/monoscript/fileName/UILineRenderer.cs: 673f1b621ab4781ac78770b1b3c45207 -> 
  custom:scripting/monoscript/fileName/TableLayoutGroup.cs: 9697d88a99d4c91003d206b86eed3a61 -> 
  custom:scripting/monoscript/fileName/Segment.cs: 823b994f6bbb6e32f73e9807948df6b3 -> 
  custom:container-demuxer-ogg: 62fdf1f143b41e24485cea50d1cbac27 -> 
  custom:scripting/monoscript/fileName/SelectionBox.cs: 9eabc2822607d24d284c5c0d720d4a01 -> 
  custom:scripting/monoscript/fileName/ReorderableListContent.cs: a630238339e5f198f723ac29a2329f6d -> 
  custom:scripting/monoscript/fileName/Menu.cs: d0a2652908e797d4064ef9b772450cc8 -> 
  custom:scripting/monoscript/fileName/SetPropertyUtility.cs: 02aade692758e5563210cc05829e9851 -> f604b4b9e6b0979bdfc1e2b40426dd19
  custom:scripting/monoscript/fileName/HSVUtil.cs: 2f204c7a89b046fae714aadbcda42851 -> 
  custom:scripting/monoscript/fileName/FancyCellGroup.cs: 90647cc400823b41df847a6cbfc29026 -> 
  custom:scripting/monoscript/fileName/RescaleDragPanel.cs: 428e5a10a21f2d3fc3805557487d591e -> 
  custom:scripting/monoscript/fileName/ExtensionsToggleGroup.cs: 93967f93faef61aecdca9232fa42b062 -> 
  custom:scripting/monoscript/fileName/ResizePanel.cs: 0a2d1269c62cba913a254b515f8b6020 -> 
  custom:scripting/monoscript/fileName/Circle.cs: cfc2369c92dd039be7c3f572f769fdcf -> 
  custom:scripting/monoscript/fileName/ShaderLibrary.cs: 7a09676978959734a6827051c965f749 -> 
  custom:scripting/monoscript/fileName/CurvedText.cs: c86aabacdca275700720e919fc8a8b52 -> 
  custom:scripting/monoscript/fileName/FancyScrollRectCell.cs: 0cdf409b5aa8d4c25876d72b5c6a3b60 -> 
  custom:scripting/monoscript/fileName/Gradient.cs: a4c2a5a25440c543cd82653fda832632 -> 
  custom:scripting/monoscript/fileName/ScrollSnapBase.cs: 3682088473625968e7b4647a6b4213f6 -> 
  custom:scripting/monoscript/fileName/CUIText.cs: 0be1a405bc9388e4813a74aad6018bec -> 
  custom:scripting/monoscript/fileName/BoundTooltipTrigger.cs: e78e2ee612ba85e075ab794a5cb95e73 -> 
  custom:scripting/monoscript/fileName/UIHighlightable.cs: fd305ad78204cb75a66ce809c3f50e6a -> 
  custom:video-codec-MediaFoundation-h265: 746d11721c4dcdbdad8f713fa42b33f4 -> 
  custom:scripting/monoscript/fileName/UIExtensionsInputManager.cs: 6f468ddae971c3bcce0288549c1beabd -> 
  custom:scripting/monoscript/fileName/Gradient2.cs: 9c1fd6257924e43a80b8fccb859d3828 -> 
  custom:scripting/monoscript/fileName/CooldownButton.cs: 72bd21b90ac71f29908a36179176f8fc -> 
  custom:video-decoder-ogg-theora: a1e56fd34408186e4bbccfd4996cb3dc -> 
  custom:scripting/monoscript/fileName/TileSizeFitter.cs: ba6326e335b6f177a627b992c444832c -> 
  custom:scripting/monoscript/fileName/SelectableScaler.cs: 3ebe175d64b38a572f8dbe8fd345f0c3 -> 
  custom:scripting/monoscript/fileName/AccordionElementEditor.cs: db5ee9b2cff22578a12a4d141614d665 -> 
  custom:scripting/monoscript/fileName/ExtensionsToggle.cs: e0b44aa7e1ff973d74b4857a34a48879 -> 
  custom:scripting/monoscript/fileName/ReorderableListElement.cs: 788a31431a1c95dc9a9a52767f8e812f -> 
  custom:scripting/monoscript/fileName/ShineEffector.cs: 52ed4eb6c7ed8f674a18d2a4db6eba86 -> 
  custom:scripting/monoscript/fileName/UISelectableExtension.cs: b6766007d8a2236e23d4749da2d8cdd2 -> 
  custom:framework-win-MediaFoundation: 216162199b28c13a410421893ffa2e32 -> 
  custom:scripting/monoscript/fileName/UISoftAdditiveEffect.cs: 30a825933c907dec19605ff2f58a292f -> 
  custom:scripting/monoscript/fileName/HexColorField.cs: 425eeca1ce4159bc649962b2337061a4 -> 
  custom:scripting/monoscript/fileName/ColorPickerControl.cs: 97231f899ae243cc634f34e048c22095 -> 
  custom:scripting/monoscript/fileName/ReorderableListDebug.cs: 51cf5a188c464deb681bea16cb795b61 -> 
  custom:scripting/monoscript/fileName/TextPic.cs: 9dbd7bc654cbf19eee33ac6fc452bfb1 -> 
  custom:scripting/monoscript/fileName/CUIImage.cs: 41f29f650aa507f802cd9793d91f3211 -> 
  custom:scripting/monoscript/fileName/DropDownListButton.cs: 71d533f2602e0e099d09a556ef8e4414 -> 
  custom:scripting/monoscript/fileName/ScrollSnap.cs: c5ae67ed5cc8c0ab1f7496803acc2648 -> 
  custom:scripting/monoscript/fileName/TextPicIconListCopier.cs: a564a2a474c019b98650cff2383ccfca -> 
  custom:scripting/monoscript/fileName/UICornerCut.cs: 69b0dfb485aa2b1afa65fcf30028125b -> 
  custom:scripting/monoscript/fileName/ScrollerEditor.cs: 478519b80ad2bc62d4a4b80ae078e694 -> 
  custom:scripting/monoscript/fileName/IBoxSelectable.cs: a5bf39a694cf2b84c65e7bec998d4941 -> 
  custom:scripting/monoscript/fileName/TiltWindow.cs: 7c3356d1b5bc9c6e9fe98345b0be7c30 -> 
  custom:scripting/monoscript/fileName/ExtensionMethods.cs: 943bd8dac5ce9467ce7deb0856dc6b0a -> 
  custom:scripting/monoscript/fileName/ComboBox.cs: a6ca48dde827ff07a9093f3624d58e62 -> 
  custom:scripting/monoscript/fileName/ScrollRectLinker.cs: 0316116e17d192ca2ef7c97539dff50f -> 
  custom:scripting/monoscript/fileName/SVBoxSlider.cs: 1d22c9c16d63e1cf38ad19bbcec9a0da -> 
  custom:scripting/monoscript/fileName/VerticalScrollSnap.cs: a7ebcf1fac8331e70ee01e540cbe484b -> 
  custom:scripting/monoscript/fileName/UILineConnector.cs: ea5f69a32957fe35ae7b512ef3f758ef -> 
  custom:scripting/monoscript/fileName/UIScreenEffect.cs: c36542c529d1f733362556ab22c18bf9 -> 
  custom:scripting/monoscript/fileName/SoftMaskScript.cs: 867049fb2647c9983fb1391409f93d30 -> 
  custom:scripting/monoscript/fileName/DiamondGraph.cs: a01b647a54847840428a395cc0d6fc16 -> 
  custom:scripting/monoscript/fileName/ScrollRectEx.cs: 3f6a881a34055e182fee3ab0baaee0c3 -> 
  custom:scripting/monoscript/fileName/UIGridRenderer.cs: 04c0062f4b7cdd6963fdba9ae03d9c72 -> 
  custom:scripting/monoscript/fileName/NicerOutline.cs: 571a7c7c4af4ebadc9fed23f0c3b0b46 -> 
  custom:CustomObjectIndexerAttribute: 9a22284fe3817be447336de3de66b15e -> 
  custom:scripting/monoscript/fileName/ScrollRectExtensions.cs: c76cb840404ffa9bc24248639e9da4ee -> 
  custom:scripting/monoscript/fileName/FancyGridViewContext.cs: 8738476657d4a33c34bc82bed7ce8bc9 -> 
  custom:scripting/monoscript/fileName/MinMaxValues.cs: 4aa11a61e640749f4ea5f947f86be5ba -> 
  custom:scripting/monoscript/fileName/CardExpanding3D.cs: d8b2b9924677ad2b445b05edbed7f0e3 -> 
  custom:scripting/monoscript/fileName/MinMaxSliderEditor.cs: e0496a7f76fc8934af2a763a7289ad36 -> 
  custom:scripting/monoscript/fileName/StepperSide.cs: 34d9a35c8c2622f327b140f18a7398a7 -> 
  custom:scripting/monoscript/fileName/CUIGraphicEditor.cs: a618262d3e77d462c5a0cd2e608e8a53 -> 
  custom:scripting/monoscript/fileName/DropDownList.cs: 3d51ab81e9571c9027b59874b2c78567 -> 
  custom:scripting/monoscript/fileName/ITweenValue.cs: 1d0eaa4b435fa135e18af6b5fa57e92e -> 
  custom:container-demuxer-webm: 4f35f7cbe854078d1ac9338744f61a02 -> 
  custom:scripting/monoscript/fileName/CardExpanding2D.cs: e0950b450275cb3936a581f286a6b471 -> 
  custom:scripting/monoscript/fileName/ResetSelectableHighlight.cs: 3ea63487fd77e7b22731770a86b4f8b9 -> 
  custom:scripting/monoscript/fileName/UIScrollToSelection.cs: d89fc8e36bdc19715e3104a5f857d175 -> 
  custom:scripting/monoscript/fileName/IScrollSnap.cs: 80b4110dac6695d630b8e7501d8e5aa8 -> 
  custom:scripting/monoscript/fileName/SegmentedControl.cs: 3a6e53207de58cf304ab520e0638e2df -> 
  custom:scripting/monoscript/fileName/ColorSampler.cs: 617678b91f4adc7b3146f51bed3fc4b1 -> 
  custom:scripting/monoscript/fileName/TabNavigationHelper.cs: 43f45dc623750048d2fbac24931c8ac8 -> 
  custom:scripting/monoscript/fileName/AutoCompleteComboBox.cs: 6e2e6cf33d4f5ca4ad3c05ff8f254467 -> 
  custom:scripting/monoscript/fileName/TextPicEditor.cs: c23216fe996c314d4c496ad837485981 -> 
  custom:scripting/monoscript/fileName/CUIMisc.cs: bc26c7f132f5cd28304cbc88070ca4dc -> 
  custom:scripting/monoscript/fileName/UIAdditiveEffect.cs: 50386f7d7d76f5c5e155dbf56c5e5fdd -> 
  custom:scripting/monoscript/fileName/MonoSpacing.cs: 45ba6bf376dd125375a8906a7d8b8b4b -> 
  custom:scripting/monoscript/fileName/FloatTween.cs: c51b551f6abec506d0db9945f7aa25cc -> 
  custom:scripting/monoscript/fileName/BoxSlider.cs: 662335e935a62641f6cb14e99e25e994 -> 
  custom:scripting/monoscript/fileName/BezierLineRendererEditor.cs: 2a50098be424d999e43b888ace13278c -> 
  custom:scripting/monoscript/fileName/NonDrawingGraphic.cs: a309796f6d67e4c1c110ec62b4572b4e -> 
  custom:scripting/monoscript/fileName/ScrollPositionController.cs: 30c392a65a277a4a74b1a6f1a3417601 -> 
  custom:scripting/monoscript/fileName/ContentScrollSnapHorizontal.cs: cb0bf043572062ce08b48904f46c98c8 -> 
  custom:scripting/monoscript/fileName/Triangulator.cs: 4ee9f09ca55767568ee94c9eaaed7244 -> d867a9a7a8385ef82ff357feb70c59d4
  custom:scripting/monoscript/fileName/UIImageCrop.cs: 1ec5d1f18ccf3bbe8ea319cda00ecfbc -> 
  custom:scripting/monoscript/fileName/BoxSliderEditor.cs: 9c680a5a338924fb176605eed0f68a75 -> 
  custom:scripting/monoscript/fileName/FancyScrollView.cs: c5f9c64ec4b4e183b17919204bc381a9 -> 
  custom:scripting/monoscript/fileName/BezierPath.cs: 90cbb6f823f7a03c69c93b3e1653c45e -> 
  custom:scripting/monoscript/fileName/SuperellipsePoints.cs: db2a1c9698f2dea478e1d6bfece554ae -> 
  custom:scripting/monoscript/fileName/UI_Knob.cs: 00244fb2be3e9e1f5ec3a07f175066a9 -> 
  custom:container-muxer-webm: aa71ff27fc2769a1b78a27578f13a17b -> 
  custom:scripting/monoscript/fileName/RaycastMask.cs: b13971e6a124c25b886c6703ae2aab24 -> 
  custom:scripting/monoscript/fileName/MultiTouchScrollRect.cs: 3a778993ea01435b2502c14ea2b2ff98 -> 
  custom:video-decoder-webm-vp8: 9c59270c3fd7afecdb556c50c9e8de78 -> 
  custom:scripting/monoscript/fileName/InputFieldEnterSubmit.cs: cdd5149b8afb8dc59ad57cc53ad8fb3b -> 
  custom:scripting/monoscript/fileName/ExampleSelectable.cs: 8dc7a8cd606154e7d10bb507e235c1f8 -> 
  custom:scripting/monoscript/fileName/uGUITools.cs: aa32797d8a9cdcd2167b6be114b0d5ec -> 
  custom:scripting/monoscript/fileName/UILinearDodgeEffect.cs: f5508d2f3f6addba614d4c08275f4546 -> 
  custom:SearchIndexIgnoredProperties: e643bd26f0fe6173181afceb89e7c659 -> 
  custom:scripting/monoscript/fileName/EasingCore.cs: 0bad7e894488e9b67256d892a478aab1 -> 
  custom:scripting/monoscript/fileName/Stepper.cs: 3ee1a56034750815f9c567b6c54fbbb8 -> 
  custom:scripting/monoscript/fileName/UIPrimitiveBase.cs: 80a945e915822efd5c887ee28f76aa9f -> 
  custom:AudioImporter_EditorPlatform: d09bf68614088b80899f8185d706f6e7 -> 
  custom:scripting/monoscript/fileName/LetterSpacing.cs: c4f4c504ac9c0b708c438c8a0faf6a96 -> 
  custom:scripting/monoscript/fileName/UISquircle.cs: faaa67841792f2c90a13db82841ac6e3 -> 
  custom:scripting/monoscript/fileName/RangeSlider.cs: 026cea0882c5bbc90f7cedc5111cfeb2 -> 
  custom:scripting/monoscript/fileName/UIExtensionMethods.cs: 2621bff24acfb4ddb3b264b7553588d8 -> 
  custom:scripting/monoscript/fileName/UIVerticalScroller.cs: 3532ae0d4ba5f6e2c310cfec2c655a8c -> 
  custom:scripting/monoscript/fileName/ColorLabel.cs: 9a2d62e5e8f65400e4abc881023f36f7 -> 
  custom:scripting/monoscript/fileName/TooltipTrigger.cs: 546a7d73bc42b9e6f1fd03a7e07d7f29 -> 
  custom:scripting/monoscript/fileName/UIMultiplyEffect.cs: 29b6f1f4d98d9b61292d829c0030af4b -> 
  custom:scripting/monoscript/fileName/CardPopup2D.cs: ac929914b8675b3ff1238ddb1cc99789 -> 
  custom:scripting/monoscript/fileName/ScrollSnapScrollbarHelper.cs: d6b043fd7048156ea2ef4da9da4a0a51 -> 
  custom:scripting/monoscript/fileName/HoverTooltip.cs: abdf0400bdf15bb8fdc0bc4d5ecc993f -> 
  custom:scripting/monoscript/fileName/ColorImage.cs: 87dea3e9bf43c94e295d4fa411046c66 -> 
  custom:scripting/monoscript/fileName/FancyScrollRectContext.cs: 9e5d4d8665c04a1190a3fc52908244b0 -> 
  custom:scripting/monoscript/fileName/TextPicIconEditor.cs: 1f41560011fcb93d03be374d10238c0c -> 
  custom:scripting/monoscript/fileName/UI_InfiniteScroll.cs: f7518bdb5ccbb5518282b9c860eef985 -> 
  custom:scripting/monoscript/fileName/UIExtensionsMenuOptions.cs: 25d3bc76bdcc7be45d732e8f064ec6a7 -> 
  custom:scripting/monoscript/fileName/ReadOnlyAttribute.cs: 604ae8fbc27d6402b88ac08f1987318f -> 
  custom:scripting/monoscript/fileName/UICircle.cs: e40253d6117a9fbea82cc285a7e8a36e -> 
  custom:scripting/monoscript/fileName/UIScrollToSelectionXY.cs: 8145d21a6ef6f8610242d2ba291595b9 -> 
  custom:scripting/monoscript/fileName/CUITextEditor.cs: 966cced0a631446b9484c2fe777a7f5b -> 
  custom:scripting/precompiled-assembly-types:UnityUIExtensions.editor: e002030e6fc012878af160bb334541ad -> 
  custom:scripting/monoscript/fileName/TweenRunner.cs: 90647cc400823b41df847a6cbfc29026 -> 
  custom:scripting/monoscript/fileName/UIHorizontalScroller.cs: 758f016ad67e22eff0f26468f408f006 -> 
  custom:scripting/monoscript/fileName/ReturnKeyTriggersButton.cs: 622f27a1a5fce3f8fe14f0fe6c6b39b5 -> 
  custom:scripting/monoscript/fileName/FancyGridViewCell.cs: 0cdf409b5aa8d4c25876d72b5c6a3b60 -> 
  custom:scripting/monoscript/fileName/Scroller.cs: 94938ad1cd7c20206a0339e3bd7f3330 -> 
  custom:scripting/monoscript/fileName/CylinderText.cs: 86c073c10ed890f8e108be86fb350e35 -> 
  custom:scripting/monoscript/fileName/ColorPickerPresets.cs: d20309ac183a87fd46c2e0a03ba5bdef -> 
  custom:scripting/monoscript/fileName/RadialSlider.cs: 24542b53b379116a4f98bb53a64e13b8 -> 
  custom:scripting/monoscript/fileName/PPIViewer.cs: 5269fbe050022d597b2ceba1b1d4cbae -> 
  custom:scripting/monoscript/fileName/InputFocus.cs: 6a5a3b184038cb5e7dbe4882c96bc91b -> 
  custom:scripting/monoscript/fileName/CUIBezierCurve.cs: 32214df0cb137de9f4967269deffb6f3 -> 
  custom:scripting/monoscript/fileName/DropDownListItem.cs: 91c61fd79335f34fb81e114553bf8888 -> 
  custom:scripting/monoscript/fileName/UIFlippable.cs: 9c843e180ea4b6afe9c1ba071336e124 -> 
  custom:scripting/monoscript/fileName/CanvasGroupActivator.cs: f743e9c6e47b0eb8c0b7b2fbf9f7de19 -> 
  custom:scripting/monoscript/fileName/UIWindowBase.cs: 776e605614a77fffd4e0147c8e684e94 -> 
  custom:video-encoder-webm-vp8: eb34c28f22e8b96e1ab97ce403110664 -> 
  custom:scripting/monoscript/fileName/ScrollPositionControllerEditor.cs: fb86570a90d8d5b779234b7f103e1b51 -> 
  custom:scripting/monoscript/fileName/CurvedLayout.cs: 46917779e317aa4a214ea430689de312 -> 
  custom:scripting/monoscript/fileName/ScrollConflictManager.cs: 1a474b2432b80a8b7211f13c79bb991c -> 
  custom:scripting/monoscript/fileName/ReadOnlyDrawer.cs: 1c0aa6472b8e40c24f66a5805d818994 -> 
  custom:audio-decoder-ogg-vorbis: bf7c407c2cedff20999df2af8eb42d56 -> 
  custom:scripting/monoscript/fileName/FancyGridView.cs: 849ed7f5b11c9db237ef61b01c5a5104 -> 
  custom:scripting/monoscript/fileName/CableCurve.cs: 1ed0592bfc80d3ca3db7b55e9a6e9d9a -> 
  custom:scripting/monoscript/fileName/PaginationManager.cs: b5c7a38e1c9bde92ca052679632bc9f1 -> 
  custom:scripting/monoscript/fileName/UILineTextureRenderer.cs: f3042185c83712ad42b2d6694b56f8d3 -> 
  custom:scripting/monoscript/fileName/MenuManager.cs: 8e71de17d45faf11b5ca3e63d3867170 -> 
  custom:scripting/monoscript/fileName/ColorPickerPresetsEditor.cs: 57bebb34d006d8305e8cd353ea00f28b -> 
  custom:scripting/monoscript/fileName/UI_MagneticInfiniteScroll.cs: 7f0db092e1c52c826e7ccbefe21fe7ce -> 
  custom:scripting/monoscript/fileName/ToolTip.cs: 2f05f936126a769ca9a98ef6920928a7 -> 
  custom:scripting/monoscript/fileName/TextPicRenameEditor.cs: b67a1588d964fe3ac177da9872e96689 -> 
  custom:scripting/monoscript/fileName/TestCompression.cs: 2a18178f72c1b3979b9006483863f20e -> 
  custom:scripting/monoscript/fileName/IFancyScrollRectContext.cs: 9c4dee0aef526d67eb0a668a1c9b910a -> 
  custom:scripting/monoscript/fileName/ColorChangedEvent.cs: bafb161b451089e6c72bcae877e0ba66 -> 
  custom:scripting/monoscript/fileName/BestFitOutline.cs: 2ec1c68346f5b721e3d92092cd60b278 -> 
  custom:scripting/monoscript/fileName/NonDrawingGraphicEditor.cs: 1e7abd1e1a4d3da38de70c6d38c19118 -> 
  custom:scripting/monoscript/fileName/HSVChangedEvent.cs: 8a0d7f505f4db7e267a03264293f54eb -> 
  custom:scripting/monoscript/fileName/CUIImageEditor.cs: 0be5a4365a8d65680f88c4d192e5254c -> 
  custom:scripting/monoscript/fileName/HorizontalScrollSnap.cs: 624447835d67a70d90ed2b7f69117316 -> 
  custom:scripting/monoscript/fileName/UI_TweenScale.cs: 50a18c41daf615d82dc37ef0e9dcea31 -> 
  custom:scripting/monoscript/fileName/BoundTooltipItem.cs: 12dc26af634677e40fd7840809357e6c -> 
  custom:scripting/monoscript/fileName/AccordionElement.cs: 69f1a7e537099cc57de9b6eaa86cef32 -> 
  custom:scripting/monoscript/fileName/UI_ScrollRectOcclusion.cs: 491f1c2592ac821eb8de9e533fddd4a9 -> 
  custom:scripting/monoscript/fileName/CUIBezierCurveEditor.cs: be4462c6de2387d5f99ef9d0e93b91ee -> 
  custom:scripting/monoscript/fileName/ColorSliderImage.cs: bbcbfbf23dc2f9fc5450db8f36b24487 -> 
  custom:scripting/monoscript/fileName/Accordion.cs: c31898dc7ffd6f7b32be5689419229bc -> 
  custom:scripting/monoscript/fileName/FancyCell.cs: 0cdf409b5aa8d4c25876d72b5c6a3b60 -> 
  custom:scripting/monoscript/fileName/ShineEffect.cs: 61d233269c4ea687efa548adef5d6e13 -> 
  custom:audio-encoder-webm-vorbis: bf7c407c2cedff20999df2af8eb42d56 -> 
  custom:scripting/monoscript/fileName/ScrollRectTweener.cs: 3437a8fb18bed84a45865e36e83e332f -> 
  custom:scripting/monoscript/fileName/MeshCreator.cs: a2506ad04bac2e5a6d6d50e0d7978d92 -> 
  custom:scripting/monoscript/fileName/UIPolygon.cs: ef7b3e02606f58c56a27e65db10bc7f3 -> 
  custom:scripting/monoscript/fileName/switchToRectTransform.cs: 0ef297259b7f2ab26defc1d718ad1e0a -> 
  custom:scripting/monoscript/fileName/UILineRendererList.cs: efbf4ff76c31aa3e4f61c8b26734d929 -> 
  custom:scripting/monoscript/fileName/CLZF2.cs: 40ef7bf6191a1a5e5b0f37e092e1b271 -> 
  custom:scripting/monoscript/fileName/SimpleMenu.cs: 90647cc400823b41df847a6cbfc29026 -> 
  custom:scripting/monoscript/fileName/RescalePanel.cs: a379a55181438e3b7a29019da8a3c82c -> 
  custom:scripting/monoscript/fileName/DragCorrector.cs: 89ab4a0369eecb75be2277a80a08c1e7 -> 
  custom:scripting/monoscript/fileName/RangeSliderEditor.cs: 1c09cdb4e75bc10f834bbae9a7b54e1e -> 
  custom:scripting/monoscript/fileName/FancyScrollRect.cs: 0cdf409b5aa8d4c25876d72b5c6a3b60 -> 
  custom:scripting/precompiled-assembly-types:Assembly-CSharp: b9b5c9d3acc78c4055756d16036d66ad -> d9898b08f7aa15a36c94fc52d0b7440b
  custom:scripting/monoscript/fileName/ReorderableList.cs: 944c8e214787d07461c711b29546f976 -> 
  custom:scripting/monoscript/fileName/RadialLayout.cs: 170f31c5fdb54a9fe7ba926effdfd7d4 -> 
  custom:scripting/monoscript/fileName/ColorSlider.cs: a91d06b853e0bf2d5df3ea61a67d5c83 -> 
  custom:scripting/monoscript/fileName/IFancyGridViewContext.cs: be7addf49e5950ebb654fec55c2afa8b -> 
  custom:scripting/precompiled-assembly-types:UnityUIExtensions: c0991a7eaf90618746e467e9e018bd04 -> 
  custom:scripting/monoscript/fileName/CUIGraphic.cs: 4f47fad340418bff51fe6171e2259e7f -> 
  custom:scripting/monoscript/fileName/IFancyCellGroupContext.cs: 323b5f49cc2011b3d2d9088e528ed161 -> 
  custom:scripting/monoscript/fileName/MinMaxSlider.cs: e7d98a511e8b98df33f72f37935821e5 -> 
  custom:scripting/monoscript/fileName/ColorPickerTester.cs: 63b6c03c009a94721b9d41c8d5e5e6ed -> 
========================================================================
Received Prepare
Caller must complete domain reload
Begin MonoManager ReloadAssembly
- Loaded All Assemblies, in  0.566 seconds
Native extension for WindowsStandalone target not found
Native extension for WebGL target not found
Mono: successfully reloaded assembly
- Finished resetting the current domain, in  1.193 seconds
Domain Reload Profiling: 1758ms
	BeginReloadAssembly (187ms)
		ExecutionOrderSort (0ms)
		DisableScriptedObjects (15ms)
		BackupInstance (0ms)
		ReleaseScriptingObjects (0ms)
		CreateAndSetChildDomain (39ms)
	RebuildCommonClasses (45ms)
	RebuildNativeTypeToScriptingClass (14ms)
	initialDomainReloadingComplete (27ms)
	LoadAllAssembliesAndSetupDomain (292ms)
		LoadAssemblies (358ms)
		RebuildTransferFunctionScriptingTraits (0ms)
		AnalyzeDomain (36ms)
			TypeCache.Refresh (9ms)
				TypeCache.ScanAssembly (0ms)
			ScanForSourceGeneratedMonoScriptInfo (16ms)
			ResolveRequiredComponents (9ms)
	FinalizeReload (1193ms)
		ReleaseScriptCaches (0ms)
		RebuildScriptCaches (0ms)
		SetupLoadedEditorAssemblies (519ms)
			LogAssemblyErrors (0ms)
			InitializePlatformSupportModulesInManaged (6ms)
			SetLoadedEditorAssemblies (6ms)
			RefreshPlugins (0ms)
			BeforeProcessingInitializeOnLoad (81ms)
			ProcessInitializeOnLoadAttributes (373ms)
			ProcessInitializeOnLoadMethodAttributes (50ms)
			AfterProcessingInitializeOnLoad (3ms)
			EditorAssembliesLoaded (1ms)
		ExecutionOrderSort2 (0ms)
		AwakeInstancesAfterBackupRestoration (21ms)
Refreshing native plugins compatible for Editor in 7.92 ms, found 7 plugins.
Preloading 0 native plugins for Editor in 0.00 ms.
Unloading 4456 Unused Serialized files (Serialized files now loaded: 0)
Unloading 44 unused Assets / (0.7 MB). Loaded Objects now: 5303.
Memory consumption went from 158.4 MB to 157.7 MB.
Total: 4.223200 ms (FindLiveObjects: 0.594100 ms CreateObjectMapping: 0.218500 ms MarkObjects: 2.927800 ms  DeleteObjects: 0.481200 ms)

Prepare: number of updated asset objects reloaded= 0
AssetImportParameters requested are different than current active one (requested -> active):
  custom:scripting/monoscript/fileName/CardStack2D.cs: 52f7ac406c04f320c1cc31b32fc945ec -> 
  custom:scripting/monoscript/fileName/UILineRendererFIFO.cs: 1a840d7d842445f62c20beee85a5bbc5 -> 
  custom:scripting/monoscript/fileName/FlowLayoutGroup.cs: 4f8c51e99186127173631d5ea0b848a8 -> 
  custom:scripting/monoscript/fileName/UIParticleSystem.cs: 6cef203566a0c9333597e4e233613614 -> 
  custom:scripting/monoscript/fileName/UILineRenderer.cs: 673f1b621ab4781ac78770b1b3c45207 -> 
  custom:scripting/monoscript/fileName/TableLayoutGroup.cs: 9697d88a99d4c91003d206b86eed3a61 -> 
  custom:scripting/monoscript/fileName/Segment.cs: 823b994f6bbb6e32f73e9807948df6b3 -> 
  custom:container-demuxer-ogg: 62fdf1f143b41e24485cea50d1cbac27 -> 
  custom:scripting/monoscript/fileName/SelectionBox.cs: 9eabc2822607d24d284c5c0d720d4a01 -> 
  custom:scripting/monoscript/fileName/ReorderableListContent.cs: a630238339e5f198f723ac29a2329f6d -> 
  custom:scripting/monoscript/fileName/Menu.cs: d0a2652908e797d4064ef9b772450cc8 -> 
  custom:scripting/monoscript/fileName/SetPropertyUtility.cs: 02aade692758e5563210cc05829e9851 -> f604b4b9e6b0979bdfc1e2b40426dd19
  custom:scripting/monoscript/fileName/HSVUtil.cs: 2f204c7a89b046fae714aadbcda42851 -> 
  custom:scripting/monoscript/fileName/FancyCellGroup.cs: 90647cc400823b41df847a6cbfc29026 -> 
  custom:scripting/monoscript/fileName/RescaleDragPanel.cs: 428e5a10a21f2d3fc3805557487d591e -> 
  custom:scripting/monoscript/fileName/ExtensionsToggleGroup.cs: 93967f93faef61aecdca9232fa42b062 -> 
  custom:scripting/monoscript/fileName/ResizePanel.cs: 0a2d1269c62cba913a254b515f8b6020 -> 
  custom:scripting/monoscript/fileName/Circle.cs: cfc2369c92dd039be7c3f572f769fdcf -> 
  custom:scripting/monoscript/fileName/ShaderLibrary.cs: 7a09676978959734a6827051c965f749 -> 
  custom:scripting/monoscript/fileName/CurvedText.cs: c86aabacdca275700720e919fc8a8b52 -> 
  custom:scripting/monoscript/fileName/FancyScrollRectCell.cs: 0cdf409b5aa8d4c25876d72b5c6a3b60 -> 
  custom:scripting/monoscript/fileName/Gradient.cs: a4c2a5a25440c543cd82653fda832632 -> 
  custom:scripting/monoscript/fileName/ScrollSnapBase.cs: 3682088473625968e7b4647a6b4213f6 -> 
  custom:scripting/monoscript/fileName/CUIText.cs: 0be1a405bc9388e4813a74aad6018bec -> 
  custom:scripting/monoscript/fileName/BoundTooltipTrigger.cs: e78e2ee612ba85e075ab794a5cb95e73 -> 
  custom:scripting/monoscript/fileName/UIHighlightable.cs: fd305ad78204cb75a66ce809c3f50e6a -> 
  custom:video-codec-MediaFoundation-h265: 746d11721c4dcdbdad8f713fa42b33f4 -> 
  custom:scripting/monoscript/fileName/UIExtensionsInputManager.cs: 6f468ddae971c3bcce0288549c1beabd -> 
  custom:scripting/monoscript/fileName/Gradient2.cs: 9c1fd6257924e43a80b8fccb859d3828 -> 
  custom:scripting/monoscript/fileName/CooldownButton.cs: 72bd21b90ac71f29908a36179176f8fc -> 
  custom:video-decoder-ogg-theora: a1e56fd34408186e4bbccfd4996cb3dc -> 
  custom:scripting/monoscript/fileName/TileSizeFitter.cs: ba6326e335b6f177a627b992c444832c -> 
  custom:scripting/monoscript/fileName/SelectableScaler.cs: 3ebe175d64b38a572f8dbe8fd345f0c3 -> 
  custom:scripting/monoscript/fileName/AccordionElementEditor.cs: db5ee9b2cff22578a12a4d141614d665 -> 
  custom:scripting/monoscript/fileName/ExtensionsToggle.cs: e0b44aa7e1ff973d74b4857a34a48879 -> 
  custom:scripting/monoscript/fileName/ReorderableListElement.cs: 788a31431a1c95dc9a9a52767f8e812f -> 
  custom:scripting/monoscript/fileName/ShineEffector.cs: 52ed4eb6c7ed8f674a18d2a4db6eba86 -> 
  custom:scripting/monoscript/fileName/UISelectableExtension.cs: b6766007d8a2236e23d4749da2d8cdd2 -> 
  custom:framework-win-MediaFoundation: 216162199b28c13a410421893ffa2e32 -> 
  custom:scripting/monoscript/fileName/UISoftAdditiveEffect.cs: 30a825933c907dec19605ff2f58a292f -> 
  custom:scripting/monoscript/fileName/HexColorField.cs: 425eeca1ce4159bc649962b2337061a4 -> 
  custom:scripting/monoscript/fileName/ColorPickerControl.cs: 97231f899ae243cc634f34e048c22095 -> 
  custom:scripting/monoscript/fileName/ReorderableListDebug.cs: 51cf5a188c464deb681bea16cb795b61 -> 
  custom:scripting/monoscript/fileName/TextPic.cs: 9dbd7bc654cbf19eee33ac6fc452bfb1 -> 
  custom:scripting/monoscript/fileName/CUIImage.cs: 41f29f650aa507f802cd9793d91f3211 -> 
  custom:scripting/monoscript/fileName/DropDownListButton.cs: 71d533f2602e0e099d09a556ef8e4414 -> 
  custom:scripting/monoscript/fileName/ScrollSnap.cs: c5ae67ed5cc8c0ab1f7496803acc2648 -> 
  custom:scripting/monoscript/fileName/TextPicIconListCopier.cs: a564a2a474c019b98650cff2383ccfca -> 
  custom:scripting/monoscript/fileName/UICornerCut.cs: 69b0dfb485aa2b1afa65fcf30028125b -> 
  custom:scripting/monoscript/fileName/ScrollerEditor.cs: 478519b80ad2bc62d4a4b80ae078e694 -> 
  custom:scripting/monoscript/fileName/IBoxSelectable.cs: a5bf39a694cf2b84c65e7bec998d4941 -> 
  custom:scripting/monoscript/fileName/TiltWindow.cs: 7c3356d1b5bc9c6e9fe98345b0be7c30 -> 
  custom:scripting/monoscript/fileName/ExtensionMethods.cs: 943bd8dac5ce9467ce7deb0856dc6b0a -> 
  custom:scripting/monoscript/fileName/ComboBox.cs: a6ca48dde827ff07a9093f3624d58e62 -> 
  custom:scripting/monoscript/fileName/ScrollRectLinker.cs: 0316116e17d192ca2ef7c97539dff50f -> 
  custom:scripting/monoscript/fileName/SVBoxSlider.cs: 1d22c9c16d63e1cf38ad19bbcec9a0da -> 
  custom:scripting/monoscript/fileName/VerticalScrollSnap.cs: a7ebcf1fac8331e70ee01e540cbe484b -> 
  custom:scripting/monoscript/fileName/UILineConnector.cs: ea5f69a32957fe35ae7b512ef3f758ef -> 
  custom:scripting/monoscript/fileName/UIScreenEffect.cs: c36542c529d1f733362556ab22c18bf9 -> 
  custom:scripting/monoscript/fileName/SoftMaskScript.cs: 867049fb2647c9983fb1391409f93d30 -> 
  custom:scripting/monoscript/fileName/DiamondGraph.cs: a01b647a54847840428a395cc0d6fc16 -> 
  custom:scripting/monoscript/fileName/ScrollRectEx.cs: 3f6a881a34055e182fee3ab0baaee0c3 -> 
  custom:scripting/monoscript/fileName/UIGridRenderer.cs: 04c0062f4b7cdd6963fdba9ae03d9c72 -> 
  custom:scripting/monoscript/fileName/NicerOutline.cs: 571a7c7c4af4ebadc9fed23f0c3b0b46 -> 
  custom:CustomObjectIndexerAttribute: 9a22284fe3817be447336de3de66b15e -> 
  custom:scripting/monoscript/fileName/ScrollRectExtensions.cs: c76cb840404ffa9bc24248639e9da4ee -> 
  custom:scripting/monoscript/fileName/FancyGridViewContext.cs: 8738476657d4a33c34bc82bed7ce8bc9 -> 
  custom:scripting/monoscript/fileName/MinMaxValues.cs: 4aa11a61e640749f4ea5f947f86be5ba -> 
  custom:scripting/monoscript/fileName/CardExpanding3D.cs: d8b2b9924677ad2b445b05edbed7f0e3 -> 
  custom:scripting/monoscript/fileName/MinMaxSliderEditor.cs: e0496a7f76fc8934af2a763a7289ad36 -> 
  custom:scripting/monoscript/fileName/StepperSide.cs: 34d9a35c8c2622f327b140f18a7398a7 -> 
  custom:scripting/monoscript/fileName/CUIGraphicEditor.cs: a618262d3e77d462c5a0cd2e608e8a53 -> 
  custom:scripting/monoscript/fileName/DropDownList.cs: 3d51ab81e9571c9027b59874b2c78567 -> 
  custom:scripting/monoscript/fileName/ITweenValue.cs: 1d0eaa4b435fa135e18af6b5fa57e92e -> 
  custom:container-demuxer-webm: 4f35f7cbe854078d1ac9338744f61a02 -> 
  custom:scripting/monoscript/fileName/CardExpanding2D.cs: e0950b450275cb3936a581f286a6b471 -> 
  custom:scripting/monoscript/fileName/ResetSelectableHighlight.cs: 3ea63487fd77e7b22731770a86b4f8b9 -> 
  custom:scripting/monoscript/fileName/UIScrollToSelection.cs: d89fc8e36bdc19715e3104a5f857d175 -> 
  custom:scripting/monoscript/fileName/IScrollSnap.cs: 80b4110dac6695d630b8e7501d8e5aa8 -> 
  custom:scripting/monoscript/fileName/SegmentedControl.cs: 3a6e53207de58cf304ab520e0638e2df -> 
  custom:scripting/monoscript/fileName/ColorSampler.cs: 617678b91f4adc7b3146f51bed3fc4b1 -> 
  custom:scripting/monoscript/fileName/TabNavigationHelper.cs: 43f45dc623750048d2fbac24931c8ac8 -> 
  custom:scripting/monoscript/fileName/AutoCompleteComboBox.cs: 6e2e6cf33d4f5ca4ad3c05ff8f254467 -> 
  custom:scripting/monoscript/fileName/TextPicEditor.cs: c23216fe996c314d4c496ad837485981 -> 
  custom:scripting/monoscript/fileName/CUIMisc.cs: bc26c7f132f5cd28304cbc88070ca4dc -> 
  custom:scripting/monoscript/fileName/UIAdditiveEffect.cs: 50386f7d7d76f5c5e155dbf56c5e5fdd -> 
  custom:scripting/monoscript/fileName/MonoSpacing.cs: 45ba6bf376dd125375a8906a7d8b8b4b -> 
  custom:scripting/monoscript/fileName/FloatTween.cs: c51b551f6abec506d0db9945f7aa25cc -> 
  custom:scripting/monoscript/fileName/BoxSlider.cs: 662335e935a62641f6cb14e99e25e994 -> 
  custom:scripting/monoscript/fileName/BezierLineRendererEditor.cs: 2a50098be424d999e43b888ace13278c -> 
  custom:scripting/monoscript/fileName/NonDrawingGraphic.cs: a309796f6d67e4c1c110ec62b4572b4e -> 
  custom:scripting/monoscript/fileName/ScrollPositionController.cs: 30c392a65a277a4a74b1a6f1a3417601 -> 
  custom:scripting/monoscript/fileName/ContentScrollSnapHorizontal.cs: cb0bf043572062ce08b48904f46c98c8 -> 
  custom:scripting/monoscript/fileName/Triangulator.cs: 4ee9f09ca55767568ee94c9eaaed7244 -> d867a9a7a8385ef82ff357feb70c59d4
  custom:scripting/monoscript/fileName/UIImageCrop.cs: 1ec5d1f18ccf3bbe8ea319cda00ecfbc -> 
  custom:scripting/monoscript/fileName/BoxSliderEditor.cs: 9c680a5a338924fb176605eed0f68a75 -> 
  custom:scripting/monoscript/fileName/FancyScrollView.cs: c5f9c64ec4b4e183b17919204bc381a9 -> 
  custom:scripting/monoscript/fileName/BezierPath.cs: 90cbb6f823f7a03c69c93b3e1653c45e -> 
  custom:scripting/monoscript/fileName/SuperellipsePoints.cs: db2a1c9698f2dea478e1d6bfece554ae -> 
  custom:scripting/monoscript/fileName/UI_Knob.cs: 00244fb2be3e9e1f5ec3a07f175066a9 -> 
  custom:container-muxer-webm: aa71ff27fc2769a1b78a27578f13a17b -> 
  custom:scripting/monoscript/fileName/RaycastMask.cs: b13971e6a124c25b886c6703ae2aab24 -> 
  custom:scripting/monoscript/fileName/MultiTouchScrollRect.cs: 3a778993ea01435b2502c14ea2b2ff98 -> 
  custom:video-decoder-webm-vp8: 9c59270c3fd7afecdb556c50c9e8de78 -> 
  custom:scripting/monoscript/fileName/InputFieldEnterSubmit.cs: cdd5149b8afb8dc59ad57cc53ad8fb3b -> 
  custom:scripting/monoscript/fileName/ExampleSelectable.cs: 8dc7a8cd606154e7d10bb507e235c1f8 -> 
  custom:scripting/monoscript/fileName/uGUITools.cs: aa32797d8a9cdcd2167b6be114b0d5ec -> 
  custom:scripting/monoscript/fileName/UILinearDodgeEffect.cs: f5508d2f3f6addba614d4c08275f4546 -> 
  custom:SearchIndexIgnoredProperties: e643bd26f0fe6173181afceb89e7c659 -> 
  custom:scripting/monoscript/fileName/EasingCore.cs: 0bad7e894488e9b67256d892a478aab1 -> 
  custom:scripting/monoscript/fileName/Stepper.cs: 3ee1a56034750815f9c567b6c54fbbb8 -> 
  custom:scripting/monoscript/fileName/UIPrimitiveBase.cs: 80a945e915822efd5c887ee28f76aa9f -> 
  custom:AudioImporter_EditorPlatform: d09bf68614088b80899f8185d706f6e7 -> 
  custom:scripting/monoscript/fileName/LetterSpacing.cs: c4f4c504ac9c0b708c438c8a0faf6a96 -> 
  custom:scripting/monoscript/fileName/UISquircle.cs: faaa67841792f2c90a13db82841ac6e3 -> 
  custom:scripting/monoscript/fileName/RangeSlider.cs: 026cea0882c5bbc90f7cedc5111cfeb2 -> 
  custom:scripting/monoscript/fileName/UIExtensionMethods.cs: 2621bff24acfb4ddb3b264b7553588d8 -> 
  custom:scripting/monoscript/fileName/UIVerticalScroller.cs: 3532ae0d4ba5f6e2c310cfec2c655a8c -> 
  custom:scripting/monoscript/fileName/ColorLabel.cs: 9a2d62e5e8f65400e4abc881023f36f7 -> 
  custom:scripting/monoscript/fileName/TooltipTrigger.cs: 546a7d73bc42b9e6f1fd03a7e07d7f29 -> 
  custom:scripting/monoscript/fileName/UIMultiplyEffect.cs: 29b6f1f4d98d9b61292d829c0030af4b -> 
  custom:scripting/monoscript/fileName/CardPopup2D.cs: ac929914b8675b3ff1238ddb1cc99789 -> 
  custom:scripting/monoscript/fileName/ScrollSnapScrollbarHelper.cs: d6b043fd7048156ea2ef4da9da4a0a51 -> 
  custom:scripting/monoscript/fileName/HoverTooltip.cs: abdf0400bdf15bb8fdc0bc4d5ecc993f -> 
  custom:scripting/monoscript/fileName/ColorImage.cs: 87dea3e9bf43c94e295d4fa411046c66 -> 
  custom:scripting/monoscript/fileName/FancyScrollRectContext.cs: 9e5d4d8665c04a1190a3fc52908244b0 -> 
  custom:scripting/monoscript/fileName/TextPicIconEditor.cs: 1f41560011fcb93d03be374d10238c0c -> 
  custom:scripting/monoscript/fileName/UI_InfiniteScroll.cs: f7518bdb5ccbb5518282b9c860eef985 -> 
  custom:scripting/monoscript/fileName/UIExtensionsMenuOptions.cs: 25d3bc76bdcc7be45d732e8f064ec6a7 -> 
  custom:scripting/monoscript/fileName/ReadOnlyAttribute.cs: 604ae8fbc27d6402b88ac08f1987318f -> 
  custom:scripting/monoscript/fileName/UICircle.cs: e40253d6117a9fbea82cc285a7e8a36e -> 
  custom:scripting/monoscript/fileName/UIScrollToSelectionXY.cs: 8145d21a6ef6f8610242d2ba291595b9 -> 
  custom:scripting/monoscript/fileName/CUITextEditor.cs: 966cced0a631446b9484c2fe777a7f5b -> 
  custom:scripting/precompiled-assembly-types:UnityUIExtensions.editor: e002030e6fc012878af160bb334541ad -> 
  custom:scripting/monoscript/fileName/TweenRunner.cs: 90647cc400823b41df847a6cbfc29026 -> 
  custom:scripting/monoscript/fileName/UIHorizontalScroller.cs: 758f016ad67e22eff0f26468f408f006 -> 
  custom:scripting/monoscript/fileName/ReturnKeyTriggersButton.cs: 622f27a1a5fce3f8fe14f0fe6c6b39b5 -> 
  custom:scripting/monoscript/fileName/FancyGridViewCell.cs: 0cdf409b5aa8d4c25876d72b5c6a3b60 -> 
  custom:scripting/monoscript/fileName/Scroller.cs: 94938ad1cd7c20206a0339e3bd7f3330 -> 
  custom:scripting/monoscript/fileName/CylinderText.cs: 86c073c10ed890f8e108be86fb350e35 -> 
  custom:scripting/monoscript/fileName/ColorPickerPresets.cs: d20309ac183a87fd46c2e0a03ba5bdef -> 
  custom:scripting/monoscript/fileName/RadialSlider.cs: 24542b53b379116a4f98bb53a64e13b8 -> 
  custom:scripting/monoscript/fileName/PPIViewer.cs: 5269fbe050022d597b2ceba1b1d4cbae -> 
  custom:scripting/monoscript/fileName/InputFocus.cs: 6a5a3b184038cb5e7dbe4882c96bc91b -> 
  custom:scripting/monoscript/fileName/CUIBezierCurve.cs: 32214df0cb137de9f4967269deffb6f3 -> 
  custom:scripting/monoscript/fileName/DropDownListItem.cs: 91c61fd79335f34fb81e114553bf8888 -> 
  custom:scripting/monoscript/fileName/UIFlippable.cs: 9c843e180ea4b6afe9c1ba071336e124 -> 
  custom:scripting/monoscript/fileName/CanvasGroupActivator.cs: f743e9c6e47b0eb8c0b7b2fbf9f7de19 -> 
  custom:scripting/monoscript/fileName/UIWindowBase.cs: 776e605614a77fffd4e0147c8e684e94 -> 
  custom:video-encoder-webm-vp8: eb34c28f22e8b96e1ab97ce403110664 -> 
  custom:scripting/monoscript/fileName/ScrollPositionControllerEditor.cs: fb86570a90d8d5b779234b7f103e1b51 -> 
  custom:scripting/monoscript/fileName/CurvedLayout.cs: 46917779e317aa4a214ea430689de312 -> 
  custom:scripting/monoscript/fileName/ScrollConflictManager.cs: 1a474b2432b80a8b7211f13c79bb991c -> 
  custom:scripting/monoscript/fileName/ReadOnlyDrawer.cs: 1c0aa6472b8e40c24f66a5805d818994 -> 
  custom:audio-decoder-ogg-vorbis: bf7c407c2cedff20999df2af8eb42d56 -> 
  custom:scripting/monoscript/fileName/FancyGridView.cs: 849ed7f5b11c9db237ef61b01c5a5104 -> 
  custom:scripting/monoscript/fileName/CableCurve.cs: 1ed0592bfc80d3ca3db7b55e9a6e9d9a -> 
  custom:scripting/monoscript/fileName/PaginationManager.cs: b5c7a38e1c9bde92ca052679632bc9f1 -> 
  custom:scripting/monoscript/fileName/UILineTextureRenderer.cs: f3042185c83712ad42b2d6694b56f8d3 -> 
  custom:scripting/monoscript/fileName/MenuManager.cs: 8e71de17d45faf11b5ca3e63d3867170 -> 
  custom:scripting/monoscript/fileName/ColorPickerPresetsEditor.cs: 57bebb34d006d8305e8cd353ea00f28b -> 
  custom:scripting/monoscript/fileName/UI_MagneticInfiniteScroll.cs: 7f0db092e1c52c826e7ccbefe21fe7ce -> 
  custom:scripting/monoscript/fileName/ToolTip.cs: 2f05f936126a769ca9a98ef6920928a7 -> 
  custom:scripting/monoscript/fileName/TextPicRenameEditor.cs: b67a1588d964fe3ac177da9872e96689 -> 
  custom:scripting/monoscript/fileName/TestCompression.cs: 2a18178f72c1b3979b9006483863f20e -> 
  custom:scripting/monoscript/fileName/IFancyScrollRectContext.cs: 9c4dee0aef526d67eb0a668a1c9b910a -> 
  custom:scripting/monoscript/fileName/ColorChangedEvent.cs: bafb161b451089e6c72bcae877e0ba66 -> 
  custom:scripting/monoscript/fileName/BestFitOutline.cs: 2ec1c68346f5b721e3d92092cd60b278 -> 
  custom:scripting/monoscript/fileName/NonDrawingGraphicEditor.cs: 1e7abd1e1a4d3da38de70c6d38c19118 -> 
  custom:scripting/monoscript/fileName/HSVChangedEvent.cs: 8a0d7f505f4db7e267a03264293f54eb -> 
  custom:scripting/monoscript/fileName/CUIImageEditor.cs: 0be5a4365a8d65680f88c4d192e5254c -> 
  custom:scripting/monoscript/fileName/HorizontalScrollSnap.cs: 624447835d67a70d90ed2b7f69117316 -> 
  custom:scripting/monoscript/fileName/UI_TweenScale.cs: 50a18c41daf615d82dc37ef0e9dcea31 -> 
  custom:scripting/monoscript/fileName/BoundTooltipItem.cs: 12dc26af634677e40fd7840809357e6c -> 
  custom:scripting/monoscript/fileName/AccordionElement.cs: 69f1a7e537099cc57de9b6eaa86cef32 -> 
  custom:scripting/monoscript/fileName/UI_ScrollRectOcclusion.cs: 491f1c2592ac821eb8de9e533fddd4a9 -> 
  custom:scripting/monoscript/fileName/CUIBezierCurveEditor.cs: be4462c6de2387d5f99ef9d0e93b91ee -> 
  custom:scripting/monoscript/fileName/ColorSliderImage.cs: bbcbfbf23dc2f9fc5450db8f36b24487 -> 
  custom:scripting/monoscript/fileName/Accordion.cs: c31898dc7ffd6f7b32be5689419229bc -> 
  custom:scripting/monoscript/fileName/FancyCell.cs: 0cdf409b5aa8d4c25876d72b5c6a3b60 -> 
  custom:scripting/monoscript/fileName/ShineEffect.cs: 61d233269c4ea687efa548adef5d6e13 -> 
  custom:audio-encoder-webm-vorbis: bf7c407c2cedff20999df2af8eb42d56 -> 
  custom:scripting/monoscript/fileName/ScrollRectTweener.cs: 3437a8fb18bed84a45865e36e83e332f -> 
  custom:scripting/monoscript/fileName/MeshCreator.cs: a2506ad04bac2e5a6d6d50e0d7978d92 -> 
  custom:scripting/monoscript/fileName/UIPolygon.cs: ef7b3e02606f58c56a27e65db10bc7f3 -> 
  custom:scripting/monoscript/fileName/switchToRectTransform.cs: 0ef297259b7f2ab26defc1d718ad1e0a -> 
  custom:scripting/monoscript/fileName/UILineRendererList.cs: efbf4ff76c31aa3e4f61c8b26734d929 -> 
  custom:scripting/monoscript/fileName/CLZF2.cs: 40ef7bf6191a1a5e5b0f37e092e1b271 -> 
  custom:scripting/monoscript/fileName/SimpleMenu.cs: 90647cc400823b41df847a6cbfc29026 -> 
  custom:scripting/monoscript/fileName/RescalePanel.cs: a379a55181438e3b7a29019da8a3c82c -> 
  custom:scripting/monoscript/fileName/DragCorrector.cs: 89ab4a0369eecb75be2277a80a08c1e7 -> 
  custom:scripting/monoscript/fileName/RangeSliderEditor.cs: 1c09cdb4e75bc10f834bbae9a7b54e1e -> 
  custom:scripting/monoscript/fileName/FancyScrollRect.cs: 0cdf409b5aa8d4c25876d72b5c6a3b60 -> 
  custom:scripting/precompiled-assembly-types:Assembly-CSharp: b9b5c9d3acc78c4055756d16036d66ad -> d9898b08f7aa15a36c94fc52d0b7440b
  custom:scripting/monoscript/fileName/ReorderableList.cs: 944c8e214787d07461c711b29546f976 -> 
  custom:scripting/monoscript/fileName/RadialLayout.cs: 170f31c5fdb54a9fe7ba926effdfd7d4 -> 
  custom:scripting/monoscript/fileName/ColorSlider.cs: a91d06b853e0bf2d5df3ea61a67d5c83 -> 
  custom:scripting/monoscript/fileName/IFancyGridViewContext.cs: be7addf49e5950ebb654fec55c2afa8b -> 
  custom:scripting/precompiled-assembly-types:UnityUIExtensions: c0991a7eaf90618746e467e9e018bd04 -> 
  custom:scripting/monoscript/fileName/CUIGraphic.cs: 4f47fad340418bff51fe6171e2259e7f -> 
  custom:scripting/monoscript/fileName/IFancyCellGroupContext.cs: 323b5f49cc2011b3d2d9088e528ed161 -> 
  custom:scripting/monoscript/fileName/MinMaxSlider.cs: e7d98a511e8b98df33f72f37935821e5 -> 
  custom:scripting/monoscript/fileName/ColorPickerTester.cs: 63b6c03c009a94721b9d41c8d5e5e6ed -> 
========================================================================
Received Prepare
Caller must complete domain reload
Begin MonoManager ReloadAssembly
- Loaded All Assemblies, in  0.530 seconds
Native extension for WindowsStandalone target not found
Native extension for WebGL target not found
Mono: successfully reloaded assembly
- Finished resetting the current domain, in  1.111 seconds
Domain Reload Profiling: 1640ms
	BeginReloadAssembly (165ms)
		ExecutionOrderSort (0ms)
		DisableScriptedObjects (17ms)
		BackupInstance (0ms)
		ReleaseScriptingObjects (0ms)
		CreateAndSetChildDomain (34ms)
	RebuildCommonClasses (37ms)
	RebuildNativeTypeToScriptingClass (13ms)
	initialDomainReloadingComplete (32ms)
	LoadAllAssembliesAndSetupDomain (282ms)
		LoadAssemblies (348ms)
		RebuildTransferFunctionScriptingTraits (0ms)
		AnalyzeDomain (18ms)
			TypeCache.Refresh (6ms)
				TypeCache.ScanAssembly (0ms)
			ScanForSourceGeneratedMonoScriptInfo (0ms)
			ResolveRequiredComponents (11ms)
	FinalizeReload (1111ms)
		ReleaseScriptCaches (0ms)
		RebuildScriptCaches (0ms)
		SetupLoadedEditorAssemblies (462ms)
			LogAssemblyErrors (0ms)
			InitializePlatformSupportModulesInManaged (6ms)
			SetLoadedEditorAssemblies (7ms)
			RefreshPlugins (0ms)
			BeforeProcessingInitializeOnLoad (76ms)
			ProcessInitializeOnLoadAttributes (332ms)
			ProcessInitializeOnLoadMethodAttributes (37ms)
			AfterProcessingInitializeOnLoad (4ms)
			EditorAssembliesLoaded (0ms)
		ExecutionOrderSort2 (0ms)
		AwakeInstancesAfterBackupRestoration (15ms)
Refreshing native plugins compatible for Editor in 9.50 ms, found 7 plugins.
Preloading 0 native plugins for Editor in 0.00 ms.
Unloading 4456 Unused Serialized files (Serialized files now loaded: 0)
Unloading 44 unused Assets / (0.7 MB). Loaded Objects now: 5307.
Memory consumption went from 158.4 MB to 157.7 MB.
Total: 8.137400 ms (FindLiveObjects: 0.721600 ms CreateObjectMapping: 0.315600 ms MarkObjects: 6.167700 ms  DeleteObjects: 0.928800 ms)

Prepare: number of updated asset objects reloaded= 0
AssetImportParameters requested are different than current active one (requested -> active):
  custom:scripting/monoscript/fileName/CardStack2D.cs: 52f7ac406c04f320c1cc31b32fc945ec -> 
  custom:scripting/monoscript/fileName/UILineRendererFIFO.cs: 1a840d7d842445f62c20beee85a5bbc5 -> 
  custom:scripting/monoscript/fileName/FlowLayoutGroup.cs: 4f8c51e99186127173631d5ea0b848a8 -> 
  custom:scripting/monoscript/fileName/UIParticleSystem.cs: 6cef203566a0c9333597e4e233613614 -> 
  custom:scripting/monoscript/fileName/UILineRenderer.cs: 673f1b621ab4781ac78770b1b3c45207 -> 
  custom:scripting/monoscript/fileName/TableLayoutGroup.cs: 9697d88a99d4c91003d206b86eed3a61 -> 
  custom:scripting/monoscript/fileName/Segment.cs: 823b994f6bbb6e32f73e9807948df6b3 -> 
  custom:container-demuxer-ogg: 62fdf1f143b41e24485cea50d1cbac27 -> 
  custom:scripting/monoscript/fileName/SelectionBox.cs: 9eabc2822607d24d284c5c0d720d4a01 -> 
  custom:scripting/monoscript/fileName/ReorderableListContent.cs: a630238339e5f198f723ac29a2329f6d -> 
  custom:scripting/monoscript/fileName/Menu.cs: d0a2652908e797d4064ef9b772450cc8 -> 
  custom:scripting/monoscript/fileName/SetPropertyUtility.cs: 02aade692758e5563210cc05829e9851 -> f604b4b9e6b0979bdfc1e2b40426dd19
  custom:scripting/monoscript/fileName/HSVUtil.cs: 2f204c7a89b046fae714aadbcda42851 -> 
  custom:scripting/monoscript/fileName/FancyCellGroup.cs: 90647cc400823b41df847a6cbfc29026 -> 
  custom:scripting/monoscript/fileName/RescaleDragPanel.cs: 428e5a10a21f2d3fc3805557487d591e -> 
  custom:scripting/monoscript/fileName/ExtensionsToggleGroup.cs: 93967f93faef61aecdca9232fa42b062 -> 
  custom:scripting/monoscript/fileName/ResizePanel.cs: 0a2d1269c62cba913a254b515f8b6020 -> 
  custom:scripting/monoscript/fileName/Circle.cs: cfc2369c92dd039be7c3f572f769fdcf -> 
  custom:scripting/monoscript/fileName/ShaderLibrary.cs: 7a09676978959734a6827051c965f749 -> 
  custom:scripting/monoscript/fileName/CurvedText.cs: c86aabacdca275700720e919fc8a8b52 -> 
  custom:scripting/monoscript/fileName/FancyScrollRectCell.cs: 0cdf409b5aa8d4c25876d72b5c6a3b60 -> 
  custom:scripting/monoscript/fileName/Gradient.cs: a4c2a5a25440c543cd82653fda832632 -> 
  custom:scripting/monoscript/fileName/ScrollSnapBase.cs: 3682088473625968e7b4647a6b4213f6 -> 
  custom:scripting/monoscript/fileName/CUIText.cs: 0be1a405bc9388e4813a74aad6018bec -> 
  custom:scripting/monoscript/fileName/BoundTooltipTrigger.cs: e78e2ee612ba85e075ab794a5cb95e73 -> 
  custom:scripting/monoscript/fileName/UIHighlightable.cs: fd305ad78204cb75a66ce809c3f50e6a -> 
  custom:video-codec-MediaFoundation-h265: 746d11721c4dcdbdad8f713fa42b33f4 -> 
  custom:scripting/monoscript/fileName/UIExtensionsInputManager.cs: 6f468ddae971c3bcce0288549c1beabd -> 
  custom:scripting/monoscript/fileName/Gradient2.cs: 9c1fd6257924e43a80b8fccb859d3828 -> 
  custom:scripting/monoscript/fileName/CooldownButton.cs: 72bd21b90ac71f29908a36179176f8fc -> 
  custom:video-decoder-ogg-theora: a1e56fd34408186e4bbccfd4996cb3dc -> 
  custom:scripting/monoscript/fileName/TileSizeFitter.cs: ba6326e335b6f177a627b992c444832c -> 
  custom:scripting/monoscript/fileName/SelectableScaler.cs: 3ebe175d64b38a572f8dbe8fd345f0c3 -> 
  custom:scripting/monoscript/fileName/AccordionElementEditor.cs: db5ee9b2cff22578a12a4d141614d665 -> 
  custom:scripting/monoscript/fileName/ExtensionsToggle.cs: e0b44aa7e1ff973d74b4857a34a48879 -> 
  custom:scripting/monoscript/fileName/ReorderableListElement.cs: 788a31431a1c95dc9a9a52767f8e812f -> 
  custom:scripting/monoscript/fileName/ShineEffector.cs: 52ed4eb6c7ed8f674a18d2a4db6eba86 -> 
  custom:scripting/monoscript/fileName/UISelectableExtension.cs: b6766007d8a2236e23d4749da2d8cdd2 -> 
  custom:framework-win-MediaFoundation: 216162199b28c13a410421893ffa2e32 -> 
  custom:scripting/monoscript/fileName/UISoftAdditiveEffect.cs: 30a825933c907dec19605ff2f58a292f -> 
  custom:scripting/monoscript/fileName/HexColorField.cs: 425eeca1ce4159bc649962b2337061a4 -> 
  custom:scripting/monoscript/fileName/ColorPickerControl.cs: 97231f899ae243cc634f34e048c22095 -> 
  custom:scripting/monoscript/fileName/ReorderableListDebug.cs: 51cf5a188c464deb681bea16cb795b61 -> 
  custom:scripting/monoscript/fileName/TextPic.cs: 9dbd7bc654cbf19eee33ac6fc452bfb1 -> 
  custom:scripting/monoscript/fileName/CUIImage.cs: 41f29f650aa507f802cd9793d91f3211 -> 
  custom:scripting/monoscript/fileName/DropDownListButton.cs: 71d533f2602e0e099d09a556ef8e4414 -> 
  custom:scripting/monoscript/fileName/ScrollSnap.cs: c5ae67ed5cc8c0ab1f7496803acc2648 -> 
  custom:scripting/monoscript/fileName/TextPicIconListCopier.cs: a564a2a474c019b98650cff2383ccfca -> 
  custom:scripting/monoscript/fileName/UICornerCut.cs: 69b0dfb485aa2b1afa65fcf30028125b -> 
  custom:scripting/monoscript/fileName/ScrollerEditor.cs: 478519b80ad2bc62d4a4b80ae078e694 -> 
  custom:scripting/monoscript/fileName/IBoxSelectable.cs: a5bf39a694cf2b84c65e7bec998d4941 -> 
  custom:scripting/monoscript/fileName/TiltWindow.cs: 7c3356d1b5bc9c6e9fe98345b0be7c30 -> 
  custom:scripting/monoscript/fileName/ExtensionMethods.cs: 943bd8dac5ce9467ce7deb0856dc6b0a -> 
  custom:scripting/monoscript/fileName/ComboBox.cs: a6ca48dde827ff07a9093f3624d58e62 -> 
  custom:scripting/monoscript/fileName/ScrollRectLinker.cs: 0316116e17d192ca2ef7c97539dff50f -> 
  custom:scripting/monoscript/fileName/SVBoxSlider.cs: 1d22c9c16d63e1cf38ad19bbcec9a0da -> 
  custom:scripting/monoscript/fileName/VerticalScrollSnap.cs: a7ebcf1fac8331e70ee01e540cbe484b -> 
  custom:scripting/monoscript/fileName/UILineConnector.cs: ea5f69a32957fe35ae7b512ef3f758ef -> 
  custom:scripting/monoscript/fileName/UIScreenEffect.cs: c36542c529d1f733362556ab22c18bf9 -> 
  custom:scripting/monoscript/fileName/SoftMaskScript.cs: 867049fb2647c9983fb1391409f93d30 -> 
  custom:scripting/monoscript/fileName/DiamondGraph.cs: a01b647a54847840428a395cc0d6fc16 -> 
  custom:scripting/monoscript/fileName/ScrollRectEx.cs: 3f6a881a34055e182fee3ab0baaee0c3 -> 
  custom:scripting/monoscript/fileName/UIGridRenderer.cs: 04c0062f4b7cdd6963fdba9ae03d9c72 -> 
  custom:scripting/monoscript/fileName/NicerOutline.cs: 571a7c7c4af4ebadc9fed23f0c3b0b46 -> 
  custom:CustomObjectIndexerAttribute: 9a22284fe3817be447336de3de66b15e -> 
  custom:scripting/monoscript/fileName/ScrollRectExtensions.cs: c76cb840404ffa9bc24248639e9da4ee -> 
  custom:scripting/monoscript/fileName/FancyGridViewContext.cs: 8738476657d4a33c34bc82bed7ce8bc9 -> 
  custom:scripting/monoscript/fileName/MinMaxValues.cs: 4aa11a61e640749f4ea5f947f86be5ba -> 
  custom:scripting/monoscript/fileName/CardExpanding3D.cs: d8b2b9924677ad2b445b05edbed7f0e3 -> 
  custom:scripting/monoscript/fileName/MinMaxSliderEditor.cs: e0496a7f76fc8934af2a763a7289ad36 -> 
  custom:scripting/monoscript/fileName/StepperSide.cs: 34d9a35c8c2622f327b140f18a7398a7 -> 
  custom:scripting/monoscript/fileName/CUIGraphicEditor.cs: a618262d3e77d462c5a0cd2e608e8a53 -> 
  custom:scripting/monoscript/fileName/DropDownList.cs: 3d51ab81e9571c9027b59874b2c78567 -> 
  custom:scripting/monoscript/fileName/ITweenValue.cs: 1d0eaa4b435fa135e18af6b5fa57e92e -> 
  custom:container-demuxer-webm: 4f35f7cbe854078d1ac9338744f61a02 -> 
  custom:scripting/monoscript/fileName/CardExpanding2D.cs: e0950b450275cb3936a581f286a6b471 -> 
  custom:scripting/monoscript/fileName/ResetSelectableHighlight.cs: 3ea63487fd77e7b22731770a86b4f8b9 -> 
  custom:scripting/monoscript/fileName/UIScrollToSelection.cs: d89fc8e36bdc19715e3104a5f857d175 -> 
  custom:scripting/monoscript/fileName/IScrollSnap.cs: 80b4110dac6695d630b8e7501d8e5aa8 -> 
  custom:scripting/monoscript/fileName/SegmentedControl.cs: 3a6e53207de58cf304ab520e0638e2df -> 
  custom:scripting/monoscript/fileName/ColorSampler.cs: 617678b91f4adc7b3146f51bed3fc4b1 -> 
  custom:scripting/monoscript/fileName/TabNavigationHelper.cs: 43f45dc623750048d2fbac24931c8ac8 -> 
  custom:scripting/monoscript/fileName/AutoCompleteComboBox.cs: 6e2e6cf33d4f5ca4ad3c05ff8f254467 -> 
  custom:scripting/monoscript/fileName/TextPicEditor.cs: c23216fe996c314d4c496ad837485981 -> 
  custom:scripting/monoscript/fileName/CUIMisc.cs: bc26c7f132f5cd28304cbc88070ca4dc -> 
  custom:scripting/monoscript/fileName/UIAdditiveEffect.cs: 50386f7d7d76f5c5e155dbf56c5e5fdd -> 
  custom:scripting/monoscript/fileName/MonoSpacing.cs: 45ba6bf376dd125375a8906a7d8b8b4b -> 
  custom:scripting/monoscript/fileName/FloatTween.cs: c51b551f6abec506d0db9945f7aa25cc -> 
  custom:scripting/monoscript/fileName/BoxSlider.cs: 662335e935a62641f6cb14e99e25e994 -> 
  custom:scripting/monoscript/fileName/BezierLineRendererEditor.cs: 2a50098be424d999e43b888ace13278c -> 
  custom:scripting/monoscript/fileName/NonDrawingGraphic.cs: a309796f6d67e4c1c110ec62b4572b4e -> 
  custom:scripting/monoscript/fileName/ScrollPositionController.cs: 30c392a65a277a4a74b1a6f1a3417601 -> 
  custom:scripting/monoscript/fileName/ContentScrollSnapHorizontal.cs: cb0bf043572062ce08b48904f46c98c8 -> 
  custom:scripting/monoscript/fileName/Triangulator.cs: 4ee9f09ca55767568ee94c9eaaed7244 -> d867a9a7a8385ef82ff357feb70c59d4
  custom:scripting/monoscript/fileName/UIImageCrop.cs: 1ec5d1f18ccf3bbe8ea319cda00ecfbc -> 
  custom:scripting/monoscript/fileName/BoxSliderEditor.cs: 9c680a5a338924fb176605eed0f68a75 -> 
  custom:scripting/monoscript/fileName/FancyScrollView.cs: c5f9c64ec4b4e183b17919204bc381a9 -> 
  custom:scripting/monoscript/fileName/BezierPath.cs: 90cbb6f823f7a03c69c93b3e1653c45e -> 
  custom:scripting/monoscript/fileName/SuperellipsePoints.cs: db2a1c9698f2dea478e1d6bfece554ae -> 
  custom:scripting/monoscript/fileName/UI_Knob.cs: 00244fb2be3e9e1f5ec3a07f175066a9 -> 
  custom:container-muxer-webm: aa71ff27fc2769a1b78a27578f13a17b -> 
  custom:scripting/monoscript/fileName/RaycastMask.cs: b13971e6a124c25b886c6703ae2aab24 -> 
  custom:scripting/monoscript/fileName/MultiTouchScrollRect.cs: 3a778993ea01435b2502c14ea2b2ff98 -> 
  custom:video-decoder-webm-vp8: 9c59270c3fd7afecdb556c50c9e8de78 -> 
  custom:scripting/monoscript/fileName/InputFieldEnterSubmit.cs: cdd5149b8afb8dc59ad57cc53ad8fb3b -> 
  custom:scripting/monoscript/fileName/ExampleSelectable.cs: 8dc7a8cd606154e7d10bb507e235c1f8 -> 
  custom:scripting/monoscript/fileName/uGUITools.cs: aa32797d8a9cdcd2167b6be114b0d5ec -> 
  custom:scripting/monoscript/fileName/UILinearDodgeEffect.cs: f5508d2f3f6addba614d4c08275f4546 -> 
  custom:SearchIndexIgnoredProperties: e643bd26f0fe6173181afceb89e7c659 -> 
  custom:scripting/monoscript/fileName/EasingCore.cs: 0bad7e894488e9b67256d892a478aab1 -> 
  custom:scripting/monoscript/fileName/Stepper.cs: 3ee1a56034750815f9c567b6c54fbbb8 -> 
  custom:scripting/monoscript/fileName/UIPrimitiveBase.cs: 80a945e915822efd5c887ee28f76aa9f -> 
  custom:AudioImporter_EditorPlatform: d09bf68614088b80899f8185d706f6e7 -> 
  custom:scripting/monoscript/fileName/LetterSpacing.cs: c4f4c504ac9c0b708c438c8a0faf6a96 -> 
  custom:scripting/monoscript/fileName/UISquircle.cs: faaa67841792f2c90a13db82841ac6e3 -> 
  custom:scripting/monoscript/fileName/RangeSlider.cs: 026cea0882c5bbc90f7cedc5111cfeb2 -> 
  custom:scripting/monoscript/fileName/UIExtensionMethods.cs: 2621bff24acfb4ddb3b264b7553588d8 -> 
  custom:scripting/monoscript/fileName/UIVerticalScroller.cs: 3532ae0d4ba5f6e2c310cfec2c655a8c -> 
  custom:scripting/monoscript/fileName/ColorLabel.cs: 9a2d62e5e8f65400e4abc881023f36f7 -> 
  custom:scripting/monoscript/fileName/TooltipTrigger.cs: 546a7d73bc42b9e6f1fd03a7e07d7f29 -> 
  custom:scripting/monoscript/fileName/UIMultiplyEffect.cs: 29b6f1f4d98d9b61292d829c0030af4b -> 
  custom:scripting/monoscript/fileName/CardPopup2D.cs: ac929914b8675b3ff1238ddb1cc99789 -> 
  custom:scripting/monoscript/fileName/ScrollSnapScrollbarHelper.cs: d6b043fd7048156ea2ef4da9da4a0a51 -> 
  custom:scripting/monoscript/fileName/HoverTooltip.cs: abdf0400bdf15bb8fdc0bc4d5ecc993f -> 
  custom:scripting/monoscript/fileName/ColorImage.cs: 87dea3e9bf43c94e295d4fa411046c66 -> 
  custom:scripting/monoscript/fileName/FancyScrollRectContext.cs: 9e5d4d8665c04a1190a3fc52908244b0 -> 
  custom:scripting/monoscript/fileName/TextPicIconEditor.cs: 1f41560011fcb93d03be374d10238c0c -> 
  custom:scripting/monoscript/fileName/UI_InfiniteScroll.cs: f7518bdb5ccbb5518282b9c860eef985 -> 
  custom:scripting/monoscript/fileName/UIExtensionsMenuOptions.cs: 25d3bc76bdcc7be45d732e8f064ec6a7 -> 
  custom:scripting/monoscript/fileName/ReadOnlyAttribute.cs: 604ae8fbc27d6402b88ac08f1987318f -> 
  custom:scripting/monoscript/fileName/UICircle.cs: e40253d6117a9fbea82cc285a7e8a36e -> 
  custom:scripting/monoscript/fileName/UIScrollToSelectionXY.cs: 8145d21a6ef6f8610242d2ba291595b9 -> 
  custom:scripting/monoscript/fileName/CUITextEditor.cs: 966cced0a631446b9484c2fe777a7f5b -> 
  custom:scripting/precompiled-assembly-types:UnityUIExtensions.editor: e002030e6fc012878af160bb334541ad -> 
  custom:scripting/monoscript/fileName/TweenRunner.cs: 90647cc400823b41df847a6cbfc29026 -> 
  custom:scripting/monoscript/fileName/UIHorizontalScroller.cs: 758f016ad67e22eff0f26468f408f006 -> 
  custom:scripting/monoscript/fileName/ReturnKeyTriggersButton.cs: 622f27a1a5fce3f8fe14f0fe6c6b39b5 -> 
  custom:scripting/monoscript/fileName/FancyGridViewCell.cs: 0cdf409b5aa8d4c25876d72b5c6a3b60 -> 
  custom:scripting/monoscript/fileName/Scroller.cs: 94938ad1cd7c20206a0339e3bd7f3330 -> 
  custom:scripting/monoscript/fileName/CylinderText.cs: 86c073c10ed890f8e108be86fb350e35 -> 
  custom:scripting/monoscript/fileName/ColorPickerPresets.cs: d20309ac183a87fd46c2e0a03ba5bdef -> 
  custom:scripting/monoscript/fileName/RadialSlider.cs: 24542b53b379116a4f98bb53a64e13b8 -> 
  custom:scripting/monoscript/fileName/PPIViewer.cs: 5269fbe050022d597b2ceba1b1d4cbae -> 
  custom:scripting/monoscript/fileName/InputFocus.cs: 6a5a3b184038cb5e7dbe4882c96bc91b -> 
  custom:scripting/monoscript/fileName/CUIBezierCurve.cs: 32214df0cb137de9f4967269deffb6f3 -> 
  custom:scripting/monoscript/fileName/DropDownListItem.cs: 91c61fd79335f34fb81e114553bf8888 -> 
  custom:scripting/monoscript/fileName/UIFlippable.cs: 9c843e180ea4b6afe9c1ba071336e124 -> 
  custom:scripting/monoscript/fileName/CanvasGroupActivator.cs: f743e9c6e47b0eb8c0b7b2fbf9f7de19 -> 
  custom:scripting/monoscript/fileName/UIWindowBase.cs: 776e605614a77fffd4e0147c8e684e94 -> 
  custom:video-encoder-webm-vp8: eb34c28f22e8b96e1ab97ce403110664 -> 
  custom:scripting/monoscript/fileName/ScrollPositionControllerEditor.cs: fb86570a90d8d5b779234b7f103e1b51 -> 
  custom:scripting/monoscript/fileName/CurvedLayout.cs: 46917779e317aa4a214ea430689de312 -> 
  custom:scripting/monoscript/fileName/ScrollConflictManager.cs: 1a474b2432b80a8b7211f13c79bb991c -> 
  custom:scripting/monoscript/fileName/ReadOnlyDrawer.cs: 1c0aa6472b8e40c24f66a5805d818994 -> 
  custom:audio-decoder-ogg-vorbis: bf7c407c2cedff20999df2af8eb42d56 -> 
  custom:scripting/monoscript/fileName/FancyGridView.cs: 849ed7f5b11c9db237ef61b01c5a5104 -> 
  custom:scripting/monoscript/fileName/CableCurve.cs: 1ed0592bfc80d3ca3db7b55e9a6e9d9a -> 
  custom:scripting/monoscript/fileName/PaginationManager.cs: b5c7a38e1c9bde92ca052679632bc9f1 -> 
  custom:scripting/monoscript/fileName/UILineTextureRenderer.cs: f3042185c83712ad42b2d6694b56f8d3 -> 
  custom:scripting/monoscript/fileName/MenuManager.cs: 8e71de17d45faf11b5ca3e63d3867170 -> 
  custom:scripting/monoscript/fileName/ColorPickerPresetsEditor.cs: 57bebb34d006d8305e8cd353ea00f28b -> 
  custom:scripting/monoscript/fileName/UI_MagneticInfiniteScroll.cs: 7f0db092e1c52c826e7ccbefe21fe7ce -> 
  custom:scripting/monoscript/fileName/ToolTip.cs: 2f05f936126a769ca9a98ef6920928a7 -> 
  custom:scripting/monoscript/fileName/TextPicRenameEditor.cs: b67a1588d964fe3ac177da9872e96689 -> 
  custom:scripting/monoscript/fileName/TestCompression.cs: 2a18178f72c1b3979b9006483863f20e -> 
  custom:scripting/monoscript/fileName/IFancyScrollRectContext.cs: 9c4dee0aef526d67eb0a668a1c9b910a -> 
  custom:scripting/monoscript/fileName/ColorChangedEvent.cs: bafb161b451089e6c72bcae877e0ba66 -> 
  custom:scripting/monoscript/fileName/BestFitOutline.cs: 2ec1c68346f5b721e3d92092cd60b278 -> 
  custom:scripting/monoscript/fileName/NonDrawingGraphicEditor.cs: 1e7abd1e1a4d3da38de70c6d38c19118 -> 
  custom:scripting/monoscript/fileName/HSVChangedEvent.cs: 8a0d7f505f4db7e267a03264293f54eb -> 
  custom:scripting/monoscript/fileName/CUIImageEditor.cs: 0be5a4365a8d65680f88c4d192e5254c -> 
  custom:scripting/monoscript/fileName/HorizontalScrollSnap.cs: 624447835d67a70d90ed2b7f69117316 -> 
  custom:scripting/monoscript/fileName/UI_TweenScale.cs: 50a18c41daf615d82dc37ef0e9dcea31 -> 
  custom:scripting/monoscript/fileName/BoundTooltipItem.cs: 12dc26af634677e40fd7840809357e6c -> 
  custom:scripting/monoscript/fileName/AccordionElement.cs: 69f1a7e537099cc57de9b6eaa86cef32 -> 
  custom:scripting/monoscript/fileName/UI_ScrollRectOcclusion.cs: 491f1c2592ac821eb8de9e533fddd4a9 -> 
  custom:scripting/monoscript/fileName/CUIBezierCurveEditor.cs: be4462c6de2387d5f99ef9d0e93b91ee -> 
  custom:scripting/monoscript/fileName/ColorSliderImage.cs: bbcbfbf23dc2f9fc5450db8f36b24487 -> 
  custom:scripting/monoscript/fileName/Accordion.cs: c31898dc7ffd6f7b32be5689419229bc -> 
  custom:scripting/monoscript/fileName/FancyCell.cs: 0cdf409b5aa8d4c25876d72b5c6a3b60 -> 
  custom:scripting/monoscript/fileName/ShineEffect.cs: 61d233269c4ea687efa548adef5d6e13 -> 
  custom:audio-encoder-webm-vorbis: bf7c407c2cedff20999df2af8eb42d56 -> 
  custom:scripting/monoscript/fileName/ScrollRectTweener.cs: 3437a8fb18bed84a45865e36e83e332f -> 
  custom:scripting/monoscript/fileName/MeshCreator.cs: a2506ad04bac2e5a6d6d50e0d7978d92 -> 
  custom:scripting/monoscript/fileName/UIPolygon.cs: ef7b3e02606f58c56a27e65db10bc7f3 -> 
  custom:scripting/monoscript/fileName/switchToRectTransform.cs: 0ef297259b7f2ab26defc1d718ad1e0a -> 
  custom:scripting/monoscript/fileName/UILineRendererList.cs: efbf4ff76c31aa3e4f61c8b26734d929 -> 
  custom:scripting/monoscript/fileName/CLZF2.cs: 40ef7bf6191a1a5e5b0f37e092e1b271 -> 
  custom:scripting/monoscript/fileName/SimpleMenu.cs: 90647cc400823b41df847a6cbfc29026 -> 
  custom:scripting/monoscript/fileName/RescalePanel.cs: a379a55181438e3b7a29019da8a3c82c -> 
  custom:scripting/monoscript/fileName/DragCorrector.cs: 89ab4a0369eecb75be2277a80a08c1e7 -> 
  custom:scripting/monoscript/fileName/RangeSliderEditor.cs: 1c09cdb4e75bc10f834bbae9a7b54e1e -> 
  custom:scripting/monoscript/fileName/FancyScrollRect.cs: 0cdf409b5aa8d4c25876d72b5c6a3b60 -> 
  custom:scripting/precompiled-assembly-types:Assembly-CSharp: b9b5c9d3acc78c4055756d16036d66ad -> d9898b08f7aa15a36c94fc52d0b7440b
  custom:scripting/monoscript/fileName/ReorderableList.cs: 944c8e214787d07461c711b29546f976 -> 
  custom:scripting/monoscript/fileName/RadialLayout.cs: 170f31c5fdb54a9fe7ba926effdfd7d4 -> 
  custom:scripting/monoscript/fileName/ColorSlider.cs: a91d06b853e0bf2d5df3ea61a67d5c83 -> 
  custom:scripting/monoscript/fileName/IFancyGridViewContext.cs: be7addf49e5950ebb654fec55c2afa8b -> 
  custom:scripting/precompiled-assembly-types:UnityUIExtensions: c0991a7eaf90618746e467e9e018bd04 -> 
  custom:scripting/monoscript/fileName/CUIGraphic.cs: 4f47fad340418bff51fe6171e2259e7f -> 
  custom:scripting/monoscript/fileName/IFancyCellGroupContext.cs: 323b5f49cc2011b3d2d9088e528ed161 -> 
  custom:scripting/monoscript/fileName/MinMaxSlider.cs: e7d98a511e8b98df33f72f37935821e5 -> 
  custom:scripting/monoscript/fileName/ColorPickerTester.cs: 63b6c03c009a94721b9d41c8d5e5e6ed -> 
========================================================================
Received Prepare
Caller must complete domain reload
Begin MonoManager ReloadAssembly
- Loaded All Assemblies, in  0.544 seconds
Native extension for WindowsStandalone target not found
Native extension for WebGL target not found
Mono: successfully reloaded assembly
- Finished resetting the current domain, in  1.074 seconds
Domain Reload Profiling: 1618ms
	BeginReloadAssembly (171ms)
		ExecutionOrderSort (0ms)
		DisableScriptedObjects (12ms)
		BackupInstance (0ms)
		ReleaseScriptingObjects (0ms)
		CreateAndSetChildDomain (38ms)
	RebuildCommonClasses (36ms)
	RebuildNativeTypeToScriptingClass (13ms)
	initialDomainReloadingComplete (31ms)
	LoadAllAssembliesAndSetupDomain (292ms)
		LoadAssemblies (341ms)
		RebuildTransferFunctionScriptingTraits (0ms)
		AnalyzeDomain (40ms)
			TypeCache.Refresh (10ms)
				TypeCache.ScanAssembly (0ms)
			ScanForSourceGeneratedMonoScriptInfo (19ms)
			ResolveRequiredComponents (10ms)
	FinalizeReload (1074ms)
		ReleaseScriptCaches (0ms)
		RebuildScriptCaches (0ms)
		SetupLoadedEditorAssemblies (447ms)
			LogAssemblyErrors (0ms)
			InitializePlatformSupportModulesInManaged (8ms)
			SetLoadedEditorAssemblies (7ms)
			RefreshPlugins (0ms)
			BeforeProcessingInitializeOnLoad (76ms)
			ProcessInitializeOnLoadAttributes (321ms)
			ProcessInitializeOnLoadMethodAttributes (31ms)
			AfterProcessingInitializeOnLoad (3ms)
			EditorAssembliesLoaded (0ms)
		ExecutionOrderSort2 (0ms)
		AwakeInstancesAfterBackupRestoration (14ms)
Refreshing native plugins compatible for Editor in 8.50 ms, found 7 plugins.
Preloading 0 native plugins for Editor in 0.00 ms.
Unloading 4456 Unused Serialized files (Serialized files now loaded: 0)
Unloading 44 unused Assets / (0.7 MB). Loaded Objects now: 5311.
Memory consumption went from 158.3 MB to 157.6 MB.
Total: 5.856000 ms (FindLiveObjects: 0.644900 ms CreateObjectMapping: 0.350800 ms MarkObjects: 4.198400 ms  DeleteObjects: 0.659800 ms)

Prepare: number of updated asset objects reloaded= 0
AssetImportParameters requested are different than current active one (requested -> active):
  custom:scripting/monoscript/fileName/CardStack2D.cs: 52f7ac406c04f320c1cc31b32fc945ec -> 
  custom:scripting/monoscript/fileName/UILineRendererFIFO.cs: 1a840d7d842445f62c20beee85a5bbc5 -> 
  custom:scripting/monoscript/fileName/FlowLayoutGroup.cs: 4f8c51e99186127173631d5ea0b848a8 -> 
  custom:scripting/monoscript/fileName/UIParticleSystem.cs: 6cef203566a0c9333597e4e233613614 -> 
  custom:scripting/monoscript/fileName/UILineRenderer.cs: 673f1b621ab4781ac78770b1b3c45207 -> 
  custom:scripting/monoscript/fileName/TableLayoutGroup.cs: 9697d88a99d4c91003d206b86eed3a61 -> 
  custom:scripting/monoscript/fileName/Segment.cs: 823b994f6bbb6e32f73e9807948df6b3 -> 
  custom:container-demuxer-ogg: 62fdf1f143b41e24485cea50d1cbac27 -> 
  custom:scripting/monoscript/fileName/SelectionBox.cs: 9eabc2822607d24d284c5c0d720d4a01 -> 
  custom:scripting/monoscript/fileName/ReorderableListContent.cs: a630238339e5f198f723ac29a2329f6d -> 
  custom:scripting/monoscript/fileName/Menu.cs: d0a2652908e797d4064ef9b772450cc8 -> 
  custom:scripting/monoscript/fileName/SetPropertyUtility.cs: 02aade692758e5563210cc05829e9851 -> f604b4b9e6b0979bdfc1e2b40426dd19
  custom:scripting/monoscript/fileName/HSVUtil.cs: 2f204c7a89b046fae714aadbcda42851 -> 
  custom:scripting/monoscript/fileName/FancyCellGroup.cs: 90647cc400823b41df847a6cbfc29026 -> 
  custom:scripting/monoscript/fileName/RescaleDragPanel.cs: 428e5a10a21f2d3fc3805557487d591e -> 
  custom:scripting/monoscript/fileName/ExtensionsToggleGroup.cs: 93967f93faef61aecdca9232fa42b062 -> 
  custom:scripting/monoscript/fileName/ResizePanel.cs: 0a2d1269c62cba913a254b515f8b6020 -> 
  custom:scripting/monoscript/fileName/Circle.cs: cfc2369c92dd039be7c3f572f769fdcf -> 
  custom:scripting/monoscript/fileName/ShaderLibrary.cs: 7a09676978959734a6827051c965f749 -> 
  custom:scripting/monoscript/fileName/CurvedText.cs: c86aabacdca275700720e919fc8a8b52 -> 
  custom:scripting/monoscript/fileName/FancyScrollRectCell.cs: 0cdf409b5aa8d4c25876d72b5c6a3b60 -> 
  custom:scripting/monoscript/fileName/Gradient.cs: a4c2a5a25440c543cd82653fda832632 -> 
  custom:scripting/monoscript/fileName/ScrollSnapBase.cs: 3682088473625968e7b4647a6b4213f6 -> 
  custom:scripting/monoscript/fileName/CUIText.cs: 0be1a405bc9388e4813a74aad6018bec -> 
  custom:scripting/monoscript/fileName/BoundTooltipTrigger.cs: e78e2ee612ba85e075ab794a5cb95e73 -> 
  custom:scripting/monoscript/fileName/UIHighlightable.cs: fd305ad78204cb75a66ce809c3f50e6a -> 
  custom:video-codec-MediaFoundation-h265: 746d11721c4dcdbdad8f713fa42b33f4 -> 
  custom:scripting/monoscript/fileName/UIExtensionsInputManager.cs: 6f468ddae971c3bcce0288549c1beabd -> 
  custom:scripting/monoscript/fileName/Gradient2.cs: 9c1fd6257924e43a80b8fccb859d3828 -> 
  custom:scripting/monoscript/fileName/CooldownButton.cs: 72bd21b90ac71f29908a36179176f8fc -> 
  custom:video-decoder-ogg-theora: a1e56fd34408186e4bbccfd4996cb3dc -> 
  custom:scripting/monoscript/fileName/TileSizeFitter.cs: ba6326e335b6f177a627b992c444832c -> 
  custom:scripting/monoscript/fileName/SelectableScaler.cs: 3ebe175d64b38a572f8dbe8fd345f0c3 -> 
  custom:scripting/monoscript/fileName/AccordionElementEditor.cs: db5ee9b2cff22578a12a4d141614d665 -> 
  custom:scripting/monoscript/fileName/ExtensionsToggle.cs: e0b44aa7e1ff973d74b4857a34a48879 -> 
  custom:scripting/monoscript/fileName/ReorderableListElement.cs: 788a31431a1c95dc9a9a52767f8e812f -> 
  custom:scripting/monoscript/fileName/ShineEffector.cs: 52ed4eb6c7ed8f674a18d2a4db6eba86 -> 
  custom:scripting/monoscript/fileName/UISelectableExtension.cs: b6766007d8a2236e23d4749da2d8cdd2 -> 
  custom:framework-win-MediaFoundation: 216162199b28c13a410421893ffa2e32 -> 
  custom:scripting/monoscript/fileName/UISoftAdditiveEffect.cs: 30a825933c907dec19605ff2f58a292f -> 
  custom:scripting/monoscript/fileName/HexColorField.cs: 425eeca1ce4159bc649962b2337061a4 -> 
  custom:scripting/monoscript/fileName/ColorPickerControl.cs: 97231f899ae243cc634f34e048c22095 -> 
  custom:scripting/monoscript/fileName/ReorderableListDebug.cs: 51cf5a188c464deb681bea16cb795b61 -> 
  custom:scripting/monoscript/fileName/TextPic.cs: 9dbd7bc654cbf19eee33ac6fc452bfb1 -> 
  custom:scripting/monoscript/fileName/CUIImage.cs: 41f29f650aa507f802cd9793d91f3211 -> 
  custom:scripting/monoscript/fileName/DropDownListButton.cs: 71d533f2602e0e099d09a556ef8e4414 -> 
  custom:scripting/monoscript/fileName/ScrollSnap.cs: c5ae67ed5cc8c0ab1f7496803acc2648 -> 
  custom:scripting/monoscript/fileName/TextPicIconListCopier.cs: a564a2a474c019b98650cff2383ccfca -> 
  custom:scripting/monoscript/fileName/UICornerCut.cs: 69b0dfb485aa2b1afa65fcf30028125b -> 
  custom:scripting/monoscript/fileName/ScrollerEditor.cs: 478519b80ad2bc62d4a4b80ae078e694 -> 
  custom:scripting/monoscript/fileName/IBoxSelectable.cs: a5bf39a694cf2b84c65e7bec998d4941 -> 
  custom:scripting/monoscript/fileName/TiltWindow.cs: 7c3356d1b5bc9c6e9fe98345b0be7c30 -> 
  custom:scripting/monoscript/fileName/ExtensionMethods.cs: 943bd8dac5ce9467ce7deb0856dc6b0a -> 
  custom:scripting/monoscript/fileName/ComboBox.cs: a6ca48dde827ff07a9093f3624d58e62 -> 
  custom:scripting/monoscript/fileName/ScrollRectLinker.cs: 0316116e17d192ca2ef7c97539dff50f -> 
  custom:scripting/monoscript/fileName/SVBoxSlider.cs: 1d22c9c16d63e1cf38ad19bbcec9a0da -> 
  custom:scripting/monoscript/fileName/VerticalScrollSnap.cs: a7ebcf1fac8331e70ee01e540cbe484b -> 
  custom:scripting/monoscript/fileName/UILineConnector.cs: ea5f69a32957fe35ae7b512ef3f758ef -> 
  custom:scripting/monoscript/fileName/UIScreenEffect.cs: c36542c529d1f733362556ab22c18bf9 -> 
  custom:scripting/monoscript/fileName/SoftMaskScript.cs: 867049fb2647c9983fb1391409f93d30 -> 
  custom:scripting/monoscript/fileName/DiamondGraph.cs: a01b647a54847840428a395cc0d6fc16 -> 
  custom:scripting/monoscript/fileName/ScrollRectEx.cs: 3f6a881a34055e182fee3ab0baaee0c3 -> 
  custom:scripting/monoscript/fileName/UIGridRenderer.cs: 04c0062f4b7cdd6963fdba9ae03d9c72 -> 
  custom:scripting/monoscript/fileName/NicerOutline.cs: 571a7c7c4af4ebadc9fed23f0c3b0b46 -> 
  custom:CustomObjectIndexerAttribute: 9a22284fe3817be447336de3de66b15e -> 
  custom:scripting/monoscript/fileName/ScrollRectExtensions.cs: c76cb840404ffa9bc24248639e9da4ee -> 
  custom:scripting/monoscript/fileName/FancyGridViewContext.cs: 8738476657d4a33c34bc82bed7ce8bc9 -> 
  custom:scripting/monoscript/fileName/MinMaxValues.cs: 4aa11a61e640749f4ea5f947f86be5ba -> 
  custom:scripting/monoscript/fileName/CardExpanding3D.cs: d8b2b9924677ad2b445b05edbed7f0e3 -> 
  custom:scripting/monoscript/fileName/MinMaxSliderEditor.cs: e0496a7f76fc8934af2a763a7289ad36 -> 
  custom:scripting/monoscript/fileName/StepperSide.cs: 34d9a35c8c2622f327b140f18a7398a7 -> 
  custom:scripting/monoscript/fileName/CUIGraphicEditor.cs: a618262d3e77d462c5a0cd2e608e8a53 -> 
  custom:scripting/monoscript/fileName/DropDownList.cs: 3d51ab81e9571c9027b59874b2c78567 -> 
  custom:scripting/monoscript/fileName/ITweenValue.cs: 1d0eaa4b435fa135e18af6b5fa57e92e -> 
  custom:container-demuxer-webm: 4f35f7cbe854078d1ac9338744f61a02 -> 
  custom:scripting/monoscript/fileName/CardExpanding2D.cs: e0950b450275cb3936a581f286a6b471 -> 
  custom:scripting/monoscript/fileName/ResetSelectableHighlight.cs: 3ea63487fd77e7b22731770a86b4f8b9 -> 
  custom:scripting/monoscript/fileName/UIScrollToSelection.cs: d89fc8e36bdc19715e3104a5f857d175 -> 
  custom:scripting/monoscript/fileName/IScrollSnap.cs: 80b4110dac6695d630b8e7501d8e5aa8 -> 
  custom:scripting/monoscript/fileName/SegmentedControl.cs: 3a6e53207de58cf304ab520e0638e2df -> 
  custom:scripting/monoscript/fileName/ColorSampler.cs: 617678b91f4adc7b3146f51bed3fc4b1 -> 
  custom:scripting/monoscript/fileName/TabNavigationHelper.cs: 43f45dc623750048d2fbac24931c8ac8 -> 
  custom:scripting/monoscript/fileName/AutoCompleteComboBox.cs: 6e2e6cf33d4f5ca4ad3c05ff8f254467 -> 
  custom:scripting/monoscript/fileName/TextPicEditor.cs: c23216fe996c314d4c496ad837485981 -> 
  custom:scripting/monoscript/fileName/CUIMisc.cs: bc26c7f132f5cd28304cbc88070ca4dc -> 
  custom:scripting/monoscript/fileName/UIAdditiveEffect.cs: 50386f7d7d76f5c5e155dbf56c5e5fdd -> 
  custom:scripting/monoscript/fileName/MonoSpacing.cs: 45ba6bf376dd125375a8906a7d8b8b4b -> 
  custom:scripting/monoscript/fileName/FloatTween.cs: c51b551f6abec506d0db9945f7aa25cc -> 
  custom:scripting/monoscript/fileName/BoxSlider.cs: 662335e935a62641f6cb14e99e25e994 -> 
  custom:scripting/monoscript/fileName/BezierLineRendererEditor.cs: 2a50098be424d999e43b888ace13278c -> 
  custom:scripting/monoscript/fileName/NonDrawingGraphic.cs: a309796f6d67e4c1c110ec62b4572b4e -> 
  custom:scripting/monoscript/fileName/ScrollPositionController.cs: 30c392a65a277a4a74b1a6f1a3417601 -> 
  custom:scripting/monoscript/fileName/ContentScrollSnapHorizontal.cs: cb0bf043572062ce08b48904f46c98c8 -> 
  custom:scripting/monoscript/fileName/Triangulator.cs: 4ee9f09ca55767568ee94c9eaaed7244 -> d867a9a7a8385ef82ff357feb70c59d4
  custom:scripting/monoscript/fileName/UIImageCrop.cs: 1ec5d1f18ccf3bbe8ea319cda00ecfbc -> 
  custom:scripting/monoscript/fileName/BoxSliderEditor.cs: 9c680a5a338924fb176605eed0f68a75 -> 
  custom:scripting/monoscript/fileName/FancyScrollView.cs: c5f9c64ec4b4e183b17919204bc381a9 -> 
  custom:scripting/monoscript/fileName/BezierPath.cs: 90cbb6f823f7a03c69c93b3e1653c45e -> 
  custom:scripting/monoscript/fileName/SuperellipsePoints.cs: db2a1c9698f2dea478e1d6bfece554ae -> 
  custom:scripting/monoscript/fileName/UI_Knob.cs: 00244fb2be3e9e1f5ec3a07f175066a9 -> 
  custom:container-muxer-webm: aa71ff27fc2769a1b78a27578f13a17b -> 
  custom:scripting/monoscript/fileName/RaycastMask.cs: b13971e6a124c25b886c6703ae2aab24 -> 
  custom:scripting/monoscript/fileName/MultiTouchScrollRect.cs: 3a778993ea01435b2502c14ea2b2ff98 -> 
  custom:video-decoder-webm-vp8: 9c59270c3fd7afecdb556c50c9e8de78 -> 
  custom:scripting/monoscript/fileName/InputFieldEnterSubmit.cs: cdd5149b8afb8dc59ad57cc53ad8fb3b -> 
  custom:scripting/monoscript/fileName/ExampleSelectable.cs: 8dc7a8cd606154e7d10bb507e235c1f8 -> 
  custom:scripting/monoscript/fileName/uGUITools.cs: aa32797d8a9cdcd2167b6be114b0d5ec -> 
  custom:scripting/monoscript/fileName/UILinearDodgeEffect.cs: f5508d2f3f6addba614d4c08275f4546 -> 
  custom:SearchIndexIgnoredProperties: e643bd26f0fe6173181afceb89e7c659 -> 
  custom:scripting/monoscript/fileName/EasingCore.cs: 0bad7e894488e9b67256d892a478aab1 -> 
  custom:scripting/monoscript/fileName/Stepper.cs: 3ee1a56034750815f9c567b6c54fbbb8 -> 
  custom:scripting/monoscript/fileName/UIPrimitiveBase.cs: 80a945e915822efd5c887ee28f76aa9f -> 
  custom:AudioImporter_EditorPlatform: d09bf68614088b80899f8185d706f6e7 -> 
  custom:scripting/monoscript/fileName/LetterSpacing.cs: c4f4c504ac9c0b708c438c8a0faf6a96 -> 
  custom:scripting/monoscript/fileName/UISquircle.cs: faaa67841792f2c90a13db82841ac6e3 -> 
  custom:scripting/monoscript/fileName/RangeSlider.cs: 026cea0882c5bbc90f7cedc5111cfeb2 -> 
  custom:scripting/monoscript/fileName/UIExtensionMethods.cs: 2621bff24acfb4ddb3b264b7553588d8 -> 
  custom:scripting/monoscript/fileName/UIVerticalScroller.cs: 3532ae0d4ba5f6e2c310cfec2c655a8c -> 
  custom:scripting/monoscript/fileName/ColorLabel.cs: 9a2d62e5e8f65400e4abc881023f36f7 -> 
  custom:scripting/monoscript/fileName/TooltipTrigger.cs: 546a7d73bc42b9e6f1fd03a7e07d7f29 -> 
  custom:scripting/monoscript/fileName/UIMultiplyEffect.cs: 29b6f1f4d98d9b61292d829c0030af4b -> 
  custom:scripting/monoscript/fileName/CardPopup2D.cs: ac929914b8675b3ff1238ddb1cc99789 -> 
  custom:scripting/monoscript/fileName/ScrollSnapScrollbarHelper.cs: d6b043fd7048156ea2ef4da9da4a0a51 -> 
  custom:scripting/monoscript/fileName/HoverTooltip.cs: abdf0400bdf15bb8fdc0bc4d5ecc993f -> 
  custom:scripting/monoscript/fileName/ColorImage.cs: 87dea3e9bf43c94e295d4fa411046c66 -> 
  custom:scripting/monoscript/fileName/FancyScrollRectContext.cs: 9e5d4d8665c04a1190a3fc52908244b0 -> 
  custom:scripting/monoscript/fileName/TextPicIconEditor.cs: 1f41560011fcb93d03be374d10238c0c -> 
  custom:scripting/monoscript/fileName/UI_InfiniteScroll.cs: f7518bdb5ccbb5518282b9c860eef985 -> 
  custom:scripting/monoscript/fileName/UIExtensionsMenuOptions.cs: 25d3bc76bdcc7be45d732e8f064ec6a7 -> 
  custom:scripting/monoscript/fileName/ReadOnlyAttribute.cs: 604ae8fbc27d6402b88ac08f1987318f -> 
  custom:scripting/monoscript/fileName/UICircle.cs: e40253d6117a9fbea82cc285a7e8a36e -> 
  custom:scripting/monoscript/fileName/UIScrollToSelectionXY.cs: 8145d21a6ef6f8610242d2ba291595b9 -> 
  custom:scripting/monoscript/fileName/CUITextEditor.cs: 966cced0a631446b9484c2fe777a7f5b -> 
  custom:scripting/precompiled-assembly-types:UnityUIExtensions.editor: e002030e6fc012878af160bb334541ad -> 
  custom:scripting/monoscript/fileName/TweenRunner.cs: 90647cc400823b41df847a6cbfc29026 -> 
  custom:scripting/monoscript/fileName/UIHorizontalScroller.cs: 758f016ad67e22eff0f26468f408f006 -> 
  custom:scripting/monoscript/fileName/ReturnKeyTriggersButton.cs: 622f27a1a5fce3f8fe14f0fe6c6b39b5 -> 
  custom:scripting/monoscript/fileName/FancyGridViewCell.cs: 0cdf409b5aa8d4c25876d72b5c6a3b60 -> 
  custom:scripting/monoscript/fileName/Scroller.cs: 94938ad1cd7c20206a0339e3bd7f3330 -> 
  custom:scripting/monoscript/fileName/CylinderText.cs: 86c073c10ed890f8e108be86fb350e35 -> 
  custom:scripting/monoscript/fileName/ColorPickerPresets.cs: d20309ac183a87fd46c2e0a03ba5bdef -> 
  custom:scripting/monoscript/fileName/RadialSlider.cs: 24542b53b379116a4f98bb53a64e13b8 -> 
  custom:scripting/monoscript/fileName/PPIViewer.cs: 5269fbe050022d597b2ceba1b1d4cbae -> 
  custom:scripting/monoscript/fileName/InputFocus.cs: 6a5a3b184038cb5e7dbe4882c96bc91b -> 
  custom:scripting/monoscript/fileName/CUIBezierCurve.cs: 32214df0cb137de9f4967269deffb6f3 -> 
  custom:scripting/monoscript/fileName/DropDownListItem.cs: 91c61fd79335f34fb81e114553bf8888 -> 
  custom:scripting/monoscript/fileName/UIFlippable.cs: 9c843e180ea4b6afe9c1ba071336e124 -> 
  custom:scripting/monoscript/fileName/CanvasGroupActivator.cs: f743e9c6e47b0eb8c0b7b2fbf9f7de19 -> 
  custom:scripting/monoscript/fileName/UIWindowBase.cs: 776e605614a77fffd4e0147c8e684e94 -> 
  custom:video-encoder-webm-vp8: eb34c28f22e8b96e1ab97ce403110664 -> 
  custom:scripting/monoscript/fileName/ScrollPositionControllerEditor.cs: fb86570a90d8d5b779234b7f103e1b51 -> 
  custom:scripting/monoscript/fileName/CurvedLayout.cs: 46917779e317aa4a214ea430689de312 -> 
  custom:scripting/monoscript/fileName/ScrollConflictManager.cs: 1a474b2432b80a8b7211f13c79bb991c -> 
  custom:scripting/monoscript/fileName/ReadOnlyDrawer.cs: 1c0aa6472b8e40c24f66a5805d818994 -> 
  custom:audio-decoder-ogg-vorbis: bf7c407c2cedff20999df2af8eb42d56 -> 
  custom:scripting/monoscript/fileName/FancyGridView.cs: 849ed7f5b11c9db237ef61b01c5a5104 -> 
  custom:scripting/monoscript/fileName/CableCurve.cs: 1ed0592bfc80d3ca3db7b55e9a6e9d9a -> 
  custom:scripting/monoscript/fileName/PaginationManager.cs: b5c7a38e1c9bde92ca052679632bc9f1 -> 
  custom:scripting/monoscript/fileName/UILineTextureRenderer.cs: f3042185c83712ad42b2d6694b56f8d3 -> 
  custom:scripting/monoscript/fileName/MenuManager.cs: 8e71de17d45faf11b5ca3e63d3867170 -> 
  custom:scripting/monoscript/fileName/ColorPickerPresetsEditor.cs: 57bebb34d006d8305e8cd353ea00f28b -> 
  custom:scripting/monoscript/fileName/UI_MagneticInfiniteScroll.cs: 7f0db092e1c52c826e7ccbefe21fe7ce -> 
  custom:scripting/monoscript/fileName/ToolTip.cs: 2f05f936126a769ca9a98ef6920928a7 -> 
  custom:scripting/monoscript/fileName/TextPicRenameEditor.cs: b67a1588d964fe3ac177da9872e96689 -> 
  custom:scripting/monoscript/fileName/TestCompression.cs: 2a18178f72c1b3979b9006483863f20e -> 
  custom:scripting/monoscript/fileName/IFancyScrollRectContext.cs: 9c4dee0aef526d67eb0a668a1c9b910a -> 
  custom:scripting/monoscript/fileName/ColorChangedEvent.cs: bafb161b451089e6c72bcae877e0ba66 -> 
  custom:scripting/monoscript/fileName/BestFitOutline.cs: 2ec1c68346f5b721e3d92092cd60b278 -> 
  custom:scripting/monoscript/fileName/NonDrawingGraphicEditor.cs: 1e7abd1e1a4d3da38de70c6d38c19118 -> 
  custom:scripting/monoscript/fileName/HSVChangedEvent.cs: 8a0d7f505f4db7e267a03264293f54eb -> 
  custom:scripting/monoscript/fileName/CUIImageEditor.cs: 0be5a4365a8d65680f88c4d192e5254c -> 
  custom:scripting/monoscript/fileName/HorizontalScrollSnap.cs: 624447835d67a70d90ed2b7f69117316 -> 
  custom:scripting/monoscript/fileName/UI_TweenScale.cs: 50a18c41daf615d82dc37ef0e9dcea31 -> 
  custom:scripting/monoscript/fileName/BoundTooltipItem.cs: 12dc26af634677e40fd7840809357e6c -> 
  custom:scripting/monoscript/fileName/AccordionElement.cs: 69f1a7e537099cc57de9b6eaa86cef32 -> 
  custom:scripting/monoscript/fileName/UI_ScrollRectOcclusion.cs: 491f1c2592ac821eb8de9e533fddd4a9 -> 
  custom:scripting/monoscript/fileName/CUIBezierCurveEditor.cs: be4462c6de2387d5f99ef9d0e93b91ee -> 
  custom:scripting/monoscript/fileName/ColorSliderImage.cs: bbcbfbf23dc2f9fc5450db8f36b24487 -> 
  custom:scripting/monoscript/fileName/Accordion.cs: c31898dc7ffd6f7b32be5689419229bc -> 
  custom:scripting/monoscript/fileName/FancyCell.cs: 0cdf409b5aa8d4c25876d72b5c6a3b60 -> 
  custom:scripting/monoscript/fileName/ShineEffect.cs: 61d233269c4ea687efa548adef5d6e13 -> 
  custom:audio-encoder-webm-vorbis: bf7c407c2cedff20999df2af8eb42d56 -> 
  custom:scripting/monoscript/fileName/ScrollRectTweener.cs: 3437a8fb18bed84a45865e36e83e332f -> 
  custom:scripting/monoscript/fileName/MeshCreator.cs: a2506ad04bac2e5a6d6d50e0d7978d92 -> 
  custom:scripting/monoscript/fileName/UIPolygon.cs: ef7b3e02606f58c56a27e65db10bc7f3 -> 
  custom:scripting/monoscript/fileName/switchToRectTransform.cs: 0ef297259b7f2ab26defc1d718ad1e0a -> 
  custom:scripting/monoscript/fileName/UILineRendererList.cs: efbf4ff76c31aa3e4f61c8b26734d929 -> 
  custom:scripting/monoscript/fileName/CLZF2.cs: 40ef7bf6191a1a5e5b0f37e092e1b271 -> 
  custom:scripting/monoscript/fileName/SimpleMenu.cs: 90647cc400823b41df847a6cbfc29026 -> 
  custom:scripting/monoscript/fileName/RescalePanel.cs: a379a55181438e3b7a29019da8a3c82c -> 
  custom:scripting/monoscript/fileName/DragCorrector.cs: 89ab4a0369eecb75be2277a80a08c1e7 -> 
  custom:scripting/monoscript/fileName/RangeSliderEditor.cs: 1c09cdb4e75bc10f834bbae9a7b54e1e -> 
  custom:scripting/monoscript/fileName/FancyScrollRect.cs: 0cdf409b5aa8d4c25876d72b5c6a3b60 -> 
  custom:scripting/monoscript/fileName/ReorderableList.cs: 944c8e214787d07461c711b29546f976 -> 
  custom:scripting/monoscript/fileName/RadialLayout.cs: 170f31c5fdb54a9fe7ba926effdfd7d4 -> 
  custom:scripting/monoscript/fileName/ColorSlider.cs: a91d06b853e0bf2d5df3ea61a67d5c83 -> 
  custom:scripting/monoscript/fileName/IFancyGridViewContext.cs: be7addf49e5950ebb654fec55c2afa8b -> 
  custom:scripting/precompiled-assembly-types:UnityUIExtensions: c0991a7eaf90618746e467e9e018bd04 -> 
  custom:scripting/monoscript/fileName/CUIGraphic.cs: 4f47fad340418bff51fe6171e2259e7f -> 
  custom:scripting/monoscript/fileName/IFancyCellGroupContext.cs: 323b5f49cc2011b3d2d9088e528ed161 -> 
  custom:scripting/monoscript/fileName/MinMaxSlider.cs: e7d98a511e8b98df33f72f37935821e5 -> 
  custom:scripting/monoscript/fileName/ColorPickerTester.cs: 63b6c03c009a94721b9d41c8d5e5e6ed -> 
========================================================================
Received Prepare
Caller must complete domain reload
Begin MonoManager ReloadAssembly
- Loaded All Assemblies, in  0.533 seconds
Native extension for WindowsStandalone target not found
Native extension for WebGL target not found
Mono: successfully reloaded assembly
- Finished resetting the current domain, in  1.133 seconds
Domain Reload Profiling: 1666ms
	BeginReloadAssembly (172ms)
		ExecutionOrderSort (0ms)
		DisableScriptedObjects (12ms)
		BackupInstance (0ms)
		ReleaseScriptingObjects (0ms)
		CreateAndSetChildDomain (38ms)
	RebuildCommonClasses (38ms)
	RebuildNativeTypeToScriptingClass (17ms)
	initialDomainReloadingComplete (29ms)
	LoadAllAssembliesAndSetupDomain (276ms)
		LoadAssemblies (347ms)
		RebuildTransferFunctionScriptingTraits (0ms)
		AnalyzeDomain (18ms)
			TypeCache.Refresh (6ms)
				TypeCache.ScanAssembly (0ms)
			ScanForSourceGeneratedMonoScriptInfo (0ms)
			ResolveRequiredComponents (11ms)
	FinalizeReload (1134ms)
		ReleaseScriptCaches (0ms)
		RebuildScriptCaches (0ms)
		SetupLoadedEditorAssemblies (454ms)
			LogAssemblyErrors (0ms)
			InitializePlatformSupportModulesInManaged (8ms)
			SetLoadedEditorAssemblies (7ms)
			RefreshPlugins (0ms)
			BeforeProcessingInitializeOnLoad (76ms)
			ProcessInitializeOnLoadAttributes (319ms)
			ProcessInitializeOnLoadMethodAttributes (41ms)
			AfterProcessingInitializeOnLoad (3ms)
			EditorAssembliesLoaded (0ms)
		ExecutionOrderSort2 (0ms)
		AwakeInstancesAfterBackupRestoration (23ms)
Refreshing native plugins compatible for Editor in 10.90 ms, found 7 plugins.
Preloading 0 native plugins for Editor in 0.00 ms.
Unloading 4456 Unused Serialized files (Serialized files now loaded: 0)
Unloading 44 unused Assets / (0.7 MB). Loaded Objects now: 5315.
Memory consumption went from 158.4 MB to 157.7 MB.
Total: 4.275000 ms (FindLiveObjects: 0.666000 ms CreateObjectMapping: 0.114900 ms MarkObjects: 2.772400 ms  DeleteObjects: 0.719600 ms)

Prepare: number of updated asset objects reloaded= 0
AssetImportParameters requested are different than current active one (requested -> active):
  custom:scripting/monoscript/fileName/CardStack2D.cs: 52f7ac406c04f320c1cc31b32fc945ec -> 
  custom:scripting/monoscript/fileName/UILineRendererFIFO.cs: 1a840d7d842445f62c20beee85a5bbc5 -> 
  custom:scripting/monoscript/fileName/FlowLayoutGroup.cs: 4f8c51e99186127173631d5ea0b848a8 -> 
  custom:scripting/monoscript/fileName/UIParticleSystem.cs: 6cef203566a0c9333597e4e233613614 -> 
  custom:scripting/monoscript/fileName/UILineRenderer.cs: 673f1b621ab4781ac78770b1b3c45207 -> 
  custom:scripting/monoscript/fileName/TableLayoutGroup.cs: 9697d88a99d4c91003d206b86eed3a61 -> 
  custom:scripting/monoscript/fileName/Segment.cs: 823b994f6bbb6e32f73e9807948df6b3 -> 
  custom:container-demuxer-ogg: 62fdf1f143b41e24485cea50d1cbac27 -> 
  custom:scripting/monoscript/fileName/SelectionBox.cs: 9eabc2822607d24d284c5c0d720d4a01 -> 
  custom:scripting/monoscript/fileName/ReorderableListContent.cs: a630238339e5f198f723ac29a2329f6d -> 
  custom:scripting/monoscript/fileName/Menu.cs: d0a2652908e797d4064ef9b772450cc8 -> 
  custom:scripting/monoscript/fileName/SetPropertyUtility.cs: 02aade692758e5563210cc05829e9851 -> f604b4b9e6b0979bdfc1e2b40426dd19
  custom:scripting/monoscript/fileName/HSVUtil.cs: 2f204c7a89b046fae714aadbcda42851 -> 
  custom:scripting/monoscript/fileName/FancyCellGroup.cs: 90647cc400823b41df847a6cbfc29026 -> 
  custom:scripting/monoscript/fileName/RescaleDragPanel.cs: 428e5a10a21f2d3fc3805557487d591e -> 
  custom:scripting/monoscript/fileName/ExtensionsToggleGroup.cs: 93967f93faef61aecdca9232fa42b062 -> 
  custom:scripting/monoscript/fileName/ResizePanel.cs: 0a2d1269c62cba913a254b515f8b6020 -> 
  custom:scripting/monoscript/fileName/Circle.cs: cfc2369c92dd039be7c3f572f769fdcf -> 
  custom:scripting/monoscript/fileName/ShaderLibrary.cs: 7a09676978959734a6827051c965f749 -> 
  custom:scripting/monoscript/fileName/CurvedText.cs: c86aabacdca275700720e919fc8a8b52 -> 
  custom:scripting/monoscript/fileName/FancyScrollRectCell.cs: 0cdf409b5aa8d4c25876d72b5c6a3b60 -> 
  custom:scripting/monoscript/fileName/Gradient.cs: a4c2a5a25440c543cd82653fda832632 -> 
  custom:scripting/monoscript/fileName/ScrollSnapBase.cs: 3682088473625968e7b4647a6b4213f6 -> 
  custom:scripting/monoscript/fileName/CUIText.cs: 0be1a405bc9388e4813a74aad6018bec -> 
  custom:scripting/monoscript/fileName/BoundTooltipTrigger.cs: e78e2ee612ba85e075ab794a5cb95e73 -> 
  custom:scripting/monoscript/fileName/UIHighlightable.cs: fd305ad78204cb75a66ce809c3f50e6a -> 
  custom:video-codec-MediaFoundation-h265: 746d11721c4dcdbdad8f713fa42b33f4 -> 
  custom:scripting/monoscript/fileName/UIExtensionsInputManager.cs: 6f468ddae971c3bcce0288549c1beabd -> 
  custom:scripting/monoscript/fileName/Gradient2.cs: 9c1fd6257924e43a80b8fccb859d3828 -> 
  custom:scripting/monoscript/fileName/CooldownButton.cs: 72bd21b90ac71f29908a36179176f8fc -> 
  custom:video-decoder-ogg-theora: a1e56fd34408186e4bbccfd4996cb3dc -> 
  custom:scripting/monoscript/fileName/TileSizeFitter.cs: ba6326e335b6f177a627b992c444832c -> 
  custom:scripting/monoscript/fileName/SelectableScaler.cs: 3ebe175d64b38a572f8dbe8fd345f0c3 -> 
  custom:scripting/monoscript/fileName/AccordionElementEditor.cs: db5ee9b2cff22578a12a4d141614d665 -> 
  custom:scripting/monoscript/fileName/ExtensionsToggle.cs: e0b44aa7e1ff973d74b4857a34a48879 -> 
  custom:scripting/monoscript/fileName/ReorderableListElement.cs: 788a31431a1c95dc9a9a52767f8e812f -> 
  custom:scripting/monoscript/fileName/ShineEffector.cs: 52ed4eb6c7ed8f674a18d2a4db6eba86 -> 
  custom:scripting/monoscript/fileName/UISelectableExtension.cs: b6766007d8a2236e23d4749da2d8cdd2 -> 
  custom:framework-win-MediaFoundation: 216162199b28c13a410421893ffa2e32 -> 
  custom:scripting/monoscript/fileName/UISoftAdditiveEffect.cs: 30a825933c907dec19605ff2f58a292f -> 
  custom:scripting/monoscript/fileName/HexColorField.cs: 425eeca1ce4159bc649962b2337061a4 -> 
  custom:scripting/monoscript/fileName/ColorPickerControl.cs: 97231f899ae243cc634f34e048c22095 -> 
  custom:scripting/monoscript/fileName/ReorderableListDebug.cs: 51cf5a188c464deb681bea16cb795b61 -> 
  custom:scripting/monoscript/fileName/TextPic.cs: 9dbd7bc654cbf19eee33ac6fc452bfb1 -> 
  custom:scripting/monoscript/fileName/CUIImage.cs: 41f29f650aa507f802cd9793d91f3211 -> 
  custom:scripting/monoscript/fileName/DropDownListButton.cs: 71d533f2602e0e099d09a556ef8e4414 -> 
  custom:scripting/monoscript/fileName/ScrollSnap.cs: c5ae67ed5cc8c0ab1f7496803acc2648 -> 
  custom:scripting/monoscript/fileName/TextPicIconListCopier.cs: a564a2a474c019b98650cff2383ccfca -> 
  custom:scripting/monoscript/fileName/UICornerCut.cs: 69b0dfb485aa2b1afa65fcf30028125b -> 
  custom:scripting/monoscript/fileName/ScrollerEditor.cs: 478519b80ad2bc62d4a4b80ae078e694 -> 
  custom:scripting/monoscript/fileName/IBoxSelectable.cs: a5bf39a694cf2b84c65e7bec998d4941 -> 
  custom:scripting/monoscript/fileName/TiltWindow.cs: 7c3356d1b5bc9c6e9fe98345b0be7c30 -> 
  custom:scripting/monoscript/fileName/ExtensionMethods.cs: 943bd8dac5ce9467ce7deb0856dc6b0a -> 
  custom:scripting/monoscript/fileName/ComboBox.cs: a6ca48dde827ff07a9093f3624d58e62 -> 
  custom:scripting/monoscript/fileName/ScrollRectLinker.cs: 0316116e17d192ca2ef7c97539dff50f -> 
  custom:scripting/monoscript/fileName/SVBoxSlider.cs: 1d22c9c16d63e1cf38ad19bbcec9a0da -> 
  custom:scripting/monoscript/fileName/VerticalScrollSnap.cs: a7ebcf1fac8331e70ee01e540cbe484b -> 
  custom:scripting/monoscript/fileName/UILineConnector.cs: ea5f69a32957fe35ae7b512ef3f758ef -> 
  custom:scripting/monoscript/fileName/UIScreenEffect.cs: c36542c529d1f733362556ab22c18bf9 -> 
  custom:scripting/monoscript/fileName/SoftMaskScript.cs: 867049fb2647c9983fb1391409f93d30 -> 
  custom:scripting/monoscript/fileName/DiamondGraph.cs: a01b647a54847840428a395cc0d6fc16 -> 
  custom:scripting/monoscript/fileName/ScrollRectEx.cs: 3f6a881a34055e182fee3ab0baaee0c3 -> 
  custom:scripting/monoscript/fileName/UIGridRenderer.cs: 04c0062f4b7cdd6963fdba9ae03d9c72 -> 
  custom:scripting/monoscript/fileName/NicerOutline.cs: 571a7c7c4af4ebadc9fed23f0c3b0b46 -> 
  custom:CustomObjectIndexerAttribute: 9a22284fe3817be447336de3de66b15e -> 
  custom:scripting/monoscript/fileName/ScrollRectExtensions.cs: c76cb840404ffa9bc24248639e9da4ee -> 
  custom:scripting/monoscript/fileName/FancyGridViewContext.cs: 8738476657d4a33c34bc82bed7ce8bc9 -> 
  custom:scripting/monoscript/fileName/MinMaxValues.cs: 4aa11a61e640749f4ea5f947f86be5ba -> 
  custom:scripting/monoscript/fileName/CardExpanding3D.cs: d8b2b9924677ad2b445b05edbed7f0e3 -> 
  custom:scripting/monoscript/fileName/MinMaxSliderEditor.cs: e0496a7f76fc8934af2a763a7289ad36 -> 
  custom:scripting/monoscript/fileName/StepperSide.cs: 34d9a35c8c2622f327b140f18a7398a7 -> 
  custom:scripting/monoscript/fileName/CUIGraphicEditor.cs: a618262d3e77d462c5a0cd2e608e8a53 -> 
  custom:scripting/monoscript/fileName/DropDownList.cs: 3d51ab81e9571c9027b59874b2c78567 -> 
  custom:scripting/monoscript/fileName/ITweenValue.cs: 1d0eaa4b435fa135e18af6b5fa57e92e -> 
  custom:container-demuxer-webm: 4f35f7cbe854078d1ac9338744f61a02 -> 
  custom:scripting/monoscript/fileName/CardExpanding2D.cs: e0950b450275cb3936a581f286a6b471 -> 
  custom:scripting/monoscript/fileName/ResetSelectableHighlight.cs: 3ea63487fd77e7b22731770a86b4f8b9 -> 
  custom:scripting/monoscript/fileName/UIScrollToSelection.cs: d89fc8e36bdc19715e3104a5f857d175 -> 
  custom:scripting/monoscript/fileName/IScrollSnap.cs: 80b4110dac6695d630b8e7501d8e5aa8 -> 
  custom:scripting/monoscript/fileName/SegmentedControl.cs: 3a6e53207de58cf304ab520e0638e2df -> 
  custom:scripting/monoscript/fileName/ColorSampler.cs: 617678b91f4adc7b3146f51bed3fc4b1 -> 
  custom:scripting/monoscript/fileName/TabNavigationHelper.cs: 43f45dc623750048d2fbac24931c8ac8 -> 
  custom:scripting/monoscript/fileName/AutoCompleteComboBox.cs: 6e2e6cf33d4f5ca4ad3c05ff8f254467 -> 
  custom:scripting/monoscript/fileName/TextPicEditor.cs: c23216fe996c314d4c496ad837485981 -> 
  custom:scripting/monoscript/fileName/CUIMisc.cs: bc26c7f132f5cd28304cbc88070ca4dc -> 
  custom:scripting/monoscript/fileName/UIAdditiveEffect.cs: 50386f7d7d76f5c5e155dbf56c5e5fdd -> 
  custom:scripting/monoscript/fileName/MonoSpacing.cs: 45ba6bf376dd125375a8906a7d8b8b4b -> 
  custom:scripting/monoscript/fileName/FloatTween.cs: c51b551f6abec506d0db9945f7aa25cc -> 
  custom:scripting/monoscript/fileName/BoxSlider.cs: 662335e935a62641f6cb14e99e25e994 -> 
  custom:scripting/monoscript/fileName/BezierLineRendererEditor.cs: 2a50098be424d999e43b888ace13278c -> 
  custom:scripting/monoscript/fileName/NonDrawingGraphic.cs: a309796f6d67e4c1c110ec62b4572b4e -> 
  custom:scripting/monoscript/fileName/ScrollPositionController.cs: 30c392a65a277a4a74b1a6f1a3417601 -> 
  custom:scripting/monoscript/fileName/ContentScrollSnapHorizontal.cs: cb0bf043572062ce08b48904f46c98c8 -> 
  custom:scripting/monoscript/fileName/Triangulator.cs: 4ee9f09ca55767568ee94c9eaaed7244 -> d867a9a7a8385ef82ff357feb70c59d4
  custom:scripting/monoscript/fileName/UIImageCrop.cs: 1ec5d1f18ccf3bbe8ea319cda00ecfbc -> 
  custom:scripting/monoscript/fileName/BoxSliderEditor.cs: 9c680a5a338924fb176605eed0f68a75 -> 
  custom:scripting/monoscript/fileName/FancyScrollView.cs: c5f9c64ec4b4e183b17919204bc381a9 -> 
  custom:scripting/monoscript/fileName/BezierPath.cs: 90cbb6f823f7a03c69c93b3e1653c45e -> 
  custom:scripting/monoscript/fileName/SuperellipsePoints.cs: db2a1c9698f2dea478e1d6bfece554ae -> 
  custom:scripting/monoscript/fileName/UI_Knob.cs: 00244fb2be3e9e1f5ec3a07f175066a9 -> 
  custom:container-muxer-webm: aa71ff27fc2769a1b78a27578f13a17b -> 
  custom:scripting/monoscript/fileName/RaycastMask.cs: b13971e6a124c25b886c6703ae2aab24 -> 
  custom:scripting/monoscript/fileName/MultiTouchScrollRect.cs: 3a778993ea01435b2502c14ea2b2ff98 -> 
  custom:video-decoder-webm-vp8: 9c59270c3fd7afecdb556c50c9e8de78 -> 
  custom:scripting/monoscript/fileName/InputFieldEnterSubmit.cs: cdd5149b8afb8dc59ad57cc53ad8fb3b -> 
  custom:scripting/monoscript/fileName/ExampleSelectable.cs: 8dc7a8cd606154e7d10bb507e235c1f8 -> 
  custom:scripting/monoscript/fileName/uGUITools.cs: aa32797d8a9cdcd2167b6be114b0d5ec -> 
  custom:scripting/monoscript/fileName/UILinearDodgeEffect.cs: f5508d2f3f6addba614d4c08275f4546 -> 
  custom:SearchIndexIgnoredProperties: e643bd26f0fe6173181afceb89e7c659 -> 
  custom:scripting/monoscript/fileName/EasingCore.cs: 0bad7e894488e9b67256d892a478aab1 -> 
  custom:scripting/monoscript/fileName/Stepper.cs: 3ee1a56034750815f9c567b6c54fbbb8 -> 
  custom:scripting/monoscript/fileName/UIPrimitiveBase.cs: 80a945e915822efd5c887ee28f76aa9f -> 
  custom:AudioImporter_EditorPlatform: d09bf68614088b80899f8185d706f6e7 -> 
  custom:scripting/monoscript/fileName/LetterSpacing.cs: c4f4c504ac9c0b708c438c8a0faf6a96 -> 
  custom:scripting/monoscript/fileName/UISquircle.cs: faaa67841792f2c90a13db82841ac6e3 -> 
  custom:scripting/monoscript/fileName/RangeSlider.cs: 026cea0882c5bbc90f7cedc5111cfeb2 -> 
  custom:scripting/monoscript/fileName/UIExtensionMethods.cs: 2621bff24acfb4ddb3b264b7553588d8 -> 
  custom:scripting/monoscript/fileName/UIVerticalScroller.cs: 3532ae0d4ba5f6e2c310cfec2c655a8c -> 
  custom:scripting/monoscript/fileName/ColorLabel.cs: 9a2d62e5e8f65400e4abc881023f36f7 -> 
  custom:scripting/monoscript/fileName/TooltipTrigger.cs: 546a7d73bc42b9e6f1fd03a7e07d7f29 -> 
  custom:scripting/monoscript/fileName/UIMultiplyEffect.cs: 29b6f1f4d98d9b61292d829c0030af4b -> 
  custom:scripting/monoscript/fileName/CardPopup2D.cs: ac929914b8675b3ff1238ddb1cc99789 -> 
  custom:scripting/monoscript/fileName/ScrollSnapScrollbarHelper.cs: d6b043fd7048156ea2ef4da9da4a0a51 -> 
  custom:scripting/monoscript/fileName/HoverTooltip.cs: abdf0400bdf15bb8fdc0bc4d5ecc993f -> 
  custom:scripting/monoscript/fileName/ColorImage.cs: 87dea3e9bf43c94e295d4fa411046c66 -> 
  custom:scripting/monoscript/fileName/FancyScrollRectContext.cs: 9e5d4d8665c04a1190a3fc52908244b0 -> 
  custom:scripting/monoscript/fileName/TextPicIconEditor.cs: 1f41560011fcb93d03be374d10238c0c -> 
  custom:scripting/monoscript/fileName/UI_InfiniteScroll.cs: f7518bdb5ccbb5518282b9c860eef985 -> 
  custom:scripting/monoscript/fileName/UIExtensionsMenuOptions.cs: 25d3bc76bdcc7be45d732e8f064ec6a7 -> 
  custom:scripting/monoscript/fileName/ReadOnlyAttribute.cs: 604ae8fbc27d6402b88ac08f1987318f -> 
  custom:scripting/monoscript/fileName/UICircle.cs: e40253d6117a9fbea82cc285a7e8a36e -> 
  custom:scripting/monoscript/fileName/UIScrollToSelectionXY.cs: 8145d21a6ef6f8610242d2ba291595b9 -> 
  custom:scripting/monoscript/fileName/CUITextEditor.cs: 966cced0a631446b9484c2fe777a7f5b -> 
  custom:scripting/precompiled-assembly-types:UnityUIExtensions.editor: e002030e6fc012878af160bb334541ad -> 
  custom:scripting/monoscript/fileName/TweenRunner.cs: 90647cc400823b41df847a6cbfc29026 -> 
  custom:scripting/monoscript/fileName/UIHorizontalScroller.cs: 758f016ad67e22eff0f26468f408f006 -> 
  custom:scripting/monoscript/fileName/ReturnKeyTriggersButton.cs: 622f27a1a5fce3f8fe14f0fe6c6b39b5 -> 
  custom:scripting/monoscript/fileName/FancyGridViewCell.cs: 0cdf409b5aa8d4c25876d72b5c6a3b60 -> 
  custom:scripting/monoscript/fileName/Scroller.cs: 94938ad1cd7c20206a0339e3bd7f3330 -> 
  custom:scripting/monoscript/fileName/CylinderText.cs: 86c073c10ed890f8e108be86fb350e35 -> 
  custom:scripting/monoscript/fileName/ColorPickerPresets.cs: d20309ac183a87fd46c2e0a03ba5bdef -> 
  custom:scripting/monoscript/fileName/RadialSlider.cs: 24542b53b379116a4f98bb53a64e13b8 -> 
  custom:scripting/monoscript/fileName/PPIViewer.cs: 5269fbe050022d597b2ceba1b1d4cbae -> 
  custom:scripting/monoscript/fileName/InputFocus.cs: 6a5a3b184038cb5e7dbe4882c96bc91b -> 
  custom:scripting/monoscript/fileName/CUIBezierCurve.cs: 32214df0cb137de9f4967269deffb6f3 -> 
  custom:scripting/monoscript/fileName/DropDownListItem.cs: 91c61fd79335f34fb81e114553bf8888 -> 
  custom:scripting/monoscript/fileName/UIFlippable.cs: 9c843e180ea4b6afe9c1ba071336e124 -> 
  custom:scripting/monoscript/fileName/CanvasGroupActivator.cs: f743e9c6e47b0eb8c0b7b2fbf9f7de19 -> 
  custom:scripting/monoscript/fileName/UIWindowBase.cs: 776e605614a77fffd4e0147c8e684e94 -> 
  custom:video-encoder-webm-vp8: eb34c28f22e8b96e1ab97ce403110664 -> 
  custom:scripting/monoscript/fileName/ScrollPositionControllerEditor.cs: fb86570a90d8d5b779234b7f103e1b51 -> 
  custom:scripting/monoscript/fileName/CurvedLayout.cs: 46917779e317aa4a214ea430689de312 -> 
  custom:scripting/monoscript/fileName/ScrollConflictManager.cs: 1a474b2432b80a8b7211f13c79bb991c -> 
  custom:scripting/monoscript/fileName/ReadOnlyDrawer.cs: 1c0aa6472b8e40c24f66a5805d818994 -> 
  custom:audio-decoder-ogg-vorbis: bf7c407c2cedff20999df2af8eb42d56 -> 
  custom:scripting/monoscript/fileName/FancyGridView.cs: 849ed7f5b11c9db237ef61b01c5a5104 -> 
  custom:scripting/monoscript/fileName/CableCurve.cs: 1ed0592bfc80d3ca3db7b55e9a6e9d9a -> 
  custom:scripting/monoscript/fileName/PaginationManager.cs: b5c7a38e1c9bde92ca052679632bc9f1 -> 
  custom:scripting/monoscript/fileName/UILineTextureRenderer.cs: f3042185c83712ad42b2d6694b56f8d3 -> 
  custom:scripting/monoscript/fileName/MenuManager.cs: 8e71de17d45faf11b5ca3e63d3867170 -> 
  custom:scripting/monoscript/fileName/ColorPickerPresetsEditor.cs: 57bebb34d006d8305e8cd353ea00f28b -> 
  custom:scripting/monoscript/fileName/UI_MagneticInfiniteScroll.cs: 7f0db092e1c52c826e7ccbefe21fe7ce -> 
  custom:scripting/monoscript/fileName/ToolTip.cs: 2f05f936126a769ca9a98ef6920928a7 -> 
  custom:scripting/monoscript/fileName/TextPicRenameEditor.cs: b67a1588d964fe3ac177da9872e96689 -> 
  custom:scripting/monoscript/fileName/TestCompression.cs: 2a18178f72c1b3979b9006483863f20e -> 
  custom:scripting/monoscript/fileName/IFancyScrollRectContext.cs: 9c4dee0aef526d67eb0a668a1c9b910a -> 
  custom:scripting/monoscript/fileName/ColorChangedEvent.cs: bafb161b451089e6c72bcae877e0ba66 -> 
  custom:scripting/monoscript/fileName/BestFitOutline.cs: 2ec1c68346f5b721e3d92092cd60b278 -> 
  custom:scripting/monoscript/fileName/NonDrawingGraphicEditor.cs: 1e7abd1e1a4d3da38de70c6d38c19118 -> 
  custom:scripting/monoscript/fileName/HSVChangedEvent.cs: 8a0d7f505f4db7e267a03264293f54eb -> 
  custom:scripting/monoscript/fileName/CUIImageEditor.cs: 0be5a4365a8d65680f88c4d192e5254c -> 
  custom:scripting/monoscript/fileName/HorizontalScrollSnap.cs: 624447835d67a70d90ed2b7f69117316 -> 
  custom:scripting/monoscript/fileName/UI_TweenScale.cs: 50a18c41daf615d82dc37ef0e9dcea31 -> 
  custom:scripting/monoscript/fileName/BoundTooltipItem.cs: 12dc26af634677e40fd7840809357e6c -> 
  custom:scripting/monoscript/fileName/AccordionElement.cs: 69f1a7e537099cc57de9b6eaa86cef32 -> 
  custom:scripting/monoscript/fileName/UI_ScrollRectOcclusion.cs: 491f1c2592ac821eb8de9e533fddd4a9 -> 
  custom:scripting/monoscript/fileName/CUIBezierCurveEditor.cs: be4462c6de2387d5f99ef9d0e93b91ee -> 
  custom:scripting/monoscript/fileName/ColorSliderImage.cs: bbcbfbf23dc2f9fc5450db8f36b24487 -> 
  custom:scripting/monoscript/fileName/Accordion.cs: c31898dc7ffd6f7b32be5689419229bc -> 
  custom:scripting/monoscript/fileName/FancyCell.cs: 0cdf409b5aa8d4c25876d72b5c6a3b60 -> 
  custom:scripting/monoscript/fileName/ShineEffect.cs: 61d233269c4ea687efa548adef5d6e13 -> 
  custom:audio-encoder-webm-vorbis: bf7c407c2cedff20999df2af8eb42d56 -> 
  custom:scripting/monoscript/fileName/ScrollRectTweener.cs: 3437a8fb18bed84a45865e36e83e332f -> 
  custom:scripting/monoscript/fileName/MeshCreator.cs: a2506ad04bac2e5a6d6d50e0d7978d92 -> 
  custom:scripting/monoscript/fileName/UIPolygon.cs: ef7b3e02606f58c56a27e65db10bc7f3 -> 
  custom:scripting/monoscript/fileName/switchToRectTransform.cs: 0ef297259b7f2ab26defc1d718ad1e0a -> 
  custom:scripting/monoscript/fileName/UILineRendererList.cs: efbf4ff76c31aa3e4f61c8b26734d929 -> 
  custom:scripting/monoscript/fileName/CLZF2.cs: 40ef7bf6191a1a5e5b0f37e092e1b271 -> 
  custom:scripting/monoscript/fileName/SimpleMenu.cs: 90647cc400823b41df847a6cbfc29026 -> 
  custom:scripting/monoscript/fileName/RescalePanel.cs: a379a55181438e3b7a29019da8a3c82c -> 
  custom:scripting/monoscript/fileName/DragCorrector.cs: 89ab4a0369eecb75be2277a80a08c1e7 -> 
  custom:scripting/monoscript/fileName/RangeSliderEditor.cs: 1c09cdb4e75bc10f834bbae9a7b54e1e -> 
  custom:scripting/monoscript/fileName/FancyScrollRect.cs: 0cdf409b5aa8d4c25876d72b5c6a3b60 -> 
  custom:scripting/monoscript/fileName/ReorderableList.cs: 944c8e214787d07461c711b29546f976 -> 
  custom:scripting/monoscript/fileName/RadialLayout.cs: 170f31c5fdb54a9fe7ba926effdfd7d4 -> 
  custom:scripting/monoscript/fileName/ColorSlider.cs: a91d06b853e0bf2d5df3ea61a67d5c83 -> 
  custom:scripting/monoscript/fileName/IFancyGridViewContext.cs: be7addf49e5950ebb654fec55c2afa8b -> 
  custom:scripting/precompiled-assembly-types:UnityUIExtensions: c0991a7eaf90618746e467e9e018bd04 -> 
  custom:scripting/monoscript/fileName/CUIGraphic.cs: 4f47fad340418bff51fe6171e2259e7f -> 
  custom:scripting/monoscript/fileName/IFancyCellGroupContext.cs: 323b5f49cc2011b3d2d9088e528ed161 -> 
  custom:scripting/monoscript/fileName/MinMaxSlider.cs: e7d98a511e8b98df33f72f37935821e5 -> 
  custom:scripting/monoscript/fileName/ColorPickerTester.cs: 63b6c03c009a94721b9d41c8d5e5e6ed -> 
========================================================================
Received Import Request.
  Time since last request: 9398.572050 seconds.
  path: Assets/Content/MapDayPreview.jpg
  artifactKey: Guid(77fe25423eae2354184e380924b2711a) Importer(815301076,1909f56bfc062723c751e8b465ee728b)
Start importing Assets/Content/MapDayPreview.jpg using Guid(77fe25423eae2354184e380924b2711a) Importer(815301076,1909f56bfc062723c751e8b465ee728b) [PhysX] Initialized MultithreadedTaskDispatcher with 16 workers.
[PhysX] Initialized MultithreadedTaskDispatcher with 16 workers.
 -> (artifact id: 'a6891cd655c52ed539260e4244a52800') in 0.123195 seconds
Number of updated asset objects reloaded before import = 0
Number of asset objects unloaded after import = 3
========================================================================
Received Import Request.
  Time since last request: 261.633929 seconds.
  path: Assets/Content/MapNightPreview.jpg
  artifactKey: Guid(27cb323fc1fcf414e96a6cecad4cf03c) Importer(815301076,1909f56bfc062723c751e8b465ee728b)
Start importing Assets/Content/MapNightPreview.jpg using Guid(27cb323fc1fcf414e96a6cecad4cf03c) Importer(815301076,1909f56bfc062723c751e8b465ee728b) [PhysX] Initialized MultithreadedTaskDispatcher with 16 workers.
[PhysX] Initialized MultithreadedTaskDispatcher with 16 workers.
 -> (artifact id: '9f621a19c62403d250fccc6d88738282') in 0.016719 seconds
Number of updated asset objects reloaded before import = 0
Number of asset objects unloaded after import = 3
========================================================================
Received Prepare
Caller must complete domain reload
Begin MonoManager ReloadAssembly
- Loaded All Assemblies, in  0.845 seconds
Native extension for WindowsStandalone target not found
Native extension for WebGL target not found
Mono: successfully reloaded assembly
- Finished resetting the current domain, in  1.850 seconds
Domain Reload Profiling: 2695ms
	BeginReloadAssembly (277ms)
		ExecutionOrderSort (0ms)
		DisableScriptedObjects (22ms)
		BackupInstance (0ms)
		ReleaseScriptingObjects (0ms)
		CreateAndSetChildDomain (75ms)
	RebuildCommonClasses (44ms)
	RebuildNativeTypeToScriptingClass (12ms)
	initialDomainReloadingComplete (42ms)
	LoadAllAssembliesAndSetupDomain (469ms)
		LoadAssemblies (560ms)
		RebuildTransferFunctionScriptingTraits (0ms)
		AnalyzeDomain (52ms)
			TypeCache.Refresh (14ms)
				TypeCache.ScanAssembly (1ms)
			ScanForSourceGeneratedMonoScriptInfo (22ms)
			ResolveRequiredComponents (14ms)
	FinalizeReload (1850ms)
		ReleaseScriptCaches (0ms)
		RebuildScriptCaches (0ms)
		SetupLoadedEditorAssemblies (476ms)
			LogAssemblyErrors (0ms)
			InitializePlatformSupportModulesInManaged (9ms)
			SetLoadedEditorAssemblies (7ms)
			RefreshPlugins (0ms)
			BeforeProcessingInitializeOnLoad (82ms)
			ProcessInitializeOnLoadAttributes (329ms)
			ProcessInitializeOnLoadMethodAttributes (46ms)
			AfterProcessingInitializeOnLoad (3ms)
			EditorAssembliesLoaded (0ms)
		ExecutionOrderSort2 (0ms)
		AwakeInstancesAfterBackupRestoration (15ms)
Refreshing native plugins compatible for Editor in 7.05 ms, found 7 plugins.
Preloading 0 native plugins for Editor in 0.00 ms.
Unloading 4455 Unused Serialized files (Serialized files now loaded: 0)
Unloading 44 unused Assets / (0.7 MB). Loaded Objects now: 5321.
Memory consumption went from 158.1 MB to 157.5 MB.
Total: 5.480200 ms (FindLiveObjects: 0.530900 ms CreateObjectMapping: 0.298100 ms MarkObjects: 3.982200 ms  DeleteObjects: 0.667000 ms)

Prepare: number of updated asset objects reloaded= 0
AssetImportParameters requested are different than current active one (requested -> active):
  custom:scripting/monoscript/fileName/CardStack2D.cs: 52f7ac406c04f320c1cc31b32fc945ec -> 
  custom:scripting/monoscript/fileName/UILineRendererFIFO.cs: 1a840d7d842445f62c20beee85a5bbc5 -> 
  custom:scripting/monoscript/fileName/FlowLayoutGroup.cs: 4f8c51e99186127173631d5ea0b848a8 -> 
  custom:scripting/monoscript/fileName/UIParticleSystem.cs: 6cef203566a0c9333597e4e233613614 -> 
  custom:scripting/monoscript/fileName/UILineRenderer.cs: 673f1b621ab4781ac78770b1b3c45207 -> 
  custom:scripting/monoscript/fileName/TableLayoutGroup.cs: 9697d88a99d4c91003d206b86eed3a61 -> 
  custom:scripting/monoscript/fileName/Segment.cs: 823b994f6bbb6e32f73e9807948df6b3 -> 
  custom:container-demuxer-ogg: 62fdf1f143b41e24485cea50d1cbac27 -> 
  custom:scripting/monoscript/fileName/SelectionBox.cs: 9eabc2822607d24d284c5c0d720d4a01 -> 
  custom:scripting/monoscript/fileName/ReorderableListContent.cs: a630238339e5f198f723ac29a2329f6d -> 
  custom:scripting/monoscript/fileName/Menu.cs: d0a2652908e797d4064ef9b772450cc8 -> 
  custom:scripting/monoscript/fileName/SetPropertyUtility.cs: 02aade692758e5563210cc05829e9851 -> f604b4b9e6b0979bdfc1e2b40426dd19
  custom:scripting/monoscript/fileName/HSVUtil.cs: 2f204c7a89b046fae714aadbcda42851 -> 
  custom:scripting/monoscript/fileName/FancyCellGroup.cs: 90647cc400823b41df847a6cbfc29026 -> 
  custom:scripting/monoscript/fileName/RescaleDragPanel.cs: 428e5a10a21f2d3fc3805557487d591e -> 
  custom:scripting/monoscript/fileName/ExtensionsToggleGroup.cs: 93967f93faef61aecdca9232fa42b062 -> 
  custom:scripting/monoscript/fileName/ResizePanel.cs: 0a2d1269c62cba913a254b515f8b6020 -> 
  custom:scripting/monoscript/fileName/Circle.cs: cfc2369c92dd039be7c3f572f769fdcf -> 
  custom:scripting/monoscript/fileName/ShaderLibrary.cs: 7a09676978959734a6827051c965f749 -> 
  custom:scripting/monoscript/fileName/CurvedText.cs: c86aabacdca275700720e919fc8a8b52 -> 
  custom:scripting/monoscript/fileName/FancyScrollRectCell.cs: 0cdf409b5aa8d4c25876d72b5c6a3b60 -> 
  custom:scripting/monoscript/fileName/Gradient.cs: a4c2a5a25440c543cd82653fda832632 -> 
  custom:scripting/monoscript/fileName/ScrollSnapBase.cs: 3682088473625968e7b4647a6b4213f6 -> 
  custom:scripting/monoscript/fileName/CUIText.cs: 0be1a405bc9388e4813a74aad6018bec -> 
  custom:scripting/monoscript/fileName/BoundTooltipTrigger.cs: e78e2ee612ba85e075ab794a5cb95e73 -> 
  custom:scripting/monoscript/fileName/UIHighlightable.cs: fd305ad78204cb75a66ce809c3f50e6a -> 
  custom:video-codec-MediaFoundation-h265: 746d11721c4dcdbdad8f713fa42b33f4 -> 
  custom:scripting/monoscript/fileName/UIExtensionsInputManager.cs: 6f468ddae971c3bcce0288549c1beabd -> 
  custom:scripting/monoscript/fileName/Gradient2.cs: 9c1fd6257924e43a80b8fccb859d3828 -> 
  custom:scripting/monoscript/fileName/CooldownButton.cs: 72bd21b90ac71f29908a36179176f8fc -> 
  custom:video-decoder-ogg-theora: a1e56fd34408186e4bbccfd4996cb3dc -> 
  custom:scripting/monoscript/fileName/TileSizeFitter.cs: ba6326e335b6f177a627b992c444832c -> 
  custom:scripting/monoscript/fileName/SelectableScaler.cs: 3ebe175d64b38a572f8dbe8fd345f0c3 -> 
  custom:scripting/monoscript/fileName/AccordionElementEditor.cs: db5ee9b2cff22578a12a4d141614d665 -> 
  custom:scripting/monoscript/fileName/ExtensionsToggle.cs: e0b44aa7e1ff973d74b4857a34a48879 -> 
  custom:scripting/monoscript/fileName/ReorderableListElement.cs: 788a31431a1c95dc9a9a52767f8e812f -> 
  custom:scripting/monoscript/fileName/ShineEffector.cs: 52ed4eb6c7ed8f674a18d2a4db6eba86 -> 
  custom:scripting/monoscript/fileName/UISelectableExtension.cs: b6766007d8a2236e23d4749da2d8cdd2 -> 
  custom:framework-win-MediaFoundation: 216162199b28c13a410421893ffa2e32 -> 
  custom:scripting/monoscript/fileName/UISoftAdditiveEffect.cs: 30a825933c907dec19605ff2f58a292f -> 
  custom:scripting/monoscript/fileName/HexColorField.cs: 425eeca1ce4159bc649962b2337061a4 -> 
  custom:scripting/monoscript/fileName/ColorPickerControl.cs: 97231f899ae243cc634f34e048c22095 -> 
  custom:scripting/monoscript/fileName/ReorderableListDebug.cs: 51cf5a188c464deb681bea16cb795b61 -> 
  custom:scripting/monoscript/fileName/TextPic.cs: 9dbd7bc654cbf19eee33ac6fc452bfb1 -> 
  custom:scripting/monoscript/fileName/CUIImage.cs: 41f29f650aa507f802cd9793d91f3211 -> 
  custom:scripting/monoscript/fileName/DropDownListButton.cs: 71d533f2602e0e099d09a556ef8e4414 -> 
  custom:scripting/monoscript/fileName/ScrollSnap.cs: c5ae67ed5cc8c0ab1f7496803acc2648 -> 
  custom:scripting/monoscript/fileName/TextPicIconListCopier.cs: a564a2a474c019b98650cff2383ccfca -> 
  custom:scripting/monoscript/fileName/UICornerCut.cs: 69b0dfb485aa2b1afa65fcf30028125b -> 
  custom:scripting/monoscript/fileName/ScrollerEditor.cs: 478519b80ad2bc62d4a4b80ae078e694 -> 
  custom:scripting/monoscript/fileName/IBoxSelectable.cs: a5bf39a694cf2b84c65e7bec998d4941 -> 
  custom:scripting/monoscript/fileName/TiltWindow.cs: 7c3356d1b5bc9c6e9fe98345b0be7c30 -> 
  custom:scripting/monoscript/fileName/ExtensionMethods.cs: 943bd8dac5ce9467ce7deb0856dc6b0a -> 
  custom:scripting/monoscript/fileName/ComboBox.cs: a6ca48dde827ff07a9093f3624d58e62 -> 
  custom:scripting/monoscript/fileName/ScrollRectLinker.cs: 0316116e17d192ca2ef7c97539dff50f -> 
  custom:scripting/monoscript/fileName/SVBoxSlider.cs: 1d22c9c16d63e1cf38ad19bbcec9a0da -> 
  custom:scripting/monoscript/fileName/VerticalScrollSnap.cs: a7ebcf1fac8331e70ee01e540cbe484b -> 
  custom:scripting/monoscript/fileName/UILineConnector.cs: ea5f69a32957fe35ae7b512ef3f758ef -> 
  custom:scripting/monoscript/fileName/UIScreenEffect.cs: c36542c529d1f733362556ab22c18bf9 -> 
  custom:scripting/monoscript/fileName/SoftMaskScript.cs: 867049fb2647c9983fb1391409f93d30 -> 
  custom:scripting/monoscript/fileName/DiamondGraph.cs: a01b647a54847840428a395cc0d6fc16 -> 
  custom:scripting/monoscript/fileName/ScrollRectEx.cs: 3f6a881a34055e182fee3ab0baaee0c3 -> 
  custom:scripting/monoscript/fileName/UIGridRenderer.cs: 04c0062f4b7cdd6963fdba9ae03d9c72 -> 
  custom:scripting/monoscript/fileName/NicerOutline.cs: 571a7c7c4af4ebadc9fed23f0c3b0b46 -> 
  custom:CustomObjectIndexerAttribute: 9a22284fe3817be447336de3de66b15e -> 
  custom:scripting/monoscript/fileName/ScrollRectExtensions.cs: c76cb840404ffa9bc24248639e9da4ee -> 
  custom:scripting/monoscript/fileName/FancyGridViewContext.cs: 8738476657d4a33c34bc82bed7ce8bc9 -> 
  custom:scripting/monoscript/fileName/MinMaxValues.cs: 4aa11a61e640749f4ea5f947f86be5ba -> 
  custom:scripting/monoscript/fileName/CardExpanding3D.cs: d8b2b9924677ad2b445b05edbed7f0e3 -> 
  custom:scripting/monoscript/fileName/MinMaxSliderEditor.cs: e0496a7f76fc8934af2a763a7289ad36 -> 
  custom:scripting/monoscript/fileName/StepperSide.cs: 34d9a35c8c2622f327b140f18a7398a7 -> 
  custom:scripting/monoscript/fileName/CUIGraphicEditor.cs: a618262d3e77d462c5a0cd2e608e8a53 -> 
  custom:scripting/monoscript/fileName/DropDownList.cs: 3d51ab81e9571c9027b59874b2c78567 -> 
  custom:scripting/monoscript/fileName/ITweenValue.cs: 1d0eaa4b435fa135e18af6b5fa57e92e -> 
  custom:container-demuxer-webm: 4f35f7cbe854078d1ac9338744f61a02 -> 
  custom:scripting/monoscript/fileName/CardExpanding2D.cs: e0950b450275cb3936a581f286a6b471 -> 
  custom:scripting/monoscript/fileName/ResetSelectableHighlight.cs: 3ea63487fd77e7b22731770a86b4f8b9 -> 
  custom:scripting/monoscript/fileName/UIScrollToSelection.cs: d89fc8e36bdc19715e3104a5f857d175 -> 
  custom:scripting/monoscript/fileName/IScrollSnap.cs: 80b4110dac6695d630b8e7501d8e5aa8 -> 
  custom:scripting/monoscript/fileName/SegmentedControl.cs: 3a6e53207de58cf304ab520e0638e2df -> 
  custom:scripting/monoscript/fileName/ColorSampler.cs: 617678b91f4adc7b3146f51bed3fc4b1 -> 
  custom:scripting/monoscript/fileName/TabNavigationHelper.cs: 43f45dc623750048d2fbac24931c8ac8 -> 
  custom:scripting/monoscript/fileName/AutoCompleteComboBox.cs: 6e2e6cf33d4f5ca4ad3c05ff8f254467 -> 
  custom:scripting/monoscript/fileName/TextPicEditor.cs: c23216fe996c314d4c496ad837485981 -> 
  custom:scripting/monoscript/fileName/CUIMisc.cs: bc26c7f132f5cd28304cbc88070ca4dc -> 
  custom:scripting/monoscript/fileName/UIAdditiveEffect.cs: 50386f7d7d76f5c5e155dbf56c5e5fdd -> 
  custom:scripting/monoscript/fileName/MonoSpacing.cs: 45ba6bf376dd125375a8906a7d8b8b4b -> 
  custom:scripting/monoscript/fileName/FloatTween.cs: c51b551f6abec506d0db9945f7aa25cc -> 
  custom:scripting/monoscript/fileName/BoxSlider.cs: 662335e935a62641f6cb14e99e25e994 -> 
  custom:scripting/monoscript/fileName/BezierLineRendererEditor.cs: 2a50098be424d999e43b888ace13278c -> 
  custom:scripting/monoscript/fileName/NonDrawingGraphic.cs: a309796f6d67e4c1c110ec62b4572b4e -> 
  custom:scripting/monoscript/fileName/ScrollPositionController.cs: 30c392a65a277a4a74b1a6f1a3417601 -> 
  custom:scripting/monoscript/fileName/ContentScrollSnapHorizontal.cs: cb0bf043572062ce08b48904f46c98c8 -> 
  custom:scripting/monoscript/fileName/Triangulator.cs: 4ee9f09ca55767568ee94c9eaaed7244 -> d867a9a7a8385ef82ff357feb70c59d4
  custom:scripting/monoscript/fileName/UIImageCrop.cs: 1ec5d1f18ccf3bbe8ea319cda00ecfbc -> 
  custom:scripting/monoscript/fileName/BoxSliderEditor.cs: 9c680a5a338924fb176605eed0f68a75 -> 
  custom:scripting/monoscript/fileName/FancyScrollView.cs: c5f9c64ec4b4e183b17919204bc381a9 -> 
  custom:scripting/monoscript/fileName/BezierPath.cs: 90cbb6f823f7a03c69c93b3e1653c45e -> 
  custom:scripting/monoscript/fileName/SuperellipsePoints.cs: db2a1c9698f2dea478e1d6bfece554ae -> 
  custom:scripting/monoscript/fileName/UI_Knob.cs: 00244fb2be3e9e1f5ec3a07f175066a9 -> 
  custom:container-muxer-webm: aa71ff27fc2769a1b78a27578f13a17b -> 
  custom:scripting/monoscript/fileName/RaycastMask.cs: b13971e6a124c25b886c6703ae2aab24 -> 
  custom:scripting/monoscript/fileName/MultiTouchScrollRect.cs: 3a778993ea01435b2502c14ea2b2ff98 -> 
  custom:video-decoder-webm-vp8: 9c59270c3fd7afecdb556c50c9e8de78 -> 
  custom:scripting/monoscript/fileName/InputFieldEnterSubmit.cs: cdd5149b8afb8dc59ad57cc53ad8fb3b -> 
  custom:scripting/monoscript/fileName/ExampleSelectable.cs: 8dc7a8cd606154e7d10bb507e235c1f8 -> 
  custom:scripting/monoscript/fileName/uGUITools.cs: aa32797d8a9cdcd2167b6be114b0d5ec -> 
  custom:scripting/monoscript/fileName/UILinearDodgeEffect.cs: f5508d2f3f6addba614d4c08275f4546 -> 
  custom:SearchIndexIgnoredProperties: e643bd26f0fe6173181afceb89e7c659 -> 
  custom:scripting/monoscript/fileName/EasingCore.cs: 0bad7e894488e9b67256d892a478aab1 -> 
  custom:scripting/monoscript/fileName/Stepper.cs: 3ee1a56034750815f9c567b6c54fbbb8 -> 
  custom:scripting/monoscript/fileName/UIPrimitiveBase.cs: 80a945e915822efd5c887ee28f76aa9f -> 
  custom:AudioImporter_EditorPlatform: d09bf68614088b80899f8185d706f6e7 -> 
  custom:scripting/monoscript/fileName/LetterSpacing.cs: c4f4c504ac9c0b708c438c8a0faf6a96 -> 
  custom:scripting/monoscript/fileName/UISquircle.cs: faaa67841792f2c90a13db82841ac6e3 -> 
  custom:scripting/monoscript/fileName/RangeSlider.cs: 026cea0882c5bbc90f7cedc5111cfeb2 -> 
  custom:scripting/monoscript/fileName/UIExtensionMethods.cs: 2621bff24acfb4ddb3b264b7553588d8 -> 
  custom:scripting/monoscript/fileName/UIVerticalScroller.cs: 3532ae0d4ba5f6e2c310cfec2c655a8c -> 
  custom:scripting/monoscript/fileName/ColorLabel.cs: 9a2d62e5e8f65400e4abc881023f36f7 -> 
  custom:scripting/monoscript/fileName/TooltipTrigger.cs: 546a7d73bc42b9e6f1fd03a7e07d7f29 -> 
  custom:scripting/monoscript/fileName/UIMultiplyEffect.cs: 29b6f1f4d98d9b61292d829c0030af4b -> 
  custom:scripting/monoscript/fileName/CardPopup2D.cs: ac929914b8675b3ff1238ddb1cc99789 -> 
  custom:scripting/monoscript/fileName/ScrollSnapScrollbarHelper.cs: d6b043fd7048156ea2ef4da9da4a0a51 -> 
  custom:scripting/monoscript/fileName/HoverTooltip.cs: abdf0400bdf15bb8fdc0bc4d5ecc993f -> 
  custom:scripting/monoscript/fileName/ColorImage.cs: 87dea3e9bf43c94e295d4fa411046c66 -> 
  custom:scripting/monoscript/fileName/FancyScrollRectContext.cs: 9e5d4d8665c04a1190a3fc52908244b0 -> 
  custom:scripting/monoscript/fileName/TextPicIconEditor.cs: 1f41560011fcb93d03be374d10238c0c -> 
  custom:scripting/monoscript/fileName/UI_InfiniteScroll.cs: f7518bdb5ccbb5518282b9c860eef985 -> 
  custom:scripting/monoscript/fileName/UIExtensionsMenuOptions.cs: 25d3bc76bdcc7be45d732e8f064ec6a7 -> 
  custom:scripting/monoscript/fileName/ReadOnlyAttribute.cs: 604ae8fbc27d6402b88ac08f1987318f -> 
  custom:scripting/monoscript/fileName/UICircle.cs: e40253d6117a9fbea82cc285a7e8a36e -> 
  custom:scripting/monoscript/fileName/UIScrollToSelectionXY.cs: 8145d21a6ef6f8610242d2ba291595b9 -> 
  custom:scripting/monoscript/fileName/CUITextEditor.cs: 966cced0a631446b9484c2fe777a7f5b -> 
  custom:scripting/precompiled-assembly-types:UnityUIExtensions.editor: e002030e6fc012878af160bb334541ad -> 
  custom:scripting/monoscript/fileName/TweenRunner.cs: 90647cc400823b41df847a6cbfc29026 -> 
  custom:scripting/monoscript/fileName/UIHorizontalScroller.cs: 758f016ad67e22eff0f26468f408f006 -> 
  custom:scripting/monoscript/fileName/ReturnKeyTriggersButton.cs: 622f27a1a5fce3f8fe14f0fe6c6b39b5 -> 
  custom:scripting/monoscript/fileName/FancyGridViewCell.cs: 0cdf409b5aa8d4c25876d72b5c6a3b60 -> 
  custom:scripting/monoscript/fileName/Scroller.cs: 94938ad1cd7c20206a0339e3bd7f3330 -> 
  custom:scripting/monoscript/fileName/CylinderText.cs: 86c073c10ed890f8e108be86fb350e35 -> 
  custom:scripting/monoscript/fileName/ColorPickerPresets.cs: d20309ac183a87fd46c2e0a03ba5bdef -> 
  custom:scripting/monoscript/fileName/RadialSlider.cs: 24542b53b379116a4f98bb53a64e13b8 -> 
  custom:scripting/monoscript/fileName/PPIViewer.cs: 5269fbe050022d597b2ceba1b1d4cbae -> 
  custom:scripting/monoscript/fileName/InputFocus.cs: 6a5a3b184038cb5e7dbe4882c96bc91b -> 
  custom:scripting/monoscript/fileName/CUIBezierCurve.cs: 32214df0cb137de9f4967269deffb6f3 -> 
  custom:scripting/monoscript/fileName/DropDownListItem.cs: 91c61fd79335f34fb81e114553bf8888 -> 
  custom:scripting/monoscript/fileName/UIFlippable.cs: 9c843e180ea4b6afe9c1ba071336e124 -> 
  custom:scripting/monoscript/fileName/CanvasGroupActivator.cs: f743e9c6e47b0eb8c0b7b2fbf9f7de19 -> 
  custom:scripting/monoscript/fileName/UIWindowBase.cs: 776e605614a77fffd4e0147c8e684e94 -> 
  custom:video-encoder-webm-vp8: eb34c28f22e8b96e1ab97ce403110664 -> 
  custom:scripting/monoscript/fileName/ScrollPositionControllerEditor.cs: fb86570a90d8d5b779234b7f103e1b51 -> 
  custom:scripting/monoscript/fileName/CurvedLayout.cs: 46917779e317aa4a214ea430689de312 -> 
  custom:scripting/monoscript/fileName/ScrollConflictManager.cs: 1a474b2432b80a8b7211f13c79bb991c -> 
  custom:scripting/monoscript/fileName/ReadOnlyDrawer.cs: 1c0aa6472b8e40c24f66a5805d818994 -> 
  custom:audio-decoder-ogg-vorbis: bf7c407c2cedff20999df2af8eb42d56 -> 
  custom:scripting/monoscript/fileName/FancyGridView.cs: 849ed7f5b11c9db237ef61b01c5a5104 -> 
  custom:scripting/monoscript/fileName/CableCurve.cs: 1ed0592bfc80d3ca3db7b55e9a6e9d9a -> 
  custom:scripting/monoscript/fileName/PaginationManager.cs: b5c7a38e1c9bde92ca052679632bc9f1 -> 
  custom:scripting/monoscript/fileName/UILineTextureRenderer.cs: f3042185c83712ad42b2d6694b56f8d3 -> 
  custom:scripting/monoscript/fileName/MenuManager.cs: 8e71de17d45faf11b5ca3e63d3867170 -> 
  custom:scripting/monoscript/fileName/ColorPickerPresetsEditor.cs: 57bebb34d006d8305e8cd353ea00f28b -> 
  custom:scripting/monoscript/fileName/UI_MagneticInfiniteScroll.cs: 7f0db092e1c52c826e7ccbefe21fe7ce -> 
  custom:scripting/monoscript/fileName/ToolTip.cs: 2f05f936126a769ca9a98ef6920928a7 -> 
  custom:scripting/monoscript/fileName/TextPicRenameEditor.cs: b67a1588d964fe3ac177da9872e96689 -> 
  custom:scripting/monoscript/fileName/TestCompression.cs: 2a18178f72c1b3979b9006483863f20e -> 
  custom:scripting/monoscript/fileName/IFancyScrollRectContext.cs: 9c4dee0aef526d67eb0a668a1c9b910a -> 
  custom:scripting/monoscript/fileName/ColorChangedEvent.cs: bafb161b451089e6c72bcae877e0ba66 -> 
  custom:scripting/monoscript/fileName/BestFitOutline.cs: 2ec1c68346f5b721e3d92092cd60b278 -> 
  custom:scripting/monoscript/fileName/NonDrawingGraphicEditor.cs: 1e7abd1e1a4d3da38de70c6d38c19118 -> 
  custom:scripting/monoscript/fileName/HSVChangedEvent.cs: 8a0d7f505f4db7e267a03264293f54eb -> 
  custom:scripting/monoscript/fileName/CUIImageEditor.cs: 0be5a4365a8d65680f88c4d192e5254c -> 
  custom:scripting/monoscript/fileName/HorizontalScrollSnap.cs: 624447835d67a70d90ed2b7f69117316 -> 
  custom:scripting/monoscript/fileName/UI_TweenScale.cs: 50a18c41daf615d82dc37ef0e9dcea31 -> 
  custom:scripting/monoscript/fileName/BoundTooltipItem.cs: 12dc26af634677e40fd7840809357e6c -> 
  custom:scripting/monoscript/fileName/AccordionElement.cs: 69f1a7e537099cc57de9b6eaa86cef32 -> 
  custom:scripting/monoscript/fileName/UI_ScrollRectOcclusion.cs: 491f1c2592ac821eb8de9e533fddd4a9 -> 
  custom:scripting/monoscript/fileName/CUIBezierCurveEditor.cs: be4462c6de2387d5f99ef9d0e93b91ee -> 
  custom:scripting/monoscript/fileName/ColorSliderImage.cs: bbcbfbf23dc2f9fc5450db8f36b24487 -> 
  custom:scripting/monoscript/fileName/Accordion.cs: c31898dc7ffd6f7b32be5689419229bc -> 
  custom:scripting/monoscript/fileName/FancyCell.cs: 0cdf409b5aa8d4c25876d72b5c6a3b60 -> 
  custom:scripting/monoscript/fileName/ShineEffect.cs: 61d233269c4ea687efa548adef5d6e13 -> 
  custom:audio-encoder-webm-vorbis: bf7c407c2cedff20999df2af8eb42d56 -> 
  custom:scripting/monoscript/fileName/ScrollRectTweener.cs: 3437a8fb18bed84a45865e36e83e332f -> 
  custom:scripting/monoscript/fileName/MeshCreator.cs: a2506ad04bac2e5a6d6d50e0d7978d92 -> 
  custom:scripting/monoscript/fileName/UIPolygon.cs: ef7b3e02606f58c56a27e65db10bc7f3 -> 
  custom:scripting/monoscript/fileName/switchToRectTransform.cs: 0ef297259b7f2ab26defc1d718ad1e0a -> 
  custom:scripting/monoscript/fileName/UILineRendererList.cs: efbf4ff76c31aa3e4f61c8b26734d929 -> 
  custom:scripting/monoscript/fileName/CLZF2.cs: 40ef7bf6191a1a5e5b0f37e092e1b271 -> 
  custom:scripting/monoscript/fileName/SimpleMenu.cs: 90647cc400823b41df847a6cbfc29026 -> 
  custom:scripting/monoscript/fileName/RescalePanel.cs: a379a55181438e3b7a29019da8a3c82c -> 
  custom:scripting/monoscript/fileName/DragCorrector.cs: 89ab4a0369eecb75be2277a80a08c1e7 -> 
  custom:scripting/monoscript/fileName/RangeSliderEditor.cs: 1c09cdb4e75bc10f834bbae9a7b54e1e -> 
  custom:scripting/monoscript/fileName/FancyScrollRect.cs: 0cdf409b5aa8d4c25876d72b5c6a3b60 -> 
  custom:scripting/precompiled-assembly-types:Assembly-CSharp: 24e3b857ac6999d02687837a5ab3b68d -> d9898b08f7aa15a36c94fc52d0b7440b
  custom:scripting/monoscript/fileName/ReorderableList.cs: 944c8e214787d07461c711b29546f976 -> 
  custom:scripting/monoscript/fileName/RadialLayout.cs: 170f31c5fdb54a9fe7ba926effdfd7d4 -> 
  custom:scripting/monoscript/fileName/ColorSlider.cs: a91d06b853e0bf2d5df3ea61a67d5c83 -> 
  custom:scripting/monoscript/fileName/IFancyGridViewContext.cs: be7addf49e5950ebb654fec55c2afa8b -> 
  custom:scripting/precompiled-assembly-types:UnityUIExtensions: c0991a7eaf90618746e467e9e018bd04 -> 
  custom:scripting/monoscript/fileName/CUIGraphic.cs: 4f47fad340418bff51fe6171e2259e7f -> 
  custom:scripting/monoscript/fileName/IFancyCellGroupContext.cs: 323b5f49cc2011b3d2d9088e528ed161 -> 
  custom:scripting/monoscript/fileName/MinMaxSlider.cs: e7d98a511e8b98df33f72f37935821e5 -> 
  custom:scripting/monoscript/fileName/ColorPickerTester.cs: 63b6c03c009a94721b9d41c8d5e5e6ed -> 
========================================================================
Received Prepare
Caller must complete domain reload
Begin MonoManager ReloadAssembly
- Loaded All Assemblies, in  0.900 seconds
Native extension for WindowsStandalone target not found
Native extension for WebGL target not found
Mono: successfully reloaded assembly
- Finished resetting the current domain, in  1.288 seconds
Domain Reload Profiling: 2188ms
	BeginReloadAssembly (164ms)
		ExecutionOrderSort (0ms)
		DisableScriptedObjects (13ms)
		BackupInstance (0ms)
		ReleaseScriptingObjects (0ms)
		CreateAndSetChildDomain (35ms)
	RebuildCommonClasses (35ms)
	RebuildNativeTypeToScriptingClass (11ms)
	initialDomainReloadingComplete (28ms)
	LoadAllAssembliesAndSetupDomain (661ms)
		LoadAssemblies (730ms)
		RebuildTransferFunctionScriptingTraits (0ms)
		AnalyzeDomain (18ms)
			TypeCache.Refresh (6ms)
				TypeCache.ScanAssembly (0ms)
			ScanForSourceGeneratedMonoScriptInfo (0ms)
			ResolveRequiredComponents (11ms)
	FinalizeReload (1289ms)
		ReleaseScriptCaches (0ms)
		RebuildScriptCaches (0ms)
		SetupLoadedEditorAssemblies (508ms)
			LogAssemblyErrors (0ms)
			InitializePlatformSupportModulesInManaged (6ms)
			SetLoadedEditorAssemblies (5ms)
			RefreshPlugins (0ms)
			BeforeProcessingInitializeOnLoad (77ms)
			ProcessInitializeOnLoadAttributes (373ms)
			ProcessInitializeOnLoadMethodAttributes (41ms)
			AfterProcessingInitializeOnLoad (4ms)
			EditorAssembliesLoaded (1ms)
		ExecutionOrderSort2 (0ms)
		AwakeInstancesAfterBackupRestoration (16ms)
Refreshing native plugins compatible for Editor in 8.63 ms, found 7 plugins.
Preloading 0 native plugins for Editor in 0.00 ms.
Unloading 4456 Unused Serialized files (Serialized files now loaded: 0)
Unloading 44 unused Assets / (0.7 MB). Loaded Objects now: 5325.
Memory consumption went from 158.4 MB to 157.7 MB.
Total: 5.475500 ms (FindLiveObjects: 0.998300 ms CreateObjectMapping: 0.350900 ms MarkObjects: 3.400300 ms  DeleteObjects: 0.723500 ms)

Prepare: number of updated asset objects reloaded= 0
AssetImportParameters requested are different than current active one (requested -> active):
  custom:scripting/monoscript/fileName/CardStack2D.cs: 52f7ac406c04f320c1cc31b32fc945ec -> 
  custom:scripting/monoscript/fileName/UILineRendererFIFO.cs: 1a840d7d842445f62c20beee85a5bbc5 -> 
  custom:scripting/monoscript/fileName/FlowLayoutGroup.cs: 4f8c51e99186127173631d5ea0b848a8 -> 
  custom:scripting/monoscript/fileName/UIParticleSystem.cs: 6cef203566a0c9333597e4e233613614 -> 
  custom:scripting/monoscript/fileName/UILineRenderer.cs: 673f1b621ab4781ac78770b1b3c45207 -> 
  custom:scripting/monoscript/fileName/TableLayoutGroup.cs: 9697d88a99d4c91003d206b86eed3a61 -> 
  custom:scripting/monoscript/fileName/Segment.cs: 823b994f6bbb6e32f73e9807948df6b3 -> 
  custom:container-demuxer-ogg: 62fdf1f143b41e24485cea50d1cbac27 -> 
  custom:scripting/monoscript/fileName/SelectionBox.cs: 9eabc2822607d24d284c5c0d720d4a01 -> 
  custom:scripting/monoscript/fileName/ReorderableListContent.cs: a630238339e5f198f723ac29a2329f6d -> 
  custom:scripting/monoscript/fileName/Menu.cs: d0a2652908e797d4064ef9b772450cc8 -> 
  custom:scripting/monoscript/fileName/SetPropertyUtility.cs: 02aade692758e5563210cc05829e9851 -> f604b4b9e6b0979bdfc1e2b40426dd19
  custom:scripting/monoscript/fileName/HSVUtil.cs: 2f204c7a89b046fae714aadbcda42851 -> 
  custom:scripting/monoscript/fileName/FancyCellGroup.cs: 90647cc400823b41df847a6cbfc29026 -> 
  custom:scripting/monoscript/fileName/RescaleDragPanel.cs: 428e5a10a21f2d3fc3805557487d591e -> 
  custom:scripting/monoscript/fileName/ExtensionsToggleGroup.cs: 93967f93faef61aecdca9232fa42b062 -> 
  custom:scripting/monoscript/fileName/ResizePanel.cs: 0a2d1269c62cba913a254b515f8b6020 -> 
  custom:scripting/monoscript/fileName/Circle.cs: cfc2369c92dd039be7c3f572f769fdcf -> 
  custom:scripting/monoscript/fileName/ShaderLibrary.cs: 7a09676978959734a6827051c965f749 -> 
  custom:scripting/monoscript/fileName/CurvedText.cs: c86aabacdca275700720e919fc8a8b52 -> 
  custom:scripting/monoscript/fileName/FancyScrollRectCell.cs: 0cdf409b5aa8d4c25876d72b5c6a3b60 -> 
  custom:scripting/monoscript/fileName/Gradient.cs: a4c2a5a25440c543cd82653fda832632 -> 
  custom:scripting/monoscript/fileName/ScrollSnapBase.cs: 3682088473625968e7b4647a6b4213f6 -> 
  custom:scripting/monoscript/fileName/CUIText.cs: 0be1a405bc9388e4813a74aad6018bec -> 
  custom:scripting/monoscript/fileName/BoundTooltipTrigger.cs: e78e2ee612ba85e075ab794a5cb95e73 -> 
  custom:scripting/monoscript/fileName/UIHighlightable.cs: fd305ad78204cb75a66ce809c3f50e6a -> 
  custom:video-codec-MediaFoundation-h265: 746d11721c4dcdbdad8f713fa42b33f4 -> 
  custom:scripting/monoscript/fileName/UIExtensionsInputManager.cs: 6f468ddae971c3bcce0288549c1beabd -> 
  custom:scripting/monoscript/fileName/Gradient2.cs: 9c1fd6257924e43a80b8fccb859d3828 -> 
  custom:scripting/monoscript/fileName/CooldownButton.cs: 72bd21b90ac71f29908a36179176f8fc -> 
  custom:video-decoder-ogg-theora: a1e56fd34408186e4bbccfd4996cb3dc -> 
  custom:scripting/monoscript/fileName/TileSizeFitter.cs: ba6326e335b6f177a627b992c444832c -> 
  custom:scripting/monoscript/fileName/SelectableScaler.cs: 3ebe175d64b38a572f8dbe8fd345f0c3 -> 
  custom:scripting/monoscript/fileName/AccordionElementEditor.cs: db5ee9b2cff22578a12a4d141614d665 -> 
  custom:scripting/monoscript/fileName/ExtensionsToggle.cs: e0b44aa7e1ff973d74b4857a34a48879 -> 
  custom:scripting/monoscript/fileName/ReorderableListElement.cs: 788a31431a1c95dc9a9a52767f8e812f -> 
  custom:scripting/monoscript/fileName/ShineEffector.cs: 52ed4eb6c7ed8f674a18d2a4db6eba86 -> 
  custom:scripting/monoscript/fileName/UISelectableExtension.cs: b6766007d8a2236e23d4749da2d8cdd2 -> 
  custom:framework-win-MediaFoundation: 216162199b28c13a410421893ffa2e32 -> 
  custom:scripting/monoscript/fileName/UISoftAdditiveEffect.cs: 30a825933c907dec19605ff2f58a292f -> 
  custom:scripting/monoscript/fileName/HexColorField.cs: 425eeca1ce4159bc649962b2337061a4 -> 
  custom:scripting/monoscript/fileName/ColorPickerControl.cs: 97231f899ae243cc634f34e048c22095 -> 
  custom:scripting/monoscript/fileName/ReorderableListDebug.cs: 51cf5a188c464deb681bea16cb795b61 -> 
  custom:scripting/monoscript/fileName/TextPic.cs: 9dbd7bc654cbf19eee33ac6fc452bfb1 -> 
  custom:scripting/monoscript/fileName/CUIImage.cs: 41f29f650aa507f802cd9793d91f3211 -> 
  custom:scripting/monoscript/fileName/DropDownListButton.cs: 71d533f2602e0e099d09a556ef8e4414 -> 
  custom:scripting/monoscript/fileName/ScrollSnap.cs: c5ae67ed5cc8c0ab1f7496803acc2648 -> 
  custom:scripting/monoscript/fileName/TextPicIconListCopier.cs: a564a2a474c019b98650cff2383ccfca -> 
  custom:scripting/monoscript/fileName/UICornerCut.cs: 69b0dfb485aa2b1afa65fcf30028125b -> 
  custom:scripting/monoscript/fileName/ScrollerEditor.cs: 478519b80ad2bc62d4a4b80ae078e694 -> 
  custom:scripting/monoscript/fileName/IBoxSelectable.cs: a5bf39a694cf2b84c65e7bec998d4941 -> 
  custom:scripting/monoscript/fileName/TiltWindow.cs: 7c3356d1b5bc9c6e9fe98345b0be7c30 -> 
  custom:scripting/monoscript/fileName/ExtensionMethods.cs: 943bd8dac5ce9467ce7deb0856dc6b0a -> 
  custom:scripting/monoscript/fileName/ComboBox.cs: a6ca48dde827ff07a9093f3624d58e62 -> 
  custom:scripting/monoscript/fileName/ScrollRectLinker.cs: 0316116e17d192ca2ef7c97539dff50f -> 
  custom:scripting/monoscript/fileName/SVBoxSlider.cs: 1d22c9c16d63e1cf38ad19bbcec9a0da -> 
  custom:scripting/monoscript/fileName/VerticalScrollSnap.cs: a7ebcf1fac8331e70ee01e540cbe484b -> 
  custom:scripting/monoscript/fileName/UILineConnector.cs: ea5f69a32957fe35ae7b512ef3f758ef -> 
  custom:scripting/monoscript/fileName/UIScreenEffect.cs: c36542c529d1f733362556ab22c18bf9 -> 
  custom:scripting/monoscript/fileName/SoftMaskScript.cs: 867049fb2647c9983fb1391409f93d30 -> 
  custom:scripting/monoscript/fileName/DiamondGraph.cs: a01b647a54847840428a395cc0d6fc16 -> 
  custom:scripting/monoscript/fileName/ScrollRectEx.cs: 3f6a881a34055e182fee3ab0baaee0c3 -> 
  custom:scripting/monoscript/fileName/UIGridRenderer.cs: 04c0062f4b7cdd6963fdba9ae03d9c72 -> 
  custom:scripting/monoscript/fileName/NicerOutline.cs: 571a7c7c4af4ebadc9fed23f0c3b0b46 -> 
  custom:CustomObjectIndexerAttribute: 9a22284fe3817be447336de3de66b15e -> 
  custom:scripting/monoscript/fileName/ScrollRectExtensions.cs: c76cb840404ffa9bc24248639e9da4ee -> 
  custom:scripting/monoscript/fileName/FancyGridViewContext.cs: 8738476657d4a33c34bc82bed7ce8bc9 -> 
  custom:scripting/monoscript/fileName/MinMaxValues.cs: 4aa11a61e640749f4ea5f947f86be5ba -> 
  custom:scripting/monoscript/fileName/CardExpanding3D.cs: d8b2b9924677ad2b445b05edbed7f0e3 -> 
  custom:scripting/monoscript/fileName/MinMaxSliderEditor.cs: e0496a7f76fc8934af2a763a7289ad36 -> 
  custom:scripting/monoscript/fileName/StepperSide.cs: 34d9a35c8c2622f327b140f18a7398a7 -> 
  custom:scripting/monoscript/fileName/CUIGraphicEditor.cs: a618262d3e77d462c5a0cd2e608e8a53 -> 
  custom:scripting/monoscript/fileName/DropDownList.cs: 3d51ab81e9571c9027b59874b2c78567 -> 
  custom:scripting/monoscript/fileName/ITweenValue.cs: 1d0eaa4b435fa135e18af6b5fa57e92e -> 
  custom:container-demuxer-webm: 4f35f7cbe854078d1ac9338744f61a02 -> 
  custom:scripting/monoscript/fileName/CardExpanding2D.cs: e0950b450275cb3936a581f286a6b471 -> 
  custom:scripting/monoscript/fileName/ResetSelectableHighlight.cs: 3ea63487fd77e7b22731770a86b4f8b9 -> 
  custom:scripting/monoscript/fileName/UIScrollToSelection.cs: d89fc8e36bdc19715e3104a5f857d175 -> 
  custom:scripting/monoscript/fileName/IScrollSnap.cs: 80b4110dac6695d630b8e7501d8e5aa8 -> 
  custom:scripting/monoscript/fileName/SegmentedControl.cs: 3a6e53207de58cf304ab520e0638e2df -> 
  custom:scripting/monoscript/fileName/ColorSampler.cs: 617678b91f4adc7b3146f51bed3fc4b1 -> 
  custom:scripting/monoscript/fileName/TabNavigationHelper.cs: 43f45dc623750048d2fbac24931c8ac8 -> 
  custom:scripting/monoscript/fileName/AutoCompleteComboBox.cs: 6e2e6cf33d4f5ca4ad3c05ff8f254467 -> 
  custom:scripting/monoscript/fileName/TextPicEditor.cs: c23216fe996c314d4c496ad837485981 -> 
  custom:scripting/monoscript/fileName/CUIMisc.cs: bc26c7f132f5cd28304cbc88070ca4dc -> 
  custom:scripting/monoscript/fileName/UIAdditiveEffect.cs: 50386f7d7d76f5c5e155dbf56c5e5fdd -> 
  custom:scripting/monoscript/fileName/MonoSpacing.cs: 45ba6bf376dd125375a8906a7d8b8b4b -> 
  custom:scripting/monoscript/fileName/FloatTween.cs: c51b551f6abec506d0db9945f7aa25cc -> 
  custom:scripting/monoscript/fileName/BoxSlider.cs: 662335e935a62641f6cb14e99e25e994 -> 
  custom:scripting/monoscript/fileName/BezierLineRendererEditor.cs: 2a50098be424d999e43b888ace13278c -> 
  custom:scripting/monoscript/fileName/NonDrawingGraphic.cs: a309796f6d67e4c1c110ec62b4572b4e -> 
  custom:scripting/monoscript/fileName/ScrollPositionController.cs: 30c392a65a277a4a74b1a6f1a3417601 -> 
  custom:scripting/monoscript/fileName/ContentScrollSnapHorizontal.cs: cb0bf043572062ce08b48904f46c98c8 -> 
  custom:scripting/monoscript/fileName/Triangulator.cs: 4ee9f09ca55767568ee94c9eaaed7244 -> d867a9a7a8385ef82ff357feb70c59d4
  custom:scripting/monoscript/fileName/UIImageCrop.cs: 1ec5d1f18ccf3bbe8ea319cda00ecfbc -> 
  custom:scripting/monoscript/fileName/BoxSliderEditor.cs: 9c680a5a338924fb176605eed0f68a75 -> 
  custom:scripting/monoscript/fileName/FancyScrollView.cs: c5f9c64ec4b4e183b17919204bc381a9 -> 
  custom:scripting/monoscript/fileName/BezierPath.cs: 90cbb6f823f7a03c69c93b3e1653c45e -> 
  custom:scripting/monoscript/fileName/SuperellipsePoints.cs: db2a1c9698f2dea478e1d6bfece554ae -> 
  custom:scripting/monoscript/fileName/UI_Knob.cs: 00244fb2be3e9e1f5ec3a07f175066a9 -> 
  custom:container-muxer-webm: aa71ff27fc2769a1b78a27578f13a17b -> 
  custom:scripting/monoscript/fileName/RaycastMask.cs: b13971e6a124c25b886c6703ae2aab24 -> 
  custom:scripting/monoscript/fileName/MultiTouchScrollRect.cs: 3a778993ea01435b2502c14ea2b2ff98 -> 
  custom:video-decoder-webm-vp8: 9c59270c3fd7afecdb556c50c9e8de78 -> 
  custom:scripting/monoscript/fileName/InputFieldEnterSubmit.cs: cdd5149b8afb8dc59ad57cc53ad8fb3b -> 
  custom:scripting/monoscript/fileName/ExampleSelectable.cs: 8dc7a8cd606154e7d10bb507e235c1f8 -> 
  custom:scripting/monoscript/fileName/uGUITools.cs: aa32797d8a9cdcd2167b6be114b0d5ec -> 
  custom:scripting/monoscript/fileName/UILinearDodgeEffect.cs: f5508d2f3f6addba614d4c08275f4546 -> 
  custom:SearchIndexIgnoredProperties: e643bd26f0fe6173181afceb89e7c659 -> 
  custom:scripting/monoscript/fileName/EasingCore.cs: 0bad7e894488e9b67256d892a478aab1 -> 
  custom:scripting/monoscript/fileName/Stepper.cs: 3ee1a56034750815f9c567b6c54fbbb8 -> 
  custom:scripting/monoscript/fileName/UIPrimitiveBase.cs: 80a945e915822efd5c887ee28f76aa9f -> 
  custom:AudioImporter_EditorPlatform: d09bf68614088b80899f8185d706f6e7 -> 
  custom:scripting/monoscript/fileName/LetterSpacing.cs: c4f4c504ac9c0b708c438c8a0faf6a96 -> 
  custom:scripting/monoscript/fileName/UISquircle.cs: faaa67841792f2c90a13db82841ac6e3 -> 
  custom:scripting/monoscript/fileName/RangeSlider.cs: 026cea0882c5bbc90f7cedc5111cfeb2 -> 
  custom:scripting/monoscript/fileName/UIExtensionMethods.cs: 2621bff24acfb4ddb3b264b7553588d8 -> 
  custom:scripting/monoscript/fileName/UIVerticalScroller.cs: 3532ae0d4ba5f6e2c310cfec2c655a8c -> 
  custom:scripting/monoscript/fileName/ColorLabel.cs: 9a2d62e5e8f65400e4abc881023f36f7 -> 
  custom:scripting/monoscript/fileName/TooltipTrigger.cs: 546a7d73bc42b9e6f1fd03a7e07d7f29 -> 
  custom:scripting/monoscript/fileName/UIMultiplyEffect.cs: 29b6f1f4d98d9b61292d829c0030af4b -> 
  custom:scripting/monoscript/fileName/CardPopup2D.cs: ac929914b8675b3ff1238ddb1cc99789 -> 
  custom:scripting/monoscript/fileName/ScrollSnapScrollbarHelper.cs: d6b043fd7048156ea2ef4da9da4a0a51 -> 
  custom:scripting/monoscript/fileName/HoverTooltip.cs: abdf0400bdf15bb8fdc0bc4d5ecc993f -> 
  custom:scripting/monoscript/fileName/ColorImage.cs: 87dea3e9bf43c94e295d4fa411046c66 -> 
  custom:scripting/monoscript/fileName/FancyScrollRectContext.cs: 9e5d4d8665c04a1190a3fc52908244b0 -> 
  custom:scripting/monoscript/fileName/TextPicIconEditor.cs: 1f41560011fcb93d03be374d10238c0c -> 
  custom:scripting/monoscript/fileName/UI_InfiniteScroll.cs: f7518bdb5ccbb5518282b9c860eef985 -> 
  custom:scripting/monoscript/fileName/UIExtensionsMenuOptions.cs: 25d3bc76bdcc7be45d732e8f064ec6a7 -> 
  custom:scripting/monoscript/fileName/ReadOnlyAttribute.cs: 604ae8fbc27d6402b88ac08f1987318f -> 
  custom:scripting/monoscript/fileName/UICircle.cs: e40253d6117a9fbea82cc285a7e8a36e -> 
  custom:scripting/monoscript/fileName/UIScrollToSelectionXY.cs: 8145d21a6ef6f8610242d2ba291595b9 -> 
  custom:scripting/monoscript/fileName/CUITextEditor.cs: 966cced0a631446b9484c2fe777a7f5b -> 
  custom:scripting/precompiled-assembly-types:UnityUIExtensions.editor: e002030e6fc012878af160bb334541ad -> 
  custom:scripting/monoscript/fileName/TweenRunner.cs: 90647cc400823b41df847a6cbfc29026 -> 
  custom:scripting/monoscript/fileName/UIHorizontalScroller.cs: 758f016ad67e22eff0f26468f408f006 -> 
  custom:scripting/monoscript/fileName/ReturnKeyTriggersButton.cs: 622f27a1a5fce3f8fe14f0fe6c6b39b5 -> 
  custom:scripting/monoscript/fileName/FancyGridViewCell.cs: 0cdf409b5aa8d4c25876d72b5c6a3b60 -> 
  custom:scripting/monoscript/fileName/Scroller.cs: 94938ad1cd7c20206a0339e3bd7f3330 -> 
  custom:scripting/monoscript/fileName/CylinderText.cs: 86c073c10ed890f8e108be86fb350e35 -> 
  custom:scripting/monoscript/fileName/ColorPickerPresets.cs: d20309ac183a87fd46c2e0a03ba5bdef -> 
  custom:scripting/monoscript/fileName/RadialSlider.cs: 24542b53b379116a4f98bb53a64e13b8 -> 
  custom:scripting/monoscript/fileName/PPIViewer.cs: 5269fbe050022d597b2ceba1b1d4cbae -> 
  custom:scripting/monoscript/fileName/InputFocus.cs: 6a5a3b184038cb5e7dbe4882c96bc91b -> 
  custom:scripting/monoscript/fileName/CUIBezierCurve.cs: 32214df0cb137de9f4967269deffb6f3 -> 
  custom:scripting/monoscript/fileName/DropDownListItem.cs: 91c61fd79335f34fb81e114553bf8888 -> 
  custom:scripting/monoscript/fileName/UIFlippable.cs: 9c843e180ea4b6afe9c1ba071336e124 -> 
  custom:scripting/monoscript/fileName/CanvasGroupActivator.cs: f743e9c6e47b0eb8c0b7b2fbf9f7de19 -> 
  custom:scripting/monoscript/fileName/UIWindowBase.cs: 776e605614a77fffd4e0147c8e684e94 -> 
  custom:video-encoder-webm-vp8: eb34c28f22e8b96e1ab97ce403110664 -> 
  custom:scripting/monoscript/fileName/ScrollPositionControllerEditor.cs: fb86570a90d8d5b779234b7f103e1b51 -> 
  custom:scripting/monoscript/fileName/CurvedLayout.cs: 46917779e317aa4a214ea430689de312 -> 
  custom:scripting/monoscript/fileName/ScrollConflictManager.cs: 1a474b2432b80a8b7211f13c79bb991c -> 
  custom:scripting/monoscript/fileName/ReadOnlyDrawer.cs: 1c0aa6472b8e40c24f66a5805d818994 -> 
  custom:audio-decoder-ogg-vorbis: bf7c407c2cedff20999df2af8eb42d56 -> 
  custom:scripting/monoscript/fileName/FancyGridView.cs: 849ed7f5b11c9db237ef61b01c5a5104 -> 
  custom:scripting/monoscript/fileName/CableCurve.cs: 1ed0592bfc80d3ca3db7b55e9a6e9d9a -> 
  custom:scripting/monoscript/fileName/PaginationManager.cs: b5c7a38e1c9bde92ca052679632bc9f1 -> 
  custom:scripting/monoscript/fileName/UILineTextureRenderer.cs: f3042185c83712ad42b2d6694b56f8d3 -> 
  custom:scripting/monoscript/fileName/MenuManager.cs: 8e71de17d45faf11b5ca3e63d3867170 -> 
  custom:scripting/monoscript/fileName/ColorPickerPresetsEditor.cs: 57bebb34d006d8305e8cd353ea00f28b -> 
  custom:scripting/monoscript/fileName/UI_MagneticInfiniteScroll.cs: 7f0db092e1c52c826e7ccbefe21fe7ce -> 
  custom:scripting/monoscript/fileName/ToolTip.cs: 2f05f936126a769ca9a98ef6920928a7 -> 
  custom:scripting/monoscript/fileName/TextPicRenameEditor.cs: b67a1588d964fe3ac177da9872e96689 -> 
  custom:scripting/monoscript/fileName/TestCompression.cs: 2a18178f72c1b3979b9006483863f20e -> 
  custom:scripting/monoscript/fileName/IFancyScrollRectContext.cs: 9c4dee0aef526d67eb0a668a1c9b910a -> 
  custom:scripting/monoscript/fileName/ColorChangedEvent.cs: bafb161b451089e6c72bcae877e0ba66 -> 
  custom:scripting/monoscript/fileName/BestFitOutline.cs: 2ec1c68346f5b721e3d92092cd60b278 -> 
  custom:scripting/monoscript/fileName/NonDrawingGraphicEditor.cs: 1e7abd1e1a4d3da38de70c6d38c19118 -> 
  custom:scripting/monoscript/fileName/HSVChangedEvent.cs: 8a0d7f505f4db7e267a03264293f54eb -> 
  custom:scripting/monoscript/fileName/CUIImageEditor.cs: 0be5a4365a8d65680f88c4d192e5254c -> 
  custom:scripting/monoscript/fileName/HorizontalScrollSnap.cs: 624447835d67a70d90ed2b7f69117316 -> 
  custom:scripting/monoscript/fileName/UI_TweenScale.cs: 50a18c41daf615d82dc37ef0e9dcea31 -> 
  custom:scripting/monoscript/fileName/BoundTooltipItem.cs: 12dc26af634677e40fd7840809357e6c -> 
  custom:scripting/monoscript/fileName/AccordionElement.cs: 69f1a7e537099cc57de9b6eaa86cef32 -> 
  custom:scripting/monoscript/fileName/UI_ScrollRectOcclusion.cs: 491f1c2592ac821eb8de9e533fddd4a9 -> 
  custom:scripting/monoscript/fileName/CUIBezierCurveEditor.cs: be4462c6de2387d5f99ef9d0e93b91ee -> 
  custom:scripting/monoscript/fileName/ColorSliderImage.cs: bbcbfbf23dc2f9fc5450db8f36b24487 -> 
  custom:scripting/monoscript/fileName/Accordion.cs: c31898dc7ffd6f7b32be5689419229bc -> 
  custom:scripting/monoscript/fileName/FancyCell.cs: 0cdf409b5aa8d4c25876d72b5c6a3b60 -> 
  custom:scripting/monoscript/fileName/ShineEffect.cs: 61d233269c4ea687efa548adef5d6e13 -> 
  custom:audio-encoder-webm-vorbis: bf7c407c2cedff20999df2af8eb42d56 -> 
  custom:scripting/monoscript/fileName/ScrollRectTweener.cs: 3437a8fb18bed84a45865e36e83e332f -> 
  custom:scripting/monoscript/fileName/MeshCreator.cs: a2506ad04bac2e5a6d6d50e0d7978d92 -> 
  custom:scripting/monoscript/fileName/UIPolygon.cs: ef7b3e02606f58c56a27e65db10bc7f3 -> 
  custom:scripting/monoscript/fileName/switchToRectTransform.cs: 0ef297259b7f2ab26defc1d718ad1e0a -> 
  custom:scripting/monoscript/fileName/UILineRendererList.cs: efbf4ff76c31aa3e4f61c8b26734d929 -> 
  custom:scripting/monoscript/fileName/CLZF2.cs: 40ef7bf6191a1a5e5b0f37e092e1b271 -> 
  custom:scripting/monoscript/fileName/SimpleMenu.cs: 90647cc400823b41df847a6cbfc29026 -> 
  custom:scripting/monoscript/fileName/RescalePanel.cs: a379a55181438e3b7a29019da8a3c82c -> 
  custom:scripting/monoscript/fileName/DragCorrector.cs: 89ab4a0369eecb75be2277a80a08c1e7 -> 
  custom:scripting/monoscript/fileName/RangeSliderEditor.cs: 1c09cdb4e75bc10f834bbae9a7b54e1e -> 
  custom:scripting/monoscript/fileName/FancyScrollRect.cs: 0cdf409b5aa8d4c25876d72b5c6a3b60 -> 
  custom:scripting/precompiled-assembly-types:Assembly-CSharp: 24e3b857ac6999d02687837a5ab3b68d -> d9898b08f7aa15a36c94fc52d0b7440b
  custom:scripting/monoscript/fileName/ReorderableList.cs: 944c8e214787d07461c711b29546f976 -> 
  custom:scripting/monoscript/fileName/RadialLayout.cs: 170f31c5fdb54a9fe7ba926effdfd7d4 -> 
  custom:scripting/monoscript/fileName/ColorSlider.cs: a91d06b853e0bf2d5df3ea61a67d5c83 -> 
  custom:scripting/monoscript/fileName/IFancyGridViewContext.cs: be7addf49e5950ebb654fec55c2afa8b -> 
  custom:scripting/precompiled-assembly-types:UnityUIExtensions: c0991a7eaf90618746e467e9e018bd04 -> 
  custom:scripting/monoscript/fileName/CUIGraphic.cs: 4f47fad340418bff51fe6171e2259e7f -> 
  custom:scripting/monoscript/fileName/IFancyCellGroupContext.cs: 323b5f49cc2011b3d2d9088e528ed161 -> 
  custom:scripting/monoscript/fileName/MinMaxSlider.cs: e7d98a511e8b98df33f72f37935821e5 -> 
  custom:scripting/monoscript/fileName/ColorPickerTester.cs: 63b6c03c009a94721b9d41c8d5e5e6ed -> 
========================================================================
Received Prepare
Caller must complete domain reload
Begin MonoManager ReloadAssembly
- Loaded All Assemblies, in  0.539 seconds
Native extension for WindowsStandalone target not found
Native extension for WebGL target not found
Mono: successfully reloaded assembly
- Finished resetting the current domain, in  1.107 seconds
Domain Reload Profiling: 1646ms
	BeginReloadAssembly (175ms)
		ExecutionOrderSort (0ms)
		DisableScriptedObjects (12ms)
		BackupInstance (0ms)
		ReleaseScriptingObjects (0ms)
		CreateAndSetChildDomain (37ms)
	RebuildCommonClasses (36ms)
	RebuildNativeTypeToScriptingClass (13ms)
	initialDomainReloadingComplete (28ms)
	LoadAllAssembliesAndSetupDomain (287ms)
		LoadAssemblies (364ms)
		RebuildTransferFunctionScriptingTraits (0ms)
		AnalyzeDomain (19ms)
			TypeCache.Refresh (7ms)
				TypeCache.ScanAssembly (0ms)
			ScanForSourceGeneratedMonoScriptInfo (0ms)
			ResolveRequiredComponents (10ms)
	FinalizeReload (1108ms)
		ReleaseScriptCaches (0ms)
		RebuildScriptCaches (0ms)
		SetupLoadedEditorAssemblies (455ms)
			LogAssemblyErrors (0ms)
			InitializePlatformSupportModulesInManaged (6ms)
			SetLoadedEditorAssemblies (8ms)
			RefreshPlugins (0ms)
			BeforeProcessingInitializeOnLoad (77ms)
			ProcessInitializeOnLoadAttributes (326ms)
			ProcessInitializeOnLoadMethodAttributes (35ms)
			AfterProcessingInitializeOnLoad (3ms)
			EditorAssembliesLoaded (1ms)
		ExecutionOrderSort2 (0ms)
		AwakeInstancesAfterBackupRestoration (15ms)
Refreshing native plugins compatible for Editor in 10.53 ms, found 7 plugins.
Preloading 0 native plugins for Editor in 0.00 ms.
Unloading 4456 Unused Serialized files (Serialized files now loaded: 0)
Unloading 44 unused Assets / (0.7 MB). Loaded Objects now: 5329.
Memory consumption went from 158.4 MB to 157.7 MB.
Total: 6.659600 ms (FindLiveObjects: 0.563700 ms CreateObjectMapping: 0.775900 ms MarkObjects: 4.321500 ms  DeleteObjects: 0.996200 ms)

Prepare: number of updated asset objects reloaded= 0
AssetImportParameters requested are different than current active one (requested -> active):
  custom:scripting/monoscript/fileName/CardStack2D.cs: 52f7ac406c04f320c1cc31b32fc945ec -> 
  custom:scripting/monoscript/fileName/UILineRendererFIFO.cs: 1a840d7d842445f62c20beee85a5bbc5 -> 
  custom:scripting/monoscript/fileName/FlowLayoutGroup.cs: 4f8c51e99186127173631d5ea0b848a8 -> 
  custom:scripting/monoscript/fileName/UIParticleSystem.cs: 6cef203566a0c9333597e4e233613614 -> 
  custom:scripting/monoscript/fileName/UILineRenderer.cs: 673f1b621ab4781ac78770b1b3c45207 -> 
  custom:scripting/monoscript/fileName/TableLayoutGroup.cs: 9697d88a99d4c91003d206b86eed3a61 -> 
  custom:scripting/monoscript/fileName/Segment.cs: 823b994f6bbb6e32f73e9807948df6b3 -> 
  custom:container-demuxer-ogg: 62fdf1f143b41e24485cea50d1cbac27 -> 
  custom:scripting/monoscript/fileName/SelectionBox.cs: 9eabc2822607d24d284c5c0d720d4a01 -> 
  custom:scripting/monoscript/fileName/ReorderableListContent.cs: a630238339e5f198f723ac29a2329f6d -> 
  custom:scripting/monoscript/fileName/Menu.cs: d0a2652908e797d4064ef9b772450cc8 -> 
  custom:scripting/monoscript/fileName/SetPropertyUtility.cs: 02aade692758e5563210cc05829e9851 -> f604b4b9e6b0979bdfc1e2b40426dd19
  custom:scripting/monoscript/fileName/HSVUtil.cs: 2f204c7a89b046fae714aadbcda42851 -> 
  custom:scripting/monoscript/fileName/FancyCellGroup.cs: 90647cc400823b41df847a6cbfc29026 -> 
  custom:scripting/monoscript/fileName/RescaleDragPanel.cs: 428e5a10a21f2d3fc3805557487d591e -> 
  custom:scripting/monoscript/fileName/ExtensionsToggleGroup.cs: 93967f93faef61aecdca9232fa42b062 -> 
  custom:scripting/monoscript/fileName/ResizePanel.cs: 0a2d1269c62cba913a254b515f8b6020 -> 
  custom:scripting/monoscript/fileName/Circle.cs: cfc2369c92dd039be7c3f572f769fdcf -> 
  custom:scripting/monoscript/fileName/ShaderLibrary.cs: 7a09676978959734a6827051c965f749 -> 
  custom:scripting/monoscript/fileName/CurvedText.cs: c86aabacdca275700720e919fc8a8b52 -> 
  custom:scripting/monoscript/fileName/FancyScrollRectCell.cs: 0cdf409b5aa8d4c25876d72b5c6a3b60 -> 
  custom:scripting/monoscript/fileName/Gradient.cs: a4c2a5a25440c543cd82653fda832632 -> 
  custom:scripting/monoscript/fileName/ScrollSnapBase.cs: 3682088473625968e7b4647a6b4213f6 -> 
  custom:scripting/monoscript/fileName/CUIText.cs: 0be1a405bc9388e4813a74aad6018bec -> 
  custom:scripting/monoscript/fileName/BoundTooltipTrigger.cs: e78e2ee612ba85e075ab794a5cb95e73 -> 
  custom:scripting/monoscript/fileName/UIHighlightable.cs: fd305ad78204cb75a66ce809c3f50e6a -> 
  custom:video-codec-MediaFoundation-h265: 746d11721c4dcdbdad8f713fa42b33f4 -> 
  custom:scripting/monoscript/fileName/UIExtensionsInputManager.cs: 6f468ddae971c3bcce0288549c1beabd -> 
  custom:scripting/monoscript/fileName/Gradient2.cs: 9c1fd6257924e43a80b8fccb859d3828 -> 
  custom:scripting/monoscript/fileName/CooldownButton.cs: 72bd21b90ac71f29908a36179176f8fc -> 
  custom:video-decoder-ogg-theora: a1e56fd34408186e4bbccfd4996cb3dc -> 
  custom:scripting/monoscript/fileName/TileSizeFitter.cs: ba6326e335b6f177a627b992c444832c -> 
  custom:scripting/monoscript/fileName/SelectableScaler.cs: 3ebe175d64b38a572f8dbe8fd345f0c3 -> 
  custom:scripting/monoscript/fileName/AccordionElementEditor.cs: db5ee9b2cff22578a12a4d141614d665 -> 
  custom:scripting/monoscript/fileName/ExtensionsToggle.cs: e0b44aa7e1ff973d74b4857a34a48879 -> 
  custom:scripting/monoscript/fileName/ReorderableListElement.cs: 788a31431a1c95dc9a9a52767f8e812f -> 
  custom:scripting/monoscript/fileName/ShineEffector.cs: 52ed4eb6c7ed8f674a18d2a4db6eba86 -> 
  custom:scripting/monoscript/fileName/UISelectableExtension.cs: b6766007d8a2236e23d4749da2d8cdd2 -> 
  custom:framework-win-MediaFoundation: 216162199b28c13a410421893ffa2e32 -> 
  custom:scripting/monoscript/fileName/UISoftAdditiveEffect.cs: 30a825933c907dec19605ff2f58a292f -> 
  custom:scripting/monoscript/fileName/HexColorField.cs: 425eeca1ce4159bc649962b2337061a4 -> 
  custom:scripting/monoscript/fileName/ColorPickerControl.cs: 97231f899ae243cc634f34e048c22095 -> 
  custom:scripting/monoscript/fileName/ReorderableListDebug.cs: 51cf5a188c464deb681bea16cb795b61 -> 
  custom:scripting/monoscript/fileName/TextPic.cs: 9dbd7bc654cbf19eee33ac6fc452bfb1 -> 
  custom:scripting/monoscript/fileName/CUIImage.cs: 41f29f650aa507f802cd9793d91f3211 -> 
  custom:scripting/monoscript/fileName/DropDownListButton.cs: 71d533f2602e0e099d09a556ef8e4414 -> 
  custom:scripting/monoscript/fileName/ScrollSnap.cs: c5ae67ed5cc8c0ab1f7496803acc2648 -> 
  custom:scripting/monoscript/fileName/TextPicIconListCopier.cs: a564a2a474c019b98650cff2383ccfca -> 
  custom:scripting/monoscript/fileName/UICornerCut.cs: 69b0dfb485aa2b1afa65fcf30028125b -> 
  custom:scripting/monoscript/fileName/ScrollerEditor.cs: 478519b80ad2bc62d4a4b80ae078e694 -> 
  custom:scripting/monoscript/fileName/IBoxSelectable.cs: a5bf39a694cf2b84c65e7bec998d4941 -> 
  custom:scripting/monoscript/fileName/TiltWindow.cs: 7c3356d1b5bc9c6e9fe98345b0be7c30 -> 
  custom:scripting/monoscript/fileName/ExtensionMethods.cs: 943bd8dac5ce9467ce7deb0856dc6b0a -> 
  custom:scripting/monoscript/fileName/ComboBox.cs: a6ca48dde827ff07a9093f3624d58e62 -> 
  custom:scripting/monoscript/fileName/ScrollRectLinker.cs: 0316116e17d192ca2ef7c97539dff50f -> 
  custom:scripting/monoscript/fileName/SVBoxSlider.cs: 1d22c9c16d63e1cf38ad19bbcec9a0da -> 
  custom:scripting/monoscript/fileName/VerticalScrollSnap.cs: a7ebcf1fac8331e70ee01e540cbe484b -> 
  custom:scripting/monoscript/fileName/UILineConnector.cs: ea5f69a32957fe35ae7b512ef3f758ef -> 
  custom:scripting/monoscript/fileName/UIScreenEffect.cs: c36542c529d1f733362556ab22c18bf9 -> 
  custom:scripting/monoscript/fileName/SoftMaskScript.cs: 867049fb2647c9983fb1391409f93d30 -> 
  custom:scripting/monoscript/fileName/DiamondGraph.cs: a01b647a54847840428a395cc0d6fc16 -> 
  custom:scripting/monoscript/fileName/ScrollRectEx.cs: 3f6a881a34055e182fee3ab0baaee0c3 -> 
  custom:scripting/monoscript/fileName/UIGridRenderer.cs: 04c0062f4b7cdd6963fdba9ae03d9c72 -> 
  custom:scripting/monoscript/fileName/NicerOutline.cs: 571a7c7c4af4ebadc9fed23f0c3b0b46 -> 
  custom:CustomObjectIndexerAttribute: 9a22284fe3817be447336de3de66b15e -> 
  custom:scripting/monoscript/fileName/ScrollRectExtensions.cs: c76cb840404ffa9bc24248639e9da4ee -> 
  custom:scripting/monoscript/fileName/FancyGridViewContext.cs: 8738476657d4a33c34bc82bed7ce8bc9 -> 
  custom:scripting/monoscript/fileName/MinMaxValues.cs: 4aa11a61e640749f4ea5f947f86be5ba -> 
  custom:scripting/monoscript/fileName/CardExpanding3D.cs: d8b2b9924677ad2b445b05edbed7f0e3 -> 
  custom:scripting/monoscript/fileName/MinMaxSliderEditor.cs: e0496a7f76fc8934af2a763a7289ad36 -> 
  custom:scripting/monoscript/fileName/StepperSide.cs: 34d9a35c8c2622f327b140f18a7398a7 -> 
  custom:scripting/monoscript/fileName/CUIGraphicEditor.cs: a618262d3e77d462c5a0cd2e608e8a53 -> 
  custom:scripting/monoscript/fileName/DropDownList.cs: 3d51ab81e9571c9027b59874b2c78567 -> 
  custom:scripting/monoscript/fileName/ITweenValue.cs: 1d0eaa4b435fa135e18af6b5fa57e92e -> 
  custom:container-demuxer-webm: 4f35f7cbe854078d1ac9338744f61a02 -> 
  custom:scripting/monoscript/fileName/CardExpanding2D.cs: e0950b450275cb3936a581f286a6b471 -> 
  custom:scripting/monoscript/fileName/ResetSelectableHighlight.cs: 3ea63487fd77e7b22731770a86b4f8b9 -> 
  custom:scripting/monoscript/fileName/UIScrollToSelection.cs: d89fc8e36bdc19715e3104a5f857d175 -> 
  custom:scripting/monoscript/fileName/IScrollSnap.cs: 80b4110dac6695d630b8e7501d8e5aa8 -> 
  custom:scripting/monoscript/fileName/SegmentedControl.cs: 3a6e53207de58cf304ab520e0638e2df -> 
  custom:scripting/monoscript/fileName/ColorSampler.cs: 617678b91f4adc7b3146f51bed3fc4b1 -> 
  custom:scripting/monoscript/fileName/TabNavigationHelper.cs: 43f45dc623750048d2fbac24931c8ac8 -> 
  custom:scripting/monoscript/fileName/AutoCompleteComboBox.cs: 6e2e6cf33d4f5ca4ad3c05ff8f254467 -> 
  custom:scripting/monoscript/fileName/TextPicEditor.cs: c23216fe996c314d4c496ad837485981 -> 
  custom:scripting/monoscript/fileName/CUIMisc.cs: bc26c7f132f5cd28304cbc88070ca4dc -> 
  custom:scripting/monoscript/fileName/UIAdditiveEffect.cs: 50386f7d7d76f5c5e155dbf56c5e5fdd -> 
  custom:scripting/monoscript/fileName/MonoSpacing.cs: 45ba6bf376dd125375a8906a7d8b8b4b -> 
  custom:scripting/monoscript/fileName/FloatTween.cs: c51b551f6abec506d0db9945f7aa25cc -> 
  custom:scripting/monoscript/fileName/BoxSlider.cs: 662335e935a62641f6cb14e99e25e994 -> 
  custom:scripting/monoscript/fileName/BezierLineRendererEditor.cs: 2a50098be424d999e43b888ace13278c -> 
  custom:scripting/monoscript/fileName/NonDrawingGraphic.cs: a309796f6d67e4c1c110ec62b4572b4e -> 
  custom:scripting/monoscript/fileName/ScrollPositionController.cs: 30c392a65a277a4a74b1a6f1a3417601 -> 
  custom:scripting/monoscript/fileName/ContentScrollSnapHorizontal.cs: cb0bf043572062ce08b48904f46c98c8 -> 
  custom:scripting/monoscript/fileName/Triangulator.cs: 4ee9f09ca55767568ee94c9eaaed7244 -> d867a9a7a8385ef82ff357feb70c59d4
  custom:scripting/monoscript/fileName/UIImageCrop.cs: 1ec5d1f18ccf3bbe8ea319cda00ecfbc -> 
  custom:scripting/monoscript/fileName/BoxSliderEditor.cs: 9c680a5a338924fb176605eed0f68a75 -> 
  custom:scripting/monoscript/fileName/FancyScrollView.cs: c5f9c64ec4b4e183b17919204bc381a9 -> 
  custom:scripting/monoscript/fileName/BezierPath.cs: 90cbb6f823f7a03c69c93b3e1653c45e -> 
  custom:scripting/monoscript/fileName/SuperellipsePoints.cs: db2a1c9698f2dea478e1d6bfece554ae -> 
  custom:scripting/monoscript/fileName/UI_Knob.cs: 00244fb2be3e9e1f5ec3a07f175066a9 -> 
  custom:container-muxer-webm: aa71ff27fc2769a1b78a27578f13a17b -> 
  custom:scripting/monoscript/fileName/RaycastMask.cs: b13971e6a124c25b886c6703ae2aab24 -> 
  custom:scripting/monoscript/fileName/MultiTouchScrollRect.cs: 3a778993ea01435b2502c14ea2b2ff98 -> 
  custom:video-decoder-webm-vp8: 9c59270c3fd7afecdb556c50c9e8de78 -> 
  custom:scripting/monoscript/fileName/InputFieldEnterSubmit.cs: cdd5149b8afb8dc59ad57cc53ad8fb3b -> 
  custom:scripting/monoscript/fileName/ExampleSelectable.cs: 8dc7a8cd606154e7d10bb507e235c1f8 -> 
  custom:scripting/monoscript/fileName/uGUITools.cs: aa32797d8a9cdcd2167b6be114b0d5ec -> 
  custom:scripting/monoscript/fileName/UILinearDodgeEffect.cs: f5508d2f3f6addba614d4c08275f4546 -> 
  custom:SearchIndexIgnoredProperties: e643bd26f0fe6173181afceb89e7c659 -> 
  custom:scripting/monoscript/fileName/EasingCore.cs: 0bad7e894488e9b67256d892a478aab1 -> 
  custom:scripting/monoscript/fileName/Stepper.cs: 3ee1a56034750815f9c567b6c54fbbb8 -> 
  custom:scripting/monoscript/fileName/UIPrimitiveBase.cs: 80a945e915822efd5c887ee28f76aa9f -> 
  custom:AudioImporter_EditorPlatform: d09bf68614088b80899f8185d706f6e7 -> 
  custom:scripting/monoscript/fileName/LetterSpacing.cs: c4f4c504ac9c0b708c438c8a0faf6a96 -> 
  custom:scripting/monoscript/fileName/UISquircle.cs: faaa67841792f2c90a13db82841ac6e3 -> 
  custom:scripting/monoscript/fileName/RangeSlider.cs: 026cea0882c5bbc90f7cedc5111cfeb2 -> 
  custom:scripting/monoscript/fileName/UIExtensionMethods.cs: 2621bff24acfb4ddb3b264b7553588d8 -> 
  custom:scripting/monoscript/fileName/UIVerticalScroller.cs: 3532ae0d4ba5f6e2c310cfec2c655a8c -> 
  custom:scripting/monoscript/fileName/ColorLabel.cs: 9a2d62e5e8f65400e4abc881023f36f7 -> 
  custom:scripting/monoscript/fileName/TooltipTrigger.cs: 546a7d73bc42b9e6f1fd03a7e07d7f29 -> 
  custom:scripting/monoscript/fileName/UIMultiplyEffect.cs: 29b6f1f4d98d9b61292d829c0030af4b -> 
  custom:scripting/monoscript/fileName/CardPopup2D.cs: ac929914b8675b3ff1238ddb1cc99789 -> 
  custom:scripting/monoscript/fileName/ScrollSnapScrollbarHelper.cs: d6b043fd7048156ea2ef4da9da4a0a51 -> 
  custom:scripting/monoscript/fileName/HoverTooltip.cs: abdf0400bdf15bb8fdc0bc4d5ecc993f -> 
  custom:scripting/monoscript/fileName/ColorImage.cs: 87dea3e9bf43c94e295d4fa411046c66 -> 
  custom:scripting/monoscript/fileName/FancyScrollRectContext.cs: 9e5d4d8665c04a1190a3fc52908244b0 -> 
  custom:scripting/monoscript/fileName/TextPicIconEditor.cs: 1f41560011fcb93d03be374d10238c0c -> 
  custom:scripting/monoscript/fileName/UI_InfiniteScroll.cs: f7518bdb5ccbb5518282b9c860eef985 -> 
  custom:scripting/monoscript/fileName/UIExtensionsMenuOptions.cs: 25d3bc76bdcc7be45d732e8f064ec6a7 -> 
  custom:scripting/monoscript/fileName/ReadOnlyAttribute.cs: 604ae8fbc27d6402b88ac08f1987318f -> 
  custom:scripting/monoscript/fileName/UICircle.cs: e40253d6117a9fbea82cc285a7e8a36e -> 
  custom:scripting/monoscript/fileName/UIScrollToSelectionXY.cs: 8145d21a6ef6f8610242d2ba291595b9 -> 
  custom:scripting/monoscript/fileName/CUITextEditor.cs: 966cced0a631446b9484c2fe777a7f5b -> 
  custom:scripting/precompiled-assembly-types:UnityUIExtensions.editor: e002030e6fc012878af160bb334541ad -> 
  custom:scripting/monoscript/fileName/TweenRunner.cs: 90647cc400823b41df847a6cbfc29026 -> 
  custom:scripting/monoscript/fileName/UIHorizontalScroller.cs: 758f016ad67e22eff0f26468f408f006 -> 
  custom:scripting/monoscript/fileName/ReturnKeyTriggersButton.cs: 622f27a1a5fce3f8fe14f0fe6c6b39b5 -> 
  custom:scripting/monoscript/fileName/FancyGridViewCell.cs: 0cdf409b5aa8d4c25876d72b5c6a3b60 -> 
  custom:scripting/monoscript/fileName/Scroller.cs: 94938ad1cd7c20206a0339e3bd7f3330 -> 
  custom:scripting/monoscript/fileName/CylinderText.cs: 86c073c10ed890f8e108be86fb350e35 -> 
  custom:scripting/monoscript/fileName/ColorPickerPresets.cs: d20309ac183a87fd46c2e0a03ba5bdef -> 
  custom:scripting/monoscript/fileName/RadialSlider.cs: 24542b53b379116a4f98bb53a64e13b8 -> 
  custom:scripting/monoscript/fileName/PPIViewer.cs: 5269fbe050022d597b2ceba1b1d4cbae -> 
  custom:scripting/monoscript/fileName/InputFocus.cs: 6a5a3b184038cb5e7dbe4882c96bc91b -> 
  custom:scripting/monoscript/fileName/CUIBezierCurve.cs: 32214df0cb137de9f4967269deffb6f3 -> 
  custom:scripting/monoscript/fileName/DropDownListItem.cs: 91c61fd79335f34fb81e114553bf8888 -> 
  custom:scripting/monoscript/fileName/UIFlippable.cs: 9c843e180ea4b6afe9c1ba071336e124 -> 
  custom:scripting/monoscript/fileName/CanvasGroupActivator.cs: f743e9c6e47b0eb8c0b7b2fbf9f7de19 -> 
  custom:scripting/monoscript/fileName/UIWindowBase.cs: 776e605614a77fffd4e0147c8e684e94 -> 
  custom:video-encoder-webm-vp8: eb34c28f22e8b96e1ab97ce403110664 -> 
  custom:scripting/monoscript/fileName/ScrollPositionControllerEditor.cs: fb86570a90d8d5b779234b7f103e1b51 -> 
  custom:scripting/monoscript/fileName/CurvedLayout.cs: 46917779e317aa4a214ea430689de312 -> 
  custom:scripting/monoscript/fileName/ScrollConflictManager.cs: 1a474b2432b80a8b7211f13c79bb991c -> 
  custom:scripting/monoscript/fileName/ReadOnlyDrawer.cs: 1c0aa6472b8e40c24f66a5805d818994 -> 
  custom:audio-decoder-ogg-vorbis: bf7c407c2cedff20999df2af8eb42d56 -> 
  custom:scripting/monoscript/fileName/FancyGridView.cs: 849ed7f5b11c9db237ef61b01c5a5104 -> 
  custom:scripting/monoscript/fileName/CableCurve.cs: 1ed0592bfc80d3ca3db7b55e9a6e9d9a -> 
  custom:scripting/monoscript/fileName/PaginationManager.cs: b5c7a38e1c9bde92ca052679632bc9f1 -> 
  custom:scripting/monoscript/fileName/UILineTextureRenderer.cs: f3042185c83712ad42b2d6694b56f8d3 -> 
  custom:scripting/monoscript/fileName/MenuManager.cs: 8e71de17d45faf11b5ca3e63d3867170 -> 
  custom:scripting/monoscript/fileName/ColorPickerPresetsEditor.cs: 57bebb34d006d8305e8cd353ea00f28b -> 
  custom:scripting/monoscript/fileName/UI_MagneticInfiniteScroll.cs: 7f0db092e1c52c826e7ccbefe21fe7ce -> 
  custom:scripting/monoscript/fileName/ToolTip.cs: 2f05f936126a769ca9a98ef6920928a7 -> 
  custom:scripting/monoscript/fileName/TextPicRenameEditor.cs: b67a1588d964fe3ac177da9872e96689 -> 
  custom:scripting/monoscript/fileName/TestCompression.cs: 2a18178f72c1b3979b9006483863f20e -> 
  custom:scripting/monoscript/fileName/IFancyScrollRectContext.cs: 9c4dee0aef526d67eb0a668a1c9b910a -> 
  custom:scripting/monoscript/fileName/ColorChangedEvent.cs: bafb161b451089e6c72bcae877e0ba66 -> 
  custom:scripting/monoscript/fileName/BestFitOutline.cs: 2ec1c68346f5b721e3d92092cd60b278 -> 
  custom:scripting/monoscript/fileName/NonDrawingGraphicEditor.cs: 1e7abd1e1a4d3da38de70c6d38c19118 -> 
  custom:scripting/monoscript/fileName/HSVChangedEvent.cs: 8a0d7f505f4db7e267a03264293f54eb -> 
  custom:scripting/monoscript/fileName/CUIImageEditor.cs: 0be5a4365a8d65680f88c4d192e5254c -> 
  custom:scripting/monoscript/fileName/HorizontalScrollSnap.cs: 624447835d67a70d90ed2b7f69117316 -> 
  custom:scripting/monoscript/fileName/UI_TweenScale.cs: 50a18c41daf615d82dc37ef0e9dcea31 -> 
  custom:scripting/monoscript/fileName/BoundTooltipItem.cs: 12dc26af634677e40fd7840809357e6c -> 
  custom:scripting/monoscript/fileName/AccordionElement.cs: 69f1a7e537099cc57de9b6eaa86cef32 -> 
  custom:scripting/monoscript/fileName/UI_ScrollRectOcclusion.cs: 491f1c2592ac821eb8de9e533fddd4a9 -> 
  custom:scripting/monoscript/fileName/CUIBezierCurveEditor.cs: be4462c6de2387d5f99ef9d0e93b91ee -> 
  custom:scripting/monoscript/fileName/ColorSliderImage.cs: bbcbfbf23dc2f9fc5450db8f36b24487 -> 
  custom:scripting/monoscript/fileName/Accordion.cs: c31898dc7ffd6f7b32be5689419229bc -> 
  custom:scripting/monoscript/fileName/FancyCell.cs: 0cdf409b5aa8d4c25876d72b5c6a3b60 -> 
  custom:scripting/monoscript/fileName/ShineEffect.cs: 61d233269c4ea687efa548adef5d6e13 -> 
  custom:audio-encoder-webm-vorbis: bf7c407c2cedff20999df2af8eb42d56 -> 
  custom:scripting/monoscript/fileName/ScrollRectTweener.cs: 3437a8fb18bed84a45865e36e83e332f -> 
  custom:scripting/monoscript/fileName/MeshCreator.cs: a2506ad04bac2e5a6d6d50e0d7978d92 -> 
  custom:scripting/monoscript/fileName/UIPolygon.cs: ef7b3e02606f58c56a27e65db10bc7f3 -> 
  custom:scripting/monoscript/fileName/switchToRectTransform.cs: 0ef297259b7f2ab26defc1d718ad1e0a -> 
  custom:scripting/monoscript/fileName/UILineRendererList.cs: efbf4ff76c31aa3e4f61c8b26734d929 -> 
  custom:scripting/monoscript/fileName/CLZF2.cs: 40ef7bf6191a1a5e5b0f37e092e1b271 -> 
  custom:scripting/monoscript/fileName/SimpleMenu.cs: 90647cc400823b41df847a6cbfc29026 -> 
  custom:scripting/monoscript/fileName/RescalePanel.cs: a379a55181438e3b7a29019da8a3c82c -> 
  custom:scripting/monoscript/fileName/DragCorrector.cs: 89ab4a0369eecb75be2277a80a08c1e7 -> 
  custom:scripting/monoscript/fileName/RangeSliderEditor.cs: 1c09cdb4e75bc10f834bbae9a7b54e1e -> 
  custom:scripting/monoscript/fileName/FancyScrollRect.cs: 0cdf409b5aa8d4c25876d72b5c6a3b60 -> 
  custom:scripting/precompiled-assembly-types:Assembly-CSharp: 24e3b857ac6999d02687837a5ab3b68d -> d9898b08f7aa15a36c94fc52d0b7440b
  custom:scripting/monoscript/fileName/ReorderableList.cs: 944c8e214787d07461c711b29546f976 -> 
  custom:scripting/monoscript/fileName/RadialLayout.cs: 170f31c5fdb54a9fe7ba926effdfd7d4 -> 
  custom:scripting/monoscript/fileName/ColorSlider.cs: a91d06b853e0bf2d5df3ea61a67d5c83 -> 
  custom:scripting/monoscript/fileName/IFancyGridViewContext.cs: be7addf49e5950ebb654fec55c2afa8b -> 
  custom:scripting/precompiled-assembly-types:UnityUIExtensions: c0991a7eaf90618746e467e9e018bd04 -> 
  custom:scripting/monoscript/fileName/CUIGraphic.cs: 4f47fad340418bff51fe6171e2259e7f -> 
  custom:scripting/monoscript/fileName/IFancyCellGroupContext.cs: 323b5f49cc2011b3d2d9088e528ed161 -> 
  custom:scripting/monoscript/fileName/MinMaxSlider.cs: e7d98a511e8b98df33f72f37935821e5 -> 
  custom:scripting/monoscript/fileName/ColorPickerTester.cs: 63b6c03c009a94721b9d41c8d5e5e6ed -> 
========================================================================
Received Prepare
Caller must complete domain reload
Begin MonoManager ReloadAssembly
- Loaded All Assemblies, in  0.562 seconds
Native extension for WindowsStandalone target not found
Native extension for WebGL target not found
Mono: successfully reloaded assembly
- Finished resetting the current domain, in  1.125 seconds
Domain Reload Profiling: 1686ms
	BeginReloadAssembly (196ms)
		ExecutionOrderSort (0ms)
		DisableScriptedObjects (18ms)
		BackupInstance (0ms)
		ReleaseScriptingObjects (0ms)
		CreateAndSetChildDomain (43ms)
	RebuildCommonClasses (40ms)
	RebuildNativeTypeToScriptingClass (12ms)
	initialDomainReloadingComplete (30ms)
	LoadAllAssembliesAndSetupDomain (284ms)
		LoadAssemblies (364ms)
		RebuildTransferFunctionScriptingTraits (0ms)
		AnalyzeDomain (22ms)
			TypeCache.Refresh (6ms)
				TypeCache.ScanAssembly (0ms)
			ScanForSourceGeneratedMonoScriptInfo (0ms)
			ResolveRequiredComponents (14ms)
	FinalizeReload (1125ms)
		ReleaseScriptCaches (0ms)
		RebuildScriptCaches (0ms)
		SetupLoadedEditorAssemblies (465ms)
			LogAssemblyErrors (0ms)
			InitializePlatformSupportModulesInManaged (6ms)
			SetLoadedEditorAssemblies (7ms)
			RefreshPlugins (0ms)
			BeforeProcessingInitializeOnLoad (80ms)
			ProcessInitializeOnLoadAttributes (333ms)
			ProcessInitializeOnLoadMethodAttributes (35ms)
			AfterProcessingInitializeOnLoad (3ms)
			EditorAssembliesLoaded (0ms)
		ExecutionOrderSort2 (0ms)
		AwakeInstancesAfterBackupRestoration (16ms)
Refreshing native plugins compatible for Editor in 9.81 ms, found 7 plugins.
Preloading 0 native plugins for Editor in 0.00 ms.
Unloading 4456 Unused Serialized files (Serialized files now loaded: 0)
Unloading 44 unused Assets / (0.7 MB). Loaded Objects now: 5333.
Memory consumption went from 158.4 MB to 157.7 MB.
Total: 5.021000 ms (FindLiveObjects: 0.589700 ms CreateObjectMapping: 0.146000 ms MarkObjects: 3.717200 ms  DeleteObjects: 0.566100 ms)

Prepare: number of updated asset objects reloaded= 0
AssetImportParameters requested are different than current active one (requested -> active):
  custom:scripting/monoscript/fileName/CardStack2D.cs: 52f7ac406c04f320c1cc31b32fc945ec -> 
  custom:scripting/monoscript/fileName/UILineRendererFIFO.cs: 1a840d7d842445f62c20beee85a5bbc5 -> 
  custom:scripting/monoscript/fileName/FlowLayoutGroup.cs: 4f8c51e99186127173631d5ea0b848a8 -> 
  custom:scripting/monoscript/fileName/UIParticleSystem.cs: 6cef203566a0c9333597e4e233613614 -> 
  custom:scripting/monoscript/fileName/UILineRenderer.cs: 673f1b621ab4781ac78770b1b3c45207 -> 
  custom:scripting/monoscript/fileName/TableLayoutGroup.cs: 9697d88a99d4c91003d206b86eed3a61 -> 
  custom:scripting/monoscript/fileName/Segment.cs: 823b994f6bbb6e32f73e9807948df6b3 -> 
  custom:container-demuxer-ogg: 62fdf1f143b41e24485cea50d1cbac27 -> 
  custom:scripting/monoscript/fileName/SelectionBox.cs: 9eabc2822607d24d284c5c0d720d4a01 -> 
  custom:scripting/monoscript/fileName/ReorderableListContent.cs: a630238339e5f198f723ac29a2329f6d -> 
  custom:scripting/monoscript/fileName/Menu.cs: d0a2652908e797d4064ef9b772450cc8 -> 
  custom:scripting/monoscript/fileName/SetPropertyUtility.cs: 02aade692758e5563210cc05829e9851 -> f604b4b9e6b0979bdfc1e2b40426dd19
  custom:scripting/monoscript/fileName/HSVUtil.cs: 2f204c7a89b046fae714aadbcda42851 -> 
  custom:scripting/monoscript/fileName/FancyCellGroup.cs: 90647cc400823b41df847a6cbfc29026 -> 
  custom:scripting/monoscript/fileName/RescaleDragPanel.cs: 428e5a10a21f2d3fc3805557487d591e -> 
  custom:scripting/monoscript/fileName/ExtensionsToggleGroup.cs: 93967f93faef61aecdca9232fa42b062 -> 
  custom:scripting/monoscript/fileName/ResizePanel.cs: 0a2d1269c62cba913a254b515f8b6020 -> 
  custom:scripting/monoscript/fileName/Circle.cs: cfc2369c92dd039be7c3f572f769fdcf -> 
  custom:scripting/monoscript/fileName/ShaderLibrary.cs: 7a09676978959734a6827051c965f749 -> 
  custom:scripting/monoscript/fileName/CurvedText.cs: c86aabacdca275700720e919fc8a8b52 -> 
  custom:scripting/monoscript/fileName/FancyScrollRectCell.cs: 0cdf409b5aa8d4c25876d72b5c6a3b60 -> 
  custom:scripting/monoscript/fileName/Gradient.cs: a4c2a5a25440c543cd82653fda832632 -> 
  custom:scripting/monoscript/fileName/ScrollSnapBase.cs: 3682088473625968e7b4647a6b4213f6 -> 
  custom:scripting/monoscript/fileName/CUIText.cs: 0be1a405bc9388e4813a74aad6018bec -> 
  custom:scripting/monoscript/fileName/BoundTooltipTrigger.cs: e78e2ee612ba85e075ab794a5cb95e73 -> 
  custom:scripting/monoscript/fileName/UIHighlightable.cs: fd305ad78204cb75a66ce809c3f50e6a -> 
  custom:video-codec-MediaFoundation-h265: 746d11721c4dcdbdad8f713fa42b33f4 -> 
  custom:scripting/monoscript/fileName/UIExtensionsInputManager.cs: 6f468ddae971c3bcce0288549c1beabd -> 
  custom:scripting/monoscript/fileName/Gradient2.cs: 9c1fd6257924e43a80b8fccb859d3828 -> 
  custom:scripting/monoscript/fileName/CooldownButton.cs: 72bd21b90ac71f29908a36179176f8fc -> 
  custom:video-decoder-ogg-theora: a1e56fd34408186e4bbccfd4996cb3dc -> 
  custom:scripting/monoscript/fileName/TileSizeFitter.cs: ba6326e335b6f177a627b992c444832c -> 
  custom:scripting/monoscript/fileName/SelectableScaler.cs: 3ebe175d64b38a572f8dbe8fd345f0c3 -> 
  custom:scripting/monoscript/fileName/AccordionElementEditor.cs: db5ee9b2cff22578a12a4d141614d665 -> 
  custom:scripting/monoscript/fileName/ExtensionsToggle.cs: e0b44aa7e1ff973d74b4857a34a48879 -> 
  custom:scripting/monoscript/fileName/ReorderableListElement.cs: 788a31431a1c95dc9a9a52767f8e812f -> 
  custom:scripting/monoscript/fileName/ShineEffector.cs: 52ed4eb6c7ed8f674a18d2a4db6eba86 -> 
  custom:scripting/monoscript/fileName/UISelectableExtension.cs: b6766007d8a2236e23d4749da2d8cdd2 -> 
  custom:framework-win-MediaFoundation: 216162199b28c13a410421893ffa2e32 -> 
  custom:scripting/monoscript/fileName/UISoftAdditiveEffect.cs: 30a825933c907dec19605ff2f58a292f -> 
  custom:scripting/monoscript/fileName/HexColorField.cs: 425eeca1ce4159bc649962b2337061a4 -> 
  custom:scripting/monoscript/fileName/ColorPickerControl.cs: 97231f899ae243cc634f34e048c22095 -> 
  custom:scripting/monoscript/fileName/ReorderableListDebug.cs: 51cf5a188c464deb681bea16cb795b61 -> 
  custom:scripting/monoscript/fileName/TextPic.cs: 9dbd7bc654cbf19eee33ac6fc452bfb1 -> 
  custom:scripting/monoscript/fileName/CUIImage.cs: 41f29f650aa507f802cd9793d91f3211 -> 
  custom:scripting/monoscript/fileName/DropDownListButton.cs: 71d533f2602e0e099d09a556ef8e4414 -> 
  custom:scripting/monoscript/fileName/ScrollSnap.cs: c5ae67ed5cc8c0ab1f7496803acc2648 -> 
  custom:scripting/monoscript/fileName/TextPicIconListCopier.cs: a564a2a474c019b98650cff2383ccfca -> 
  custom:scripting/monoscript/fileName/UICornerCut.cs: 69b0dfb485aa2b1afa65fcf30028125b -> 
  custom:scripting/monoscript/fileName/ScrollerEditor.cs: 478519b80ad2bc62d4a4b80ae078e694 -> 
  custom:scripting/monoscript/fileName/IBoxSelectable.cs: a5bf39a694cf2b84c65e7bec998d4941 -> 
  custom:scripting/monoscript/fileName/TiltWindow.cs: 7c3356d1b5bc9c6e9fe98345b0be7c30 -> 
  custom:scripting/monoscript/fileName/ExtensionMethods.cs: 943bd8dac5ce9467ce7deb0856dc6b0a -> 
  custom:scripting/monoscript/fileName/ComboBox.cs: a6ca48dde827ff07a9093f3624d58e62 -> 
  custom:scripting/monoscript/fileName/ScrollRectLinker.cs: 0316116e17d192ca2ef7c97539dff50f -> 
  custom:scripting/monoscript/fileName/SVBoxSlider.cs: 1d22c9c16d63e1cf38ad19bbcec9a0da -> 
  custom:scripting/monoscript/fileName/VerticalScrollSnap.cs: a7ebcf1fac8331e70ee01e540cbe484b -> 
  custom:scripting/monoscript/fileName/UILineConnector.cs: ea5f69a32957fe35ae7b512ef3f758ef -> 
  custom:scripting/monoscript/fileName/UIScreenEffect.cs: c36542c529d1f733362556ab22c18bf9 -> 
  custom:scripting/monoscript/fileName/SoftMaskScript.cs: 867049fb2647c9983fb1391409f93d30 -> 
  custom:scripting/monoscript/fileName/DiamondGraph.cs: a01b647a54847840428a395cc0d6fc16 -> 
  custom:scripting/monoscript/fileName/ScrollRectEx.cs: 3f6a881a34055e182fee3ab0baaee0c3 -> 
  custom:scripting/monoscript/fileName/UIGridRenderer.cs: 04c0062f4b7cdd6963fdba9ae03d9c72 -> 
  custom:scripting/monoscript/fileName/NicerOutline.cs: 571a7c7c4af4ebadc9fed23f0c3b0b46 -> 
  custom:CustomObjectIndexerAttribute: 9a22284fe3817be447336de3de66b15e -> 
  custom:scripting/monoscript/fileName/ScrollRectExtensions.cs: c76cb840404ffa9bc24248639e9da4ee -> 
  custom:scripting/monoscript/fileName/FancyGridViewContext.cs: 8738476657d4a33c34bc82bed7ce8bc9 -> 
  custom:scripting/monoscript/fileName/MinMaxValues.cs: 4aa11a61e640749f4ea5f947f86be5ba -> 
  custom:scripting/monoscript/fileName/CardExpanding3D.cs: d8b2b9924677ad2b445b05edbed7f0e3 -> 
  custom:scripting/monoscript/fileName/MinMaxSliderEditor.cs: e0496a7f76fc8934af2a763a7289ad36 -> 
  custom:scripting/monoscript/fileName/StepperSide.cs: 34d9a35c8c2622f327b140f18a7398a7 -> 
  custom:scripting/monoscript/fileName/CUIGraphicEditor.cs: a618262d3e77d462c5a0cd2e608e8a53 -> 
  custom:scripting/monoscript/fileName/DropDownList.cs: 3d51ab81e9571c9027b59874b2c78567 -> 
  custom:scripting/monoscript/fileName/ITweenValue.cs: 1d0eaa4b435fa135e18af6b5fa57e92e -> 
  custom:container-demuxer-webm: 4f35f7cbe854078d1ac9338744f61a02 -> 
  custom:scripting/monoscript/fileName/CardExpanding2D.cs: e0950b450275cb3936a581f286a6b471 -> 
  custom:scripting/monoscript/fileName/ResetSelectableHighlight.cs: 3ea63487fd77e7b22731770a86b4f8b9 -> 
  custom:scripting/monoscript/fileName/UIScrollToSelection.cs: d89fc8e36bdc19715e3104a5f857d175 -> 
  custom:scripting/monoscript/fileName/IScrollSnap.cs: 80b4110dac6695d630b8e7501d8e5aa8 -> 
  custom:scripting/monoscript/fileName/SegmentedControl.cs: 3a6e53207de58cf304ab520e0638e2df -> 
  custom:scripting/monoscript/fileName/ColorSampler.cs: 617678b91f4adc7b3146f51bed3fc4b1 -> 
  custom:scripting/monoscript/fileName/TabNavigationHelper.cs: 43f45dc623750048d2fbac24931c8ac8 -> 
  custom:scripting/monoscript/fileName/AutoCompleteComboBox.cs: 6e2e6cf33d4f5ca4ad3c05ff8f254467 -> 
  custom:scripting/monoscript/fileName/TextPicEditor.cs: c23216fe996c314d4c496ad837485981 -> 
  custom:scripting/monoscript/fileName/CUIMisc.cs: bc26c7f132f5cd28304cbc88070ca4dc -> 
  custom:scripting/monoscript/fileName/UIAdditiveEffect.cs: 50386f7d7d76f5c5e155dbf56c5e5fdd -> 
  custom:scripting/monoscript/fileName/MonoSpacing.cs: 45ba6bf376dd125375a8906a7d8b8b4b -> 
  custom:scripting/monoscript/fileName/FloatTween.cs: c51b551f6abec506d0db9945f7aa25cc -> 
  custom:scripting/monoscript/fileName/BoxSlider.cs: 662335e935a62641f6cb14e99e25e994 -> 
  custom:scripting/monoscript/fileName/BezierLineRendererEditor.cs: 2a50098be424d999e43b888ace13278c -> 
  custom:scripting/monoscript/fileName/NonDrawingGraphic.cs: a309796f6d67e4c1c110ec62b4572b4e -> 
  custom:scripting/monoscript/fileName/ScrollPositionController.cs: 30c392a65a277a4a74b1a6f1a3417601 -> 
  custom:scripting/monoscript/fileName/ContentScrollSnapHorizontal.cs: cb0bf043572062ce08b48904f46c98c8 -> 
  custom:scripting/monoscript/fileName/Triangulator.cs: 4ee9f09ca55767568ee94c9eaaed7244 -> d867a9a7a8385ef82ff357feb70c59d4
  custom:scripting/monoscript/fileName/UIImageCrop.cs: 1ec5d1f18ccf3bbe8ea319cda00ecfbc -> 
  custom:scripting/monoscript/fileName/BoxSliderEditor.cs: 9c680a5a338924fb176605eed0f68a75 -> 
  custom:scripting/monoscript/fileName/FancyScrollView.cs: c5f9c64ec4b4e183b17919204bc381a9 -> 
  custom:scripting/monoscript/fileName/BezierPath.cs: 90cbb6f823f7a03c69c93b3e1653c45e -> 
  custom:scripting/monoscript/fileName/SuperellipsePoints.cs: db2a1c9698f2dea478e1d6bfece554ae -> 
  custom:scripting/monoscript/fileName/UI_Knob.cs: 00244fb2be3e9e1f5ec3a07f175066a9 -> 
  custom:container-muxer-webm: aa71ff27fc2769a1b78a27578f13a17b -> 
  custom:scripting/monoscript/fileName/RaycastMask.cs: b13971e6a124c25b886c6703ae2aab24 -> 
  custom:scripting/monoscript/fileName/MultiTouchScrollRect.cs: 3a778993ea01435b2502c14ea2b2ff98 -> 
  custom:video-decoder-webm-vp8: 9c59270c3fd7afecdb556c50c9e8de78 -> 
  custom:scripting/monoscript/fileName/InputFieldEnterSubmit.cs: cdd5149b8afb8dc59ad57cc53ad8fb3b -> 
  custom:scripting/monoscript/fileName/ExampleSelectable.cs: 8dc7a8cd606154e7d10bb507e235c1f8 -> 
  custom:scripting/monoscript/fileName/uGUITools.cs: aa32797d8a9cdcd2167b6be114b0d5ec -> 
  custom:scripting/monoscript/fileName/UILinearDodgeEffect.cs: f5508d2f3f6addba614d4c08275f4546 -> 
  custom:SearchIndexIgnoredProperties: e643bd26f0fe6173181afceb89e7c659 -> 
  custom:scripting/monoscript/fileName/EasingCore.cs: 0bad7e894488e9b67256d892a478aab1 -> 
  custom:scripting/monoscript/fileName/Stepper.cs: 3ee1a56034750815f9c567b6c54fbbb8 -> 
  custom:scripting/monoscript/fileName/UIPrimitiveBase.cs: 80a945e915822efd5c887ee28f76aa9f -> 
  custom:AudioImporter_EditorPlatform: d09bf68614088b80899f8185d706f6e7 -> 
  custom:scripting/monoscript/fileName/LetterSpacing.cs: c4f4c504ac9c0b708c438c8a0faf6a96 -> 
  custom:scripting/monoscript/fileName/UISquircle.cs: faaa67841792f2c90a13db82841ac6e3 -> 
  custom:scripting/monoscript/fileName/RangeSlider.cs: 026cea0882c5bbc90f7cedc5111cfeb2 -> 
  custom:scripting/monoscript/fileName/UIExtensionMethods.cs: 2621bff24acfb4ddb3b264b7553588d8 -> 
  custom:scripting/monoscript/fileName/UIVerticalScroller.cs: 3532ae0d4ba5f6e2c310cfec2c655a8c -> 
  custom:scripting/monoscript/fileName/ColorLabel.cs: 9a2d62e5e8f65400e4abc881023f36f7 -> 
  custom:scripting/monoscript/fileName/TooltipTrigger.cs: 546a7d73bc42b9e6f1fd03a7e07d7f29 -> 
  custom:scripting/monoscript/fileName/UIMultiplyEffect.cs: 29b6f1f4d98d9b61292d829c0030af4b -> 
  custom:scripting/monoscript/fileName/CardPopup2D.cs: ac929914b8675b3ff1238ddb1cc99789 -> 
  custom:scripting/monoscript/fileName/ScrollSnapScrollbarHelper.cs: d6b043fd7048156ea2ef4da9da4a0a51 -> 
  custom:scripting/monoscript/fileName/HoverTooltip.cs: abdf0400bdf15bb8fdc0bc4d5ecc993f -> 
  custom:scripting/monoscript/fileName/ColorImage.cs: 87dea3e9bf43c94e295d4fa411046c66 -> 
  custom:scripting/monoscript/fileName/FancyScrollRectContext.cs: 9e5d4d8665c04a1190a3fc52908244b0 -> 
  custom:scripting/monoscript/fileName/TextPicIconEditor.cs: 1f41560011fcb93d03be374d10238c0c -> 
  custom:scripting/monoscript/fileName/UI_InfiniteScroll.cs: f7518bdb5ccbb5518282b9c860eef985 -> 
  custom:scripting/monoscript/fileName/UIExtensionsMenuOptions.cs: 25d3bc76bdcc7be45d732e8f064ec6a7 -> 
  custom:scripting/monoscript/fileName/ReadOnlyAttribute.cs: 604ae8fbc27d6402b88ac08f1987318f -> 
  custom:scripting/monoscript/fileName/UICircle.cs: e40253d6117a9fbea82cc285a7e8a36e -> 
  custom:scripting/monoscript/fileName/UIScrollToSelectionXY.cs: 8145d21a6ef6f8610242d2ba291595b9 -> 
  custom:scripting/monoscript/fileName/CUITextEditor.cs: 966cced0a631446b9484c2fe777a7f5b -> 
  custom:scripting/precompiled-assembly-types:UnityUIExtensions.editor: e002030e6fc012878af160bb334541ad -> 
  custom:scripting/monoscript/fileName/TweenRunner.cs: 90647cc400823b41df847a6cbfc29026 -> 
  custom:scripting/monoscript/fileName/UIHorizontalScroller.cs: 758f016ad67e22eff0f26468f408f006 -> 
  custom:scripting/monoscript/fileName/ReturnKeyTriggersButton.cs: 622f27a1a5fce3f8fe14f0fe6c6b39b5 -> 
  custom:scripting/monoscript/fileName/FancyGridViewCell.cs: 0cdf409b5aa8d4c25876d72b5c6a3b60 -> 
  custom:scripting/monoscript/fileName/Scroller.cs: 94938ad1cd7c20206a0339e3bd7f3330 -> 
  custom:scripting/monoscript/fileName/CylinderText.cs: 86c073c10ed890f8e108be86fb350e35 -> 
  custom:scripting/monoscript/fileName/ColorPickerPresets.cs: d20309ac183a87fd46c2e0a03ba5bdef -> 
  custom:scripting/monoscript/fileName/RadialSlider.cs: 24542b53b379116a4f98bb53a64e13b8 -> 
  custom:scripting/monoscript/fileName/PPIViewer.cs: 5269fbe050022d597b2ceba1b1d4cbae -> 
  custom:scripting/monoscript/fileName/InputFocus.cs: 6a5a3b184038cb5e7dbe4882c96bc91b -> 
  custom:scripting/monoscript/fileName/CUIBezierCurve.cs: 32214df0cb137de9f4967269deffb6f3 -> 
  custom:scripting/monoscript/fileName/DropDownListItem.cs: 91c61fd79335f34fb81e114553bf8888 -> 
  custom:scripting/monoscript/fileName/UIFlippable.cs: 9c843e180ea4b6afe9c1ba071336e124 -> 
  custom:scripting/monoscript/fileName/CanvasGroupActivator.cs: f743e9c6e47b0eb8c0b7b2fbf9f7de19 -> 
  custom:scripting/monoscript/fileName/UIWindowBase.cs: 776e605614a77fffd4e0147c8e684e94 -> 
  custom:video-encoder-webm-vp8: eb34c28f22e8b96e1ab97ce403110664 -> 
  custom:scripting/monoscript/fileName/ScrollPositionControllerEditor.cs: fb86570a90d8d5b779234b7f103e1b51 -> 
  custom:scripting/monoscript/fileName/CurvedLayout.cs: 46917779e317aa4a214ea430689de312 -> 
  custom:scripting/monoscript/fileName/ScrollConflictManager.cs: 1a474b2432b80a8b7211f13c79bb991c -> 
  custom:scripting/monoscript/fileName/ReadOnlyDrawer.cs: 1c0aa6472b8e40c24f66a5805d818994 -> 
  custom:audio-decoder-ogg-vorbis: bf7c407c2cedff20999df2af8eb42d56 -> 
  custom:scripting/monoscript/fileName/FancyGridView.cs: 849ed7f5b11c9db237ef61b01c5a5104 -> 
  custom:scripting/monoscript/fileName/CableCurve.cs: 1ed0592bfc80d3ca3db7b55e9a6e9d9a -> 
  custom:scripting/monoscript/fileName/PaginationManager.cs: b5c7a38e1c9bde92ca052679632bc9f1 -> 
  custom:scripting/monoscript/fileName/UILineTextureRenderer.cs: f3042185c83712ad42b2d6694b56f8d3 -> 
  custom:scripting/monoscript/fileName/MenuManager.cs: 8e71de17d45faf11b5ca3e63d3867170 -> 
  custom:scripting/monoscript/fileName/ColorPickerPresetsEditor.cs: 57bebb34d006d8305e8cd353ea00f28b -> 
  custom:scripting/monoscript/fileName/UI_MagneticInfiniteScroll.cs: 7f0db092e1c52c826e7ccbefe21fe7ce -> 
  custom:scripting/monoscript/fileName/ToolTip.cs: 2f05f936126a769ca9a98ef6920928a7 -> 
  custom:scripting/monoscript/fileName/TextPicRenameEditor.cs: b67a1588d964fe3ac177da9872e96689 -> 
  custom:scripting/monoscript/fileName/TestCompression.cs: 2a18178f72c1b3979b9006483863f20e -> 
  custom:scripting/monoscript/fileName/IFancyScrollRectContext.cs: 9c4dee0aef526d67eb0a668a1c9b910a -> 
  custom:scripting/monoscript/fileName/ColorChangedEvent.cs: bafb161b451089e6c72bcae877e0ba66 -> 
  custom:scripting/monoscript/fileName/BestFitOutline.cs: 2ec1c68346f5b721e3d92092cd60b278 -> 
  custom:scripting/monoscript/fileName/NonDrawingGraphicEditor.cs: 1e7abd1e1a4d3da38de70c6d38c19118 -> 
  custom:scripting/monoscript/fileName/HSVChangedEvent.cs: 8a0d7f505f4db7e267a03264293f54eb -> 
  custom:scripting/monoscript/fileName/CUIImageEditor.cs: 0be5a4365a8d65680f88c4d192e5254c -> 
  custom:scripting/monoscript/fileName/HorizontalScrollSnap.cs: 624447835d67a70d90ed2b7f69117316 -> 
  custom:scripting/monoscript/fileName/UI_TweenScale.cs: 50a18c41daf615d82dc37ef0e9dcea31 -> 
  custom:scripting/monoscript/fileName/BoundTooltipItem.cs: 12dc26af634677e40fd7840809357e6c -> 
  custom:scripting/monoscript/fileName/AccordionElement.cs: 69f1a7e537099cc57de9b6eaa86cef32 -> 
  custom:scripting/monoscript/fileName/UI_ScrollRectOcclusion.cs: 491f1c2592ac821eb8de9e533fddd4a9 -> 
  custom:scripting/monoscript/fileName/CUIBezierCurveEditor.cs: be4462c6de2387d5f99ef9d0e93b91ee -> 
  custom:scripting/monoscript/fileName/ColorSliderImage.cs: bbcbfbf23dc2f9fc5450db8f36b24487 -> 
  custom:scripting/monoscript/fileName/Accordion.cs: c31898dc7ffd6f7b32be5689419229bc -> 
  custom:scripting/monoscript/fileName/FancyCell.cs: 0cdf409b5aa8d4c25876d72b5c6a3b60 -> 
  custom:scripting/monoscript/fileName/ShineEffect.cs: 61d233269c4ea687efa548adef5d6e13 -> 
  custom:audio-encoder-webm-vorbis: bf7c407c2cedff20999df2af8eb42d56 -> 
  custom:scripting/monoscript/fileName/ScrollRectTweener.cs: 3437a8fb18bed84a45865e36e83e332f -> 
  custom:scripting/monoscript/fileName/MeshCreator.cs: a2506ad04bac2e5a6d6d50e0d7978d92 -> 
  custom:scripting/monoscript/fileName/UIPolygon.cs: ef7b3e02606f58c56a27e65db10bc7f3 -> 
  custom:scripting/monoscript/fileName/switchToRectTransform.cs: 0ef297259b7f2ab26defc1d718ad1e0a -> 
  custom:scripting/monoscript/fileName/UILineRendererList.cs: efbf4ff76c31aa3e4f61c8b26734d929 -> 
  custom:scripting/monoscript/fileName/CLZF2.cs: 40ef7bf6191a1a5e5b0f37e092e1b271 -> 
  custom:scripting/monoscript/fileName/SimpleMenu.cs: 90647cc400823b41df847a6cbfc29026 -> 
  custom:scripting/monoscript/fileName/RescalePanel.cs: a379a55181438e3b7a29019da8a3c82c -> 
  custom:scripting/monoscript/fileName/DragCorrector.cs: 89ab4a0369eecb75be2277a80a08c1e7 -> 
  custom:scripting/monoscript/fileName/RangeSliderEditor.cs: 1c09cdb4e75bc10f834bbae9a7b54e1e -> 
  custom:scripting/monoscript/fileName/FancyScrollRect.cs: 0cdf409b5aa8d4c25876d72b5c6a3b60 -> 
  custom:scripting/precompiled-assembly-types:Assembly-CSharp: 24e3b857ac6999d02687837a5ab3b68d -> d9898b08f7aa15a36c94fc52d0b7440b
  custom:scripting/monoscript/fileName/ReorderableList.cs: 944c8e214787d07461c711b29546f976 -> 
  custom:scripting/monoscript/fileName/RadialLayout.cs: 170f31c5fdb54a9fe7ba926effdfd7d4 -> 
  custom:scripting/monoscript/fileName/ColorSlider.cs: a91d06b853e0bf2d5df3ea61a67d5c83 -> 
  custom:scripting/monoscript/fileName/IFancyGridViewContext.cs: be7addf49e5950ebb654fec55c2afa8b -> 
  custom:scripting/precompiled-assembly-types:UnityUIExtensions: c0991a7eaf90618746e467e9e018bd04 -> 
  custom:scripting/monoscript/fileName/CUIGraphic.cs: 4f47fad340418bff51fe6171e2259e7f -> 
  custom:scripting/monoscript/fileName/IFancyCellGroupContext.cs: 323b5f49cc2011b3d2d9088e528ed161 -> 
  custom:scripting/monoscript/fileName/MinMaxSlider.cs: e7d98a511e8b98df33f72f37935821e5 -> 
  custom:scripting/monoscript/fileName/ColorPickerTester.cs: 63b6c03c009a94721b9d41c8d5e5e6ed -> 
========================================================================
Received Prepare
Caller must complete domain reload
Begin MonoManager ReloadAssembly
- Loaded All Assemblies, in  0.530 seconds
Native extension for WindowsStandalone target not found
Native extension for WebGL target not found
Mono: successfully reloaded assembly
- Finished resetting the current domain, in  1.141 seconds
Domain Reload Profiling: 1671ms
	BeginReloadAssembly (179ms)
		ExecutionOrderSort (0ms)
		DisableScriptedObjects (14ms)
		BackupInstance (0ms)
		ReleaseScriptingObjects (0ms)
		CreateAndSetChildDomain (37ms)
	RebuildCommonClasses (39ms)
	RebuildNativeTypeToScriptingClass (11ms)
	initialDomainReloadingComplete (27ms)
	LoadAllAssembliesAndSetupDomain (272ms)
		LoadAssemblies (342ms)
		RebuildTransferFunctionScriptingTraits (0ms)
		AnalyzeDomain (23ms)
			TypeCache.Refresh (6ms)
				TypeCache.ScanAssembly (0ms)
			ScanForSourceGeneratedMonoScriptInfo (0ms)
			ResolveRequiredComponents (15ms)
	FinalizeReload (1142ms)
		ReleaseScriptCaches (0ms)
		RebuildScriptCaches (0ms)
		SetupLoadedEditorAssemblies (456ms)
			LogAssemblyErrors (0ms)
			InitializePlatformSupportModulesInManaged (6ms)
			SetLoadedEditorAssemblies (6ms)
			RefreshPlugins (0ms)
			BeforeProcessingInitializeOnLoad (78ms)
			ProcessInitializeOnLoadAttributes (323ms)
			ProcessInitializeOnLoadMethodAttributes (39ms)
			AfterProcessingInitializeOnLoad (4ms)
			EditorAssembliesLoaded (0ms)
		ExecutionOrderSort2 (0ms)
		AwakeInstancesAfterBackupRestoration (17ms)
Refreshing native plugins compatible for Editor in 8.01 ms, found 7 plugins.
Preloading 0 native plugins for Editor in 0.00 ms.
Unloading 4456 Unused Serialized files (Serialized files now loaded: 0)
Unloading 44 unused Assets / (0.7 MB). Loaded Objects now: 5337.
Memory consumption went from 158.4 MB to 157.7 MB.
Total: 4.703000 ms (FindLiveObjects: 0.477100 ms CreateObjectMapping: 0.176800 ms MarkObjects: 3.491700 ms  DeleteObjects: 0.555900 ms)

Prepare: number of updated asset objects reloaded= 0
AssetImportParameters requested are different than current active one (requested -> active):
  custom:scripting/monoscript/fileName/CardStack2D.cs: 52f7ac406c04f320c1cc31b32fc945ec -> 
  custom:scripting/monoscript/fileName/UILineRendererFIFO.cs: 1a840d7d842445f62c20beee85a5bbc5 -> 
  custom:scripting/monoscript/fileName/FlowLayoutGroup.cs: 4f8c51e99186127173631d5ea0b848a8 -> 
  custom:scripting/monoscript/fileName/UIParticleSystem.cs: 6cef203566a0c9333597e4e233613614 -> 
  custom:scripting/monoscript/fileName/UILineRenderer.cs: 673f1b621ab4781ac78770b1b3c45207 -> 
  custom:scripting/monoscript/fileName/TableLayoutGroup.cs: 9697d88a99d4c91003d206b86eed3a61 -> 
  custom:scripting/monoscript/fileName/Segment.cs: 823b994f6bbb6e32f73e9807948df6b3 -> 
  custom:container-demuxer-ogg: 62fdf1f143b41e24485cea50d1cbac27 -> 
  custom:scripting/monoscript/fileName/SelectionBox.cs: 9eabc2822607d24d284c5c0d720d4a01 -> 
  custom:scripting/monoscript/fileName/ReorderableListContent.cs: a630238339e5f198f723ac29a2329f6d -> 
  custom:scripting/monoscript/fileName/Menu.cs: d0a2652908e797d4064ef9b772450cc8 -> 
  custom:scripting/monoscript/fileName/SetPropertyUtility.cs: 02aade692758e5563210cc05829e9851 -> f604b4b9e6b0979bdfc1e2b40426dd19
  custom:scripting/monoscript/fileName/HSVUtil.cs: 2f204c7a89b046fae714aadbcda42851 -> 
  custom:scripting/monoscript/fileName/FancyCellGroup.cs: 90647cc400823b41df847a6cbfc29026 -> 
  custom:scripting/monoscript/fileName/RescaleDragPanel.cs: 428e5a10a21f2d3fc3805557487d591e -> 
  custom:scripting/monoscript/fileName/ExtensionsToggleGroup.cs: 93967f93faef61aecdca9232fa42b062 -> 
  custom:scripting/monoscript/fileName/ResizePanel.cs: 0a2d1269c62cba913a254b515f8b6020 -> 
  custom:scripting/monoscript/fileName/Circle.cs: cfc2369c92dd039be7c3f572f769fdcf -> 
  custom:scripting/monoscript/fileName/ShaderLibrary.cs: 7a09676978959734a6827051c965f749 -> 
  custom:scripting/monoscript/fileName/CurvedText.cs: c86aabacdca275700720e919fc8a8b52 -> 
  custom:scripting/monoscript/fileName/FancyScrollRectCell.cs: 0cdf409b5aa8d4c25876d72b5c6a3b60 -> 
  custom:scripting/monoscript/fileName/Gradient.cs: a4c2a5a25440c543cd82653fda832632 -> 
  custom:scripting/monoscript/fileName/ScrollSnapBase.cs: 3682088473625968e7b4647a6b4213f6 -> 
  custom:scripting/monoscript/fileName/CUIText.cs: 0be1a405bc9388e4813a74aad6018bec -> 
  custom:scripting/monoscript/fileName/BoundTooltipTrigger.cs: e78e2ee612ba85e075ab794a5cb95e73 -> 
  custom:scripting/monoscript/fileName/UIHighlightable.cs: fd305ad78204cb75a66ce809c3f50e6a -> 
  custom:video-codec-MediaFoundation-h265: 746d11721c4dcdbdad8f713fa42b33f4 -> 
  custom:scripting/monoscript/fileName/UIExtensionsInputManager.cs: 6f468ddae971c3bcce0288549c1beabd -> 
  custom:scripting/monoscript/fileName/Gradient2.cs: 9c1fd6257924e43a80b8fccb859d3828 -> 
  custom:scripting/monoscript/fileName/CooldownButton.cs: 72bd21b90ac71f29908a36179176f8fc -> 
  custom:video-decoder-ogg-theora: a1e56fd34408186e4bbccfd4996cb3dc -> 
  custom:scripting/monoscript/fileName/TileSizeFitter.cs: ba6326e335b6f177a627b992c444832c -> 
  custom:scripting/monoscript/fileName/SelectableScaler.cs: 3ebe175d64b38a572f8dbe8fd345f0c3 -> 
  custom:scripting/monoscript/fileName/AccordionElementEditor.cs: db5ee9b2cff22578a12a4d141614d665 -> 
  custom:scripting/monoscript/fileName/ExtensionsToggle.cs: e0b44aa7e1ff973d74b4857a34a48879 -> 
  custom:scripting/monoscript/fileName/ReorderableListElement.cs: 788a31431a1c95dc9a9a52767f8e812f -> 
  custom:scripting/monoscript/fileName/ShineEffector.cs: 52ed4eb6c7ed8f674a18d2a4db6eba86 -> 
  custom:scripting/monoscript/fileName/UISelectableExtension.cs: b6766007d8a2236e23d4749da2d8cdd2 -> 
  custom:framework-win-MediaFoundation: 216162199b28c13a410421893ffa2e32 -> 
  custom:scripting/monoscript/fileName/UISoftAdditiveEffect.cs: 30a825933c907dec19605ff2f58a292f -> 
  custom:scripting/monoscript/fileName/HexColorField.cs: 425eeca1ce4159bc649962b2337061a4 -> 
  custom:scripting/monoscript/fileName/ColorPickerControl.cs: 97231f899ae243cc634f34e048c22095 -> 
  custom:scripting/monoscript/fileName/ReorderableListDebug.cs: 51cf5a188c464deb681bea16cb795b61 -> 
  custom:scripting/monoscript/fileName/TextPic.cs: 9dbd7bc654cbf19eee33ac6fc452bfb1 -> 
  custom:scripting/monoscript/fileName/CUIImage.cs: 41f29f650aa507f802cd9793d91f3211 -> 
  custom:scripting/monoscript/fileName/DropDownListButton.cs: 71d533f2602e0e099d09a556ef8e4414 -> 
  custom:scripting/monoscript/fileName/ScrollSnap.cs: c5ae67ed5cc8c0ab1f7496803acc2648 -> 
  custom:scripting/monoscript/fileName/TextPicIconListCopier.cs: a564a2a474c019b98650cff2383ccfca -> 
  custom:scripting/monoscript/fileName/UICornerCut.cs: 69b0dfb485aa2b1afa65fcf30028125b -> 
  custom:scripting/monoscript/fileName/ScrollerEditor.cs: 478519b80ad2bc62d4a4b80ae078e694 -> 
  custom:scripting/monoscript/fileName/IBoxSelectable.cs: a5bf39a694cf2b84c65e7bec998d4941 -> 
  custom:scripting/monoscript/fileName/TiltWindow.cs: 7c3356d1b5bc9c6e9fe98345b0be7c30 -> 
  custom:scripting/monoscript/fileName/ExtensionMethods.cs: 943bd8dac5ce9467ce7deb0856dc6b0a -> 
  custom:scripting/monoscript/fileName/ComboBox.cs: a6ca48dde827ff07a9093f3624d58e62 -> 
  custom:scripting/monoscript/fileName/ScrollRectLinker.cs: 0316116e17d192ca2ef7c97539dff50f -> 
  custom:scripting/monoscript/fileName/SVBoxSlider.cs: 1d22c9c16d63e1cf38ad19bbcec9a0da -> 
  custom:scripting/monoscript/fileName/VerticalScrollSnap.cs: a7ebcf1fac8331e70ee01e540cbe484b -> 
  custom:scripting/monoscript/fileName/UILineConnector.cs: ea5f69a32957fe35ae7b512ef3f758ef -> 
  custom:scripting/monoscript/fileName/UIScreenEffect.cs: c36542c529d1f733362556ab22c18bf9 -> 
  custom:scripting/monoscript/fileName/SoftMaskScript.cs: 867049fb2647c9983fb1391409f93d30 -> 
  custom:scripting/monoscript/fileName/DiamondGraph.cs: a01b647a54847840428a395cc0d6fc16 -> 
  custom:scripting/monoscript/fileName/ScrollRectEx.cs: 3f6a881a34055e182fee3ab0baaee0c3 -> 
  custom:scripting/monoscript/fileName/UIGridRenderer.cs: 04c0062f4b7cdd6963fdba9ae03d9c72 -> 
  custom:scripting/monoscript/fileName/NicerOutline.cs: 571a7c7c4af4ebadc9fed23f0c3b0b46 -> 
  custom:CustomObjectIndexerAttribute: 9a22284fe3817be447336de3de66b15e -> 
  custom:scripting/monoscript/fileName/ScrollRectExtensions.cs: c76cb840404ffa9bc24248639e9da4ee -> 
  custom:scripting/monoscript/fileName/FancyGridViewContext.cs: 8738476657d4a33c34bc82bed7ce8bc9 -> 
  custom:scripting/monoscript/fileName/MinMaxValues.cs: 4aa11a61e640749f4ea5f947f86be5ba -> 
  custom:scripting/monoscript/fileName/CardExpanding3D.cs: d8b2b9924677ad2b445b05edbed7f0e3 -> 
  custom:scripting/monoscript/fileName/MinMaxSliderEditor.cs: e0496a7f76fc8934af2a763a7289ad36 -> 
  custom:scripting/monoscript/fileName/StepperSide.cs: 34d9a35c8c2622f327b140f18a7398a7 -> 
  custom:scripting/monoscript/fileName/CUIGraphicEditor.cs: a618262d3e77d462c5a0cd2e608e8a53 -> 
  custom:scripting/monoscript/fileName/DropDownList.cs: 3d51ab81e9571c9027b59874b2c78567 -> 
  custom:scripting/monoscript/fileName/ITweenValue.cs: 1d0eaa4b435fa135e18af6b5fa57e92e -> 
  custom:container-demuxer-webm: 4f35f7cbe854078d1ac9338744f61a02 -> 
  custom:scripting/monoscript/fileName/CardExpanding2D.cs: e0950b450275cb3936a581f286a6b471 -> 
  custom:scripting/monoscript/fileName/ResetSelectableHighlight.cs: 3ea63487fd77e7b22731770a86b4f8b9 -> 
  custom:scripting/monoscript/fileName/UIScrollToSelection.cs: d89fc8e36bdc19715e3104a5f857d175 -> 
  custom:scripting/monoscript/fileName/IScrollSnap.cs: 80b4110dac6695d630b8e7501d8e5aa8 -> 
  custom:scripting/monoscript/fileName/SegmentedControl.cs: 3a6e53207de58cf304ab520e0638e2df -> 
  custom:scripting/monoscript/fileName/ColorSampler.cs: 617678b91f4adc7b3146f51bed3fc4b1 -> 
  custom:scripting/monoscript/fileName/TabNavigationHelper.cs: 43f45dc623750048d2fbac24931c8ac8 -> 
  custom:scripting/monoscript/fileName/AutoCompleteComboBox.cs: 6e2e6cf33d4f5ca4ad3c05ff8f254467 -> 
  custom:scripting/monoscript/fileName/TextPicEditor.cs: c23216fe996c314d4c496ad837485981 -> 
  custom:scripting/monoscript/fileName/CUIMisc.cs: bc26c7f132f5cd28304cbc88070ca4dc -> 
  custom:scripting/monoscript/fileName/UIAdditiveEffect.cs: 50386f7d7d76f5c5e155dbf56c5e5fdd -> 
  custom:scripting/monoscript/fileName/MonoSpacing.cs: 45ba6bf376dd125375a8906a7d8b8b4b -> 
  custom:scripting/monoscript/fileName/FloatTween.cs: c51b551f6abec506d0db9945f7aa25cc -> 
  custom:scripting/monoscript/fileName/BoxSlider.cs: 662335e935a62641f6cb14e99e25e994 -> 
  custom:scripting/monoscript/fileName/BezierLineRendererEditor.cs: 2a50098be424d999e43b888ace13278c -> 
  custom:scripting/monoscript/fileName/NonDrawingGraphic.cs: a309796f6d67e4c1c110ec62b4572b4e -> 
  custom:scripting/monoscript/fileName/ScrollPositionController.cs: 30c392a65a277a4a74b1a6f1a3417601 -> 
  custom:scripting/monoscript/fileName/ContentScrollSnapHorizontal.cs: cb0bf043572062ce08b48904f46c98c8 -> 
  custom:scripting/monoscript/fileName/Triangulator.cs: 4ee9f09ca55767568ee94c9eaaed7244 -> d867a9a7a8385ef82ff357feb70c59d4
  custom:scripting/monoscript/fileName/UIImageCrop.cs: 1ec5d1f18ccf3bbe8ea319cda00ecfbc -> 
  custom:scripting/monoscript/fileName/BoxSliderEditor.cs: 9c680a5a338924fb176605eed0f68a75 -> 
  custom:scripting/monoscript/fileName/FancyScrollView.cs: c5f9c64ec4b4e183b17919204bc381a9 -> 
  custom:scripting/monoscript/fileName/BezierPath.cs: 90cbb6f823f7a03c69c93b3e1653c45e -> 
  custom:scripting/monoscript/fileName/SuperellipsePoints.cs: db2a1c9698f2dea478e1d6bfece554ae -> 
  custom:scripting/monoscript/fileName/UI_Knob.cs: 00244fb2be3e9e1f5ec3a07f175066a9 -> 
  custom:container-muxer-webm: aa71ff27fc2769a1b78a27578f13a17b -> 
  custom:scripting/monoscript/fileName/RaycastMask.cs: b13971e6a124c25b886c6703ae2aab24 -> 
  custom:scripting/monoscript/fileName/MultiTouchScrollRect.cs: 3a778993ea01435b2502c14ea2b2ff98 -> 
  custom:video-decoder-webm-vp8: 9c59270c3fd7afecdb556c50c9e8de78 -> 
  custom:scripting/monoscript/fileName/InputFieldEnterSubmit.cs: cdd5149b8afb8dc59ad57cc53ad8fb3b -> 
  custom:scripting/monoscript/fileName/ExampleSelectable.cs: 8dc7a8cd606154e7d10bb507e235c1f8 -> 
  custom:scripting/monoscript/fileName/uGUITools.cs: aa32797d8a9cdcd2167b6be114b0d5ec -> 
  custom:scripting/monoscript/fileName/UILinearDodgeEffect.cs: f5508d2f3f6addba614d4c08275f4546 -> 
  custom:SearchIndexIgnoredProperties: e643bd26f0fe6173181afceb89e7c659 -> 
  custom:scripting/monoscript/fileName/EasingCore.cs: 0bad7e894488e9b67256d892a478aab1 -> 
  custom:scripting/monoscript/fileName/Stepper.cs: 3ee1a56034750815f9c567b6c54fbbb8 -> 
  custom:scripting/monoscript/fileName/UIPrimitiveBase.cs: 80a945e915822efd5c887ee28f76aa9f -> 
  custom:AudioImporter_EditorPlatform: d09bf68614088b80899f8185d706f6e7 -> 
  custom:scripting/monoscript/fileName/LetterSpacing.cs: c4f4c504ac9c0b708c438c8a0faf6a96 -> 
  custom:scripting/monoscript/fileName/UISquircle.cs: faaa67841792f2c90a13db82841ac6e3 -> 
  custom:scripting/monoscript/fileName/RangeSlider.cs: 026cea0882c5bbc90f7cedc5111cfeb2 -> 
  custom:scripting/monoscript/fileName/UIExtensionMethods.cs: 2621bff24acfb4ddb3b264b7553588d8 -> 
  custom:scripting/monoscript/fileName/UIVerticalScroller.cs: 3532ae0d4ba5f6e2c310cfec2c655a8c -> 
  custom:scripting/monoscript/fileName/ColorLabel.cs: 9a2d62e5e8f65400e4abc881023f36f7 -> 
  custom:scripting/monoscript/fileName/TooltipTrigger.cs: 546a7d73bc42b9e6f1fd03a7e07d7f29 -> 
  custom:scripting/monoscript/fileName/UIMultiplyEffect.cs: 29b6f1f4d98d9b61292d829c0030af4b -> 
  custom:scripting/monoscript/fileName/CardPopup2D.cs: ac929914b8675b3ff1238ddb1cc99789 -> 
  custom:scripting/monoscript/fileName/ScrollSnapScrollbarHelper.cs: d6b043fd7048156ea2ef4da9da4a0a51 -> 
  custom:scripting/monoscript/fileName/HoverTooltip.cs: abdf0400bdf15bb8fdc0bc4d5ecc993f -> 
  custom:scripting/monoscript/fileName/ColorImage.cs: 87dea3e9bf43c94e295d4fa411046c66 -> 
  custom:scripting/monoscript/fileName/FancyScrollRectContext.cs: 9e5d4d8665c04a1190a3fc52908244b0 -> 
  custom:scripting/monoscript/fileName/TextPicIconEditor.cs: 1f41560011fcb93d03be374d10238c0c -> 
  custom:scripting/monoscript/fileName/UI_InfiniteScroll.cs: f7518bdb5ccbb5518282b9c860eef985 -> 
  custom:scripting/monoscript/fileName/UIExtensionsMenuOptions.cs: 25d3bc76bdcc7be45d732e8f064ec6a7 -> 
  custom:scripting/monoscript/fileName/ReadOnlyAttribute.cs: 604ae8fbc27d6402b88ac08f1987318f -> 
  custom:scripting/monoscript/fileName/UICircle.cs: e40253d6117a9fbea82cc285a7e8a36e -> 
  custom:scripting/monoscript/fileName/UIScrollToSelectionXY.cs: 8145d21a6ef6f8610242d2ba291595b9 -> 
  custom:scripting/monoscript/fileName/CUITextEditor.cs: 966cced0a631446b9484c2fe777a7f5b -> 
  custom:scripting/precompiled-assembly-types:UnityUIExtensions.editor: e002030e6fc012878af160bb334541ad -> 
  custom:scripting/monoscript/fileName/TweenRunner.cs: 90647cc400823b41df847a6cbfc29026 -> 
  custom:scripting/monoscript/fileName/UIHorizontalScroller.cs: 758f016ad67e22eff0f26468f408f006 -> 
  custom:scripting/monoscript/fileName/ReturnKeyTriggersButton.cs: 622f27a1a5fce3f8fe14f0fe6c6b39b5 -> 
  custom:scripting/monoscript/fileName/FancyGridViewCell.cs: 0cdf409b5aa8d4c25876d72b5c6a3b60 -> 
  custom:scripting/monoscript/fileName/Scroller.cs: 94938ad1cd7c20206a0339e3bd7f3330 -> 
  custom:scripting/monoscript/fileName/CylinderText.cs: 86c073c10ed890f8e108be86fb350e35 -> 
  custom:scripting/monoscript/fileName/ColorPickerPresets.cs: d20309ac183a87fd46c2e0a03ba5bdef -> 
  custom:scripting/monoscript/fileName/RadialSlider.cs: 24542b53b379116a4f98bb53a64e13b8 -> 
  custom:scripting/monoscript/fileName/PPIViewer.cs: 5269fbe050022d597b2ceba1b1d4cbae -> 
  custom:scripting/monoscript/fileName/InputFocus.cs: 6a5a3b184038cb5e7dbe4882c96bc91b -> 
  custom:scripting/monoscript/fileName/CUIBezierCurve.cs: 32214df0cb137de9f4967269deffb6f3 -> 
  custom:scripting/monoscript/fileName/DropDownListItem.cs: 91c61fd79335f34fb81e114553bf8888 -> 
  custom:scripting/monoscript/fileName/UIFlippable.cs: 9c843e180ea4b6afe9c1ba071336e124 -> 
  custom:scripting/monoscript/fileName/CanvasGroupActivator.cs: f743e9c6e47b0eb8c0b7b2fbf9f7de19 -> 
  custom:scripting/monoscript/fileName/UIWindowBase.cs: 776e605614a77fffd4e0147c8e684e94 -> 
  custom:video-encoder-webm-vp8: eb34c28f22e8b96e1ab97ce403110664 -> 
  custom:scripting/monoscript/fileName/ScrollPositionControllerEditor.cs: fb86570a90d8d5b779234b7f103e1b51 -> 
  custom:scripting/monoscript/fileName/CurvedLayout.cs: 46917779e317aa4a214ea430689de312 -> 
  custom:scripting/monoscript/fileName/ScrollConflictManager.cs: 1a474b2432b80a8b7211f13c79bb991c -> 
  custom:scripting/monoscript/fileName/ReadOnlyDrawer.cs: 1c0aa6472b8e40c24f66a5805d818994 -> 
  custom:audio-decoder-ogg-vorbis: bf7c407c2cedff20999df2af8eb42d56 -> 
  custom:scripting/monoscript/fileName/FancyGridView.cs: 849ed7f5b11c9db237ef61b01c5a5104 -> 
  custom:scripting/monoscript/fileName/CableCurve.cs: 1ed0592bfc80d3ca3db7b55e9a6e9d9a -> 
  custom:scripting/monoscript/fileName/PaginationManager.cs: b5c7a38e1c9bde92ca052679632bc9f1 -> 
  custom:scripting/monoscript/fileName/UILineTextureRenderer.cs: f3042185c83712ad42b2d6694b56f8d3 -> 
  custom:scripting/monoscript/fileName/MenuManager.cs: 8e71de17d45faf11b5ca3e63d3867170 -> 
  custom:scripting/monoscript/fileName/ColorPickerPresetsEditor.cs: 57bebb34d006d8305e8cd353ea00f28b -> 
  custom:scripting/monoscript/fileName/UI_MagneticInfiniteScroll.cs: 7f0db092e1c52c826e7ccbefe21fe7ce -> 
  custom:scripting/monoscript/fileName/ToolTip.cs: 2f05f936126a769ca9a98ef6920928a7 -> 
  custom:scripting/monoscript/fileName/TextPicRenameEditor.cs: b67a1588d964fe3ac177da9872e96689 -> 
  custom:scripting/monoscript/fileName/TestCompression.cs: 2a18178f72c1b3979b9006483863f20e -> 
  custom:scripting/monoscript/fileName/IFancyScrollRectContext.cs: 9c4dee0aef526d67eb0a668a1c9b910a -> 
  custom:scripting/monoscript/fileName/ColorChangedEvent.cs: bafb161b451089e6c72bcae877e0ba66 -> 
  custom:scripting/monoscript/fileName/BestFitOutline.cs: 2ec1c68346f5b721e3d92092cd60b278 -> 
  custom:scripting/monoscript/fileName/NonDrawingGraphicEditor.cs: 1e7abd1e1a4d3da38de70c6d38c19118 -> 
  custom:scripting/monoscript/fileName/HSVChangedEvent.cs: 8a0d7f505f4db7e267a03264293f54eb -> 
  custom:scripting/monoscript/fileName/CUIImageEditor.cs: 0be5a4365a8d65680f88c4d192e5254c -> 
  custom:scripting/monoscript/fileName/HorizontalScrollSnap.cs: 624447835d67a70d90ed2b7f69117316 -> 
  custom:scripting/monoscript/fileName/UI_TweenScale.cs: 50a18c41daf615d82dc37ef0e9dcea31 -> 
  custom:scripting/monoscript/fileName/BoundTooltipItem.cs: 12dc26af634677e40fd7840809357e6c -> 
  custom:scripting/monoscript/fileName/AccordionElement.cs: 69f1a7e537099cc57de9b6eaa86cef32 -> 
  custom:scripting/monoscript/fileName/UI_ScrollRectOcclusion.cs: 491f1c2592ac821eb8de9e533fddd4a9 -> 
  custom:scripting/monoscript/fileName/CUIBezierCurveEditor.cs: be4462c6de2387d5f99ef9d0e93b91ee -> 
  custom:scripting/monoscript/fileName/ColorSliderImage.cs: bbcbfbf23dc2f9fc5450db8f36b24487 -> 
  custom:scripting/monoscript/fileName/Accordion.cs: c31898dc7ffd6f7b32be5689419229bc -> 
  custom:scripting/monoscript/fileName/FancyCell.cs: 0cdf409b5aa8d4c25876d72b5c6a3b60 -> 
  custom:scripting/monoscript/fileName/ShineEffect.cs: 61d233269c4ea687efa548adef5d6e13 -> 
  custom:audio-encoder-webm-vorbis: bf7c407c2cedff20999df2af8eb42d56 -> 
  custom:scripting/monoscript/fileName/ScrollRectTweener.cs: 3437a8fb18bed84a45865e36e83e332f -> 
  custom:scripting/monoscript/fileName/MeshCreator.cs: a2506ad04bac2e5a6d6d50e0d7978d92 -> 
  custom:scripting/monoscript/fileName/UIPolygon.cs: ef7b3e02606f58c56a27e65db10bc7f3 -> 
  custom:scripting/monoscript/fileName/switchToRectTransform.cs: 0ef297259b7f2ab26defc1d718ad1e0a -> 
  custom:scripting/monoscript/fileName/UILineRendererList.cs: efbf4ff76c31aa3e4f61c8b26734d929 -> 
  custom:scripting/monoscript/fileName/CLZF2.cs: 40ef7bf6191a1a5e5b0f37e092e1b271 -> 
  custom:scripting/monoscript/fileName/SimpleMenu.cs: 90647cc400823b41df847a6cbfc29026 -> 
  custom:scripting/monoscript/fileName/RescalePanel.cs: a379a55181438e3b7a29019da8a3c82c -> 
  custom:scripting/monoscript/fileName/DragCorrector.cs: 89ab4a0369eecb75be2277a80a08c1e7 -> 
  custom:scripting/monoscript/fileName/RangeSliderEditor.cs: 1c09cdb4e75bc10f834bbae9a7b54e1e -> 
  custom:scripting/monoscript/fileName/FancyScrollRect.cs: 0cdf409b5aa8d4c25876d72b5c6a3b60 -> 
  custom:scripting/precompiled-assembly-types:Assembly-CSharp: 24e3b857ac6999d02687837a5ab3b68d -> d9898b08f7aa15a36c94fc52d0b7440b
  custom:scripting/monoscript/fileName/ReorderableList.cs: 944c8e214787d07461c711b29546f976 -> 
  custom:scripting/monoscript/fileName/RadialLayout.cs: 170f31c5fdb54a9fe7ba926effdfd7d4 -> 
  custom:scripting/monoscript/fileName/ColorSlider.cs: a91d06b853e0bf2d5df3ea61a67d5c83 -> 
  custom:scripting/monoscript/fileName/IFancyGridViewContext.cs: be7addf49e5950ebb654fec55c2afa8b -> 
  custom:scripting/precompiled-assembly-types:UnityUIExtensions: c0991a7eaf90618746e467e9e018bd04 -> 
  custom:scripting/monoscript/fileName/CUIGraphic.cs: 4f47fad340418bff51fe6171e2259e7f -> 
  custom:scripting/monoscript/fileName/IFancyCellGroupContext.cs: 323b5f49cc2011b3d2d9088e528ed161 -> 
  custom:scripting/monoscript/fileName/MinMaxSlider.cs: e7d98a511e8b98df33f72f37935821e5 -> 
  custom:scripting/monoscript/fileName/ColorPickerTester.cs: 63b6c03c009a94721b9d41c8d5e5e6ed -> 
========================================================================
Received Import Request.
  Time since last request: 2440.109586 seconds.
  path: Assets/FilterAnimation.anim
  artifactKey: Guid(7b869619a03483448aea0ca42ae27b18) Importer(815301076,1909f56bfc062723c751e8b465ee728b)
Start importing Assets/FilterAnimation.anim using Guid(7b869619a03483448aea0ca42ae27b18) Importer(815301076,1909f56bfc062723c751e8b465ee728b) [PhysX] Initialized MultithreadedTaskDispatcher with 16 workers.
 -> (artifact id: '9319aa52e1452bccf49723c48355c16b') in 0.033276 seconds
Number of updated asset objects reloaded before import = 0
Number of asset objects unloaded after import = 1
========================================================================
Received Import Request.
  Time since last request: 5.984275 seconds.
  path: Assets/Filters.controller
  artifactKey: Guid(477602ce89e8381409a5756aa44ef558) Importer(815301076,1909f56bfc062723c751e8b465ee728b)
Start importing Assets/Filters.controller using Guid(477602ce89e8381409a5756aa44ef558) Importer(815301076,1909f56bfc062723c751e8b465ee728b) [PhysX] Initialized MultithreadedTaskDispatcher with 16 workers.
 -> (artifact id: '361cb7d4a459b6a2b5e2e59b9d16d260') in 0.010858 seconds
Number of updated asset objects reloaded before import = 0
Number of asset objects unloaded after import = 1
========================================================================
Received Import Request.
  Time since last request: 258.724980 seconds.
  path: Assets/Scripts/FiltersPanel.cs
  artifactKey: Guid(96c70c890b430c54cad0b88592cea19b) Importer(815301076,1909f56bfc062723c751e8b465ee728b)
Start importing Assets/Scripts/FiltersPanel.cs using Guid(96c70c890b430c54cad0b88592cea19b) Importer(815301076,1909f56bfc062723c751e8b465ee728b) [PhysX] Initialized MultithreadedTaskDispatcher with 16 workers.
 -> (artifact id: '35149d6be14d96402a35352d35d56874') in 0.001406 seconds
Number of updated asset objects reloaded before import = 0
Number of asset objects unloaded after import = 0
========================================================================
Received Prepare
Caller must complete domain reload
Begin MonoManager ReloadAssembly
- Loaded All Assemblies, in  0.575 seconds
Native extension for WindowsStandalone target not found
Native extension for WebGL target not found
Mono: successfully reloaded assembly
- Finished resetting the current domain, in  1.200 seconds
Domain Reload Profiling: 1775ms
	BeginReloadAssembly (177ms)
		ExecutionOrderSort (0ms)
		DisableScriptedObjects (13ms)
		BackupInstance (0ms)
		ReleaseScriptingObjects (0ms)
		CreateAndSetChildDomain (41ms)
	RebuildCommonClasses (46ms)
	RebuildNativeTypeToScriptingClass (12ms)
	initialDomainReloadingComplete (28ms)
	LoadAllAssembliesAndSetupDomain (311ms)
		LoadAssemblies (372ms)
		RebuildTransferFunctionScriptingTraits (0ms)
		AnalyzeDomain (34ms)
			TypeCache.Refresh (9ms)
				TypeCache.ScanAssembly (0ms)
			ScanForSourceGeneratedMonoScriptInfo (13ms)
			ResolveRequiredComponents (10ms)
	FinalizeReload (1201ms)
		ReleaseScriptCaches (0ms)
		RebuildScriptCaches (0ms)
		SetupLoadedEditorAssemblies (489ms)
			LogAssemblyErrors (0ms)
			InitializePlatformSupportModulesInManaged (7ms)
			SetLoadedEditorAssemblies (7ms)
			RefreshPlugins (0ms)
			BeforeProcessingInitializeOnLoad (87ms)
			ProcessInitializeOnLoadAttributes (346ms)
			ProcessInitializeOnLoadMethodAttributes (38ms)
			AfterProcessingInitializeOnLoad (4ms)
			EditorAssembliesLoaded (0ms)
		ExecutionOrderSort2 (0ms)
		AwakeInstancesAfterBackupRestoration (19ms)
Refreshing native plugins compatible for Editor in 9.31 ms, found 7 plugins.
Preloading 0 native plugins for Editor in 0.00 ms.
Unloading 4456 Unused Serialized files (Serialized files now loaded: 0)
Unloading 44 unused Assets / (0.7 MB). Loaded Objects now: 5342.
Memory consumption went from 158.2 MB to 157.5 MB.
Total: 4.372100 ms (FindLiveObjects: 0.605200 ms CreateObjectMapping: 0.224300 ms MarkObjects: 3.021000 ms  DeleteObjects: 0.520200 ms)

Prepare: number of updated asset objects reloaded= 0
AssetImportParameters requested are different than current active one (requested -> active):
  custom:scripting/monoscript/fileName/CardStack2D.cs: 52f7ac406c04f320c1cc31b32fc945ec -> 
  custom:scripting/monoscript/fileName/UILineRendererFIFO.cs: 1a840d7d842445f62c20beee85a5bbc5 -> 
  custom:scripting/monoscript/fileName/FlowLayoutGroup.cs: 4f8c51e99186127173631d5ea0b848a8 -> 
  custom:scripting/monoscript/fileName/UIParticleSystem.cs: 6cef203566a0c9333597e4e233613614 -> 
  custom:scripting/monoscript/fileName/UILineRenderer.cs: 673f1b621ab4781ac78770b1b3c45207 -> 
  custom:scripting/monoscript/fileName/TableLayoutGroup.cs: 9697d88a99d4c91003d206b86eed3a61 -> 
  custom:scripting/monoscript/fileName/Segment.cs: 823b994f6bbb6e32f73e9807948df6b3 -> 
  custom:container-demuxer-ogg: 62fdf1f143b41e24485cea50d1cbac27 -> 
  custom:scripting/monoscript/fileName/SelectionBox.cs: 9eabc2822607d24d284c5c0d720d4a01 -> 
  custom:scripting/monoscript/fileName/ReorderableListContent.cs: a630238339e5f198f723ac29a2329f6d -> 
  custom:scripting/monoscript/fileName/Menu.cs: d0a2652908e797d4064ef9b772450cc8 -> 
  custom:scripting/monoscript/fileName/SetPropertyUtility.cs: 02aade692758e5563210cc05829e9851 -> f604b4b9e6b0979bdfc1e2b40426dd19
  custom:scripting/monoscript/fileName/HSVUtil.cs: 2f204c7a89b046fae714aadbcda42851 -> 
  custom:scripting/monoscript/fileName/FancyCellGroup.cs: 90647cc400823b41df847a6cbfc29026 -> 
  custom:scripting/monoscript/fileName/RescaleDragPanel.cs: 428e5a10a21f2d3fc3805557487d591e -> 
  custom:scripting/monoscript/fileName/ExtensionsToggleGroup.cs: 93967f93faef61aecdca9232fa42b062 -> 
  custom:scripting/monoscript/fileName/ResizePanel.cs: 0a2d1269c62cba913a254b515f8b6020 -> 
  custom:scripting/monoscript/fileName/Circle.cs: cfc2369c92dd039be7c3f572f769fdcf -> 
  custom:scripting/monoscript/fileName/ShaderLibrary.cs: 7a09676978959734a6827051c965f749 -> 
  custom:scripting/monoscript/fileName/CurvedText.cs: c86aabacdca275700720e919fc8a8b52 -> 
  custom:scripting/monoscript/fileName/FancyScrollRectCell.cs: 0cdf409b5aa8d4c25876d72b5c6a3b60 -> 
  custom:scripting/monoscript/fileName/Gradient.cs: a4c2a5a25440c543cd82653fda832632 -> 
  custom:scripting/monoscript/fileName/ScrollSnapBase.cs: 3682088473625968e7b4647a6b4213f6 -> 
  custom:scripting/monoscript/fileName/CUIText.cs: 0be1a405bc9388e4813a74aad6018bec -> 
  custom:scripting/monoscript/fileName/BoundTooltipTrigger.cs: e78e2ee612ba85e075ab794a5cb95e73 -> 
  custom:scripting/monoscript/fileName/UIHighlightable.cs: fd305ad78204cb75a66ce809c3f50e6a -> 
  custom:video-codec-MediaFoundation-h265: 746d11721c4dcdbdad8f713fa42b33f4 -> 
  custom:scripting/monoscript/fileName/UIExtensionsInputManager.cs: 6f468ddae971c3bcce0288549c1beabd -> 
  custom:scripting/monoscript/fileName/Gradient2.cs: 9c1fd6257924e43a80b8fccb859d3828 -> 
  custom:scripting/monoscript/fileName/CooldownButton.cs: 72bd21b90ac71f29908a36179176f8fc -> 
  custom:video-decoder-ogg-theora: a1e56fd34408186e4bbccfd4996cb3dc -> 
  custom:scripting/monoscript/fileName/TileSizeFitter.cs: ba6326e335b6f177a627b992c444832c -> 
  custom:scripting/monoscript/fileName/SelectableScaler.cs: 3ebe175d64b38a572f8dbe8fd345f0c3 -> 
  custom:scripting/monoscript/fileName/AccordionElementEditor.cs: db5ee9b2cff22578a12a4d141614d665 -> 
  custom:scripting/monoscript/fileName/ExtensionsToggle.cs: e0b44aa7e1ff973d74b4857a34a48879 -> 
  custom:scripting/monoscript/fileName/ReorderableListElement.cs: 788a31431a1c95dc9a9a52767f8e812f -> 
  custom:scripting/monoscript/fileName/ShineEffector.cs: 52ed4eb6c7ed8f674a18d2a4db6eba86 -> 
  custom:scripting/monoscript/fileName/UISelectableExtension.cs: b6766007d8a2236e23d4749da2d8cdd2 -> 
  custom:framework-win-MediaFoundation: 216162199b28c13a410421893ffa2e32 -> 
  custom:scripting/monoscript/fileName/UISoftAdditiveEffect.cs: 30a825933c907dec19605ff2f58a292f -> 
  custom:scripting/monoscript/fileName/HexColorField.cs: 425eeca1ce4159bc649962b2337061a4 -> 
  custom:scripting/monoscript/fileName/ColorPickerControl.cs: 97231f899ae243cc634f34e048c22095 -> 
  custom:scripting/monoscript/fileName/ReorderableListDebug.cs: 51cf5a188c464deb681bea16cb795b61 -> 
  custom:scripting/monoscript/fileName/TextPic.cs: 9dbd7bc654cbf19eee33ac6fc452bfb1 -> 
  custom:scripting/monoscript/fileName/CUIImage.cs: 41f29f650aa507f802cd9793d91f3211 -> 
  custom:scripting/monoscript/fileName/DropDownListButton.cs: 71d533f2602e0e099d09a556ef8e4414 -> 
  custom:scripting/monoscript/fileName/ScrollSnap.cs: c5ae67ed5cc8c0ab1f7496803acc2648 -> 
  custom:scripting/monoscript/fileName/TextPicIconListCopier.cs: a564a2a474c019b98650cff2383ccfca -> 
  custom:scripting/monoscript/fileName/UICornerCut.cs: 69b0dfb485aa2b1afa65fcf30028125b -> 
  custom:scripting/monoscript/fileName/ScrollerEditor.cs: 478519b80ad2bc62d4a4b80ae078e694 -> 
  custom:scripting/monoscript/fileName/IBoxSelectable.cs: a5bf39a694cf2b84c65e7bec998d4941 -> 
  custom:scripting/monoscript/fileName/TiltWindow.cs: 7c3356d1b5bc9c6e9fe98345b0be7c30 -> 
  custom:scripting/monoscript/fileName/ExtensionMethods.cs: 943bd8dac5ce9467ce7deb0856dc6b0a -> 
  custom:scripting/monoscript/fileName/ComboBox.cs: a6ca48dde827ff07a9093f3624d58e62 -> 
  custom:scripting/monoscript/fileName/ScrollRectLinker.cs: 0316116e17d192ca2ef7c97539dff50f -> 
  custom:scripting/monoscript/fileName/SVBoxSlider.cs: 1d22c9c16d63e1cf38ad19bbcec9a0da -> 
  custom:scripting/monoscript/fileName/VerticalScrollSnap.cs: a7ebcf1fac8331e70ee01e540cbe484b -> 
  custom:scripting/monoscript/fileName/UILineConnector.cs: ea5f69a32957fe35ae7b512ef3f758ef -> 
  custom:scripting/monoscript/fileName/UIScreenEffect.cs: c36542c529d1f733362556ab22c18bf9 -> 
  custom:scripting/monoscript/fileName/SoftMaskScript.cs: 867049fb2647c9983fb1391409f93d30 -> 
  custom:scripting/monoscript/fileName/DiamondGraph.cs: a01b647a54847840428a395cc0d6fc16 -> 
  custom:scripting/monoscript/fileName/ScrollRectEx.cs: 3f6a881a34055e182fee3ab0baaee0c3 -> 
  custom:scripting/monoscript/fileName/UIGridRenderer.cs: 04c0062f4b7cdd6963fdba9ae03d9c72 -> 
  custom:scripting/monoscript/fileName/NicerOutline.cs: 571a7c7c4af4ebadc9fed23f0c3b0b46 -> 
  custom:CustomObjectIndexerAttribute: 9a22284fe3817be447336de3de66b15e -> 
  custom:scripting/monoscript/fileName/ScrollRectExtensions.cs: c76cb840404ffa9bc24248639e9da4ee -> 
  custom:scripting/monoscript/fileName/FancyGridViewContext.cs: 8738476657d4a33c34bc82bed7ce8bc9 -> 
  custom:scripting/monoscript/fileName/MinMaxValues.cs: 4aa11a61e640749f4ea5f947f86be5ba -> 
  custom:scripting/monoscript/fileName/CardExpanding3D.cs: d8b2b9924677ad2b445b05edbed7f0e3 -> 
  custom:scripting/monoscript/fileName/MinMaxSliderEditor.cs: e0496a7f76fc8934af2a763a7289ad36 -> 
  custom:scripting/monoscript/fileName/StepperSide.cs: 34d9a35c8c2622f327b140f18a7398a7 -> 
  custom:scripting/monoscript/fileName/CUIGraphicEditor.cs: a618262d3e77d462c5a0cd2e608e8a53 -> 
  custom:scripting/monoscript/fileName/DropDownList.cs: 3d51ab81e9571c9027b59874b2c78567 -> 
  custom:scripting/monoscript/fileName/ITweenValue.cs: 1d0eaa4b435fa135e18af6b5fa57e92e -> 
  custom:container-demuxer-webm: 4f35f7cbe854078d1ac9338744f61a02 -> 
  custom:scripting/monoscript/fileName/CardExpanding2D.cs: e0950b450275cb3936a581f286a6b471 -> 
  custom:scripting/monoscript/fileName/ResetSelectableHighlight.cs: 3ea63487fd77e7b22731770a86b4f8b9 -> 
  custom:scripting/monoscript/fileName/UIScrollToSelection.cs: d89fc8e36bdc19715e3104a5f857d175 -> 
  custom:scripting/monoscript/fileName/IScrollSnap.cs: 80b4110dac6695d630b8e7501d8e5aa8 -> 
  custom:scripting/monoscript/fileName/SegmentedControl.cs: 3a6e53207de58cf304ab520e0638e2df -> 
  custom:scripting/monoscript/fileName/ColorSampler.cs: 617678b91f4adc7b3146f51bed3fc4b1 -> 
  custom:scripting/monoscript/fileName/TabNavigationHelper.cs: 43f45dc623750048d2fbac24931c8ac8 -> 
  custom:scripting/monoscript/fileName/AutoCompleteComboBox.cs: 6e2e6cf33d4f5ca4ad3c05ff8f254467 -> 
  custom:scripting/monoscript/fileName/TextPicEditor.cs: c23216fe996c314d4c496ad837485981 -> 
  custom:scripting/monoscript/fileName/CUIMisc.cs: bc26c7f132f5cd28304cbc88070ca4dc -> 
  custom:scripting/monoscript/fileName/UIAdditiveEffect.cs: 50386f7d7d76f5c5e155dbf56c5e5fdd -> 
  custom:scripting/monoscript/fileName/MonoSpacing.cs: 45ba6bf376dd125375a8906a7d8b8b4b -> 
  custom:scripting/monoscript/fileName/FloatTween.cs: c51b551f6abec506d0db9945f7aa25cc -> 
  custom:scripting/monoscript/fileName/BoxSlider.cs: 662335e935a62641f6cb14e99e25e994 -> 
  custom:scripting/monoscript/fileName/BezierLineRendererEditor.cs: 2a50098be424d999e43b888ace13278c -> 
  custom:scripting/monoscript/fileName/NonDrawingGraphic.cs: a309796f6d67e4c1c110ec62b4572b4e -> 
  custom:scripting/monoscript/fileName/ScrollPositionController.cs: 30c392a65a277a4a74b1a6f1a3417601 -> 
  custom:scripting/monoscript/fileName/ContentScrollSnapHorizontal.cs: cb0bf043572062ce08b48904f46c98c8 -> 
  custom:scripting/monoscript/fileName/Triangulator.cs: 4ee9f09ca55767568ee94c9eaaed7244 -> d867a9a7a8385ef82ff357feb70c59d4
  custom:scripting/monoscript/fileName/UIImageCrop.cs: 1ec5d1f18ccf3bbe8ea319cda00ecfbc -> 
  custom:scripting/monoscript/fileName/BoxSliderEditor.cs: 9c680a5a338924fb176605eed0f68a75 -> 
  custom:scripting/monoscript/fileName/FancyScrollView.cs: c5f9c64ec4b4e183b17919204bc381a9 -> 
  custom:scripting/monoscript/fileName/BezierPath.cs: 90cbb6f823f7a03c69c93b3e1653c45e -> 
  custom:scripting/monoscript/fileName/SuperellipsePoints.cs: db2a1c9698f2dea478e1d6bfece554ae -> 
  custom:scripting/monoscript/fileName/UI_Knob.cs: 00244fb2be3e9e1f5ec3a07f175066a9 -> 
  custom:container-muxer-webm: aa71ff27fc2769a1b78a27578f13a17b -> 
  custom:scripting/monoscript/fileName/RaycastMask.cs: b13971e6a124c25b886c6703ae2aab24 -> 
  custom:scripting/monoscript/fileName/MultiTouchScrollRect.cs: 3a778993ea01435b2502c14ea2b2ff98 -> 
  custom:video-decoder-webm-vp8: 9c59270c3fd7afecdb556c50c9e8de78 -> 
  custom:scripting/monoscript/fileName/InputFieldEnterSubmit.cs: cdd5149b8afb8dc59ad57cc53ad8fb3b -> 
  custom:scripting/monoscript/fileName/ExampleSelectable.cs: 8dc7a8cd606154e7d10bb507e235c1f8 -> 
  custom:scripting/monoscript/fileName/uGUITools.cs: aa32797d8a9cdcd2167b6be114b0d5ec -> 
  custom:scripting/monoscript/fileName/UILinearDodgeEffect.cs: f5508d2f3f6addba614d4c08275f4546 -> 
  custom:SearchIndexIgnoredProperties: e643bd26f0fe6173181afceb89e7c659 -> 
  custom:scripting/monoscript/fileName/EasingCore.cs: 0bad7e894488e9b67256d892a478aab1 -> 
  custom:scripting/monoscript/fileName/Stepper.cs: 3ee1a56034750815f9c567b6c54fbbb8 -> 
  custom:scripting/monoscript/fileName/UIPrimitiveBase.cs: 80a945e915822efd5c887ee28f76aa9f -> 
  custom:AudioImporter_EditorPlatform: d09bf68614088b80899f8185d706f6e7 -> 
  custom:scripting/monoscript/fileName/LetterSpacing.cs: c4f4c504ac9c0b708c438c8a0faf6a96 -> 
  custom:scripting/monoscript/fileName/UISquircle.cs: faaa67841792f2c90a13db82841ac6e3 -> 
  custom:scripting/monoscript/fileName/RangeSlider.cs: 026cea0882c5bbc90f7cedc5111cfeb2 -> 
  custom:scripting/monoscript/fileName/UIExtensionMethods.cs: 2621bff24acfb4ddb3b264b7553588d8 -> 
  custom:scripting/monoscript/fileName/UIVerticalScroller.cs: 3532ae0d4ba5f6e2c310cfec2c655a8c -> 
  custom:scripting/monoscript/fileName/FiltersPanel.cs: 5dbe4ca523d219ec24889a3783d94d4d -> 
  custom:scripting/monoscript/fileName/ColorLabel.cs: 9a2d62e5e8f65400e4abc881023f36f7 -> 
  custom:scripting/monoscript/fileName/TooltipTrigger.cs: 546a7d73bc42b9e6f1fd03a7e07d7f29 -> 
  custom:scripting/monoscript/fileName/UIMultiplyEffect.cs: 29b6f1f4d98d9b61292d829c0030af4b -> 
  custom:scripting/monoscript/fileName/CardPopup2D.cs: ac929914b8675b3ff1238ddb1cc99789 -> 
  custom:scripting/monoscript/fileName/ScrollSnapScrollbarHelper.cs: d6b043fd7048156ea2ef4da9da4a0a51 -> 
  custom:scripting/monoscript/fileName/HoverTooltip.cs: abdf0400bdf15bb8fdc0bc4d5ecc993f -> 
  custom:scripting/monoscript/fileName/ColorImage.cs: 87dea3e9bf43c94e295d4fa411046c66 -> 
  custom:scripting/monoscript/fileName/FancyScrollRectContext.cs: 9e5d4d8665c04a1190a3fc52908244b0 -> 
  custom:scripting/monoscript/fileName/TextPicIconEditor.cs: 1f41560011fcb93d03be374d10238c0c -> 
  custom:scripting/monoscript/fileName/UI_InfiniteScroll.cs: f7518bdb5ccbb5518282b9c860eef985 -> 
  custom:scripting/monoscript/fileName/UIExtensionsMenuOptions.cs: 25d3bc76bdcc7be45d732e8f064ec6a7 -> 
  custom:scripting/monoscript/fileName/ReadOnlyAttribute.cs: 604ae8fbc27d6402b88ac08f1987318f -> 
  custom:scripting/monoscript/fileName/UICircle.cs: e40253d6117a9fbea82cc285a7e8a36e -> 
  custom:scripting/monoscript/fileName/UIScrollToSelectionXY.cs: 8145d21a6ef6f8610242d2ba291595b9 -> 
  custom:scripting/monoscript/fileName/CUITextEditor.cs: 966cced0a631446b9484c2fe777a7f5b -> 
  custom:scripting/precompiled-assembly-types:UnityUIExtensions.editor: e002030e6fc012878af160bb334541ad -> 
  custom:scripting/monoscript/fileName/TweenRunner.cs: 90647cc400823b41df847a6cbfc29026 -> 
  custom:scripting/monoscript/fileName/UIHorizontalScroller.cs: 758f016ad67e22eff0f26468f408f006 -> 
  custom:scripting/monoscript/fileName/ReturnKeyTriggersButton.cs: 622f27a1a5fce3f8fe14f0fe6c6b39b5 -> 
  custom:scripting/monoscript/fileName/FancyGridViewCell.cs: 0cdf409b5aa8d4c25876d72b5c6a3b60 -> 
  custom:scripting/monoscript/fileName/Scroller.cs: 94938ad1cd7c20206a0339e3bd7f3330 -> 
  custom:scripting/monoscript/fileName/CylinderText.cs: 86c073c10ed890f8e108be86fb350e35 -> 
  custom:scripting/monoscript/fileName/ColorPickerPresets.cs: d20309ac183a87fd46c2e0a03ba5bdef -> 
  custom:scripting/monoscript/fileName/RadialSlider.cs: 24542b53b379116a4f98bb53a64e13b8 -> 
  custom:scripting/monoscript/fileName/PPIViewer.cs: 5269fbe050022d597b2ceba1b1d4cbae -> 
  custom:scripting/monoscript/fileName/InputFocus.cs: 6a5a3b184038cb5e7dbe4882c96bc91b -> 
  custom:scripting/monoscript/fileName/CUIBezierCurve.cs: 32214df0cb137de9f4967269deffb6f3 -> 
  custom:scripting/monoscript/fileName/DropDownListItem.cs: 91c61fd79335f34fb81e114553bf8888 -> 
  custom:scripting/monoscript/fileName/UIFlippable.cs: 9c843e180ea4b6afe9c1ba071336e124 -> 
  custom:scripting/monoscript/fileName/CanvasGroupActivator.cs: f743e9c6e47b0eb8c0b7b2fbf9f7de19 -> 
  custom:scripting/monoscript/fileName/UIWindowBase.cs: 776e605614a77fffd4e0147c8e684e94 -> 
  custom:video-encoder-webm-vp8: eb34c28f22e8b96e1ab97ce403110664 -> 
  custom:scripting/monoscript/fileName/ScrollPositionControllerEditor.cs: fb86570a90d8d5b779234b7f103e1b51 -> 
  custom:scripting/monoscript/fileName/CurvedLayout.cs: 46917779e317aa4a214ea430689de312 -> 
  custom:scripting/monoscript/fileName/ScrollConflictManager.cs: 1a474b2432b80a8b7211f13c79bb991c -> 
  custom:scripting/monoscript/fileName/ReadOnlyDrawer.cs: 1c0aa6472b8e40c24f66a5805d818994 -> 
  custom:audio-decoder-ogg-vorbis: bf7c407c2cedff20999df2af8eb42d56 -> 
  custom:scripting/monoscript/fileName/FancyGridView.cs: 849ed7f5b11c9db237ef61b01c5a5104 -> 
  custom:scripting/monoscript/fileName/CableCurve.cs: 1ed0592bfc80d3ca3db7b55e9a6e9d9a -> 
  custom:scripting/monoscript/fileName/PaginationManager.cs: b5c7a38e1c9bde92ca052679632bc9f1 -> 
  custom:scripting/monoscript/fileName/UILineTextureRenderer.cs: f3042185c83712ad42b2d6694b56f8d3 -> 
  custom:scripting/monoscript/fileName/MenuManager.cs: 8e71de17d45faf11b5ca3e63d3867170 -> 
  custom:scripting/monoscript/fileName/ColorPickerPresetsEditor.cs: 57bebb34d006d8305e8cd353ea00f28b -> 
  custom:scripting/monoscript/fileName/UI_MagneticInfiniteScroll.cs: 7f0db092e1c52c826e7ccbefe21fe7ce -> 
  custom:scripting/monoscript/fileName/ToolTip.cs: 2f05f936126a769ca9a98ef6920928a7 -> 
  custom:scripting/monoscript/fileName/TextPicRenameEditor.cs: b67a1588d964fe3ac177da9872e96689 -> 
  custom:scripting/monoscript/fileName/TestCompression.cs: 2a18178f72c1b3979b9006483863f20e -> 
  custom:scripting/monoscript/fileName/IFancyScrollRectContext.cs: 9c4dee0aef526d67eb0a668a1c9b910a -> 
  custom:scripting/monoscript/fileName/ColorChangedEvent.cs: bafb161b451089e6c72bcae877e0ba66 -> 
  custom:scripting/monoscript/fileName/BestFitOutline.cs: 2ec1c68346f5b721e3d92092cd60b278 -> 
  custom:scripting/monoscript/fileName/NonDrawingGraphicEditor.cs: 1e7abd1e1a4d3da38de70c6d38c19118 -> 
  custom:scripting/monoscript/fileName/HSVChangedEvent.cs: 8a0d7f505f4db7e267a03264293f54eb -> 
  custom:scripting/monoscript/fileName/CUIImageEditor.cs: 0be5a4365a8d65680f88c4d192e5254c -> 
  custom:scripting/monoscript/fileName/HorizontalScrollSnap.cs: 624447835d67a70d90ed2b7f69117316 -> 
  custom:scripting/monoscript/fileName/UI_TweenScale.cs: 50a18c41daf615d82dc37ef0e9dcea31 -> 
  custom:scripting/monoscript/fileName/BoundTooltipItem.cs: 12dc26af634677e40fd7840809357e6c -> 
  custom:scripting/monoscript/fileName/AccordionElement.cs: 69f1a7e537099cc57de9b6eaa86cef32 -> 
  custom:scripting/monoscript/fileName/UI_ScrollRectOcclusion.cs: 491f1c2592ac821eb8de9e533fddd4a9 -> 
  custom:scripting/monoscript/fileName/CUIBezierCurveEditor.cs: be4462c6de2387d5f99ef9d0e93b91ee -> 
  custom:scripting/monoscript/fileName/ColorSliderImage.cs: bbcbfbf23dc2f9fc5450db8f36b24487 -> 
  custom:scripting/monoscript/fileName/Accordion.cs: c31898dc7ffd6f7b32be5689419229bc -> 
  custom:scripting/monoscript/fileName/FancyCell.cs: 0cdf409b5aa8d4c25876d72b5c6a3b60 -> 
  custom:scripting/monoscript/fileName/ShineEffect.cs: 61d233269c4ea687efa548adef5d6e13 -> 
  custom:audio-encoder-webm-vorbis: bf7c407c2cedff20999df2af8eb42d56 -> 
  custom:scripting/monoscript/fileName/ScrollRectTweener.cs: 3437a8fb18bed84a45865e36e83e332f -> 
  custom:scripting/monoscript/fileName/MeshCreator.cs: a2506ad04bac2e5a6d6d50e0d7978d92 -> 
  custom:scripting/monoscript/fileName/UIPolygon.cs: ef7b3e02606f58c56a27e65db10bc7f3 -> 
  custom:scripting/monoscript/fileName/switchToRectTransform.cs: 0ef297259b7f2ab26defc1d718ad1e0a -> 
  custom:scripting/monoscript/fileName/UILineRendererList.cs: efbf4ff76c31aa3e4f61c8b26734d929 -> 
  custom:scripting/monoscript/fileName/CLZF2.cs: 40ef7bf6191a1a5e5b0f37e092e1b271 -> 
  custom:scripting/monoscript/fileName/SimpleMenu.cs: 90647cc400823b41df847a6cbfc29026 -> 
  custom:scripting/monoscript/fileName/RescalePanel.cs: a379a55181438e3b7a29019da8a3c82c -> 
  custom:scripting/monoscript/fileName/DragCorrector.cs: 89ab4a0369eecb75be2277a80a08c1e7 -> 
  custom:scripting/monoscript/fileName/RangeSliderEditor.cs: 1c09cdb4e75bc10f834bbae9a7b54e1e -> 
  custom:scripting/monoscript/fileName/FancyScrollRect.cs: 0cdf409b5aa8d4c25876d72b5c6a3b60 -> 
  custom:scripting/precompiled-assembly-types:Assembly-CSharp: 9d98c5210357a57051bc817a849226c0 -> d9898b08f7aa15a36c94fc52d0b7440b
  custom:scripting/monoscript/fileName/ReorderableList.cs: 944c8e214787d07461c711b29546f976 -> 
  custom:scripting/monoscript/fileName/RadialLayout.cs: 170f31c5fdb54a9fe7ba926effdfd7d4 -> 
  custom:scripting/monoscript/fileName/ColorSlider.cs: a91d06b853e0bf2d5df3ea61a67d5c83 -> 
  custom:scripting/monoscript/fileName/IFancyGridViewContext.cs: be7addf49e5950ebb654fec55c2afa8b -> 
  custom:scripting/precompiled-assembly-types:UnityUIExtensions: c0991a7eaf90618746e467e9e018bd04 -> 
  custom:scripting/monoscript/fileName/CUIGraphic.cs: 4f47fad340418bff51fe6171e2259e7f -> 
  custom:scripting/monoscript/fileName/IFancyCellGroupContext.cs: 323b5f49cc2011b3d2d9088e528ed161 -> 
  custom:scripting/monoscript/fileName/MinMaxSlider.cs: e7d98a511e8b98df33f72f37935821e5 -> 
  custom:scripting/monoscript/fileName/ColorPickerTester.cs: 63b6c03c009a94721b9d41c8d5e5e6ed -> 
========================================================================
Received Prepare
Caller must complete domain reload
Begin MonoManager ReloadAssembly
- Loaded All Assemblies, in  0.550 seconds
Native extension for WindowsStandalone target not found
Native extension for WebGL target not found
Mono: successfully reloaded assembly
- Finished resetting the current domain, in  1.140 seconds
Domain Reload Profiling: 1689ms
	BeginReloadAssembly (173ms)
		ExecutionOrderSort (0ms)
		DisableScriptedObjects (13ms)
		BackupInstance (0ms)
		ReleaseScriptingObjects (0ms)
		CreateAndSetChildDomain (36ms)
	RebuildCommonClasses (37ms)
	RebuildNativeTypeToScriptingClass (12ms)
	initialDomainReloadingComplete (29ms)
	LoadAllAssembliesAndSetupDomain (298ms)
		LoadAssemblies (356ms)
		RebuildTransferFunctionScriptingTraits (0ms)
		AnalyzeDomain (36ms)
			TypeCache.Refresh (13ms)
				TypeCache.ScanAssembly (1ms)
			ScanForSourceGeneratedMonoScriptInfo (12ms)
			ResolveRequiredComponents (10ms)
	FinalizeReload (1140ms)
		ReleaseScriptCaches (0ms)
		RebuildScriptCaches (0ms)
		SetupLoadedEditorAssemblies (462ms)
			LogAssemblyErrors (0ms)
			InitializePlatformSupportModulesInManaged (7ms)
			SetLoadedEditorAssemblies (7ms)
			RefreshPlugins (0ms)
			BeforeProcessingInitializeOnLoad (82ms)
			ProcessInitializeOnLoadAttributes (332ms)
			ProcessInitializeOnLoadMethodAttributes (29ms)
			AfterProcessingInitializeOnLoad (4ms)
			EditorAssembliesLoaded (0ms)
		ExecutionOrderSort2 (0ms)
		AwakeInstancesAfterBackupRestoration (14ms)
Refreshing native plugins compatible for Editor in 5.54 ms, found 7 plugins.
Preloading 0 native plugins for Editor in 0.00 ms.
Unloading 4457 Unused Serialized files (Serialized files now loaded: 0)
Unloading 44 unused Assets / (0.7 MB). Loaded Objects now: 5346.
Memory consumption went from 158.4 MB to 157.8 MB.
Total: 4.068600 ms (FindLiveObjects: 0.516200 ms CreateObjectMapping: 0.209700 ms MarkObjects: 2.863200 ms  DeleteObjects: 0.478400 ms)

Prepare: number of updated asset objects reloaded= 0
AssetImportParameters requested are different than current active one (requested -> active):
  custom:scripting/monoscript/fileName/CardStack2D.cs: 52f7ac406c04f320c1cc31b32fc945ec -> 
  custom:scripting/monoscript/fileName/UILineRendererFIFO.cs: 1a840d7d842445f62c20beee85a5bbc5 -> 
  custom:scripting/monoscript/fileName/FlowLayoutGroup.cs: 4f8c51e99186127173631d5ea0b848a8 -> 
  custom:scripting/monoscript/fileName/UIParticleSystem.cs: 6cef203566a0c9333597e4e233613614 -> 
  custom:scripting/monoscript/fileName/UILineRenderer.cs: 673f1b621ab4781ac78770b1b3c45207 -> 
  custom:scripting/monoscript/fileName/TableLayoutGroup.cs: 9697d88a99d4c91003d206b86eed3a61 -> 
  custom:scripting/monoscript/fileName/Segment.cs: 823b994f6bbb6e32f73e9807948df6b3 -> 
  custom:container-demuxer-ogg: 62fdf1f143b41e24485cea50d1cbac27 -> 
  custom:scripting/monoscript/fileName/SelectionBox.cs: 9eabc2822607d24d284c5c0d720d4a01 -> 
  custom:scripting/monoscript/fileName/ReorderableListContent.cs: a630238339e5f198f723ac29a2329f6d -> 
  custom:scripting/monoscript/fileName/Menu.cs: d0a2652908e797d4064ef9b772450cc8 -> 
  custom:scripting/monoscript/fileName/SetPropertyUtility.cs: 02aade692758e5563210cc05829e9851 -> f604b4b9e6b0979bdfc1e2b40426dd19
  custom:scripting/monoscript/fileName/HSVUtil.cs: 2f204c7a89b046fae714aadbcda42851 -> 
  custom:scripting/monoscript/fileName/FancyCellGroup.cs: 90647cc400823b41df847a6cbfc29026 -> 
  custom:scripting/monoscript/fileName/RescaleDragPanel.cs: 428e5a10a21f2d3fc3805557487d591e -> 
  custom:scripting/monoscript/fileName/ExtensionsToggleGroup.cs: 93967f93faef61aecdca9232fa42b062 -> 
  custom:scripting/monoscript/fileName/ResizePanel.cs: 0a2d1269c62cba913a254b515f8b6020 -> 
  custom:scripting/monoscript/fileName/Circle.cs: cfc2369c92dd039be7c3f572f769fdcf -> 
  custom:scripting/monoscript/fileName/ShaderLibrary.cs: 7a09676978959734a6827051c965f749 -> 
  custom:scripting/monoscript/fileName/CurvedText.cs: c86aabacdca275700720e919fc8a8b52 -> 
  custom:scripting/monoscript/fileName/FancyScrollRectCell.cs: 0cdf409b5aa8d4c25876d72b5c6a3b60 -> 
  custom:scripting/monoscript/fileName/Gradient.cs: a4c2a5a25440c543cd82653fda832632 -> 
  custom:scripting/monoscript/fileName/ScrollSnapBase.cs: 3682088473625968e7b4647a6b4213f6 -> 
  custom:scripting/monoscript/fileName/CUIText.cs: 0be1a405bc9388e4813a74aad6018bec -> 
  custom:scripting/monoscript/fileName/BoundTooltipTrigger.cs: e78e2ee612ba85e075ab794a5cb95e73 -> 
  custom:scripting/monoscript/fileName/UIHighlightable.cs: fd305ad78204cb75a66ce809c3f50e6a -> 
  custom:video-codec-MediaFoundation-h265: 746d11721c4dcdbdad8f713fa42b33f4 -> 
  custom:scripting/monoscript/fileName/UIExtensionsInputManager.cs: 6f468ddae971c3bcce0288549c1beabd -> 
  custom:scripting/monoscript/fileName/Gradient2.cs: 9c1fd6257924e43a80b8fccb859d3828 -> 
  custom:scripting/monoscript/fileName/CooldownButton.cs: 72bd21b90ac71f29908a36179176f8fc -> 
  custom:video-decoder-ogg-theora: a1e56fd34408186e4bbccfd4996cb3dc -> 
  custom:scripting/monoscript/fileName/TileSizeFitter.cs: ba6326e335b6f177a627b992c444832c -> 
  custom:scripting/monoscript/fileName/SelectableScaler.cs: 3ebe175d64b38a572f8dbe8fd345f0c3 -> 
  custom:scripting/monoscript/fileName/AccordionElementEditor.cs: db5ee9b2cff22578a12a4d141614d665 -> 
  custom:scripting/monoscript/fileName/ExtensionsToggle.cs: e0b44aa7e1ff973d74b4857a34a48879 -> 
  custom:scripting/monoscript/fileName/ReorderableListElement.cs: 788a31431a1c95dc9a9a52767f8e812f -> 
  custom:scripting/monoscript/fileName/ShineEffector.cs: 52ed4eb6c7ed8f674a18d2a4db6eba86 -> 
  custom:scripting/monoscript/fileName/UISelectableExtension.cs: b6766007d8a2236e23d4749da2d8cdd2 -> 
  custom:framework-win-MediaFoundation: 216162199b28c13a410421893ffa2e32 -> 
  custom:scripting/monoscript/fileName/UISoftAdditiveEffect.cs: 30a825933c907dec19605ff2f58a292f -> 
  custom:scripting/monoscript/fileName/HexColorField.cs: 425eeca1ce4159bc649962b2337061a4 -> 
  custom:scripting/monoscript/fileName/ColorPickerControl.cs: 97231f899ae243cc634f34e048c22095 -> 
  custom:scripting/monoscript/fileName/ReorderableListDebug.cs: 51cf5a188c464deb681bea16cb795b61 -> 
  custom:scripting/monoscript/fileName/TextPic.cs: 9dbd7bc654cbf19eee33ac6fc452bfb1 -> 
  custom:scripting/monoscript/fileName/CUIImage.cs: 41f29f650aa507f802cd9793d91f3211 -> 
  custom:scripting/monoscript/fileName/DropDownListButton.cs: 71d533f2602e0e099d09a556ef8e4414 -> 
  custom:scripting/monoscript/fileName/ScrollSnap.cs: c5ae67ed5cc8c0ab1f7496803acc2648 -> 
  custom:scripting/monoscript/fileName/TextPicIconListCopier.cs: a564a2a474c019b98650cff2383ccfca -> 
  custom:scripting/monoscript/fileName/UICornerCut.cs: 69b0dfb485aa2b1afa65fcf30028125b -> 
  custom:scripting/monoscript/fileName/ScrollerEditor.cs: 478519b80ad2bc62d4a4b80ae078e694 -> 
  custom:scripting/monoscript/fileName/IBoxSelectable.cs: a5bf39a694cf2b84c65e7bec998d4941 -> 
  custom:scripting/monoscript/fileName/TiltWindow.cs: 7c3356d1b5bc9c6e9fe98345b0be7c30 -> 
  custom:scripting/monoscript/fileName/ExtensionMethods.cs: 943bd8dac5ce9467ce7deb0856dc6b0a -> 
  custom:scripting/monoscript/fileName/ComboBox.cs: a6ca48dde827ff07a9093f3624d58e62 -> 
  custom:scripting/monoscript/fileName/ScrollRectLinker.cs: 0316116e17d192ca2ef7c97539dff50f -> 
  custom:scripting/monoscript/fileName/SVBoxSlider.cs: 1d22c9c16d63e1cf38ad19bbcec9a0da -> 
  custom:scripting/monoscript/fileName/VerticalScrollSnap.cs: a7ebcf1fac8331e70ee01e540cbe484b -> 
  custom:scripting/monoscript/fileName/UILineConnector.cs: ea5f69a32957fe35ae7b512ef3f758ef -> 
  custom:scripting/monoscript/fileName/UIScreenEffect.cs: c36542c529d1f733362556ab22c18bf9 -> 
  custom:scripting/monoscript/fileName/SoftMaskScript.cs: 867049fb2647c9983fb1391409f93d30 -> 
  custom:scripting/monoscript/fileName/DiamondGraph.cs: a01b647a54847840428a395cc0d6fc16 -> 
  custom:scripting/monoscript/fileName/ScrollRectEx.cs: 3f6a881a34055e182fee3ab0baaee0c3 -> 
  custom:scripting/monoscript/fileName/UIGridRenderer.cs: 04c0062f4b7cdd6963fdba9ae03d9c72 -> 
  custom:scripting/monoscript/fileName/NicerOutline.cs: 571a7c7c4af4ebadc9fed23f0c3b0b46 -> 
  custom:CustomObjectIndexerAttribute: 9a22284fe3817be447336de3de66b15e -> 
  custom:scripting/monoscript/fileName/ScrollRectExtensions.cs: c76cb840404ffa9bc24248639e9da4ee -> 
  custom:scripting/monoscript/fileName/FancyGridViewContext.cs: 8738476657d4a33c34bc82bed7ce8bc9 -> 
  custom:scripting/monoscript/fileName/MinMaxValues.cs: 4aa11a61e640749f4ea5f947f86be5ba -> 
  custom:scripting/monoscript/fileName/CardExpanding3D.cs: d8b2b9924677ad2b445b05edbed7f0e3 -> 
  custom:scripting/monoscript/fileName/MinMaxSliderEditor.cs: e0496a7f76fc8934af2a763a7289ad36 -> 
  custom:scripting/monoscript/fileName/StepperSide.cs: 34d9a35c8c2622f327b140f18a7398a7 -> 
  custom:scripting/monoscript/fileName/CUIGraphicEditor.cs: a618262d3e77d462c5a0cd2e608e8a53 -> 
  custom:scripting/monoscript/fileName/DropDownList.cs: 3d51ab81e9571c9027b59874b2c78567 -> 
  custom:scripting/monoscript/fileName/ITweenValue.cs: 1d0eaa4b435fa135e18af6b5fa57e92e -> 
  custom:container-demuxer-webm: 4f35f7cbe854078d1ac9338744f61a02 -> 
  custom:scripting/monoscript/fileName/CardExpanding2D.cs: e0950b450275cb3936a581f286a6b471 -> 
  custom:scripting/monoscript/fileName/ResetSelectableHighlight.cs: 3ea63487fd77e7b22731770a86b4f8b9 -> 
  custom:scripting/monoscript/fileName/UIScrollToSelection.cs: d89fc8e36bdc19715e3104a5f857d175 -> 
  custom:scripting/monoscript/fileName/IScrollSnap.cs: 80b4110dac6695d630b8e7501d8e5aa8 -> 
  custom:scripting/monoscript/fileName/SegmentedControl.cs: 3a6e53207de58cf304ab520e0638e2df -> 
  custom:scripting/monoscript/fileName/ColorSampler.cs: 617678b91f4adc7b3146f51bed3fc4b1 -> 
  custom:scripting/monoscript/fileName/TabNavigationHelper.cs: 43f45dc623750048d2fbac24931c8ac8 -> 
  custom:scripting/monoscript/fileName/AutoCompleteComboBox.cs: 6e2e6cf33d4f5ca4ad3c05ff8f254467 -> 
  custom:scripting/monoscript/fileName/TextPicEditor.cs: c23216fe996c314d4c496ad837485981 -> 
  custom:scripting/monoscript/fileName/CUIMisc.cs: bc26c7f132f5cd28304cbc88070ca4dc -> 
  custom:scripting/monoscript/fileName/UIAdditiveEffect.cs: 50386f7d7d76f5c5e155dbf56c5e5fdd -> 
  custom:scripting/monoscript/fileName/MonoSpacing.cs: 45ba6bf376dd125375a8906a7d8b8b4b -> 
  custom:scripting/monoscript/fileName/FloatTween.cs: c51b551f6abec506d0db9945f7aa25cc -> 
  custom:scripting/monoscript/fileName/BoxSlider.cs: 662335e935a62641f6cb14e99e25e994 -> 
  custom:scripting/monoscript/fileName/BezierLineRendererEditor.cs: 2a50098be424d999e43b888ace13278c -> 
  custom:scripting/monoscript/fileName/NonDrawingGraphic.cs: a309796f6d67e4c1c110ec62b4572b4e -> 
  custom:scripting/monoscript/fileName/ScrollPositionController.cs: 30c392a65a277a4a74b1a6f1a3417601 -> 
  custom:scripting/monoscript/fileName/ContentScrollSnapHorizontal.cs: cb0bf043572062ce08b48904f46c98c8 -> 
  custom:scripting/monoscript/fileName/Triangulator.cs: 4ee9f09ca55767568ee94c9eaaed7244 -> d867a9a7a8385ef82ff357feb70c59d4
  custom:scripting/monoscript/fileName/UIImageCrop.cs: 1ec5d1f18ccf3bbe8ea319cda00ecfbc -> 
  custom:scripting/monoscript/fileName/BoxSliderEditor.cs: 9c680a5a338924fb176605eed0f68a75 -> 
  custom:scripting/monoscript/fileName/FancyScrollView.cs: c5f9c64ec4b4e183b17919204bc381a9 -> 
  custom:scripting/monoscript/fileName/BezierPath.cs: 90cbb6f823f7a03c69c93b3e1653c45e -> 
  custom:scripting/monoscript/fileName/SuperellipsePoints.cs: db2a1c9698f2dea478e1d6bfece554ae -> 
  custom:scripting/monoscript/fileName/UI_Knob.cs: 00244fb2be3e9e1f5ec3a07f175066a9 -> 
  custom:container-muxer-webm: aa71ff27fc2769a1b78a27578f13a17b -> 
  custom:scripting/monoscript/fileName/RaycastMask.cs: b13971e6a124c25b886c6703ae2aab24 -> 
  custom:scripting/monoscript/fileName/MultiTouchScrollRect.cs: 3a778993ea01435b2502c14ea2b2ff98 -> 
  custom:video-decoder-webm-vp8: 9c59270c3fd7afecdb556c50c9e8de78 -> 
  custom:scripting/monoscript/fileName/InputFieldEnterSubmit.cs: cdd5149b8afb8dc59ad57cc53ad8fb3b -> 
  custom:scripting/monoscript/fileName/ExampleSelectable.cs: 8dc7a8cd606154e7d10bb507e235c1f8 -> 
  custom:scripting/monoscript/fileName/uGUITools.cs: aa32797d8a9cdcd2167b6be114b0d5ec -> 
  custom:scripting/monoscript/fileName/UILinearDodgeEffect.cs: f5508d2f3f6addba614d4c08275f4546 -> 
  custom:SearchIndexIgnoredProperties: e643bd26f0fe6173181afceb89e7c659 -> 
  custom:scripting/monoscript/fileName/EasingCore.cs: 0bad7e894488e9b67256d892a478aab1 -> 
  custom:scripting/monoscript/fileName/Stepper.cs: 3ee1a56034750815f9c567b6c54fbbb8 -> 
  custom:scripting/monoscript/fileName/UIPrimitiveBase.cs: 80a945e915822efd5c887ee28f76aa9f -> 
  custom:AudioImporter_EditorPlatform: d09bf68614088b80899f8185d706f6e7 -> 
  custom:scripting/monoscript/fileName/LetterSpacing.cs: c4f4c504ac9c0b708c438c8a0faf6a96 -> 
  custom:scripting/monoscript/fileName/UISquircle.cs: faaa67841792f2c90a13db82841ac6e3 -> 
  custom:scripting/monoscript/fileName/RangeSlider.cs: 026cea0882c5bbc90f7cedc5111cfeb2 -> 
  custom:scripting/monoscript/fileName/UIExtensionMethods.cs: 2621bff24acfb4ddb3b264b7553588d8 -> 
  custom:scripting/monoscript/fileName/UIVerticalScroller.cs: 3532ae0d4ba5f6e2c310cfec2c655a8c -> 
  custom:scripting/monoscript/fileName/FiltersPanel.cs: 5dbe4ca523d219ec24889a3783d94d4d -> 
  custom:scripting/monoscript/fileName/ColorLabel.cs: 9a2d62e5e8f65400e4abc881023f36f7 -> 
  custom:scripting/monoscript/fileName/TooltipTrigger.cs: 546a7d73bc42b9e6f1fd03a7e07d7f29 -> 
  custom:scripting/monoscript/fileName/UIMultiplyEffect.cs: 29b6f1f4d98d9b61292d829c0030af4b -> 
  custom:scripting/monoscript/fileName/CardPopup2D.cs: ac929914b8675b3ff1238ddb1cc99789 -> 
  custom:scripting/monoscript/fileName/ScrollSnapScrollbarHelper.cs: d6b043fd7048156ea2ef4da9da4a0a51 -> 
  custom:scripting/monoscript/fileName/HoverTooltip.cs: abdf0400bdf15bb8fdc0bc4d5ecc993f -> 
  custom:scripting/monoscript/fileName/ColorImage.cs: 87dea3e9bf43c94e295d4fa411046c66 -> 
  custom:scripting/monoscript/fileName/FancyScrollRectContext.cs: 9e5d4d8665c04a1190a3fc52908244b0 -> 
  custom:scripting/monoscript/fileName/TextPicIconEditor.cs: 1f41560011fcb93d03be374d10238c0c -> 
  custom:scripting/monoscript/fileName/UI_InfiniteScroll.cs: f7518bdb5ccbb5518282b9c860eef985 -> 
  custom:scripting/monoscript/fileName/UIExtensionsMenuOptions.cs: 25d3bc76bdcc7be45d732e8f064ec6a7 -> 
  custom:scripting/monoscript/fileName/ReadOnlyAttribute.cs: 604ae8fbc27d6402b88ac08f1987318f -> 
  custom:scripting/monoscript/fileName/UICircle.cs: e40253d6117a9fbea82cc285a7e8a36e -> 
  custom:scripting/monoscript/fileName/UIScrollToSelectionXY.cs: 8145d21a6ef6f8610242d2ba291595b9 -> 
  custom:scripting/monoscript/fileName/CUITextEditor.cs: 966cced0a631446b9484c2fe777a7f5b -> 
  custom:scripting/precompiled-assembly-types:UnityUIExtensions.editor: e002030e6fc012878af160bb334541ad -> 
  custom:scripting/monoscript/fileName/TweenRunner.cs: 90647cc400823b41df847a6cbfc29026 -> 
  custom:scripting/monoscript/fileName/UIHorizontalScroller.cs: 758f016ad67e22eff0f26468f408f006 -> 
  custom:scripting/monoscript/fileName/ReturnKeyTriggersButton.cs: 622f27a1a5fce3f8fe14f0fe6c6b39b5 -> 
  custom:scripting/monoscript/fileName/FancyGridViewCell.cs: 0cdf409b5aa8d4c25876d72b5c6a3b60 -> 
  custom:scripting/monoscript/fileName/Scroller.cs: 94938ad1cd7c20206a0339e3bd7f3330 -> 
  custom:scripting/monoscript/fileName/CylinderText.cs: 86c073c10ed890f8e108be86fb350e35 -> 
  custom:scripting/monoscript/fileName/ColorPickerPresets.cs: d20309ac183a87fd46c2e0a03ba5bdef -> 
  custom:scripting/monoscript/fileName/RadialSlider.cs: 24542b53b379116a4f98bb53a64e13b8 -> 
  custom:scripting/monoscript/fileName/PPIViewer.cs: 5269fbe050022d597b2ceba1b1d4cbae -> 
  custom:scripting/monoscript/fileName/InputFocus.cs: 6a5a3b184038cb5e7dbe4882c96bc91b -> 
  custom:scripting/monoscript/fileName/CUIBezierCurve.cs: 32214df0cb137de9f4967269deffb6f3 -> 
  custom:scripting/monoscript/fileName/DropDownListItem.cs: 91c61fd79335f34fb81e114553bf8888 -> 
  custom:scripting/monoscript/fileName/UIFlippable.cs: 9c843e180ea4b6afe9c1ba071336e124 -> 
  custom:scripting/monoscript/fileName/CanvasGroupActivator.cs: f743e9c6e47b0eb8c0b7b2fbf9f7de19 -> 
  custom:scripting/monoscript/fileName/UIWindowBase.cs: 776e605614a77fffd4e0147c8e684e94 -> 
  custom:video-encoder-webm-vp8: eb34c28f22e8b96e1ab97ce403110664 -> 
  custom:scripting/monoscript/fileName/ScrollPositionControllerEditor.cs: fb86570a90d8d5b779234b7f103e1b51 -> 
  custom:scripting/monoscript/fileName/CurvedLayout.cs: 46917779e317aa4a214ea430689de312 -> 
  custom:scripting/monoscript/fileName/ScrollConflictManager.cs: 1a474b2432b80a8b7211f13c79bb991c -> 
  custom:scripting/monoscript/fileName/ReadOnlyDrawer.cs: 1c0aa6472b8e40c24f66a5805d818994 -> 
  custom:audio-decoder-ogg-vorbis: bf7c407c2cedff20999df2af8eb42d56 -> 
  custom:scripting/monoscript/fileName/FancyGridView.cs: 849ed7f5b11c9db237ef61b01c5a5104 -> 
  custom:scripting/monoscript/fileName/CableCurve.cs: 1ed0592bfc80d3ca3db7b55e9a6e9d9a -> 
  custom:scripting/monoscript/fileName/PaginationManager.cs: b5c7a38e1c9bde92ca052679632bc9f1 -> 
  custom:scripting/monoscript/fileName/UILineTextureRenderer.cs: f3042185c83712ad42b2d6694b56f8d3 -> 
  custom:scripting/monoscript/fileName/MenuManager.cs: 8e71de17d45faf11b5ca3e63d3867170 -> 
  custom:scripting/monoscript/fileName/ColorPickerPresetsEditor.cs: 57bebb34d006d8305e8cd353ea00f28b -> 
  custom:scripting/monoscript/fileName/UI_MagneticInfiniteScroll.cs: 7f0db092e1c52c826e7ccbefe21fe7ce -> 
  custom:scripting/monoscript/fileName/ToolTip.cs: 2f05f936126a769ca9a98ef6920928a7 -> 
  custom:scripting/monoscript/fileName/TextPicRenameEditor.cs: b67a1588d964fe3ac177da9872e96689 -> 
  custom:scripting/monoscript/fileName/TestCompression.cs: 2a18178f72c1b3979b9006483863f20e -> 
  custom:scripting/monoscript/fileName/IFancyScrollRectContext.cs: 9c4dee0aef526d67eb0a668a1c9b910a -> 
  custom:scripting/monoscript/fileName/ColorChangedEvent.cs: bafb161b451089e6c72bcae877e0ba66 -> 
  custom:scripting/monoscript/fileName/BestFitOutline.cs: 2ec1c68346f5b721e3d92092cd60b278 -> 
  custom:scripting/monoscript/fileName/NonDrawingGraphicEditor.cs: 1e7abd1e1a4d3da38de70c6d38c19118 -> 
  custom:scripting/monoscript/fileName/HSVChangedEvent.cs: 8a0d7f505f4db7e267a03264293f54eb -> 
  custom:scripting/monoscript/fileName/CUIImageEditor.cs: 0be5a4365a8d65680f88c4d192e5254c -> 
  custom:scripting/monoscript/fileName/HorizontalScrollSnap.cs: 624447835d67a70d90ed2b7f69117316 -> 
  custom:scripting/monoscript/fileName/UI_TweenScale.cs: 50a18c41daf615d82dc37ef0e9dcea31 -> 
  custom:scripting/monoscript/fileName/BoundTooltipItem.cs: 12dc26af634677e40fd7840809357e6c -> 
  custom:scripting/monoscript/fileName/AccordionElement.cs: 69f1a7e537099cc57de9b6eaa86cef32 -> 
  custom:scripting/monoscript/fileName/UI_ScrollRectOcclusion.cs: 491f1c2592ac821eb8de9e533fddd4a9 -> 
  custom:scripting/monoscript/fileName/CUIBezierCurveEditor.cs: be4462c6de2387d5f99ef9d0e93b91ee -> 
  custom:scripting/monoscript/fileName/ColorSliderImage.cs: bbcbfbf23dc2f9fc5450db8f36b24487 -> 
  custom:scripting/monoscript/fileName/Accordion.cs: c31898dc7ffd6f7b32be5689419229bc -> 
  custom:scripting/monoscript/fileName/FancyCell.cs: 0cdf409b5aa8d4c25876d72b5c6a3b60 -> 
  custom:scripting/monoscript/fileName/ShineEffect.cs: 61d233269c4ea687efa548adef5d6e13 -> 
  custom:audio-encoder-webm-vorbis: bf7c407c2cedff20999df2af8eb42d56 -> 
  custom:scripting/monoscript/fileName/ScrollRectTweener.cs: 3437a8fb18bed84a45865e36e83e332f -> 
  custom:scripting/monoscript/fileName/MeshCreator.cs: a2506ad04bac2e5a6d6d50e0d7978d92 -> 
  custom:scripting/monoscript/fileName/UIPolygon.cs: ef7b3e02606f58c56a27e65db10bc7f3 -> 
  custom:scripting/monoscript/fileName/switchToRectTransform.cs: 0ef297259b7f2ab26defc1d718ad1e0a -> 
  custom:scripting/monoscript/fileName/UILineRendererList.cs: efbf4ff76c31aa3e4f61c8b26734d929 -> 
  custom:scripting/monoscript/fileName/CLZF2.cs: 40ef7bf6191a1a5e5b0f37e092e1b271 -> 
  custom:scripting/monoscript/fileName/SimpleMenu.cs: 90647cc400823b41df847a6cbfc29026 -> 
  custom:scripting/monoscript/fileName/RescalePanel.cs: a379a55181438e3b7a29019da8a3c82c -> 
  custom:scripting/monoscript/fileName/DragCorrector.cs: 89ab4a0369eecb75be2277a80a08c1e7 -> 
  custom:scripting/monoscript/fileName/RangeSliderEditor.cs: 1c09cdb4e75bc10f834bbae9a7b54e1e -> 
  custom:scripting/monoscript/fileName/FancyScrollRect.cs: 0cdf409b5aa8d4c25876d72b5c6a3b60 -> 
  custom:scripting/precompiled-assembly-types:Assembly-CSharp: 9d98c5210357a57051bc817a849226c0 -> d9898b08f7aa15a36c94fc52d0b7440b
  custom:scripting/monoscript/fileName/ReorderableList.cs: 944c8e214787d07461c711b29546f976 -> 
  custom:scripting/monoscript/fileName/RadialLayout.cs: 170f31c5fdb54a9fe7ba926effdfd7d4 -> 
  custom:scripting/monoscript/fileName/ColorSlider.cs: a91d06b853e0bf2d5df3ea61a67d5c83 -> 
  custom:scripting/monoscript/fileName/IFancyGridViewContext.cs: be7addf49e5950ebb654fec55c2afa8b -> 
  custom:scripting/precompiled-assembly-types:UnityUIExtensions: c0991a7eaf90618746e467e9e018bd04 -> 
  custom:scripting/monoscript/fileName/CUIGraphic.cs: 4f47fad340418bff51fe6171e2259e7f -> 
  custom:scripting/monoscript/fileName/IFancyCellGroupContext.cs: 323b5f49cc2011b3d2d9088e528ed161 -> 
  custom:scripting/monoscript/fileName/MinMaxSlider.cs: e7d98a511e8b98df33f72f37935821e5 -> 
  custom:scripting/monoscript/fileName/ColorPickerTester.cs: 63b6c03c009a94721b9d41c8d5e5e6ed -> 
========================================================================
Received Prepare
Caller must complete domain reload
Begin MonoManager ReloadAssembly
- Loaded All Assemblies, in  0.517 seconds
Native extension for WindowsStandalone target not found
Native extension for WebGL target not found
Mono: successfully reloaded assembly
- Finished resetting the current domain, in  1.044 seconds
Domain Reload Profiling: 1561ms
	BeginReloadAssembly (166ms)
		ExecutionOrderSort (0ms)
		DisableScriptedObjects (12ms)
		BackupInstance (0ms)
		ReleaseScriptingObjects (0ms)
		CreateAndSetChildDomain (35ms)
	RebuildCommonClasses (41ms)
	RebuildNativeTypeToScriptingClass (12ms)
	initialDomainReloadingComplete (28ms)
	LoadAllAssembliesAndSetupDomain (270ms)
		LoadAssemblies (340ms)
		RebuildTransferFunctionScriptingTraits (0ms)
		AnalyzeDomain (18ms)
			TypeCache.Refresh (6ms)
				TypeCache.ScanAssembly (0ms)
			ScanForSourceGeneratedMonoScriptInfo (0ms)
			ResolveRequiredComponents (10ms)
	FinalizeReload (1045ms)
		ReleaseScriptCaches (0ms)
		RebuildScriptCaches (0ms)
		SetupLoadedEditorAssemblies (425ms)
			LogAssemblyErrors (0ms)
			InitializePlatformSupportModulesInManaged (6ms)
			SetLoadedEditorAssemblies (6ms)
			RefreshPlugins (0ms)
			BeforeProcessingInitializeOnLoad (71ms)
			ProcessInitializeOnLoadAttributes (307ms)
			ProcessInitializeOnLoadMethodAttributes (32ms)
			AfterProcessingInitializeOnLoad (2ms)
			EditorAssembliesLoaded (0ms)
		ExecutionOrderSort2 (0ms)
		AwakeInstancesAfterBackupRestoration (15ms)
Refreshing native plugins compatible for Editor in 9.24 ms, found 7 plugins.
Preloading 0 native plugins for Editor in 0.00 ms.
Unloading 4457 Unused Serialized files (Serialized files now loaded: 0)
Unloading 44 unused Assets / (0.7 MB). Loaded Objects now: 5350.
Memory consumption went from 158.5 MB to 157.8 MB.
Total: 4.540800 ms (FindLiveObjects: 0.532100 ms CreateObjectMapping: 0.162300 ms MarkObjects: 3.245900 ms  DeleteObjects: 0.598600 ms)

Prepare: number of updated asset objects reloaded= 0
AssetImportParameters requested are different than current active one (requested -> active):
  custom:scripting/monoscript/fileName/CardStack2D.cs: 52f7ac406c04f320c1cc31b32fc945ec -> 
  custom:scripting/monoscript/fileName/UILineRendererFIFO.cs: 1a840d7d842445f62c20beee85a5bbc5 -> 
  custom:scripting/monoscript/fileName/FlowLayoutGroup.cs: 4f8c51e99186127173631d5ea0b848a8 -> 
  custom:scripting/monoscript/fileName/UIParticleSystem.cs: 6cef203566a0c9333597e4e233613614 -> 
  custom:scripting/monoscript/fileName/UILineRenderer.cs: 673f1b621ab4781ac78770b1b3c45207 -> 
  custom:scripting/monoscript/fileName/TableLayoutGroup.cs: 9697d88a99d4c91003d206b86eed3a61 -> 
  custom:scripting/monoscript/fileName/Segment.cs: 823b994f6bbb6e32f73e9807948df6b3 -> 
  custom:container-demuxer-ogg: 62fdf1f143b41e24485cea50d1cbac27 -> 
  custom:scripting/monoscript/fileName/SelectionBox.cs: 9eabc2822607d24d284c5c0d720d4a01 -> 
  custom:scripting/monoscript/fileName/ReorderableListContent.cs: a630238339e5f198f723ac29a2329f6d -> 
  custom:scripting/monoscript/fileName/Menu.cs: d0a2652908e797d4064ef9b772450cc8 -> 
  custom:scripting/monoscript/fileName/SetPropertyUtility.cs: 02aade692758e5563210cc05829e9851 -> f604b4b9e6b0979bdfc1e2b40426dd19
  custom:scripting/monoscript/fileName/HSVUtil.cs: 2f204c7a89b046fae714aadbcda42851 -> 
  custom:scripting/monoscript/fileName/FancyCellGroup.cs: 90647cc400823b41df847a6cbfc29026 -> 
  custom:scripting/monoscript/fileName/RescaleDragPanel.cs: 428e5a10a21f2d3fc3805557487d591e -> 
  custom:scripting/monoscript/fileName/ExtensionsToggleGroup.cs: 93967f93faef61aecdca9232fa42b062 -> 
  custom:scripting/monoscript/fileName/ResizePanel.cs: 0a2d1269c62cba913a254b515f8b6020 -> 
  custom:scripting/monoscript/fileName/Circle.cs: cfc2369c92dd039be7c3f572f769fdcf -> 
  custom:scripting/monoscript/fileName/ShaderLibrary.cs: 7a09676978959734a6827051c965f749 -> 
  custom:scripting/monoscript/fileName/CurvedText.cs: c86aabacdca275700720e919fc8a8b52 -> 
  custom:scripting/monoscript/fileName/FancyScrollRectCell.cs: 0cdf409b5aa8d4c25876d72b5c6a3b60 -> 
  custom:scripting/monoscript/fileName/Gradient.cs: a4c2a5a25440c543cd82653fda832632 -> 
  custom:scripting/monoscript/fileName/ScrollSnapBase.cs: 3682088473625968e7b4647a6b4213f6 -> 
  custom:scripting/monoscript/fileName/CUIText.cs: 0be1a405bc9388e4813a74aad6018bec -> 
  custom:scripting/monoscript/fileName/BoundTooltipTrigger.cs: e78e2ee612ba85e075ab794a5cb95e73 -> 
  custom:scripting/monoscript/fileName/UIHighlightable.cs: fd305ad78204cb75a66ce809c3f50e6a -> 
  custom:video-codec-MediaFoundation-h265: 746d11721c4dcdbdad8f713fa42b33f4 -> 
  custom:scripting/monoscript/fileName/UIExtensionsInputManager.cs: 6f468ddae971c3bcce0288549c1beabd -> 
  custom:scripting/monoscript/fileName/Gradient2.cs: 9c1fd6257924e43a80b8fccb859d3828 -> 
  custom:scripting/monoscript/fileName/CooldownButton.cs: 72bd21b90ac71f29908a36179176f8fc -> 
  custom:video-decoder-ogg-theora: a1e56fd34408186e4bbccfd4996cb3dc -> 
  custom:scripting/monoscript/fileName/TileSizeFitter.cs: ba6326e335b6f177a627b992c444832c -> 
  custom:scripting/monoscript/fileName/SelectableScaler.cs: 3ebe175d64b38a572f8dbe8fd345f0c3 -> 
  custom:scripting/monoscript/fileName/AccordionElementEditor.cs: db5ee9b2cff22578a12a4d141614d665 -> 
  custom:scripting/monoscript/fileName/ExtensionsToggle.cs: e0b44aa7e1ff973d74b4857a34a48879 -> 
  custom:scripting/monoscript/fileName/ReorderableListElement.cs: 788a31431a1c95dc9a9a52767f8e812f -> 
  custom:scripting/monoscript/fileName/ShineEffector.cs: 52ed4eb6c7ed8f674a18d2a4db6eba86 -> 
  custom:scripting/monoscript/fileName/UISelectableExtension.cs: b6766007d8a2236e23d4749da2d8cdd2 -> 
  custom:framework-win-MediaFoundation: 216162199b28c13a410421893ffa2e32 -> 
  custom:scripting/monoscript/fileName/UISoftAdditiveEffect.cs: 30a825933c907dec19605ff2f58a292f -> 
  custom:scripting/monoscript/fileName/HexColorField.cs: 425eeca1ce4159bc649962b2337061a4 -> 
  custom:scripting/monoscript/fileName/ColorPickerControl.cs: 97231f899ae243cc634f34e048c22095 -> 
  custom:scripting/monoscript/fileName/ReorderableListDebug.cs: 51cf5a188c464deb681bea16cb795b61 -> 
  custom:scripting/monoscript/fileName/TextPic.cs: 9dbd7bc654cbf19eee33ac6fc452bfb1 -> 
  custom:scripting/monoscript/fileName/CUIImage.cs: 41f29f650aa507f802cd9793d91f3211 -> 
  custom:scripting/monoscript/fileName/DropDownListButton.cs: 71d533f2602e0e099d09a556ef8e4414 -> 
  custom:scripting/monoscript/fileName/ScrollSnap.cs: c5ae67ed5cc8c0ab1f7496803acc2648 -> 
  custom:scripting/monoscript/fileName/TextPicIconListCopier.cs: a564a2a474c019b98650cff2383ccfca -> 
  custom:scripting/monoscript/fileName/UICornerCut.cs: 69b0dfb485aa2b1afa65fcf30028125b -> 
  custom:scripting/monoscript/fileName/ScrollerEditor.cs: 478519b80ad2bc62d4a4b80ae078e694 -> 
  custom:scripting/monoscript/fileName/IBoxSelectable.cs: a5bf39a694cf2b84c65e7bec998d4941 -> 
  custom:scripting/monoscript/fileName/TiltWindow.cs: 7c3356d1b5bc9c6e9fe98345b0be7c30 -> 
  custom:scripting/monoscript/fileName/ExtensionMethods.cs: 943bd8dac5ce9467ce7deb0856dc6b0a -> 
  custom:scripting/monoscript/fileName/ComboBox.cs: a6ca48dde827ff07a9093f3624d58e62 -> 
  custom:scripting/monoscript/fileName/ScrollRectLinker.cs: 0316116e17d192ca2ef7c97539dff50f -> 
  custom:scripting/monoscript/fileName/SVBoxSlider.cs: 1d22c9c16d63e1cf38ad19bbcec9a0da -> 
  custom:scripting/monoscript/fileName/VerticalScrollSnap.cs: a7ebcf1fac8331e70ee01e540cbe484b -> 
  custom:scripting/monoscript/fileName/UILineConnector.cs: ea5f69a32957fe35ae7b512ef3f758ef -> 
  custom:scripting/monoscript/fileName/UIScreenEffect.cs: c36542c529d1f733362556ab22c18bf9 -> 
  custom:scripting/monoscript/fileName/SoftMaskScript.cs: 867049fb2647c9983fb1391409f93d30 -> 
  custom:scripting/monoscript/fileName/DiamondGraph.cs: a01b647a54847840428a395cc0d6fc16 -> 
  custom:scripting/monoscript/fileName/ScrollRectEx.cs: 3f6a881a34055e182fee3ab0baaee0c3 -> 
  custom:scripting/monoscript/fileName/UIGridRenderer.cs: 04c0062f4b7cdd6963fdba9ae03d9c72 -> 
  custom:scripting/monoscript/fileName/NicerOutline.cs: 571a7c7c4af4ebadc9fed23f0c3b0b46 -> 
  custom:CustomObjectIndexerAttribute: 9a22284fe3817be447336de3de66b15e -> 
  custom:scripting/monoscript/fileName/ScrollRectExtensions.cs: c76cb840404ffa9bc24248639e9da4ee -> 
  custom:scripting/monoscript/fileName/FancyGridViewContext.cs: 8738476657d4a33c34bc82bed7ce8bc9 -> 
  custom:scripting/monoscript/fileName/MinMaxValues.cs: 4aa11a61e640749f4ea5f947f86be5ba -> 
  custom:scripting/monoscript/fileName/CardExpanding3D.cs: d8b2b9924677ad2b445b05edbed7f0e3 -> 
  custom:scripting/monoscript/fileName/MinMaxSliderEditor.cs: e0496a7f76fc8934af2a763a7289ad36 -> 
  custom:scripting/monoscript/fileName/StepperSide.cs: 34d9a35c8c2622f327b140f18a7398a7 -> 
  custom:scripting/monoscript/fileName/CUIGraphicEditor.cs: a618262d3e77d462c5a0cd2e608e8a53 -> 
  custom:scripting/monoscript/fileName/DropDownList.cs: 3d51ab81e9571c9027b59874b2c78567 -> 
  custom:scripting/monoscript/fileName/ITweenValue.cs: 1d0eaa4b435fa135e18af6b5fa57e92e -> 
  custom:container-demuxer-webm: 4f35f7cbe854078d1ac9338744f61a02 -> 
  custom:scripting/monoscript/fileName/CardExpanding2D.cs: e0950b450275cb3936a581f286a6b471 -> 
  custom:scripting/monoscript/fileName/ResetSelectableHighlight.cs: 3ea63487fd77e7b22731770a86b4f8b9 -> 
  custom:scripting/monoscript/fileName/UIScrollToSelection.cs: d89fc8e36bdc19715e3104a5f857d175 -> 
  custom:scripting/monoscript/fileName/IScrollSnap.cs: 80b4110dac6695d630b8e7501d8e5aa8 -> 
  custom:scripting/monoscript/fileName/SegmentedControl.cs: 3a6e53207de58cf304ab520e0638e2df -> 
  custom:scripting/monoscript/fileName/ColorSampler.cs: 617678b91f4adc7b3146f51bed3fc4b1 -> 
  custom:scripting/monoscript/fileName/TabNavigationHelper.cs: 43f45dc623750048d2fbac24931c8ac8 -> 
  custom:scripting/monoscript/fileName/AutoCompleteComboBox.cs: 6e2e6cf33d4f5ca4ad3c05ff8f254467 -> 
  custom:scripting/monoscript/fileName/TextPicEditor.cs: c23216fe996c314d4c496ad837485981 -> 
  custom:scripting/monoscript/fileName/CUIMisc.cs: bc26c7f132f5cd28304cbc88070ca4dc -> 
  custom:scripting/monoscript/fileName/UIAdditiveEffect.cs: 50386f7d7d76f5c5e155dbf56c5e5fdd -> 
  custom:scripting/monoscript/fileName/MonoSpacing.cs: 45ba6bf376dd125375a8906a7d8b8b4b -> 
  custom:scripting/monoscript/fileName/FloatTween.cs: c51b551f6abec506d0db9945f7aa25cc -> 
  custom:scripting/monoscript/fileName/BoxSlider.cs: 662335e935a62641f6cb14e99e25e994 -> 
  custom:scripting/monoscript/fileName/BezierLineRendererEditor.cs: 2a50098be424d999e43b888ace13278c -> 
  custom:scripting/monoscript/fileName/NonDrawingGraphic.cs: a309796f6d67e4c1c110ec62b4572b4e -> 
  custom:scripting/monoscript/fileName/ScrollPositionController.cs: 30c392a65a277a4a74b1a6f1a3417601 -> 
  custom:scripting/monoscript/fileName/ContentScrollSnapHorizontal.cs: cb0bf043572062ce08b48904f46c98c8 -> 
  custom:scripting/monoscript/fileName/Triangulator.cs: 4ee9f09ca55767568ee94c9eaaed7244 -> d867a9a7a8385ef82ff357feb70c59d4
  custom:scripting/monoscript/fileName/UIImageCrop.cs: 1ec5d1f18ccf3bbe8ea319cda00ecfbc -> 
  custom:scripting/monoscript/fileName/BoxSliderEditor.cs: 9c680a5a338924fb176605eed0f68a75 -> 
  custom:scripting/monoscript/fileName/FancyScrollView.cs: c5f9c64ec4b4e183b17919204bc381a9 -> 
  custom:scripting/monoscript/fileName/BezierPath.cs: 90cbb6f823f7a03c69c93b3e1653c45e -> 
  custom:scripting/monoscript/fileName/SuperellipsePoints.cs: db2a1c9698f2dea478e1d6bfece554ae -> 
  custom:scripting/monoscript/fileName/UI_Knob.cs: 00244fb2be3e9e1f5ec3a07f175066a9 -> 
  custom:container-muxer-webm: aa71ff27fc2769a1b78a27578f13a17b -> 
  custom:scripting/monoscript/fileName/RaycastMask.cs: b13971e6a124c25b886c6703ae2aab24 -> 
  custom:scripting/monoscript/fileName/MultiTouchScrollRect.cs: 3a778993ea01435b2502c14ea2b2ff98 -> 
  custom:video-decoder-webm-vp8: 9c59270c3fd7afecdb556c50c9e8de78 -> 
  custom:scripting/monoscript/fileName/InputFieldEnterSubmit.cs: cdd5149b8afb8dc59ad57cc53ad8fb3b -> 
  custom:scripting/monoscript/fileName/ExampleSelectable.cs: 8dc7a8cd606154e7d10bb507e235c1f8 -> 
  custom:scripting/monoscript/fileName/uGUITools.cs: aa32797d8a9cdcd2167b6be114b0d5ec -> 
  custom:scripting/monoscript/fileName/UILinearDodgeEffect.cs: f5508d2f3f6addba614d4c08275f4546 -> 
  custom:SearchIndexIgnoredProperties: e643bd26f0fe6173181afceb89e7c659 -> 
  custom:scripting/monoscript/fileName/EasingCore.cs: 0bad7e894488e9b67256d892a478aab1 -> 
  custom:scripting/monoscript/fileName/Stepper.cs: 3ee1a56034750815f9c567b6c54fbbb8 -> 
  custom:scripting/monoscript/fileName/UIPrimitiveBase.cs: 80a945e915822efd5c887ee28f76aa9f -> 
  custom:AudioImporter_EditorPlatform: d09bf68614088b80899f8185d706f6e7 -> 
  custom:scripting/monoscript/fileName/LetterSpacing.cs: c4f4c504ac9c0b708c438c8a0faf6a96 -> 
  custom:scripting/monoscript/fileName/UISquircle.cs: faaa67841792f2c90a13db82841ac6e3 -> 
  custom:scripting/monoscript/fileName/RangeSlider.cs: 026cea0882c5bbc90f7cedc5111cfeb2 -> 
  custom:scripting/monoscript/fileName/UIExtensionMethods.cs: 2621bff24acfb4ddb3b264b7553588d8 -> 
  custom:scripting/monoscript/fileName/UIVerticalScroller.cs: 3532ae0d4ba5f6e2c310cfec2c655a8c -> 
  custom:scripting/monoscript/fileName/FiltersPanel.cs: 5dbe4ca523d219ec24889a3783d94d4d -> 
  custom:scripting/monoscript/fileName/ColorLabel.cs: 9a2d62e5e8f65400e4abc881023f36f7 -> 
  custom:scripting/monoscript/fileName/TooltipTrigger.cs: 546a7d73bc42b9e6f1fd03a7e07d7f29 -> 
  custom:scripting/monoscript/fileName/UIMultiplyEffect.cs: 29b6f1f4d98d9b61292d829c0030af4b -> 
  custom:scripting/monoscript/fileName/CardPopup2D.cs: ac929914b8675b3ff1238ddb1cc99789 -> 
  custom:scripting/monoscript/fileName/ScrollSnapScrollbarHelper.cs: d6b043fd7048156ea2ef4da9da4a0a51 -> 
  custom:scripting/monoscript/fileName/HoverTooltip.cs: abdf0400bdf15bb8fdc0bc4d5ecc993f -> 
  custom:scripting/monoscript/fileName/ColorImage.cs: 87dea3e9bf43c94e295d4fa411046c66 -> 
  custom:scripting/monoscript/fileName/FancyScrollRectContext.cs: 9e5d4d8665c04a1190a3fc52908244b0 -> 
  custom:scripting/monoscript/fileName/TextPicIconEditor.cs: 1f41560011fcb93d03be374d10238c0c -> 
  custom:scripting/monoscript/fileName/UI_InfiniteScroll.cs: f7518bdb5ccbb5518282b9c860eef985 -> 
  custom:scripting/monoscript/fileName/UIExtensionsMenuOptions.cs: 25d3bc76bdcc7be45d732e8f064ec6a7 -> 
  custom:scripting/monoscript/fileName/ReadOnlyAttribute.cs: 604ae8fbc27d6402b88ac08f1987318f -> 
  custom:scripting/monoscript/fileName/UICircle.cs: e40253d6117a9fbea82cc285a7e8a36e -> 
  custom:scripting/monoscript/fileName/UIScrollToSelectionXY.cs: 8145d21a6ef6f8610242d2ba291595b9 -> 
  custom:scripting/monoscript/fileName/CUITextEditor.cs: 966cced0a631446b9484c2fe777a7f5b -> 
  custom:scripting/precompiled-assembly-types:UnityUIExtensions.editor: e002030e6fc012878af160bb334541ad -> 
  custom:scripting/monoscript/fileName/TweenRunner.cs: 90647cc400823b41df847a6cbfc29026 -> 
  custom:scripting/monoscript/fileName/UIHorizontalScroller.cs: 758f016ad67e22eff0f26468f408f006 -> 
  custom:scripting/monoscript/fileName/ReturnKeyTriggersButton.cs: 622f27a1a5fce3f8fe14f0fe6c6b39b5 -> 
  custom:scripting/monoscript/fileName/FancyGridViewCell.cs: 0cdf409b5aa8d4c25876d72b5c6a3b60 -> 
  custom:scripting/monoscript/fileName/Scroller.cs: 94938ad1cd7c20206a0339e3bd7f3330 -> 
  custom:scripting/monoscript/fileName/CylinderText.cs: 86c073c10ed890f8e108be86fb350e35 -> 
  custom:scripting/monoscript/fileName/ColorPickerPresets.cs: d20309ac183a87fd46c2e0a03ba5bdef -> 
  custom:scripting/monoscript/fileName/RadialSlider.cs: 24542b53b379116a4f98bb53a64e13b8 -> 
  custom:scripting/monoscript/fileName/PPIViewer.cs: 5269fbe050022d597b2ceba1b1d4cbae -> 
  custom:scripting/monoscript/fileName/InputFocus.cs: 6a5a3b184038cb5e7dbe4882c96bc91b -> 
  custom:scripting/monoscript/fileName/CUIBezierCurve.cs: 32214df0cb137de9f4967269deffb6f3 -> 
  custom:scripting/monoscript/fileName/DropDownListItem.cs: 91c61fd79335f34fb81e114553bf8888 -> 
  custom:scripting/monoscript/fileName/UIFlippable.cs: 9c843e180ea4b6afe9c1ba071336e124 -> 
  custom:scripting/monoscript/fileName/CanvasGroupActivator.cs: f743e9c6e47b0eb8c0b7b2fbf9f7de19 -> 
  custom:scripting/monoscript/fileName/UIWindowBase.cs: 776e605614a77fffd4e0147c8e684e94 -> 
  custom:video-encoder-webm-vp8: eb34c28f22e8b96e1ab97ce403110664 -> 
  custom:scripting/monoscript/fileName/ScrollPositionControllerEditor.cs: fb86570a90d8d5b779234b7f103e1b51 -> 
  custom:scripting/monoscript/fileName/CurvedLayout.cs: 46917779e317aa4a214ea430689de312 -> 
  custom:scripting/monoscript/fileName/ScrollConflictManager.cs: 1a474b2432b80a8b7211f13c79bb991c -> 
  custom:scripting/monoscript/fileName/ReadOnlyDrawer.cs: 1c0aa6472b8e40c24f66a5805d818994 -> 
  custom:audio-decoder-ogg-vorbis: bf7c407c2cedff20999df2af8eb42d56 -> 
  custom:scripting/monoscript/fileName/FancyGridView.cs: 849ed7f5b11c9db237ef61b01c5a5104 -> 
  custom:scripting/monoscript/fileName/CableCurve.cs: 1ed0592bfc80d3ca3db7b55e9a6e9d9a -> 
  custom:scripting/monoscript/fileName/PaginationManager.cs: b5c7a38e1c9bde92ca052679632bc9f1 -> 
  custom:scripting/monoscript/fileName/UILineTextureRenderer.cs: f3042185c83712ad42b2d6694b56f8d3 -> 
  custom:scripting/monoscript/fileName/MenuManager.cs: 8e71de17d45faf11b5ca3e63d3867170 -> 
  custom:scripting/monoscript/fileName/ColorPickerPresetsEditor.cs: 57bebb34d006d8305e8cd353ea00f28b -> 
  custom:scripting/monoscript/fileName/UI_MagneticInfiniteScroll.cs: 7f0db092e1c52c826e7ccbefe21fe7ce -> 
  custom:scripting/monoscript/fileName/ToolTip.cs: 2f05f936126a769ca9a98ef6920928a7 -> 
  custom:scripting/monoscript/fileName/TextPicRenameEditor.cs: b67a1588d964fe3ac177da9872e96689 -> 
  custom:scripting/monoscript/fileName/TestCompression.cs: 2a18178f72c1b3979b9006483863f20e -> 
  custom:scripting/monoscript/fileName/IFancyScrollRectContext.cs: 9c4dee0aef526d67eb0a668a1c9b910a -> 
  custom:scripting/monoscript/fileName/ColorChangedEvent.cs: bafb161b451089e6c72bcae877e0ba66 -> 
  custom:scripting/monoscript/fileName/BestFitOutline.cs: 2ec1c68346f5b721e3d92092cd60b278 -> 
  custom:scripting/monoscript/fileName/NonDrawingGraphicEditor.cs: 1e7abd1e1a4d3da38de70c6d38c19118 -> 
  custom:scripting/monoscript/fileName/HSVChangedEvent.cs: 8a0d7f505f4db7e267a03264293f54eb -> 
  custom:scripting/monoscript/fileName/CUIImageEditor.cs: 0be5a4365a8d65680f88c4d192e5254c -> 
  custom:scripting/monoscript/fileName/HorizontalScrollSnap.cs: 624447835d67a70d90ed2b7f69117316 -> 
  custom:scripting/monoscript/fileName/UI_TweenScale.cs: 50a18c41daf615d82dc37ef0e9dcea31 -> 
  custom:scripting/monoscript/fileName/BoundTooltipItem.cs: 12dc26af634677e40fd7840809357e6c -> 
  custom:scripting/monoscript/fileName/AccordionElement.cs: 69f1a7e537099cc57de9b6eaa86cef32 -> 
  custom:scripting/monoscript/fileName/UI_ScrollRectOcclusion.cs: 491f1c2592ac821eb8de9e533fddd4a9 -> 
  custom:scripting/monoscript/fileName/CUIBezierCurveEditor.cs: be4462c6de2387d5f99ef9d0e93b91ee -> 
  custom:scripting/monoscript/fileName/ColorSliderImage.cs: bbcbfbf23dc2f9fc5450db8f36b24487 -> 
  custom:scripting/monoscript/fileName/Accordion.cs: c31898dc7ffd6f7b32be5689419229bc -> 
  custom:scripting/monoscript/fileName/FancyCell.cs: 0cdf409b5aa8d4c25876d72b5c6a3b60 -> 
  custom:scripting/monoscript/fileName/ShineEffect.cs: 61d233269c4ea687efa548adef5d6e13 -> 
  custom:audio-encoder-webm-vorbis: bf7c407c2cedff20999df2af8eb42d56 -> 
  custom:scripting/monoscript/fileName/ScrollRectTweener.cs: 3437a8fb18bed84a45865e36e83e332f -> 
  custom:scripting/monoscript/fileName/MeshCreator.cs: a2506ad04bac2e5a6d6d50e0d7978d92 -> 
  custom:scripting/monoscript/fileName/UIPolygon.cs: ef7b3e02606f58c56a27e65db10bc7f3 -> 
  custom:scripting/monoscript/fileName/switchToRectTransform.cs: 0ef297259b7f2ab26defc1d718ad1e0a -> 
  custom:scripting/monoscript/fileName/UILineRendererList.cs: efbf4ff76c31aa3e4f61c8b26734d929 -> 
  custom:scripting/monoscript/fileName/CLZF2.cs: 40ef7bf6191a1a5e5b0f37e092e1b271 -> 
  custom:scripting/monoscript/fileName/SimpleMenu.cs: 90647cc400823b41df847a6cbfc29026 -> 
  custom:scripting/monoscript/fileName/RescalePanel.cs: a379a55181438e3b7a29019da8a3c82c -> 
  custom:scripting/monoscript/fileName/DragCorrector.cs: 89ab4a0369eecb75be2277a80a08c1e7 -> 
  custom:scripting/monoscript/fileName/RangeSliderEditor.cs: 1c09cdb4e75bc10f834bbae9a7b54e1e -> 
  custom:scripting/monoscript/fileName/FancyScrollRect.cs: 0cdf409b5aa8d4c25876d72b5c6a3b60 -> 
  custom:scripting/precompiled-assembly-types:Assembly-CSharp: 9d98c5210357a57051bc817a849226c0 -> d9898b08f7aa15a36c94fc52d0b7440b
  custom:scripting/monoscript/fileName/ReorderableList.cs: 944c8e214787d07461c711b29546f976 -> 
  custom:scripting/monoscript/fileName/RadialLayout.cs: 170f31c5fdb54a9fe7ba926effdfd7d4 -> 
  custom:scripting/monoscript/fileName/ColorSlider.cs: a91d06b853e0bf2d5df3ea61a67d5c83 -> 
  custom:scripting/monoscript/fileName/IFancyGridViewContext.cs: be7addf49e5950ebb654fec55c2afa8b -> 
  custom:scripting/precompiled-assembly-types:UnityUIExtensions: c0991a7eaf90618746e467e9e018bd04 -> 
  custom:scripting/monoscript/fileName/CUIGraphic.cs: 4f47fad340418bff51fe6171e2259e7f -> 
  custom:scripting/monoscript/fileName/IFancyCellGroupContext.cs: 323b5f49cc2011b3d2d9088e528ed161 -> 
  custom:scripting/monoscript/fileName/MinMaxSlider.cs: e7d98a511e8b98df33f72f37935821e5 -> 
  custom:scripting/monoscript/fileName/ColorPickerTester.cs: 63b6c03c009a94721b9d41c8d5e5e6ed -> 
========================================================================
Received Prepare
Caller must complete domain reload
Begin MonoManager ReloadAssembly
- Loaded All Assemblies, in  0.533 seconds
Native extension for WindowsStandalone target not found
Native extension for WebGL target not found
Mono: successfully reloaded assembly
- Finished resetting the current domain, in  1.096 seconds
Domain Reload Profiling: 1629ms
	BeginReloadAssembly (178ms)
		ExecutionOrderSort (0ms)
		DisableScriptedObjects (13ms)
		BackupInstance (0ms)
		ReleaseScriptingObjects (0ms)
		CreateAndSetChildDomain (37ms)
	RebuildCommonClasses (36ms)
	RebuildNativeTypeToScriptingClass (12ms)
	initialDomainReloadingComplete (32ms)
	LoadAllAssembliesAndSetupDomain (274ms)
		LoadAssemblies (353ms)
		RebuildTransferFunctionScriptingTraits (0ms)
		AnalyzeDomain (18ms)
			TypeCache.Refresh (7ms)
				TypeCache.ScanAssembly (0ms)
			ScanForSourceGeneratedMonoScriptInfo (0ms)
			ResolveRequiredComponents (10ms)
	FinalizeReload (1097ms)
		ReleaseScriptCaches (0ms)
		RebuildScriptCaches (0ms)
		SetupLoadedEditorAssemblies (456ms)
			LogAssemblyErrors (0ms)
			InitializePlatformSupportModulesInManaged (6ms)
			SetLoadedEditorAssemblies (7ms)
			RefreshPlugins (0ms)
			BeforeProcessingInitializeOnLoad (71ms)
			ProcessInitializeOnLoadAttributes (331ms)
			ProcessInitializeOnLoadMethodAttributes (37ms)
			AfterProcessingInitializeOnLoad (3ms)
			EditorAssembliesLoaded (0ms)
		ExecutionOrderSort2 (0ms)
		AwakeInstancesAfterBackupRestoration (15ms)
Refreshing native plugins compatible for Editor in 10.01 ms, found 7 plugins.
Preloading 0 native plugins for Editor in 0.00 ms.
Unloading 4457 Unused Serialized files (Serialized files now loaded: 0)
Unloading 44 unused Assets / (0.7 MB). Loaded Objects now: 5354.
Memory consumption went from 158.4 MB to 157.7 MB.
Total: 7.740400 ms (FindLiveObjects: 0.953200 ms CreateObjectMapping: 0.446500 ms MarkObjects: 5.589100 ms  DeleteObjects: 0.747800 ms)

Prepare: number of updated asset objects reloaded= 0
AssetImportParameters requested are different than current active one (requested -> active):
  custom:scripting/monoscript/fileName/CardStack2D.cs: 52f7ac406c04f320c1cc31b32fc945ec -> 
  custom:scripting/monoscript/fileName/UILineRendererFIFO.cs: 1a840d7d842445f62c20beee85a5bbc5 -> 
  custom:scripting/monoscript/fileName/FlowLayoutGroup.cs: 4f8c51e99186127173631d5ea0b848a8 -> 
  custom:scripting/monoscript/fileName/UIParticleSystem.cs: 6cef203566a0c9333597e4e233613614 -> 
  custom:scripting/monoscript/fileName/UILineRenderer.cs: 673f1b621ab4781ac78770b1b3c45207 -> 
  custom:scripting/monoscript/fileName/TableLayoutGroup.cs: 9697d88a99d4c91003d206b86eed3a61 -> 
  custom:scripting/monoscript/fileName/Segment.cs: 823b994f6bbb6e32f73e9807948df6b3 -> 
  custom:container-demuxer-ogg: 62fdf1f143b41e24485cea50d1cbac27 -> 
  custom:scripting/monoscript/fileName/SelectionBox.cs: 9eabc2822607d24d284c5c0d720d4a01 -> 
  custom:scripting/monoscript/fileName/ReorderableListContent.cs: a630238339e5f198f723ac29a2329f6d -> 
  custom:scripting/monoscript/fileName/Menu.cs: d0a2652908e797d4064ef9b772450cc8 -> 
  custom:scripting/monoscript/fileName/SetPropertyUtility.cs: 02aade692758e5563210cc05829e9851 -> f604b4b9e6b0979bdfc1e2b40426dd19
  custom:scripting/monoscript/fileName/HSVUtil.cs: 2f204c7a89b046fae714aadbcda42851 -> 
  custom:scripting/monoscript/fileName/FancyCellGroup.cs: 90647cc400823b41df847a6cbfc29026 -> 
  custom:scripting/monoscript/fileName/RescaleDragPanel.cs: 428e5a10a21f2d3fc3805557487d591e -> 
  custom:scripting/monoscript/fileName/ExtensionsToggleGroup.cs: 93967f93faef61aecdca9232fa42b062 -> 
  custom:scripting/monoscript/fileName/ResizePanel.cs: 0a2d1269c62cba913a254b515f8b6020 -> 
  custom:scripting/monoscript/fileName/Circle.cs: cfc2369c92dd039be7c3f572f769fdcf -> 
  custom:scripting/monoscript/fileName/ShaderLibrary.cs: 7a09676978959734a6827051c965f749 -> 
  custom:scripting/monoscript/fileName/CurvedText.cs: c86aabacdca275700720e919fc8a8b52 -> 
  custom:scripting/monoscript/fileName/FancyScrollRectCell.cs: 0cdf409b5aa8d4c25876d72b5c6a3b60 -> 
  custom:scripting/monoscript/fileName/Gradient.cs: a4c2a5a25440c543cd82653fda832632 -> 
  custom:scripting/monoscript/fileName/ScrollSnapBase.cs: 3682088473625968e7b4647a6b4213f6 -> 
  custom:scripting/monoscript/fileName/CUIText.cs: 0be1a405bc9388e4813a74aad6018bec -> 
  custom:scripting/monoscript/fileName/BoundTooltipTrigger.cs: e78e2ee612ba85e075ab794a5cb95e73 -> 
  custom:scripting/monoscript/fileName/UIHighlightable.cs: fd305ad78204cb75a66ce809c3f50e6a -> 
  custom:video-codec-MediaFoundation-h265: 746d11721c4dcdbdad8f713fa42b33f4 -> 
  custom:scripting/monoscript/fileName/UIExtensionsInputManager.cs: 6f468ddae971c3bcce0288549c1beabd -> 
  custom:scripting/monoscript/fileName/Gradient2.cs: 9c1fd6257924e43a80b8fccb859d3828 -> 
  custom:scripting/monoscript/fileName/CooldownButton.cs: 72bd21b90ac71f29908a36179176f8fc -> 
  custom:video-decoder-ogg-theora: a1e56fd34408186e4bbccfd4996cb3dc -> 
  custom:scripting/monoscript/fileName/TileSizeFitter.cs: ba6326e335b6f177a627b992c444832c -> 
  custom:scripting/monoscript/fileName/SelectableScaler.cs: 3ebe175d64b38a572f8dbe8fd345f0c3 -> 
  custom:scripting/monoscript/fileName/AccordionElementEditor.cs: db5ee9b2cff22578a12a4d141614d665 -> 
  custom:scripting/monoscript/fileName/ExtensionsToggle.cs: e0b44aa7e1ff973d74b4857a34a48879 -> 
  custom:scripting/monoscript/fileName/ReorderableListElement.cs: 788a31431a1c95dc9a9a52767f8e812f -> 
  custom:scripting/monoscript/fileName/ShineEffector.cs: 52ed4eb6c7ed8f674a18d2a4db6eba86 -> 
  custom:scripting/monoscript/fileName/UISelectableExtension.cs: b6766007d8a2236e23d4749da2d8cdd2 -> 
  custom:framework-win-MediaFoundation: 216162199b28c13a410421893ffa2e32 -> 
  custom:scripting/monoscript/fileName/UISoftAdditiveEffect.cs: 30a825933c907dec19605ff2f58a292f -> 
  custom:scripting/monoscript/fileName/HexColorField.cs: 425eeca1ce4159bc649962b2337061a4 -> 
  custom:scripting/monoscript/fileName/ColorPickerControl.cs: 97231f899ae243cc634f34e048c22095 -> 
  custom:scripting/monoscript/fileName/ReorderableListDebug.cs: 51cf5a188c464deb681bea16cb795b61 -> 
  custom:scripting/monoscript/fileName/TextPic.cs: 9dbd7bc654cbf19eee33ac6fc452bfb1 -> 
  custom:scripting/monoscript/fileName/CUIImage.cs: 41f29f650aa507f802cd9793d91f3211 -> 
  custom:scripting/monoscript/fileName/DropDownListButton.cs: 71d533f2602e0e099d09a556ef8e4414 -> 
  custom:scripting/monoscript/fileName/ScrollSnap.cs: c5ae67ed5cc8c0ab1f7496803acc2648 -> 
  custom:scripting/monoscript/fileName/TextPicIconListCopier.cs: a564a2a474c019b98650cff2383ccfca -> 
  custom:scripting/monoscript/fileName/UICornerCut.cs: 69b0dfb485aa2b1afa65fcf30028125b -> 
  custom:scripting/monoscript/fileName/ScrollerEditor.cs: 478519b80ad2bc62d4a4b80ae078e694 -> 
  custom:scripting/monoscript/fileName/IBoxSelectable.cs: a5bf39a694cf2b84c65e7bec998d4941 -> 
  custom:scripting/monoscript/fileName/TiltWindow.cs: 7c3356d1b5bc9c6e9fe98345b0be7c30 -> 
  custom:scripting/monoscript/fileName/ExtensionMethods.cs: 943bd8dac5ce9467ce7deb0856dc6b0a -> 
  custom:scripting/monoscript/fileName/ComboBox.cs: a6ca48dde827ff07a9093f3624d58e62 -> 
  custom:scripting/monoscript/fileName/ScrollRectLinker.cs: 0316116e17d192ca2ef7c97539dff50f -> 
  custom:scripting/monoscript/fileName/SVBoxSlider.cs: 1d22c9c16d63e1cf38ad19bbcec9a0da -> 
  custom:scripting/monoscript/fileName/VerticalScrollSnap.cs: a7ebcf1fac8331e70ee01e540cbe484b -> 
  custom:scripting/monoscript/fileName/UILineConnector.cs: ea5f69a32957fe35ae7b512ef3f758ef -> 
  custom:scripting/monoscript/fileName/UIScreenEffect.cs: c36542c529d1f733362556ab22c18bf9 -> 
  custom:scripting/monoscript/fileName/SoftMaskScript.cs: 867049fb2647c9983fb1391409f93d30 -> 
  custom:scripting/monoscript/fileName/DiamondGraph.cs: a01b647a54847840428a395cc0d6fc16 -> 
  custom:scripting/monoscript/fileName/ScrollRectEx.cs: 3f6a881a34055e182fee3ab0baaee0c3 -> 
  custom:scripting/monoscript/fileName/UIGridRenderer.cs: 04c0062f4b7cdd6963fdba9ae03d9c72 -> 
  custom:scripting/monoscript/fileName/NicerOutline.cs: 571a7c7c4af4ebadc9fed23f0c3b0b46 -> 
  custom:CustomObjectIndexerAttribute: 9a22284fe3817be447336de3de66b15e -> 
  custom:scripting/monoscript/fileName/ScrollRectExtensions.cs: c76cb840404ffa9bc24248639e9da4ee -> 
  custom:scripting/monoscript/fileName/FancyGridViewContext.cs: 8738476657d4a33c34bc82bed7ce8bc9 -> 
  custom:scripting/monoscript/fileName/MinMaxValues.cs: 4aa11a61e640749f4ea5f947f86be5ba -> 
  custom:scripting/monoscript/fileName/CardExpanding3D.cs: d8b2b9924677ad2b445b05edbed7f0e3 -> 
  custom:scripting/monoscript/fileName/MinMaxSliderEditor.cs: e0496a7f76fc8934af2a763a7289ad36 -> 
  custom:scripting/monoscript/fileName/StepperSide.cs: 34d9a35c8c2622f327b140f18a7398a7 -> 
  custom:scripting/monoscript/fileName/CUIGraphicEditor.cs: a618262d3e77d462c5a0cd2e608e8a53 -> 
  custom:scripting/monoscript/fileName/DropDownList.cs: 3d51ab81e9571c9027b59874b2c78567 -> 
  custom:scripting/monoscript/fileName/ITweenValue.cs: 1d0eaa4b435fa135e18af6b5fa57e92e -> 
  custom:container-demuxer-webm: 4f35f7cbe854078d1ac9338744f61a02 -> 
  custom:scripting/monoscript/fileName/CardExpanding2D.cs: e0950b450275cb3936a581f286a6b471 -> 
  custom:scripting/monoscript/fileName/ResetSelectableHighlight.cs: 3ea63487fd77e7b22731770a86b4f8b9 -> 
  custom:scripting/monoscript/fileName/UIScrollToSelection.cs: d89fc8e36bdc19715e3104a5f857d175 -> 
  custom:scripting/monoscript/fileName/IScrollSnap.cs: 80b4110dac6695d630b8e7501d8e5aa8 -> 
  custom:scripting/monoscript/fileName/SegmentedControl.cs: 3a6e53207de58cf304ab520e0638e2df -> 
  custom:scripting/monoscript/fileName/ColorSampler.cs: 617678b91f4adc7b3146f51bed3fc4b1 -> 
  custom:scripting/monoscript/fileName/TabNavigationHelper.cs: 43f45dc623750048d2fbac24931c8ac8 -> 
  custom:scripting/monoscript/fileName/AutoCompleteComboBox.cs: 6e2e6cf33d4f5ca4ad3c05ff8f254467 -> 
  custom:scripting/monoscript/fileName/TextPicEditor.cs: c23216fe996c314d4c496ad837485981 -> 
  custom:scripting/monoscript/fileName/CUIMisc.cs: bc26c7f132f5cd28304cbc88070ca4dc -> 
  custom:scripting/monoscript/fileName/UIAdditiveEffect.cs: 50386f7d7d76f5c5e155dbf56c5e5fdd -> 
  custom:scripting/monoscript/fileName/MonoSpacing.cs: 45ba6bf376dd125375a8906a7d8b8b4b -> 
  custom:scripting/monoscript/fileName/FloatTween.cs: c51b551f6abec506d0db9945f7aa25cc -> 
  custom:scripting/monoscript/fileName/BoxSlider.cs: 662335e935a62641f6cb14e99e25e994 -> 
  custom:scripting/monoscript/fileName/BezierLineRendererEditor.cs: 2a50098be424d999e43b888ace13278c -> 
  custom:scripting/monoscript/fileName/NonDrawingGraphic.cs: a309796f6d67e4c1c110ec62b4572b4e -> 
  custom:scripting/monoscript/fileName/ScrollPositionController.cs: 30c392a65a277a4a74b1a6f1a3417601 -> 
  custom:scripting/monoscript/fileName/ContentScrollSnapHorizontal.cs: cb0bf043572062ce08b48904f46c98c8 -> 
  custom:scripting/monoscript/fileName/Triangulator.cs: 4ee9f09ca55767568ee94c9eaaed7244 -> d867a9a7a8385ef82ff357feb70c59d4
  custom:scripting/monoscript/fileName/UIImageCrop.cs: 1ec5d1f18ccf3bbe8ea319cda00ecfbc -> 
  custom:scripting/monoscript/fileName/BoxSliderEditor.cs: 9c680a5a338924fb176605eed0f68a75 -> 
  custom:scripting/monoscript/fileName/FancyScrollView.cs: c5f9c64ec4b4e183b17919204bc381a9 -> 
  custom:scripting/monoscript/fileName/BezierPath.cs: 90cbb6f823f7a03c69c93b3e1653c45e -> 
  custom:scripting/monoscript/fileName/SuperellipsePoints.cs: db2a1c9698f2dea478e1d6bfece554ae -> 
  custom:scripting/monoscript/fileName/UI_Knob.cs: 00244fb2be3e9e1f5ec3a07f175066a9 -> 
  custom:container-muxer-webm: aa71ff27fc2769a1b78a27578f13a17b -> 
  custom:scripting/monoscript/fileName/RaycastMask.cs: b13971e6a124c25b886c6703ae2aab24 -> 
  custom:scripting/monoscript/fileName/MultiTouchScrollRect.cs: 3a778993ea01435b2502c14ea2b2ff98 -> 
  custom:video-decoder-webm-vp8: 9c59270c3fd7afecdb556c50c9e8de78 -> 
  custom:scripting/monoscript/fileName/InputFieldEnterSubmit.cs: cdd5149b8afb8dc59ad57cc53ad8fb3b -> 
  custom:scripting/monoscript/fileName/ExampleSelectable.cs: 8dc7a8cd606154e7d10bb507e235c1f8 -> 
  custom:scripting/monoscript/fileName/uGUITools.cs: aa32797d8a9cdcd2167b6be114b0d5ec -> 
  custom:scripting/monoscript/fileName/UILinearDodgeEffect.cs: f5508d2f3f6addba614d4c08275f4546 -> 
  custom:SearchIndexIgnoredProperties: e643bd26f0fe6173181afceb89e7c659 -> 
  custom:scripting/monoscript/fileName/EasingCore.cs: 0bad7e894488e9b67256d892a478aab1 -> 
  custom:scripting/monoscript/fileName/Stepper.cs: 3ee1a56034750815f9c567b6c54fbbb8 -> 
  custom:scripting/monoscript/fileName/UIPrimitiveBase.cs: 80a945e915822efd5c887ee28f76aa9f -> 
  custom:AudioImporter_EditorPlatform: d09bf68614088b80899f8185d706f6e7 -> 
  custom:scripting/monoscript/fileName/LetterSpacing.cs: c4f4c504ac9c0b708c438c8a0faf6a96 -> 
  custom:scripting/monoscript/fileName/UISquircle.cs: faaa67841792f2c90a13db82841ac6e3 -> 
  custom:scripting/monoscript/fileName/RangeSlider.cs: 026cea0882c5bbc90f7cedc5111cfeb2 -> 
  custom:scripting/monoscript/fileName/UIExtensionMethods.cs: 2621bff24acfb4ddb3b264b7553588d8 -> 
  custom:scripting/monoscript/fileName/UIVerticalScroller.cs: 3532ae0d4ba5f6e2c310cfec2c655a8c -> 
  custom:scripting/monoscript/fileName/FiltersPanel.cs: 5dbe4ca523d219ec24889a3783d94d4d -> 
  custom:scripting/monoscript/fileName/ColorLabel.cs: 9a2d62e5e8f65400e4abc881023f36f7 -> 
  custom:scripting/monoscript/fileName/TooltipTrigger.cs: 546a7d73bc42b9e6f1fd03a7e07d7f29 -> 
  custom:scripting/monoscript/fileName/UIMultiplyEffect.cs: 29b6f1f4d98d9b61292d829c0030af4b -> 
  custom:scripting/monoscript/fileName/CardPopup2D.cs: ac929914b8675b3ff1238ddb1cc99789 -> 
  custom:scripting/monoscript/fileName/ScrollSnapScrollbarHelper.cs: d6b043fd7048156ea2ef4da9da4a0a51 -> 
  custom:scripting/monoscript/fileName/HoverTooltip.cs: abdf0400bdf15bb8fdc0bc4d5ecc993f -> 
  custom:scripting/monoscript/fileName/ColorImage.cs: 87dea3e9bf43c94e295d4fa411046c66 -> 
  custom:scripting/monoscript/fileName/FancyScrollRectContext.cs: 9e5d4d8665c04a1190a3fc52908244b0 -> 
  custom:scripting/monoscript/fileName/TextPicIconEditor.cs: 1f41560011fcb93d03be374d10238c0c -> 
  custom:scripting/monoscript/fileName/UI_InfiniteScroll.cs: f7518bdb5ccbb5518282b9c860eef985 -> 
  custom:scripting/monoscript/fileName/UIExtensionsMenuOptions.cs: 25d3bc76bdcc7be45d732e8f064ec6a7 -> 
  custom:scripting/monoscript/fileName/ReadOnlyAttribute.cs: 604ae8fbc27d6402b88ac08f1987318f -> 
  custom:scripting/monoscript/fileName/UICircle.cs: e40253d6117a9fbea82cc285a7e8a36e -> 
  custom:scripting/monoscript/fileName/UIScrollToSelectionXY.cs: 8145d21a6ef6f8610242d2ba291595b9 -> 
  custom:scripting/monoscript/fileName/CUITextEditor.cs: 966cced0a631446b9484c2fe777a7f5b -> 
  custom:scripting/precompiled-assembly-types:UnityUIExtensions.editor: e002030e6fc012878af160bb334541ad -> 
  custom:scripting/monoscript/fileName/TweenRunner.cs: 90647cc400823b41df847a6cbfc29026 -> 
  custom:scripting/monoscript/fileName/UIHorizontalScroller.cs: 758f016ad67e22eff0f26468f408f006 -> 
  custom:scripting/monoscript/fileName/ReturnKeyTriggersButton.cs: 622f27a1a5fce3f8fe14f0fe6c6b39b5 -> 
  custom:scripting/monoscript/fileName/FancyGridViewCell.cs: 0cdf409b5aa8d4c25876d72b5c6a3b60 -> 
  custom:scripting/monoscript/fileName/Scroller.cs: 94938ad1cd7c20206a0339e3bd7f3330 -> 
  custom:scripting/monoscript/fileName/CylinderText.cs: 86c073c10ed890f8e108be86fb350e35 -> 
  custom:scripting/monoscript/fileName/ColorPickerPresets.cs: d20309ac183a87fd46c2e0a03ba5bdef -> 
  custom:scripting/monoscript/fileName/RadialSlider.cs: 24542b53b379116a4f98bb53a64e13b8 -> 
  custom:scripting/monoscript/fileName/PPIViewer.cs: 5269fbe050022d597b2ceba1b1d4cbae -> 
  custom:scripting/monoscript/fileName/InputFocus.cs: 6a5a3b184038cb5e7dbe4882c96bc91b -> 
  custom:scripting/monoscript/fileName/CUIBezierCurve.cs: 32214df0cb137de9f4967269deffb6f3 -> 
  custom:scripting/monoscript/fileName/DropDownListItem.cs: 91c61fd79335f34fb81e114553bf8888 -> 
  custom:scripting/monoscript/fileName/UIFlippable.cs: 9c843e180ea4b6afe9c1ba071336e124 -> 
  custom:scripting/monoscript/fileName/CanvasGroupActivator.cs: f743e9c6e47b0eb8c0b7b2fbf9f7de19 -> 
  custom:scripting/monoscript/fileName/UIWindowBase.cs: 776e605614a77fffd4e0147c8e684e94 -> 
  custom:video-encoder-webm-vp8: eb34c28f22e8b96e1ab97ce403110664 -> 
  custom:scripting/monoscript/fileName/ScrollPositionControllerEditor.cs: fb86570a90d8d5b779234b7f103e1b51 -> 
  custom:scripting/monoscript/fileName/CurvedLayout.cs: 46917779e317aa4a214ea430689de312 -> 
  custom:scripting/monoscript/fileName/ScrollConflictManager.cs: 1a474b2432b80a8b7211f13c79bb991c -> 
  custom:scripting/monoscript/fileName/ReadOnlyDrawer.cs: 1c0aa6472b8e40c24f66a5805d818994 -> 
  custom:audio-decoder-ogg-vorbis: bf7c407c2cedff20999df2af8eb42d56 -> 
  custom:scripting/monoscript/fileName/FancyGridView.cs: 849ed7f5b11c9db237ef61b01c5a5104 -> 
  custom:scripting/monoscript/fileName/CableCurve.cs: 1ed0592bfc80d3ca3db7b55e9a6e9d9a -> 
  custom:scripting/monoscript/fileName/PaginationManager.cs: b5c7a38e1c9bde92ca052679632bc9f1 -> 
  custom:scripting/monoscript/fileName/UILineTextureRenderer.cs: f3042185c83712ad42b2d6694b56f8d3 -> 
  custom:scripting/monoscript/fileName/MenuManager.cs: 8e71de17d45faf11b5ca3e63d3867170 -> 
  custom:scripting/monoscript/fileName/ColorPickerPresetsEditor.cs: 57bebb34d006d8305e8cd353ea00f28b -> 
  custom:scripting/monoscript/fileName/UI_MagneticInfiniteScroll.cs: 7f0db092e1c52c826e7ccbefe21fe7ce -> 
  custom:scripting/monoscript/fileName/ToolTip.cs: 2f05f936126a769ca9a98ef6920928a7 -> 
  custom:scripting/monoscript/fileName/TextPicRenameEditor.cs: b67a1588d964fe3ac177da9872e96689 -> 
  custom:scripting/monoscript/fileName/TestCompression.cs: 2a18178f72c1b3979b9006483863f20e -> 
  custom:scripting/monoscript/fileName/IFancyScrollRectContext.cs: 9c4dee0aef526d67eb0a668a1c9b910a -> 
  custom:scripting/monoscript/fileName/ColorChangedEvent.cs: bafb161b451089e6c72bcae877e0ba66 -> 
  custom:scripting/monoscript/fileName/BestFitOutline.cs: 2ec1c68346f5b721e3d92092cd60b278 -> 
  custom:scripting/monoscript/fileName/NonDrawingGraphicEditor.cs: 1e7abd1e1a4d3da38de70c6d38c19118 -> 
  custom:scripting/monoscript/fileName/HSVChangedEvent.cs: 8a0d7f505f4db7e267a03264293f54eb -> 
  custom:scripting/monoscript/fileName/CUIImageEditor.cs: 0be5a4365a8d65680f88c4d192e5254c -> 
  custom:scripting/monoscript/fileName/HorizontalScrollSnap.cs: 624447835d67a70d90ed2b7f69117316 -> 
  custom:scripting/monoscript/fileName/UI_TweenScale.cs: 50a18c41daf615d82dc37ef0e9dcea31 -> 
  custom:scripting/monoscript/fileName/BoundTooltipItem.cs: 12dc26af634677e40fd7840809357e6c -> 
  custom:scripting/monoscript/fileName/AccordionElement.cs: 69f1a7e537099cc57de9b6eaa86cef32 -> 
  custom:scripting/monoscript/fileName/UI_ScrollRectOcclusion.cs: 491f1c2592ac821eb8de9e533fddd4a9 -> 
  custom:scripting/monoscript/fileName/CUIBezierCurveEditor.cs: be4462c6de2387d5f99ef9d0e93b91ee -> 
  custom:scripting/monoscript/fileName/ColorSliderImage.cs: bbcbfbf23dc2f9fc5450db8f36b24487 -> 
  custom:scripting/monoscript/fileName/Accordion.cs: c31898dc7ffd6f7b32be5689419229bc -> 
  custom:scripting/monoscript/fileName/FancyCell.cs: 0cdf409b5aa8d4c25876d72b5c6a3b60 -> 
  custom:scripting/monoscript/fileName/ShineEffect.cs: 61d233269c4ea687efa548adef5d6e13 -> 
  custom:audio-encoder-webm-vorbis: bf7c407c2cedff20999df2af8eb42d56 -> 
  custom:scripting/monoscript/fileName/ScrollRectTweener.cs: 3437a8fb18bed84a45865e36e83e332f -> 
  custom:scripting/monoscript/fileName/MeshCreator.cs: a2506ad04bac2e5a6d6d50e0d7978d92 -> 
  custom:scripting/monoscript/fileName/UIPolygon.cs: ef7b3e02606f58c56a27e65db10bc7f3 -> 
  custom:scripting/monoscript/fileName/switchToRectTransform.cs: 0ef297259b7f2ab26defc1d718ad1e0a -> 
  custom:scripting/monoscript/fileName/UILineRendererList.cs: efbf4ff76c31aa3e4f61c8b26734d929 -> 
  custom:scripting/monoscript/fileName/CLZF2.cs: 40ef7bf6191a1a5e5b0f37e092e1b271 -> 
  custom:scripting/monoscript/fileName/SimpleMenu.cs: 90647cc400823b41df847a6cbfc29026 -> 
  custom:scripting/monoscript/fileName/RescalePanel.cs: a379a55181438e3b7a29019da8a3c82c -> 
  custom:scripting/monoscript/fileName/DragCorrector.cs: 89ab4a0369eecb75be2277a80a08c1e7 -> 
  custom:scripting/monoscript/fileName/RangeSliderEditor.cs: 1c09cdb4e75bc10f834bbae9a7b54e1e -> 
  custom:scripting/monoscript/fileName/FancyScrollRect.cs: 0cdf409b5aa8d4c25876d72b5c6a3b60 -> 
  custom:scripting/precompiled-assembly-types:Assembly-CSharp: 9d98c5210357a57051bc817a849226c0 -> d9898b08f7aa15a36c94fc52d0b7440b
  custom:scripting/monoscript/fileName/ReorderableList.cs: 944c8e214787d07461c711b29546f976 -> 
  custom:scripting/monoscript/fileName/RadialLayout.cs: 170f31c5fdb54a9fe7ba926effdfd7d4 -> 
  custom:scripting/monoscript/fileName/ColorSlider.cs: a91d06b853e0bf2d5df3ea61a67d5c83 -> 
  custom:scripting/monoscript/fileName/IFancyGridViewContext.cs: be7addf49e5950ebb654fec55c2afa8b -> 
  custom:scripting/precompiled-assembly-types:UnityUIExtensions: c0991a7eaf90618746e467e9e018bd04 -> 
  custom:scripting/monoscript/fileName/CUIGraphic.cs: 4f47fad340418bff51fe6171e2259e7f -> 
  custom:scripting/monoscript/fileName/IFancyCellGroupContext.cs: 323b5f49cc2011b3d2d9088e528ed161 -> 
  custom:scripting/monoscript/fileName/MinMaxSlider.cs: e7d98a511e8b98df33f72f37935821e5 -> 
  custom:scripting/monoscript/fileName/ColorPickerTester.cs: 63b6c03c009a94721b9d41c8d5e5e6ed -> 
========================================================================
Received Prepare
Caller must complete domain reload
Begin MonoManager ReloadAssembly
- Loaded All Assemblies, in  0.534 seconds
Native extension for WindowsStandalone target not found
Native extension for WebGL target not found
Mono: successfully reloaded assembly
- Finished resetting the current domain, in  1.117 seconds
Domain Reload Profiling: 1650ms
	BeginReloadAssembly (174ms)
		ExecutionOrderSort (0ms)
		DisableScriptedObjects (11ms)
		BackupInstance (0ms)
		ReleaseScriptingObjects (0ms)
		CreateAndSetChildDomain (38ms)
	RebuildCommonClasses (40ms)
	RebuildNativeTypeToScriptingClass (18ms)
	initialDomainReloadingComplete (31ms)
	LoadAllAssembliesAndSetupDomain (269ms)
		LoadAssemblies (348ms)
		RebuildTransferFunctionScriptingTraits (0ms)
		AnalyzeDomain (18ms)
			TypeCache.Refresh (6ms)
				TypeCache.ScanAssembly (0ms)
			ScanForSourceGeneratedMonoScriptInfo (0ms)
			ResolveRequiredComponents (10ms)
	FinalizeReload (1117ms)
		ReleaseScriptCaches (0ms)
		RebuildScriptCaches (0ms)
		SetupLoadedEditorAssemblies (461ms)
			LogAssemblyErrors (0ms)
			InitializePlatformSupportModulesInManaged (6ms)
			SetLoadedEditorAssemblies (6ms)
			RefreshPlugins (0ms)
			BeforeProcessingInitializeOnLoad (83ms)
			ProcessInitializeOnLoadAttributes (328ms)
			ProcessInitializeOnLoadMethodAttributes (34ms)
			AfterProcessingInitializeOnLoad (3ms)
			EditorAssembliesLoaded (1ms)
		ExecutionOrderSort2 (0ms)
		AwakeInstancesAfterBackupRestoration (16ms)
Refreshing native plugins compatible for Editor in 10.55 ms, found 7 plugins.
Preloading 0 native plugins for Editor in 0.00 ms.
Unloading 4457 Unused Serialized files (Serialized files now loaded: 0)
Unloading 44 unused Assets / (0.7 MB). Loaded Objects now: 5358.
Memory consumption went from 158.5 MB to 157.8 MB.
Total: 4.087700 ms (FindLiveObjects: 0.636800 ms CreateObjectMapping: 0.110400 ms MarkObjects: 2.844400 ms  DeleteObjects: 0.494100 ms)

Prepare: number of updated asset objects reloaded= 0
AssetImportParameters requested are different than current active one (requested -> active):
  custom:scripting/monoscript/fileName/CardStack2D.cs: 52f7ac406c04f320c1cc31b32fc945ec -> 
  custom:scripting/monoscript/fileName/UILineRendererFIFO.cs: 1a840d7d842445f62c20beee85a5bbc5 -> 
  custom:scripting/monoscript/fileName/FlowLayoutGroup.cs: 4f8c51e99186127173631d5ea0b848a8 -> 
  custom:scripting/monoscript/fileName/UIParticleSystem.cs: 6cef203566a0c9333597e4e233613614 -> 
  custom:scripting/monoscript/fileName/UILineRenderer.cs: 673f1b621ab4781ac78770b1b3c45207 -> 
  custom:scripting/monoscript/fileName/TableLayoutGroup.cs: 9697d88a99d4c91003d206b86eed3a61 -> 
  custom:scripting/monoscript/fileName/Segment.cs: 823b994f6bbb6e32f73e9807948df6b3 -> 
  custom:container-demuxer-ogg: 62fdf1f143b41e24485cea50d1cbac27 -> 
  custom:scripting/monoscript/fileName/SelectionBox.cs: 9eabc2822607d24d284c5c0d720d4a01 -> 
  custom:scripting/monoscript/fileName/ReorderableListContent.cs: a630238339e5f198f723ac29a2329f6d -> 
  custom:scripting/monoscript/fileName/Menu.cs: d0a2652908e797d4064ef9b772450cc8 -> 
  custom:scripting/monoscript/fileName/SetPropertyUtility.cs: 02aade692758e5563210cc05829e9851 -> f604b4b9e6b0979bdfc1e2b40426dd19
  custom:scripting/monoscript/fileName/HSVUtil.cs: 2f204c7a89b046fae714aadbcda42851 -> 
  custom:scripting/monoscript/fileName/FancyCellGroup.cs: 90647cc400823b41df847a6cbfc29026 -> 
  custom:scripting/monoscript/fileName/RescaleDragPanel.cs: 428e5a10a21f2d3fc3805557487d591e -> 
  custom:scripting/monoscript/fileName/ExtensionsToggleGroup.cs: 93967f93faef61aecdca9232fa42b062 -> 
  custom:scripting/monoscript/fileName/ResizePanel.cs: 0a2d1269c62cba913a254b515f8b6020 -> 
  custom:scripting/monoscript/fileName/Circle.cs: cfc2369c92dd039be7c3f572f769fdcf -> 
  custom:scripting/monoscript/fileName/ShaderLibrary.cs: 7a09676978959734a6827051c965f749 -> 
  custom:scripting/monoscript/fileName/CurvedText.cs: c86aabacdca275700720e919fc8a8b52 -> 
  custom:scripting/monoscript/fileName/FancyScrollRectCell.cs: 0cdf409b5aa8d4c25876d72b5c6a3b60 -> 
  custom:scripting/monoscript/fileName/Gradient.cs: a4c2a5a25440c543cd82653fda832632 -> 
  custom:scripting/monoscript/fileName/ScrollSnapBase.cs: 3682088473625968e7b4647a6b4213f6 -> 
  custom:scripting/monoscript/fileName/CUIText.cs: 0be1a405bc9388e4813a74aad6018bec -> 
  custom:scripting/monoscript/fileName/BoundTooltipTrigger.cs: e78e2ee612ba85e075ab794a5cb95e73 -> 
  custom:scripting/monoscript/fileName/UIHighlightable.cs: fd305ad78204cb75a66ce809c3f50e6a -> 
  custom:video-codec-MediaFoundation-h265: 746d11721c4dcdbdad8f713fa42b33f4 -> 
  custom:scripting/monoscript/fileName/UIExtensionsInputManager.cs: 6f468ddae971c3bcce0288549c1beabd -> 
  custom:scripting/monoscript/fileName/Gradient2.cs: 9c1fd6257924e43a80b8fccb859d3828 -> 
  custom:scripting/monoscript/fileName/CooldownButton.cs: 72bd21b90ac71f29908a36179176f8fc -> 
  custom:video-decoder-ogg-theora: a1e56fd34408186e4bbccfd4996cb3dc -> 
  custom:scripting/monoscript/fileName/TileSizeFitter.cs: ba6326e335b6f177a627b992c444832c -> 
  custom:scripting/monoscript/fileName/SelectableScaler.cs: 3ebe175d64b38a572f8dbe8fd345f0c3 -> 
  custom:scripting/monoscript/fileName/AccordionElementEditor.cs: db5ee9b2cff22578a12a4d141614d665 -> 
  custom:scripting/monoscript/fileName/ExtensionsToggle.cs: e0b44aa7e1ff973d74b4857a34a48879 -> 
  custom:scripting/monoscript/fileName/ReorderableListElement.cs: 788a31431a1c95dc9a9a52767f8e812f -> 
  custom:scripting/monoscript/fileName/ShineEffector.cs: 52ed4eb6c7ed8f674a18d2a4db6eba86 -> 
  custom:scripting/monoscript/fileName/UISelectableExtension.cs: b6766007d8a2236e23d4749da2d8cdd2 -> 
  custom:framework-win-MediaFoundation: 216162199b28c13a410421893ffa2e32 -> 
  custom:scripting/monoscript/fileName/UISoftAdditiveEffect.cs: 30a825933c907dec19605ff2f58a292f -> 
  custom:scripting/monoscript/fileName/HexColorField.cs: 425eeca1ce4159bc649962b2337061a4 -> 
  custom:scripting/monoscript/fileName/ColorPickerControl.cs: 97231f899ae243cc634f34e048c22095 -> 
  custom:scripting/monoscript/fileName/ReorderableListDebug.cs: 51cf5a188c464deb681bea16cb795b61 -> 
  custom:scripting/monoscript/fileName/TextPic.cs: 9dbd7bc654cbf19eee33ac6fc452bfb1 -> 
  custom:scripting/monoscript/fileName/CUIImage.cs: 41f29f650aa507f802cd9793d91f3211 -> 
  custom:scripting/monoscript/fileName/DropDownListButton.cs: 71d533f2602e0e099d09a556ef8e4414 -> 
  custom:scripting/monoscript/fileName/ScrollSnap.cs: c5ae67ed5cc8c0ab1f7496803acc2648 -> 
  custom:scripting/monoscript/fileName/TextPicIconListCopier.cs: a564a2a474c019b98650cff2383ccfca -> 
  custom:scripting/monoscript/fileName/UICornerCut.cs: 69b0dfb485aa2b1afa65fcf30028125b -> 
  custom:scripting/monoscript/fileName/ScrollerEditor.cs: 478519b80ad2bc62d4a4b80ae078e694 -> 
  custom:scripting/monoscript/fileName/IBoxSelectable.cs: a5bf39a694cf2b84c65e7bec998d4941 -> 
  custom:scripting/monoscript/fileName/TiltWindow.cs: 7c3356d1b5bc9c6e9fe98345b0be7c30 -> 
  custom:scripting/monoscript/fileName/ExtensionMethods.cs: 943bd8dac5ce9467ce7deb0856dc6b0a -> 
  custom:scripting/monoscript/fileName/ComboBox.cs: a6ca48dde827ff07a9093f3624d58e62 -> 
  custom:scripting/monoscript/fileName/ScrollRectLinker.cs: 0316116e17d192ca2ef7c97539dff50f -> 
  custom:scripting/monoscript/fileName/SVBoxSlider.cs: 1d22c9c16d63e1cf38ad19bbcec9a0da -> 
  custom:scripting/monoscript/fileName/VerticalScrollSnap.cs: a7ebcf1fac8331e70ee01e540cbe484b -> 
  custom:scripting/monoscript/fileName/UILineConnector.cs: ea5f69a32957fe35ae7b512ef3f758ef -> 
  custom:scripting/monoscript/fileName/UIScreenEffect.cs: c36542c529d1f733362556ab22c18bf9 -> 
  custom:scripting/monoscript/fileName/SoftMaskScript.cs: 867049fb2647c9983fb1391409f93d30 -> 
  custom:scripting/monoscript/fileName/DiamondGraph.cs: a01b647a54847840428a395cc0d6fc16 -> 
  custom:scripting/monoscript/fileName/ScrollRectEx.cs: 3f6a881a34055e182fee3ab0baaee0c3 -> 
  custom:scripting/monoscript/fileName/UIGridRenderer.cs: 04c0062f4b7cdd6963fdba9ae03d9c72 -> 
  custom:scripting/monoscript/fileName/NicerOutline.cs: 571a7c7c4af4ebadc9fed23f0c3b0b46 -> 
  custom:CustomObjectIndexerAttribute: 9a22284fe3817be447336de3de66b15e -> 
  custom:scripting/monoscript/fileName/ScrollRectExtensions.cs: c76cb840404ffa9bc24248639e9da4ee -> 
  custom:scripting/monoscript/fileName/FancyGridViewContext.cs: 8738476657d4a33c34bc82bed7ce8bc9 -> 
  custom:scripting/monoscript/fileName/MinMaxValues.cs: 4aa11a61e640749f4ea5f947f86be5ba -> 
  custom:scripting/monoscript/fileName/CardExpanding3D.cs: d8b2b9924677ad2b445b05edbed7f0e3 -> 
  custom:scripting/monoscript/fileName/MinMaxSliderEditor.cs: e0496a7f76fc8934af2a763a7289ad36 -> 
  custom:scripting/monoscript/fileName/StepperSide.cs: 34d9a35c8c2622f327b140f18a7398a7 -> 
  custom:scripting/monoscript/fileName/CUIGraphicEditor.cs: a618262d3e77d462c5a0cd2e608e8a53 -> 
  custom:scripting/monoscript/fileName/DropDownList.cs: 3d51ab81e9571c9027b59874b2c78567 -> 
  custom:scripting/monoscript/fileName/ITweenValue.cs: 1d0eaa4b435fa135e18af6b5fa57e92e -> 
  custom:container-demuxer-webm: 4f35f7cbe854078d1ac9338744f61a02 -> 
  custom:scripting/monoscript/fileName/CardExpanding2D.cs: e0950b450275cb3936a581f286a6b471 -> 
  custom:scripting/monoscript/fileName/ResetSelectableHighlight.cs: 3ea63487fd77e7b22731770a86b4f8b9 -> 
  custom:scripting/monoscript/fileName/UIScrollToSelection.cs: d89fc8e36bdc19715e3104a5f857d175 -> 
  custom:scripting/monoscript/fileName/IScrollSnap.cs: 80b4110dac6695d630b8e7501d8e5aa8 -> 
  custom:scripting/monoscript/fileName/SegmentedControl.cs: 3a6e53207de58cf304ab520e0638e2df -> 
  custom:scripting/monoscript/fileName/ColorSampler.cs: 617678b91f4adc7b3146f51bed3fc4b1 -> 
  custom:scripting/monoscript/fileName/TabNavigationHelper.cs: 43f45dc623750048d2fbac24931c8ac8 -> 
  custom:scripting/monoscript/fileName/AutoCompleteComboBox.cs: 6e2e6cf33d4f5ca4ad3c05ff8f254467 -> 
  custom:scripting/monoscript/fileName/TextPicEditor.cs: c23216fe996c314d4c496ad837485981 -> 
  custom:scripting/monoscript/fileName/CUIMisc.cs: bc26c7f132f5cd28304cbc88070ca4dc -> 
  custom:scripting/monoscript/fileName/UIAdditiveEffect.cs: 50386f7d7d76f5c5e155dbf56c5e5fdd -> 
  custom:scripting/monoscript/fileName/MonoSpacing.cs: 45ba6bf376dd125375a8906a7d8b8b4b -> 
  custom:scripting/monoscript/fileName/FloatTween.cs: c51b551f6abec506d0db9945f7aa25cc -> 
  custom:scripting/monoscript/fileName/BoxSlider.cs: 662335e935a62641f6cb14e99e25e994 -> 
  custom:scripting/monoscript/fileName/BezierLineRendererEditor.cs: 2a50098be424d999e43b888ace13278c -> 
  custom:scripting/monoscript/fileName/NonDrawingGraphic.cs: a309796f6d67e4c1c110ec62b4572b4e -> 
  custom:scripting/monoscript/fileName/ScrollPositionController.cs: 30c392a65a277a4a74b1a6f1a3417601 -> 
  custom:scripting/monoscript/fileName/ContentScrollSnapHorizontal.cs: cb0bf043572062ce08b48904f46c98c8 -> 
  custom:scripting/monoscript/fileName/Triangulator.cs: 4ee9f09ca55767568ee94c9eaaed7244 -> d867a9a7a8385ef82ff357feb70c59d4
  custom:scripting/monoscript/fileName/UIImageCrop.cs: 1ec5d1f18ccf3bbe8ea319cda00ecfbc -> 
  custom:scripting/monoscript/fileName/BoxSliderEditor.cs: 9c680a5a338924fb176605eed0f68a75 -> 
  custom:scripting/monoscript/fileName/FancyScrollView.cs: c5f9c64ec4b4e183b17919204bc381a9 -> 
  custom:scripting/monoscript/fileName/BezierPath.cs: 90cbb6f823f7a03c69c93b3e1653c45e -> 
  custom:scripting/monoscript/fileName/SuperellipsePoints.cs: db2a1c9698f2dea478e1d6bfece554ae -> 
  custom:scripting/monoscript/fileName/UI_Knob.cs: 00244fb2be3e9e1f5ec3a07f175066a9 -> 
  custom:container-muxer-webm: aa71ff27fc2769a1b78a27578f13a17b -> 
  custom:scripting/monoscript/fileName/RaycastMask.cs: b13971e6a124c25b886c6703ae2aab24 -> 
  custom:scripting/monoscript/fileName/MultiTouchScrollRect.cs: 3a778993ea01435b2502c14ea2b2ff98 -> 
  custom:video-decoder-webm-vp8: 9c59270c3fd7afecdb556c50c9e8de78 -> 
  custom:scripting/monoscript/fileName/InputFieldEnterSubmit.cs: cdd5149b8afb8dc59ad57cc53ad8fb3b -> 
  custom:scripting/monoscript/fileName/ExampleSelectable.cs: 8dc7a8cd606154e7d10bb507e235c1f8 -> 
  custom:scripting/monoscript/fileName/uGUITools.cs: aa32797d8a9cdcd2167b6be114b0d5ec -> 
  custom:scripting/monoscript/fileName/UILinearDodgeEffect.cs: f5508d2f3f6addba614d4c08275f4546 -> 
  custom:SearchIndexIgnoredProperties: e643bd26f0fe6173181afceb89e7c659 -> 
  custom:scripting/monoscript/fileName/EasingCore.cs: 0bad7e894488e9b67256d892a478aab1 -> 
  custom:scripting/monoscript/fileName/Stepper.cs: 3ee1a56034750815f9c567b6c54fbbb8 -> 
  custom:scripting/monoscript/fileName/UIPrimitiveBase.cs: 80a945e915822efd5c887ee28f76aa9f -> 
  custom:AudioImporter_EditorPlatform: d09bf68614088b80899f8185d706f6e7 -> 
  custom:scripting/monoscript/fileName/LetterSpacing.cs: c4f4c504ac9c0b708c438c8a0faf6a96 -> 
  custom:scripting/monoscript/fileName/UISquircle.cs: faaa67841792f2c90a13db82841ac6e3 -> 
  custom:scripting/monoscript/fileName/RangeSlider.cs: 026cea0882c5bbc90f7cedc5111cfeb2 -> 
  custom:scripting/monoscript/fileName/UIExtensionMethods.cs: 2621bff24acfb4ddb3b264b7553588d8 -> 
  custom:scripting/monoscript/fileName/UIVerticalScroller.cs: 3532ae0d4ba5f6e2c310cfec2c655a8c -> 
  custom:scripting/monoscript/fileName/FiltersPanel.cs: 5dbe4ca523d219ec24889a3783d94d4d -> 
  custom:scripting/monoscript/fileName/ColorLabel.cs: 9a2d62e5e8f65400e4abc881023f36f7 -> 
  custom:scripting/monoscript/fileName/TooltipTrigger.cs: 546a7d73bc42b9e6f1fd03a7e07d7f29 -> 
  custom:scripting/monoscript/fileName/UIMultiplyEffect.cs: 29b6f1f4d98d9b61292d829c0030af4b -> 
  custom:scripting/monoscript/fileName/CardPopup2D.cs: ac929914b8675b3ff1238ddb1cc99789 -> 
  custom:scripting/monoscript/fileName/ScrollSnapScrollbarHelper.cs: d6b043fd7048156ea2ef4da9da4a0a51 -> 
  custom:scripting/monoscript/fileName/HoverTooltip.cs: abdf0400bdf15bb8fdc0bc4d5ecc993f -> 
  custom:scripting/monoscript/fileName/ColorImage.cs: 87dea3e9bf43c94e295d4fa411046c66 -> 
  custom:scripting/monoscript/fileName/FancyScrollRectContext.cs: 9e5d4d8665c04a1190a3fc52908244b0 -> 
  custom:scripting/monoscript/fileName/TextPicIconEditor.cs: 1f41560011fcb93d03be374d10238c0c -> 
  custom:scripting/monoscript/fileName/UI_InfiniteScroll.cs: f7518bdb5ccbb5518282b9c860eef985 -> 
  custom:scripting/monoscript/fileName/UIExtensionsMenuOptions.cs: 25d3bc76bdcc7be45d732e8f064ec6a7 -> 
  custom:scripting/monoscript/fileName/ReadOnlyAttribute.cs: 604ae8fbc27d6402b88ac08f1987318f -> 
  custom:scripting/monoscript/fileName/UICircle.cs: e40253d6117a9fbea82cc285a7e8a36e -> 
  custom:scripting/monoscript/fileName/UIScrollToSelectionXY.cs: 8145d21a6ef6f8610242d2ba291595b9 -> 
  custom:scripting/monoscript/fileName/CUITextEditor.cs: 966cced0a631446b9484c2fe777a7f5b -> 
  custom:scripting/precompiled-assembly-types:UnityUIExtensions.editor: e002030e6fc012878af160bb334541ad -> 
  custom:scripting/monoscript/fileName/TweenRunner.cs: 90647cc400823b41df847a6cbfc29026 -> 
  custom:scripting/monoscript/fileName/UIHorizontalScroller.cs: 758f016ad67e22eff0f26468f408f006 -> 
  custom:scripting/monoscript/fileName/ReturnKeyTriggersButton.cs: 622f27a1a5fce3f8fe14f0fe6c6b39b5 -> 
  custom:scripting/monoscript/fileName/FancyGridViewCell.cs: 0cdf409b5aa8d4c25876d72b5c6a3b60 -> 
  custom:scripting/monoscript/fileName/Scroller.cs: 94938ad1cd7c20206a0339e3bd7f3330 -> 
  custom:scripting/monoscript/fileName/CylinderText.cs: 86c073c10ed890f8e108be86fb350e35 -> 
  custom:scripting/monoscript/fileName/ColorPickerPresets.cs: d20309ac183a87fd46c2e0a03ba5bdef -> 
  custom:scripting/monoscript/fileName/RadialSlider.cs: 24542b53b379116a4f98bb53a64e13b8 -> 
  custom:scripting/monoscript/fileName/PPIViewer.cs: 5269fbe050022d597b2ceba1b1d4cbae -> 
  custom:scripting/monoscript/fileName/InputFocus.cs: 6a5a3b184038cb5e7dbe4882c96bc91b -> 
  custom:scripting/monoscript/fileName/CUIBezierCurve.cs: 32214df0cb137de9f4967269deffb6f3 -> 
  custom:scripting/monoscript/fileName/DropDownListItem.cs: 91c61fd79335f34fb81e114553bf8888 -> 
  custom:scripting/monoscript/fileName/UIFlippable.cs: 9c843e180ea4b6afe9c1ba071336e124 -> 
  custom:scripting/monoscript/fileName/CanvasGroupActivator.cs: f743e9c6e47b0eb8c0b7b2fbf9f7de19 -> 
  custom:scripting/monoscript/fileName/UIWindowBase.cs: 776e605614a77fffd4e0147c8e684e94 -> 
  custom:video-encoder-webm-vp8: eb34c28f22e8b96e1ab97ce403110664 -> 
  custom:scripting/monoscript/fileName/ScrollPositionControllerEditor.cs: fb86570a90d8d5b779234b7f103e1b51 -> 
  custom:scripting/monoscript/fileName/CurvedLayout.cs: 46917779e317aa4a214ea430689de312 -> 
  custom:scripting/monoscript/fileName/ScrollConflictManager.cs: 1a474b2432b80a8b7211f13c79bb991c -> 
  custom:scripting/monoscript/fileName/ReadOnlyDrawer.cs: 1c0aa6472b8e40c24f66a5805d818994 -> 
  custom:audio-decoder-ogg-vorbis: bf7c407c2cedff20999df2af8eb42d56 -> 
  custom:scripting/monoscript/fileName/FancyGridView.cs: 849ed7f5b11c9db237ef61b01c5a5104 -> 
  custom:scripting/monoscript/fileName/CableCurve.cs: 1ed0592bfc80d3ca3db7b55e9a6e9d9a -> 
  custom:scripting/monoscript/fileName/PaginationManager.cs: b5c7a38e1c9bde92ca052679632bc9f1 -> 
  custom:scripting/monoscript/fileName/UILineTextureRenderer.cs: f3042185c83712ad42b2d6694b56f8d3 -> 
  custom:scripting/monoscript/fileName/MenuManager.cs: 8e71de17d45faf11b5ca3e63d3867170 -> 
  custom:scripting/monoscript/fileName/ColorPickerPresetsEditor.cs: 57bebb34d006d8305e8cd353ea00f28b -> 
  custom:scripting/monoscript/fileName/UI_MagneticInfiniteScroll.cs: 7f0db092e1c52c826e7ccbefe21fe7ce -> 
  custom:scripting/monoscript/fileName/ToolTip.cs: 2f05f936126a769ca9a98ef6920928a7 -> 
  custom:scripting/monoscript/fileName/TextPicRenameEditor.cs: b67a1588d964fe3ac177da9872e96689 -> 
  custom:scripting/monoscript/fileName/TestCompression.cs: 2a18178f72c1b3979b9006483863f20e -> 
  custom:scripting/monoscript/fileName/IFancyScrollRectContext.cs: 9c4dee0aef526d67eb0a668a1c9b910a -> 
  custom:scripting/monoscript/fileName/ColorChangedEvent.cs: bafb161b451089e6c72bcae877e0ba66 -> 
  custom:scripting/monoscript/fileName/BestFitOutline.cs: 2ec1c68346f5b721e3d92092cd60b278 -> 
  custom:scripting/monoscript/fileName/NonDrawingGraphicEditor.cs: 1e7abd1e1a4d3da38de70c6d38c19118 -> 
  custom:scripting/monoscript/fileName/HSVChangedEvent.cs: 8a0d7f505f4db7e267a03264293f54eb -> 
  custom:scripting/monoscript/fileName/CUIImageEditor.cs: 0be5a4365a8d65680f88c4d192e5254c -> 
  custom:scripting/monoscript/fileName/HorizontalScrollSnap.cs: 624447835d67a70d90ed2b7f69117316 -> 
  custom:scripting/monoscript/fileName/UI_TweenScale.cs: 50a18c41daf615d82dc37ef0e9dcea31 -> 
  custom:scripting/monoscript/fileName/BoundTooltipItem.cs: 12dc26af634677e40fd7840809357e6c -> 
  custom:scripting/monoscript/fileName/AccordionElement.cs: 69f1a7e537099cc57de9b6eaa86cef32 -> 
  custom:scripting/monoscript/fileName/UI_ScrollRectOcclusion.cs: 491f1c2592ac821eb8de9e533fddd4a9 -> 
  custom:scripting/monoscript/fileName/CUIBezierCurveEditor.cs: be4462c6de2387d5f99ef9d0e93b91ee -> 
  custom:scripting/monoscript/fileName/ColorSliderImage.cs: bbcbfbf23dc2f9fc5450db8f36b24487 -> 
  custom:scripting/monoscript/fileName/Accordion.cs: c31898dc7ffd6f7b32be5689419229bc -> 
  custom:scripting/monoscript/fileName/FancyCell.cs: 0cdf409b5aa8d4c25876d72b5c6a3b60 -> 
  custom:scripting/monoscript/fileName/ShineEffect.cs: 61d233269c4ea687efa548adef5d6e13 -> 
  custom:audio-encoder-webm-vorbis: bf7c407c2cedff20999df2af8eb42d56 -> 
  custom:scripting/monoscript/fileName/ScrollRectTweener.cs: 3437a8fb18bed84a45865e36e83e332f -> 
  custom:scripting/monoscript/fileName/MeshCreator.cs: a2506ad04bac2e5a6d6d50e0d7978d92 -> 
  custom:scripting/monoscript/fileName/UIPolygon.cs: ef7b3e02606f58c56a27e65db10bc7f3 -> 
  custom:scripting/monoscript/fileName/switchToRectTransform.cs: 0ef297259b7f2ab26defc1d718ad1e0a -> 
  custom:scripting/monoscript/fileName/UILineRendererList.cs: efbf4ff76c31aa3e4f61c8b26734d929 -> 
  custom:scripting/monoscript/fileName/CLZF2.cs: 40ef7bf6191a1a5e5b0f37e092e1b271 -> 
  custom:scripting/monoscript/fileName/SimpleMenu.cs: 90647cc400823b41df847a6cbfc29026 -> 
  custom:scripting/monoscript/fileName/RescalePanel.cs: a379a55181438e3b7a29019da8a3c82c -> 
  custom:scripting/monoscript/fileName/DragCorrector.cs: 89ab4a0369eecb75be2277a80a08c1e7 -> 
  custom:scripting/monoscript/fileName/RangeSliderEditor.cs: 1c09cdb4e75bc10f834bbae9a7b54e1e -> 
  custom:scripting/monoscript/fileName/FancyScrollRect.cs: 0cdf409b5aa8d4c25876d72b5c6a3b60 -> 
  custom:scripting/precompiled-assembly-types:Assembly-CSharp: 9d98c5210357a57051bc817a849226c0 -> d9898b08f7aa15a36c94fc52d0b7440b
  custom:scripting/monoscript/fileName/ReorderableList.cs: 944c8e214787d07461c711b29546f976 -> 
  custom:scripting/monoscript/fileName/RadialLayout.cs: 170f31c5fdb54a9fe7ba926effdfd7d4 -> 
  custom:scripting/monoscript/fileName/ColorSlider.cs: a91d06b853e0bf2d5df3ea61a67d5c83 -> 
  custom:scripting/monoscript/fileName/IFancyGridViewContext.cs: be7addf49e5950ebb654fec55c2afa8b -> 
  custom:scripting/precompiled-assembly-types:UnityUIExtensions: c0991a7eaf90618746e467e9e018bd04 -> 
  custom:scripting/monoscript/fileName/CUIGraphic.cs: 4f47fad340418bff51fe6171e2259e7f -> 
  custom:scripting/monoscript/fileName/IFancyCellGroupContext.cs: 323b5f49cc2011b3d2d9088e528ed161 -> 
  custom:scripting/monoscript/fileName/MinMaxSlider.cs: e7d98a511e8b98df33f72f37935821e5 -> 
  custom:scripting/monoscript/fileName/ColorPickerTester.cs: 63b6c03c009a94721b9d41c8d5e5e6ed -> 
========================================================================
Received Import Request.
  Time since last request: 313.532243 seconds.
  path: Assets/Animations/Filters.controller
  artifactKey: Guid(ee587d2f3c43a904f8ed852dbbe75155) Importer(815301076,1909f56bfc062723c751e8b465ee728b)
Start importing Assets/Animations/Filters.controller using Guid(ee587d2f3c43a904f8ed852dbbe75155) Importer(815301076,1909f56bfc062723c751e8b465ee728b) [PhysX] Initialized MultithreadedTaskDispatcher with 16 workers.
 -> (artifact id: '26513f72e2d14ce906918026d2b3cf49') in 0.012056 seconds
Number of updated asset objects reloaded before import = 0
Number of asset objects unloaded after import = 1
========================================================================
Received Prepare
Caller must complete domain reload
Begin MonoManager ReloadAssembly
- Loaded All Assemblies, in  0.531 seconds
Native extension for WindowsStandalone target not found
Native extension for WebGL target not found
Mono: successfully reloaded assembly
- Finished resetting the current domain, in  1.132 seconds
Domain Reload Profiling: 1663ms
	BeginReloadAssembly (167ms)
		ExecutionOrderSort (0ms)
		DisableScriptedObjects (12ms)
		BackupInstance (0ms)
		ReleaseScriptingObjects (0ms)
		CreateAndSetChildDomain (39ms)
	RebuildCommonClasses (37ms)
	RebuildNativeTypeToScriptingClass (12ms)
	initialDomainReloadingComplete (32ms)
	LoadAllAssembliesAndSetupDomain (283ms)
		LoadAssemblies (347ms)
		RebuildTransferFunctionScriptingTraits (0ms)
		AnalyzeDomain (21ms)
			TypeCache.Refresh (8ms)
				TypeCache.ScanAssembly (0ms)
			ScanForSourceGeneratedMonoScriptInfo (0ms)
			ResolveRequiredComponents (11ms)
	FinalizeReload (1133ms)
		ReleaseScriptCaches (0ms)
		RebuildScriptCaches (0ms)
		SetupLoadedEditorAssemblies (467ms)
			LogAssemblyErrors (0ms)
			InitializePlatformSupportModulesInManaged (9ms)
			SetLoadedEditorAssemblies (7ms)
			RefreshPlugins (0ms)
			BeforeProcessingInitializeOnLoad (70ms)
			ProcessInitializeOnLoadAttributes (341ms)
			ProcessInitializeOnLoadMethodAttributes (37ms)
			AfterProcessingInitializeOnLoad (3ms)
			EditorAssembliesLoaded (0ms)
		ExecutionOrderSort2 (0ms)
		AwakeInstancesAfterBackupRestoration (15ms)
Refreshing native plugins compatible for Editor in 11.72 ms, found 7 plugins.
Preloading 0 native plugins for Editor in 0.00 ms.
Unloading 4456 Unused Serialized files (Serialized files now loaded: 0)
Unloading 44 unused Assets / (0.7 MB). Loaded Objects now: 5362.
Memory consumption went from 158.2 MB to 157.5 MB.
Total: 9.347500 ms (FindLiveObjects: 1.092500 ms CreateObjectMapping: 0.889200 ms MarkObjects: 6.363200 ms  DeleteObjects: 0.998100 ms)

Prepare: number of updated asset objects reloaded= 0
AssetImportParameters requested are different than current active one (requested -> active):
  custom:scripting/monoscript/fileName/CardStack2D.cs: 52f7ac406c04f320c1cc31b32fc945ec -> 
  custom:scripting/monoscript/fileName/UILineRendererFIFO.cs: 1a840d7d842445f62c20beee85a5bbc5 -> 
  custom:scripting/monoscript/fileName/FlowLayoutGroup.cs: 4f8c51e99186127173631d5ea0b848a8 -> 
  custom:scripting/monoscript/fileName/UIParticleSystem.cs: 6cef203566a0c9333597e4e233613614 -> 
  custom:scripting/monoscript/fileName/UILineRenderer.cs: 673f1b621ab4781ac78770b1b3c45207 -> 
  custom:scripting/monoscript/fileName/TableLayoutGroup.cs: 9697d88a99d4c91003d206b86eed3a61 -> 
  custom:scripting/monoscript/fileName/Segment.cs: 823b994f6bbb6e32f73e9807948df6b3 -> 
  custom:container-demuxer-ogg: 62fdf1f143b41e24485cea50d1cbac27 -> 
  custom:scripting/monoscript/fileName/SelectionBox.cs: 9eabc2822607d24d284c5c0d720d4a01 -> 
  custom:scripting/monoscript/fileName/ReorderableListContent.cs: a630238339e5f198f723ac29a2329f6d -> 
  custom:scripting/monoscript/fileName/Menu.cs: d0a2652908e797d4064ef9b772450cc8 -> 
  custom:scripting/monoscript/fileName/SetPropertyUtility.cs: 02aade692758e5563210cc05829e9851 -> f604b4b9e6b0979bdfc1e2b40426dd19
  custom:scripting/monoscript/fileName/HSVUtil.cs: 2f204c7a89b046fae714aadbcda42851 -> 
  custom:scripting/monoscript/fileName/FancyCellGroup.cs: 90647cc400823b41df847a6cbfc29026 -> 
  custom:scripting/monoscript/fileName/RescaleDragPanel.cs: 428e5a10a21f2d3fc3805557487d591e -> 
  custom:scripting/monoscript/fileName/ExtensionsToggleGroup.cs: 93967f93faef61aecdca9232fa42b062 -> 
  custom:scripting/monoscript/fileName/ResizePanel.cs: 0a2d1269c62cba913a254b515f8b6020 -> 
  custom:scripting/monoscript/fileName/Circle.cs: cfc2369c92dd039be7c3f572f769fdcf -> 
  custom:scripting/monoscript/fileName/ShaderLibrary.cs: 7a09676978959734a6827051c965f749 -> 
  custom:scripting/monoscript/fileName/CurvedText.cs: c86aabacdca275700720e919fc8a8b52 -> 
  custom:scripting/monoscript/fileName/FancyScrollRectCell.cs: 0cdf409b5aa8d4c25876d72b5c6a3b60 -> 
  custom:scripting/monoscript/fileName/Gradient.cs: a4c2a5a25440c543cd82653fda832632 -> 
  custom:scripting/monoscript/fileName/ScrollSnapBase.cs: 3682088473625968e7b4647a6b4213f6 -> 
  custom:scripting/monoscript/fileName/CUIText.cs: 0be1a405bc9388e4813a74aad6018bec -> 
  custom:scripting/monoscript/fileName/BoundTooltipTrigger.cs: e78e2ee612ba85e075ab794a5cb95e73 -> 
  custom:scripting/monoscript/fileName/UIHighlightable.cs: fd305ad78204cb75a66ce809c3f50e6a -> 
  custom:video-codec-MediaFoundation-h265: 746d11721c4dcdbdad8f713fa42b33f4 -> 
  custom:scripting/monoscript/fileName/UIExtensionsInputManager.cs: 6f468ddae971c3bcce0288549c1beabd -> 
  custom:scripting/monoscript/fileName/Gradient2.cs: 9c1fd6257924e43a80b8fccb859d3828 -> 
  custom:scripting/monoscript/fileName/CooldownButton.cs: 72bd21b90ac71f29908a36179176f8fc -> 
  custom:video-decoder-ogg-theora: a1e56fd34408186e4bbccfd4996cb3dc -> 
  custom:scripting/monoscript/fileName/TileSizeFitter.cs: ba6326e335b6f177a627b992c444832c -> 
  custom:scripting/monoscript/fileName/SelectableScaler.cs: 3ebe175d64b38a572f8dbe8fd345f0c3 -> 
  custom:scripting/monoscript/fileName/AccordionElementEditor.cs: db5ee9b2cff22578a12a4d141614d665 -> 
  custom:scripting/monoscript/fileName/ExtensionsToggle.cs: e0b44aa7e1ff973d74b4857a34a48879 -> 
  custom:scripting/monoscript/fileName/ReorderableListElement.cs: 788a31431a1c95dc9a9a52767f8e812f -> 
  custom:scripting/monoscript/fileName/ShineEffector.cs: 52ed4eb6c7ed8f674a18d2a4db6eba86 -> 
  custom:scripting/monoscript/fileName/UISelectableExtension.cs: b6766007d8a2236e23d4749da2d8cdd2 -> 
  custom:framework-win-MediaFoundation: 216162199b28c13a410421893ffa2e32 -> 
  custom:scripting/monoscript/fileName/UISoftAdditiveEffect.cs: 30a825933c907dec19605ff2f58a292f -> 
  custom:scripting/monoscript/fileName/HexColorField.cs: 425eeca1ce4159bc649962b2337061a4 -> 
  custom:scripting/monoscript/fileName/ColorPickerControl.cs: 97231f899ae243cc634f34e048c22095 -> 
  custom:scripting/monoscript/fileName/ReorderableListDebug.cs: 51cf5a188c464deb681bea16cb795b61 -> 
  custom:scripting/monoscript/fileName/TextPic.cs: 9dbd7bc654cbf19eee33ac6fc452bfb1 -> 
  custom:scripting/monoscript/fileName/CUIImage.cs: 41f29f650aa507f802cd9793d91f3211 -> 
  custom:scripting/monoscript/fileName/DropDownListButton.cs: 71d533f2602e0e099d09a556ef8e4414 -> 
  custom:scripting/monoscript/fileName/ScrollSnap.cs: c5ae67ed5cc8c0ab1f7496803acc2648 -> 
  custom:scripting/monoscript/fileName/TextPicIconListCopier.cs: a564a2a474c019b98650cff2383ccfca -> 
  custom:scripting/monoscript/fileName/UICornerCut.cs: 69b0dfb485aa2b1afa65fcf30028125b -> 
  custom:scripting/monoscript/fileName/ScrollerEditor.cs: 478519b80ad2bc62d4a4b80ae078e694 -> 
  custom:scripting/monoscript/fileName/IBoxSelectable.cs: a5bf39a694cf2b84c65e7bec998d4941 -> 
  custom:scripting/monoscript/fileName/TiltWindow.cs: 7c3356d1b5bc9c6e9fe98345b0be7c30 -> 
  custom:scripting/monoscript/fileName/ExtensionMethods.cs: 943bd8dac5ce9467ce7deb0856dc6b0a -> 
  custom:scripting/monoscript/fileName/ComboBox.cs: a6ca48dde827ff07a9093f3624d58e62 -> 
  custom:scripting/monoscript/fileName/ScrollRectLinker.cs: 0316116e17d192ca2ef7c97539dff50f -> 
  custom:scripting/monoscript/fileName/SVBoxSlider.cs: 1d22c9c16d63e1cf38ad19bbcec9a0da -> 
  custom:scripting/monoscript/fileName/VerticalScrollSnap.cs: a7ebcf1fac8331e70ee01e540cbe484b -> 
  custom:scripting/monoscript/fileName/UILineConnector.cs: ea5f69a32957fe35ae7b512ef3f758ef -> 
  custom:scripting/monoscript/fileName/UIScreenEffect.cs: c36542c529d1f733362556ab22c18bf9 -> 
  custom:scripting/monoscript/fileName/SoftMaskScript.cs: 867049fb2647c9983fb1391409f93d30 -> 
  custom:scripting/monoscript/fileName/DiamondGraph.cs: a01b647a54847840428a395cc0d6fc16 -> 
  custom:scripting/monoscript/fileName/ScrollRectEx.cs: 3f6a881a34055e182fee3ab0baaee0c3 -> 
  custom:scripting/monoscript/fileName/UIGridRenderer.cs: 04c0062f4b7cdd6963fdba9ae03d9c72 -> 
  custom:scripting/monoscript/fileName/NicerOutline.cs: 571a7c7c4af4ebadc9fed23f0c3b0b46 -> 
  custom:CustomObjectIndexerAttribute: 9a22284fe3817be447336de3de66b15e -> 
  custom:scripting/monoscript/fileName/ScrollRectExtensions.cs: c76cb840404ffa9bc24248639e9da4ee -> 
  custom:scripting/monoscript/fileName/FancyGridViewContext.cs: 8738476657d4a33c34bc82bed7ce8bc9 -> 
  custom:scripting/monoscript/fileName/MinMaxValues.cs: 4aa11a61e640749f4ea5f947f86be5ba -> 
  custom:scripting/monoscript/fileName/CardExpanding3D.cs: d8b2b9924677ad2b445b05edbed7f0e3 -> 
  custom:scripting/monoscript/fileName/MinMaxSliderEditor.cs: e0496a7f76fc8934af2a763a7289ad36 -> 
  custom:scripting/monoscript/fileName/StepperSide.cs: 34d9a35c8c2622f327b140f18a7398a7 -> 
  custom:scripting/monoscript/fileName/CUIGraphicEditor.cs: a618262d3e77d462c5a0cd2e608e8a53 -> 
  custom:scripting/monoscript/fileName/DropDownList.cs: 3d51ab81e9571c9027b59874b2c78567 -> 
  custom:scripting/monoscript/fileName/ITweenValue.cs: 1d0eaa4b435fa135e18af6b5fa57e92e -> 
  custom:container-demuxer-webm: 4f35f7cbe854078d1ac9338744f61a02 -> 
  custom:scripting/monoscript/fileName/CardExpanding2D.cs: e0950b450275cb3936a581f286a6b471 -> 
  custom:scripting/monoscript/fileName/ResetSelectableHighlight.cs: 3ea63487fd77e7b22731770a86b4f8b9 -> 
  custom:scripting/monoscript/fileName/UIScrollToSelection.cs: d89fc8e36bdc19715e3104a5f857d175 -> 
  custom:scripting/monoscript/fileName/IScrollSnap.cs: 80b4110dac6695d630b8e7501d8e5aa8 -> 
  custom:scripting/monoscript/fileName/SegmentedControl.cs: 3a6e53207de58cf304ab520e0638e2df -> 
  custom:scripting/monoscript/fileName/ColorSampler.cs: 617678b91f4adc7b3146f51bed3fc4b1 -> 
  custom:scripting/monoscript/fileName/TabNavigationHelper.cs: 43f45dc623750048d2fbac24931c8ac8 -> 
  custom:scripting/monoscript/fileName/AutoCompleteComboBox.cs: 6e2e6cf33d4f5ca4ad3c05ff8f254467 -> 
  custom:scripting/monoscript/fileName/TextPicEditor.cs: c23216fe996c314d4c496ad837485981 -> 
  custom:scripting/monoscript/fileName/CUIMisc.cs: bc26c7f132f5cd28304cbc88070ca4dc -> 
  custom:scripting/monoscript/fileName/UIAdditiveEffect.cs: 50386f7d7d76f5c5e155dbf56c5e5fdd -> 
  custom:scripting/monoscript/fileName/MonoSpacing.cs: 45ba6bf376dd125375a8906a7d8b8b4b -> 
  custom:scripting/monoscript/fileName/FloatTween.cs: c51b551f6abec506d0db9945f7aa25cc -> 
  custom:scripting/monoscript/fileName/BoxSlider.cs: 662335e935a62641f6cb14e99e25e994 -> 
  custom:scripting/monoscript/fileName/BezierLineRendererEditor.cs: 2a50098be424d999e43b888ace13278c -> 
  custom:scripting/monoscript/fileName/NonDrawingGraphic.cs: a309796f6d67e4c1c110ec62b4572b4e -> 
  custom:scripting/monoscript/fileName/ScrollPositionController.cs: 30c392a65a277a4a74b1a6f1a3417601 -> 
  custom:scripting/monoscript/fileName/ContentScrollSnapHorizontal.cs: cb0bf043572062ce08b48904f46c98c8 -> 
  custom:scripting/monoscript/fileName/Triangulator.cs: 4ee9f09ca55767568ee94c9eaaed7244 -> d867a9a7a8385ef82ff357feb70c59d4
  custom:scripting/monoscript/fileName/UIImageCrop.cs: 1ec5d1f18ccf3bbe8ea319cda00ecfbc -> 
  custom:scripting/monoscript/fileName/BoxSliderEditor.cs: 9c680a5a338924fb176605eed0f68a75 -> 
  custom:scripting/monoscript/fileName/FancyScrollView.cs: c5f9c64ec4b4e183b17919204bc381a9 -> 
  custom:scripting/monoscript/fileName/BezierPath.cs: 90cbb6f823f7a03c69c93b3e1653c45e -> 
  custom:scripting/monoscript/fileName/SuperellipsePoints.cs: db2a1c9698f2dea478e1d6bfece554ae -> 
  custom:scripting/monoscript/fileName/UI_Knob.cs: 00244fb2be3e9e1f5ec3a07f175066a9 -> 
  custom:container-muxer-webm: aa71ff27fc2769a1b78a27578f13a17b -> 
  custom:scripting/monoscript/fileName/RaycastMask.cs: b13971e6a124c25b886c6703ae2aab24 -> 
  custom:scripting/monoscript/fileName/MultiTouchScrollRect.cs: 3a778993ea01435b2502c14ea2b2ff98 -> 
  custom:video-decoder-webm-vp8: 9c59270c3fd7afecdb556c50c9e8de78 -> 
  custom:scripting/monoscript/fileName/InputFieldEnterSubmit.cs: cdd5149b8afb8dc59ad57cc53ad8fb3b -> 
  custom:scripting/monoscript/fileName/ExampleSelectable.cs: 8dc7a8cd606154e7d10bb507e235c1f8 -> 
  custom:scripting/monoscript/fileName/uGUITools.cs: aa32797d8a9cdcd2167b6be114b0d5ec -> 
  custom:scripting/monoscript/fileName/UILinearDodgeEffect.cs: f5508d2f3f6addba614d4c08275f4546 -> 
  custom:SearchIndexIgnoredProperties: e643bd26f0fe6173181afceb89e7c659 -> 
  custom:scripting/monoscript/fileName/EasingCore.cs: 0bad7e894488e9b67256d892a478aab1 -> 
  custom:scripting/monoscript/fileName/Stepper.cs: 3ee1a56034750815f9c567b6c54fbbb8 -> 
  custom:scripting/monoscript/fileName/UIPrimitiveBase.cs: 80a945e915822efd5c887ee28f76aa9f -> 
  custom:AudioImporter_EditorPlatform: d09bf68614088b80899f8185d706f6e7 -> 
  custom:scripting/monoscript/fileName/LetterSpacing.cs: c4f4c504ac9c0b708c438c8a0faf6a96 -> 
  custom:scripting/monoscript/fileName/UISquircle.cs: faaa67841792f2c90a13db82841ac6e3 -> 
  custom:scripting/monoscript/fileName/RangeSlider.cs: 026cea0882c5bbc90f7cedc5111cfeb2 -> 
  custom:scripting/monoscript/fileName/UIExtensionMethods.cs: 2621bff24acfb4ddb3b264b7553588d8 -> 
  custom:scripting/monoscript/fileName/UIVerticalScroller.cs: 3532ae0d4ba5f6e2c310cfec2c655a8c -> 
  custom:scripting/monoscript/fileName/FiltersPanel.cs: 5dbe4ca523d219ec24889a3783d94d4d -> 
  custom:scripting/monoscript/fileName/ColorLabel.cs: 9a2d62e5e8f65400e4abc881023f36f7 -> 
  custom:scripting/monoscript/fileName/TooltipTrigger.cs: 546a7d73bc42b9e6f1fd03a7e07d7f29 -> 
  custom:scripting/monoscript/fileName/UIMultiplyEffect.cs: 29b6f1f4d98d9b61292d829c0030af4b -> 
  custom:scripting/monoscript/fileName/CardPopup2D.cs: ac929914b8675b3ff1238ddb1cc99789 -> 
  custom:scripting/monoscript/fileName/ScrollSnapScrollbarHelper.cs: d6b043fd7048156ea2ef4da9da4a0a51 -> 
  custom:scripting/monoscript/fileName/HoverTooltip.cs: abdf0400bdf15bb8fdc0bc4d5ecc993f -> 
  custom:scripting/monoscript/fileName/ColorImage.cs: 87dea3e9bf43c94e295d4fa411046c66 -> 
  custom:scripting/monoscript/fileName/FancyScrollRectContext.cs: 9e5d4d8665c04a1190a3fc52908244b0 -> 
  custom:scripting/monoscript/fileName/TextPicIconEditor.cs: 1f41560011fcb93d03be374d10238c0c -> 
  custom:scripting/monoscript/fileName/UI_InfiniteScroll.cs: f7518bdb5ccbb5518282b9c860eef985 -> 
  custom:scripting/monoscript/fileName/UIExtensionsMenuOptions.cs: 25d3bc76bdcc7be45d732e8f064ec6a7 -> 
  custom:scripting/monoscript/fileName/ReadOnlyAttribute.cs: 604ae8fbc27d6402b88ac08f1987318f -> 
  custom:scripting/monoscript/fileName/UICircle.cs: e40253d6117a9fbea82cc285a7e8a36e -> 
  custom:scripting/monoscript/fileName/UIScrollToSelectionXY.cs: 8145d21a6ef6f8610242d2ba291595b9 -> 
  custom:scripting/monoscript/fileName/CUITextEditor.cs: 966cced0a631446b9484c2fe777a7f5b -> 
  custom:scripting/precompiled-assembly-types:UnityUIExtensions.editor: e002030e6fc012878af160bb334541ad -> 
  custom:scripting/monoscript/fileName/TweenRunner.cs: 90647cc400823b41df847a6cbfc29026 -> 
  custom:scripting/monoscript/fileName/UIHorizontalScroller.cs: 758f016ad67e22eff0f26468f408f006 -> 
  custom:scripting/monoscript/fileName/ReturnKeyTriggersButton.cs: 622f27a1a5fce3f8fe14f0fe6c6b39b5 -> 
  custom:scripting/monoscript/fileName/FancyGridViewCell.cs: 0cdf409b5aa8d4c25876d72b5c6a3b60 -> 
  custom:scripting/monoscript/fileName/Scroller.cs: 94938ad1cd7c20206a0339e3bd7f3330 -> 
  custom:scripting/monoscript/fileName/CylinderText.cs: 86c073c10ed890f8e108be86fb350e35 -> 
  custom:scripting/monoscript/fileName/ColorPickerPresets.cs: d20309ac183a87fd46c2e0a03ba5bdef -> 
  custom:scripting/monoscript/fileName/RadialSlider.cs: 24542b53b379116a4f98bb53a64e13b8 -> 
  custom:scripting/monoscript/fileName/PPIViewer.cs: 5269fbe050022d597b2ceba1b1d4cbae -> 
  custom:scripting/monoscript/fileName/InputFocus.cs: 6a5a3b184038cb5e7dbe4882c96bc91b -> 
  custom:scripting/monoscript/fileName/CUIBezierCurve.cs: 32214df0cb137de9f4967269deffb6f3 -> 
  custom:scripting/monoscript/fileName/DropDownListItem.cs: 91c61fd79335f34fb81e114553bf8888 -> 
  custom:scripting/monoscript/fileName/UIFlippable.cs: 9c843e180ea4b6afe9c1ba071336e124 -> 
  custom:scripting/monoscript/fileName/CanvasGroupActivator.cs: f743e9c6e47b0eb8c0b7b2fbf9f7de19 -> 
  custom:scripting/monoscript/fileName/UIWindowBase.cs: 776e605614a77fffd4e0147c8e684e94 -> 
  custom:video-encoder-webm-vp8: eb34c28f22e8b96e1ab97ce403110664 -> 
  custom:scripting/monoscript/fileName/ScrollPositionControllerEditor.cs: fb86570a90d8d5b779234b7f103e1b51 -> 
  custom:scripting/monoscript/fileName/CurvedLayout.cs: 46917779e317aa4a214ea430689de312 -> 
  custom:scripting/monoscript/fileName/ScrollConflictManager.cs: 1a474b2432b80a8b7211f13c79bb991c -> 
  custom:scripting/monoscript/fileName/ReadOnlyDrawer.cs: 1c0aa6472b8e40c24f66a5805d818994 -> 
  custom:audio-decoder-ogg-vorbis: bf7c407c2cedff20999df2af8eb42d56 -> 
  custom:scripting/monoscript/fileName/FancyGridView.cs: 849ed7f5b11c9db237ef61b01c5a5104 -> 
  custom:scripting/monoscript/fileName/CableCurve.cs: 1ed0592bfc80d3ca3db7b55e9a6e9d9a -> 
  custom:scripting/monoscript/fileName/PaginationManager.cs: b5c7a38e1c9bde92ca052679632bc9f1 -> 
  custom:scripting/monoscript/fileName/UILineTextureRenderer.cs: f3042185c83712ad42b2d6694b56f8d3 -> 
  custom:scripting/monoscript/fileName/MenuManager.cs: 8e71de17d45faf11b5ca3e63d3867170 -> 
  custom:scripting/monoscript/fileName/ColorPickerPresetsEditor.cs: 57bebb34d006d8305e8cd353ea00f28b -> 
  custom:scripting/monoscript/fileName/UI_MagneticInfiniteScroll.cs: 7f0db092e1c52c826e7ccbefe21fe7ce -> 
  custom:scripting/monoscript/fileName/ToolTip.cs: 2f05f936126a769ca9a98ef6920928a7 -> 
  custom:scripting/monoscript/fileName/TextPicRenameEditor.cs: b67a1588d964fe3ac177da9872e96689 -> 
  custom:scripting/monoscript/fileName/TestCompression.cs: 2a18178f72c1b3979b9006483863f20e -> 
  custom:scripting/monoscript/fileName/IFancyScrollRectContext.cs: 9c4dee0aef526d67eb0a668a1c9b910a -> 
  custom:scripting/monoscript/fileName/ColorChangedEvent.cs: bafb161b451089e6c72bcae877e0ba66 -> 
  custom:scripting/monoscript/fileName/BestFitOutline.cs: 2ec1c68346f5b721e3d92092cd60b278 -> 
  custom:scripting/monoscript/fileName/NonDrawingGraphicEditor.cs: 1e7abd1e1a4d3da38de70c6d38c19118 -> 
  custom:scripting/monoscript/fileName/HSVChangedEvent.cs: 8a0d7f505f4db7e267a03264293f54eb -> 
  custom:scripting/monoscript/fileName/CUIImageEditor.cs: 0be5a4365a8d65680f88c4d192e5254c -> 
  custom:scripting/monoscript/fileName/HorizontalScrollSnap.cs: 624447835d67a70d90ed2b7f69117316 -> 
  custom:scripting/monoscript/fileName/UI_TweenScale.cs: 50a18c41daf615d82dc37ef0e9dcea31 -> 
  custom:scripting/monoscript/fileName/BoundTooltipItem.cs: 12dc26af634677e40fd7840809357e6c -> 
  custom:scripting/monoscript/fileName/AccordionElement.cs: 69f1a7e537099cc57de9b6eaa86cef32 -> 
  custom:scripting/monoscript/fileName/UI_ScrollRectOcclusion.cs: 491f1c2592ac821eb8de9e533fddd4a9 -> 
  custom:scripting/monoscript/fileName/CUIBezierCurveEditor.cs: be4462c6de2387d5f99ef9d0e93b91ee -> 
  custom:scripting/monoscript/fileName/ColorSliderImage.cs: bbcbfbf23dc2f9fc5450db8f36b24487 -> 
  custom:scripting/monoscript/fileName/Accordion.cs: c31898dc7ffd6f7b32be5689419229bc -> 
  custom:scripting/monoscript/fileName/FancyCell.cs: 0cdf409b5aa8d4c25876d72b5c6a3b60 -> 
  custom:scripting/monoscript/fileName/ShineEffect.cs: 61d233269c4ea687efa548adef5d6e13 -> 
  custom:audio-encoder-webm-vorbis: bf7c407c2cedff20999df2af8eb42d56 -> 
  custom:scripting/monoscript/fileName/ScrollRectTweener.cs: 3437a8fb18bed84a45865e36e83e332f -> 
  custom:scripting/monoscript/fileName/MeshCreator.cs: a2506ad04bac2e5a6d6d50e0d7978d92 -> 
  custom:scripting/monoscript/fileName/UIPolygon.cs: ef7b3e02606f58c56a27e65db10bc7f3 -> 
  custom:scripting/monoscript/fileName/switchToRectTransform.cs: 0ef297259b7f2ab26defc1d718ad1e0a -> 
  custom:scripting/monoscript/fileName/UILineRendererList.cs: efbf4ff76c31aa3e4f61c8b26734d929 -> 
  custom:scripting/monoscript/fileName/CLZF2.cs: 40ef7bf6191a1a5e5b0f37e092e1b271 -> 
  custom:scripting/monoscript/fileName/SimpleMenu.cs: 90647cc400823b41df847a6cbfc29026 -> 
  custom:scripting/monoscript/fileName/RescalePanel.cs: a379a55181438e3b7a29019da8a3c82c -> 
  custom:scripting/monoscript/fileName/DragCorrector.cs: 89ab4a0369eecb75be2277a80a08c1e7 -> 
  custom:scripting/monoscript/fileName/RangeSliderEditor.cs: 1c09cdb4e75bc10f834bbae9a7b54e1e -> 
  custom:scripting/monoscript/fileName/FancyScrollRect.cs: 0cdf409b5aa8d4c25876d72b5c6a3b60 -> 
  custom:scripting/precompiled-assembly-types:Assembly-CSharp: 9d98c5210357a57051bc817a849226c0 -> d9898b08f7aa15a36c94fc52d0b7440b
  custom:scripting/monoscript/fileName/ReorderableList.cs: 944c8e214787d07461c711b29546f976 -> 
  custom:scripting/monoscript/fileName/RadialLayout.cs: 170f31c5fdb54a9fe7ba926effdfd7d4 -> 
  custom:scripting/monoscript/fileName/ColorSlider.cs: a91d06b853e0bf2d5df3ea61a67d5c83 -> 
  custom:scripting/monoscript/fileName/IFancyGridViewContext.cs: be7addf49e5950ebb654fec55c2afa8b -> 
  custom:scripting/precompiled-assembly-types:UnityUIExtensions: c0991a7eaf90618746e467e9e018bd04 -> 
  custom:scripting/monoscript/fileName/CUIGraphic.cs: 4f47fad340418bff51fe6171e2259e7f -> 
  custom:scripting/monoscript/fileName/IFancyCellGroupContext.cs: 323b5f49cc2011b3d2d9088e528ed161 -> 
  custom:scripting/monoscript/fileName/MinMaxSlider.cs: e7d98a511e8b98df33f72f37935821e5 -> 
  custom:scripting/monoscript/fileName/ColorPickerTester.cs: 63b6c03c009a94721b9d41c8d5e5e6ed -> 
========================================================================
Received Import Request.
  Time since last request: 1804.891307 seconds.
  path: Assets/Scripts/Map.cs
  artifactKey: Guid(30fc64a83f95c894faf3e72cea7f66f0) Importer(815301076,1909f56bfc062723c751e8b465ee728b)
Start importing Assets/Scripts/Map.cs using Guid(30fc64a83f95c894faf3e72cea7f66f0) Importer(815301076,1909f56bfc062723c751e8b465ee728b) [PhysX] Initialized MultithreadedTaskDispatcher with 16 workers.
 -> (artifact id: '9c534cb2307a6ef6d2c0405e6e223bce') in 0.002404 seconds
Number of updated asset objects reloaded before import = 0
Number of asset objects unloaded after import = 0
========================================================================
Received Prepare
Caller must complete domain reload
Begin MonoManager ReloadAssembly
- Loaded All Assemblies, in  0.587 seconds
Native extension for WindowsStandalone target not found
Native extension for WebGL target not found
Mono: successfully reloaded assembly
- Finished resetting the current domain, in  1.664 seconds
Domain Reload Profiling: 2250ms
	BeginReloadAssembly (180ms)
		ExecutionOrderSort (0ms)
		DisableScriptedObjects (12ms)
		BackupInstance (0ms)
		ReleaseScriptingObjects (0ms)
		CreateAndSetChildDomain (42ms)
	RebuildCommonClasses (34ms)
	RebuildNativeTypeToScriptingClass (12ms)
	initialDomainReloadingComplete (29ms)
	LoadAllAssembliesAndSetupDomain (331ms)
		LoadAssemblies (407ms)
		RebuildTransferFunctionScriptingTraits (0ms)
		AnalyzeDomain (20ms)
			TypeCache.Refresh (7ms)
				TypeCache.ScanAssembly (0ms)
			ScanForSourceGeneratedMonoScriptInfo (0ms)
			ResolveRequiredComponents (11ms)
	FinalizeReload (1664ms)
		ReleaseScriptCaches (0ms)
		RebuildScriptCaches (0ms)
		SetupLoadedEditorAssemblies (475ms)
			LogAssemblyErrors (0ms)
			InitializePlatformSupportModulesInManaged (7ms)
			SetLoadedEditorAssemblies (5ms)
			RefreshPlugins (0ms)
			BeforeProcessingInitializeOnLoad (81ms)
			ProcessInitializeOnLoadAttributes (339ms)
			ProcessInitializeOnLoadMethodAttributes (39ms)
			AfterProcessingInitializeOnLoad (3ms)
			EditorAssembliesLoaded (0ms)
		ExecutionOrderSort2 (0ms)
		AwakeInstancesAfterBackupRestoration (20ms)
Refreshing native plugins compatible for Editor in 11.36 ms, found 7 plugins.
Preloading 0 native plugins for Editor in 0.00 ms.
Unloading 4456 Unused Serialized files (Serialized files now loaded: 0)
Unloading 44 unused Assets / (0.7 MB). Loaded Objects now: 5366.
Memory consumption went from 158.2 MB to 157.5 MB.
Total: 4.773800 ms (FindLiveObjects: 0.542800 ms CreateObjectMapping: 0.193700 ms MarkObjects: 3.432700 ms  DeleteObjects: 0.603100 ms)

Prepare: number of updated asset objects reloaded= 0
AssetImportParameters requested are different than current active one (requested -> active):
  custom:scripting/monoscript/fileName/CardStack2D.cs: 52f7ac406c04f320c1cc31b32fc945ec -> 
  custom:scripting/monoscript/fileName/UILineRendererFIFO.cs: 1a840d7d842445f62c20beee85a5bbc5 -> 
  custom:scripting/monoscript/fileName/FlowLayoutGroup.cs: 4f8c51e99186127173631d5ea0b848a8 -> 
  custom:scripting/monoscript/fileName/UIParticleSystem.cs: 6cef203566a0c9333597e4e233613614 -> 
  custom:scripting/monoscript/fileName/UILineRenderer.cs: 673f1b621ab4781ac78770b1b3c45207 -> 
  custom:scripting/monoscript/fileName/TableLayoutGroup.cs: 9697d88a99d4c91003d206b86eed3a61 -> 
  custom:scripting/monoscript/fileName/Segment.cs: 823b994f6bbb6e32f73e9807948df6b3 -> 
  custom:container-demuxer-ogg: 62fdf1f143b41e24485cea50d1cbac27 -> 
  custom:scripting/monoscript/fileName/SelectionBox.cs: 9eabc2822607d24d284c5c0d720d4a01 -> 
  custom:scripting/monoscript/fileName/ReorderableListContent.cs: a630238339e5f198f723ac29a2329f6d -> 
  custom:scripting/monoscript/fileName/Menu.cs: d0a2652908e797d4064ef9b772450cc8 -> 
  custom:scripting/monoscript/fileName/SetPropertyUtility.cs: 02aade692758e5563210cc05829e9851 -> f604b4b9e6b0979bdfc1e2b40426dd19
  custom:scripting/monoscript/fileName/HSVUtil.cs: 2f204c7a89b046fae714aadbcda42851 -> 
  custom:scripting/monoscript/fileName/FancyCellGroup.cs: 90647cc400823b41df847a6cbfc29026 -> 
  custom:scripting/monoscript/fileName/RescaleDragPanel.cs: 428e5a10a21f2d3fc3805557487d591e -> 
  custom:scripting/monoscript/fileName/ExtensionsToggleGroup.cs: 93967f93faef61aecdca9232fa42b062 -> 
  custom:scripting/monoscript/fileName/ResizePanel.cs: 0a2d1269c62cba913a254b515f8b6020 -> 
  custom:scripting/monoscript/fileName/Circle.cs: cfc2369c92dd039be7c3f572f769fdcf -> 
  custom:scripting/monoscript/fileName/ShaderLibrary.cs: 7a09676978959734a6827051c965f749 -> 
  custom:scripting/monoscript/fileName/CurvedText.cs: c86aabacdca275700720e919fc8a8b52 -> 
  custom:scripting/monoscript/fileName/FancyScrollRectCell.cs: 0cdf409b5aa8d4c25876d72b5c6a3b60 -> 
  custom:scripting/monoscript/fileName/Gradient.cs: a4c2a5a25440c543cd82653fda832632 -> 
  custom:scripting/monoscript/fileName/ScrollSnapBase.cs: 3682088473625968e7b4647a6b4213f6 -> 
  custom:scripting/monoscript/fileName/CUIText.cs: 0be1a405bc9388e4813a74aad6018bec -> 
  custom:scripting/monoscript/fileName/BoundTooltipTrigger.cs: e78e2ee612ba85e075ab794a5cb95e73 -> 
  custom:scripting/monoscript/fileName/UIHighlightable.cs: fd305ad78204cb75a66ce809c3f50e6a -> 
  custom:video-codec-MediaFoundation-h265: 746d11721c4dcdbdad8f713fa42b33f4 -> 
  custom:scripting/monoscript/fileName/UIExtensionsInputManager.cs: 6f468ddae971c3bcce0288549c1beabd -> 
  custom:scripting/monoscript/fileName/Gradient2.cs: 9c1fd6257924e43a80b8fccb859d3828 -> 
  custom:scripting/monoscript/fileName/CooldownButton.cs: 72bd21b90ac71f29908a36179176f8fc -> 
  custom:video-decoder-ogg-theora: a1e56fd34408186e4bbccfd4996cb3dc -> 
  custom:scripting/monoscript/fileName/TileSizeFitter.cs: ba6326e335b6f177a627b992c444832c -> 
  custom:scripting/monoscript/fileName/SelectableScaler.cs: 3ebe175d64b38a572f8dbe8fd345f0c3 -> 
  custom:scripting/monoscript/fileName/AccordionElementEditor.cs: db5ee9b2cff22578a12a4d141614d665 -> 
  custom:scripting/monoscript/fileName/ExtensionsToggle.cs: e0b44aa7e1ff973d74b4857a34a48879 -> 
  custom:scripting/monoscript/fileName/ReorderableListElement.cs: 788a31431a1c95dc9a9a52767f8e812f -> 
  custom:scripting/monoscript/fileName/ShineEffector.cs: 52ed4eb6c7ed8f674a18d2a4db6eba86 -> 
  custom:scripting/monoscript/fileName/UISelectableExtension.cs: b6766007d8a2236e23d4749da2d8cdd2 -> 
  custom:framework-win-MediaFoundation: 216162199b28c13a410421893ffa2e32 -> 
  custom:scripting/monoscript/fileName/UISoftAdditiveEffect.cs: 30a825933c907dec19605ff2f58a292f -> 
  custom:scripting/monoscript/fileName/HexColorField.cs: 425eeca1ce4159bc649962b2337061a4 -> 
  custom:scripting/monoscript/fileName/ColorPickerControl.cs: 97231f899ae243cc634f34e048c22095 -> 
  custom:scripting/monoscript/fileName/ReorderableListDebug.cs: 51cf5a188c464deb681bea16cb795b61 -> 
  custom:scripting/monoscript/fileName/TextPic.cs: 9dbd7bc654cbf19eee33ac6fc452bfb1 -> 
  custom:scripting/monoscript/fileName/CUIImage.cs: 41f29f650aa507f802cd9793d91f3211 -> 
  custom:scripting/monoscript/fileName/DropDownListButton.cs: 71d533f2602e0e099d09a556ef8e4414 -> 
  custom:scripting/monoscript/fileName/ScrollSnap.cs: c5ae67ed5cc8c0ab1f7496803acc2648 -> 
  custom:scripting/monoscript/fileName/TextPicIconListCopier.cs: a564a2a474c019b98650cff2383ccfca -> 
  custom:scripting/monoscript/fileName/UICornerCut.cs: 69b0dfb485aa2b1afa65fcf30028125b -> 
  custom:scripting/monoscript/fileName/ScrollerEditor.cs: 478519b80ad2bc62d4a4b80ae078e694 -> 
  custom:scripting/monoscript/fileName/IBoxSelectable.cs: a5bf39a694cf2b84c65e7bec998d4941 -> 
  custom:scripting/monoscript/fileName/TiltWindow.cs: 7c3356d1b5bc9c6e9fe98345b0be7c30 -> 
  custom:scripting/monoscript/fileName/ExtensionMethods.cs: 943bd8dac5ce9467ce7deb0856dc6b0a -> 
  custom:scripting/monoscript/fileName/ComboBox.cs: a6ca48dde827ff07a9093f3624d58e62 -> 
  custom:scripting/monoscript/fileName/ScrollRectLinker.cs: 0316116e17d192ca2ef7c97539dff50f -> 
  custom:scripting/monoscript/fileName/SVBoxSlider.cs: 1d22c9c16d63e1cf38ad19bbcec9a0da -> 
  custom:scripting/monoscript/fileName/VerticalScrollSnap.cs: a7ebcf1fac8331e70ee01e540cbe484b -> 
  custom:scripting/monoscript/fileName/UILineConnector.cs: ea5f69a32957fe35ae7b512ef3f758ef -> 
  custom:scripting/monoscript/fileName/UIScreenEffect.cs: c36542c529d1f733362556ab22c18bf9 -> 
  custom:scripting/monoscript/fileName/SoftMaskScript.cs: 867049fb2647c9983fb1391409f93d30 -> 
  custom:scripting/monoscript/fileName/DiamondGraph.cs: a01b647a54847840428a395cc0d6fc16 -> 
  custom:scripting/monoscript/fileName/ScrollRectEx.cs: 3f6a881a34055e182fee3ab0baaee0c3 -> 
  custom:scripting/monoscript/fileName/UIGridRenderer.cs: 04c0062f4b7cdd6963fdba9ae03d9c72 -> 
  custom:scripting/monoscript/fileName/NicerOutline.cs: 571a7c7c4af4ebadc9fed23f0c3b0b46 -> 
  custom:CustomObjectIndexerAttribute: 9a22284fe3817be447336de3de66b15e -> 
  custom:scripting/monoscript/fileName/ScrollRectExtensions.cs: c76cb840404ffa9bc24248639e9da4ee -> 
  custom:scripting/monoscript/fileName/FancyGridViewContext.cs: 8738476657d4a33c34bc82bed7ce8bc9 -> 
  custom:scripting/monoscript/fileName/MinMaxValues.cs: 4aa11a61e640749f4ea5f947f86be5ba -> 
  custom:scripting/monoscript/fileName/CardExpanding3D.cs: d8b2b9924677ad2b445b05edbed7f0e3 -> 
  custom:scripting/monoscript/fileName/MinMaxSliderEditor.cs: e0496a7f76fc8934af2a763a7289ad36 -> 
  custom:scripting/monoscript/fileName/StepperSide.cs: 34d9a35c8c2622f327b140f18a7398a7 -> 
  custom:scripting/monoscript/fileName/CUIGraphicEditor.cs: a618262d3e77d462c5a0cd2e608e8a53 -> 
  custom:scripting/monoscript/fileName/DropDownList.cs: 3d51ab81e9571c9027b59874b2c78567 -> 
  custom:scripting/monoscript/fileName/ITweenValue.cs: 1d0eaa4b435fa135e18af6b5fa57e92e -> 
  custom:container-demuxer-webm: 4f35f7cbe854078d1ac9338744f61a02 -> 
  custom:scripting/monoscript/fileName/CardExpanding2D.cs: e0950b450275cb3936a581f286a6b471 -> 
  custom:scripting/monoscript/fileName/ResetSelectableHighlight.cs: 3ea63487fd77e7b22731770a86b4f8b9 -> 
  custom:scripting/monoscript/fileName/UIScrollToSelection.cs: d89fc8e36bdc19715e3104a5f857d175 -> 
  custom:scripting/monoscript/fileName/IScrollSnap.cs: 80b4110dac6695d630b8e7501d8e5aa8 -> 
  custom:scripting/monoscript/fileName/SegmentedControl.cs: 3a6e53207de58cf304ab520e0638e2df -> 
  custom:scripting/monoscript/fileName/ColorSampler.cs: 617678b91f4adc7b3146f51bed3fc4b1 -> 
  custom:scripting/monoscript/fileName/TabNavigationHelper.cs: 43f45dc623750048d2fbac24931c8ac8 -> 
  custom:scripting/monoscript/fileName/AutoCompleteComboBox.cs: 6e2e6cf33d4f5ca4ad3c05ff8f254467 -> 
  custom:scripting/monoscript/fileName/TextPicEditor.cs: c23216fe996c314d4c496ad837485981 -> 
  custom:scripting/monoscript/fileName/CUIMisc.cs: bc26c7f132f5cd28304cbc88070ca4dc -> 
  custom:scripting/monoscript/fileName/UIAdditiveEffect.cs: 50386f7d7d76f5c5e155dbf56c5e5fdd -> 
  custom:scripting/monoscript/fileName/MonoSpacing.cs: 45ba6bf376dd125375a8906a7d8b8b4b -> 
  custom:scripting/monoscript/fileName/FloatTween.cs: c51b551f6abec506d0db9945f7aa25cc -> 
  custom:scripting/monoscript/fileName/BoxSlider.cs: 662335e935a62641f6cb14e99e25e994 -> 
  custom:scripting/monoscript/fileName/BezierLineRendererEditor.cs: 2a50098be424d999e43b888ace13278c -> 
  custom:scripting/monoscript/fileName/NonDrawingGraphic.cs: a309796f6d67e4c1c110ec62b4572b4e -> 
  custom:scripting/monoscript/fileName/ScrollPositionController.cs: 30c392a65a277a4a74b1a6f1a3417601 -> 
  custom:scripting/monoscript/fileName/ContentScrollSnapHorizontal.cs: cb0bf043572062ce08b48904f46c98c8 -> 
  custom:scripting/monoscript/fileName/Triangulator.cs: 4ee9f09ca55767568ee94c9eaaed7244 -> d867a9a7a8385ef82ff357feb70c59d4
  custom:scripting/monoscript/fileName/UIImageCrop.cs: 1ec5d1f18ccf3bbe8ea319cda00ecfbc -> 
  custom:scripting/monoscript/fileName/BoxSliderEditor.cs: 9c680a5a338924fb176605eed0f68a75 -> 
  custom:scripting/monoscript/fileName/FancyScrollView.cs: c5f9c64ec4b4e183b17919204bc381a9 -> 
  custom:scripting/monoscript/fileName/BezierPath.cs: 90cbb6f823f7a03c69c93b3e1653c45e -> 
  custom:scripting/monoscript/fileName/SuperellipsePoints.cs: db2a1c9698f2dea478e1d6bfece554ae -> 
  custom:scripting/monoscript/fileName/UI_Knob.cs: 00244fb2be3e9e1f5ec3a07f175066a9 -> 
  custom:container-muxer-webm: aa71ff27fc2769a1b78a27578f13a17b -> 
  custom:scripting/monoscript/fileName/RaycastMask.cs: b13971e6a124c25b886c6703ae2aab24 -> 
  custom:scripting/monoscript/fileName/MultiTouchScrollRect.cs: 3a778993ea01435b2502c14ea2b2ff98 -> 
  custom:video-decoder-webm-vp8: 9c59270c3fd7afecdb556c50c9e8de78 -> 
  custom:scripting/monoscript/fileName/InputFieldEnterSubmit.cs: cdd5149b8afb8dc59ad57cc53ad8fb3b -> 
  custom:scripting/monoscript/fileName/ExampleSelectable.cs: 8dc7a8cd606154e7d10bb507e235c1f8 -> 
  custom:scripting/monoscript/fileName/uGUITools.cs: aa32797d8a9cdcd2167b6be114b0d5ec -> 
  custom:scripting/monoscript/fileName/UILinearDodgeEffect.cs: f5508d2f3f6addba614d4c08275f4546 -> 
  custom:SearchIndexIgnoredProperties: e643bd26f0fe6173181afceb89e7c659 -> 
  custom:scripting/monoscript/fileName/EasingCore.cs: 0bad7e894488e9b67256d892a478aab1 -> 
  custom:scripting/monoscript/fileName/Stepper.cs: 3ee1a56034750815f9c567b6c54fbbb8 -> 
  custom:scripting/monoscript/fileName/UIPrimitiveBase.cs: 80a945e915822efd5c887ee28f76aa9f -> 
  custom:AudioImporter_EditorPlatform: d09bf68614088b80899f8185d706f6e7 -> 
  custom:scripting/monoscript/fileName/LetterSpacing.cs: c4f4c504ac9c0b708c438c8a0faf6a96 -> 
  custom:scripting/monoscript/fileName/UISquircle.cs: faaa67841792f2c90a13db82841ac6e3 -> 
  custom:scripting/monoscript/fileName/RangeSlider.cs: 026cea0882c5bbc90f7cedc5111cfeb2 -> 
  custom:scripting/monoscript/fileName/UIExtensionMethods.cs: 2621bff24acfb4ddb3b264b7553588d8 -> 
  custom:scripting/monoscript/fileName/UIVerticalScroller.cs: 3532ae0d4ba5f6e2c310cfec2c655a8c -> 
  custom:scripting/monoscript/fileName/FiltersPanel.cs: 5dbe4ca523d219ec24889a3783d94d4d -> 
  custom:scripting/monoscript/fileName/ColorLabel.cs: 9a2d62e5e8f65400e4abc881023f36f7 -> 
  custom:scripting/monoscript/fileName/TooltipTrigger.cs: 546a7d73bc42b9e6f1fd03a7e07d7f29 -> 
  custom:scripting/monoscript/fileName/UIMultiplyEffect.cs: 29b6f1f4d98d9b61292d829c0030af4b -> 
  custom:scripting/monoscript/fileName/CardPopup2D.cs: ac929914b8675b3ff1238ddb1cc99789 -> 
  custom:scripting/monoscript/fileName/ScrollSnapScrollbarHelper.cs: d6b043fd7048156ea2ef4da9da4a0a51 -> 
  custom:scripting/monoscript/fileName/HoverTooltip.cs: abdf0400bdf15bb8fdc0bc4d5ecc993f -> 
  custom:scripting/monoscript/fileName/ColorImage.cs: 87dea3e9bf43c94e295d4fa411046c66 -> 
  custom:scripting/monoscript/fileName/FancyScrollRectContext.cs: 9e5d4d8665c04a1190a3fc52908244b0 -> 
  custom:scripting/monoscript/fileName/TextPicIconEditor.cs: 1f41560011fcb93d03be374d10238c0c -> 
  custom:scripting/monoscript/fileName/UI_InfiniteScroll.cs: f7518bdb5ccbb5518282b9c860eef985 -> 
  custom:scripting/monoscript/fileName/UIExtensionsMenuOptions.cs: 25d3bc76bdcc7be45d732e8f064ec6a7 -> 
  custom:scripting/monoscript/fileName/ReadOnlyAttribute.cs: 604ae8fbc27d6402b88ac08f1987318f -> 
  custom:scripting/monoscript/fileName/UICircle.cs: e40253d6117a9fbea82cc285a7e8a36e -> 
  custom:scripting/monoscript/fileName/UIScrollToSelectionXY.cs: 8145d21a6ef6f8610242d2ba291595b9 -> 
  custom:scripting/monoscript/fileName/CUITextEditor.cs: 966cced0a631446b9484c2fe777a7f5b -> 
  custom:scripting/precompiled-assembly-types:UnityUIExtensions.editor: e002030e6fc012878af160bb334541ad -> 
  custom:scripting/monoscript/fileName/TweenRunner.cs: 90647cc400823b41df847a6cbfc29026 -> 
  custom:scripting/monoscript/fileName/UIHorizontalScroller.cs: 758f016ad67e22eff0f26468f408f006 -> 
  custom:scripting/monoscript/fileName/ReturnKeyTriggersButton.cs: 622f27a1a5fce3f8fe14f0fe6c6b39b5 -> 
  custom:scripting/monoscript/fileName/FancyGridViewCell.cs: 0cdf409b5aa8d4c25876d72b5c6a3b60 -> 
  custom:scripting/monoscript/fileName/Scroller.cs: 94938ad1cd7c20206a0339e3bd7f3330 -> 
  custom:scripting/monoscript/fileName/CylinderText.cs: 86c073c10ed890f8e108be86fb350e35 -> 
  custom:scripting/monoscript/fileName/ColorPickerPresets.cs: d20309ac183a87fd46c2e0a03ba5bdef -> 
  custom:scripting/monoscript/fileName/RadialSlider.cs: 24542b53b379116a4f98bb53a64e13b8 -> 
  custom:scripting/monoscript/fileName/PPIViewer.cs: 5269fbe050022d597b2ceba1b1d4cbae -> 
  custom:scripting/monoscript/fileName/InputFocus.cs: 6a5a3b184038cb5e7dbe4882c96bc91b -> 
  custom:scripting/monoscript/fileName/CUIBezierCurve.cs: 32214df0cb137de9f4967269deffb6f3 -> 
  custom:scripting/monoscript/fileName/DropDownListItem.cs: 91c61fd79335f34fb81e114553bf8888 -> 
  custom:scripting/monoscript/fileName/UIFlippable.cs: 9c843e180ea4b6afe9c1ba071336e124 -> 
  custom:scripting/monoscript/fileName/CanvasGroupActivator.cs: f743e9c6e47b0eb8c0b7b2fbf9f7de19 -> 
  custom:scripting/monoscript/fileName/UIWindowBase.cs: 776e605614a77fffd4e0147c8e684e94 -> 
  custom:video-encoder-webm-vp8: eb34c28f22e8b96e1ab97ce403110664 -> 
  custom:scripting/monoscript/fileName/ScrollPositionControllerEditor.cs: fb86570a90d8d5b779234b7f103e1b51 -> 
  custom:scripting/monoscript/fileName/CurvedLayout.cs: 46917779e317aa4a214ea430689de312 -> 
  custom:scripting/monoscript/fileName/ScrollConflictManager.cs: 1a474b2432b80a8b7211f13c79bb991c -> 
  custom:scripting/monoscript/fileName/ReadOnlyDrawer.cs: 1c0aa6472b8e40c24f66a5805d818994 -> 
  custom:audio-decoder-ogg-vorbis: bf7c407c2cedff20999df2af8eb42d56 -> 
  custom:scripting/monoscript/fileName/FancyGridView.cs: 849ed7f5b11c9db237ef61b01c5a5104 -> 
  custom:scripting/monoscript/fileName/CableCurve.cs: 1ed0592bfc80d3ca3db7b55e9a6e9d9a -> 
  custom:scripting/monoscript/fileName/PaginationManager.cs: b5c7a38e1c9bde92ca052679632bc9f1 -> 
  custom:scripting/monoscript/fileName/UILineTextureRenderer.cs: f3042185c83712ad42b2d6694b56f8d3 -> 
  custom:scripting/monoscript/fileName/MenuManager.cs: 8e71de17d45faf11b5ca3e63d3867170 -> 
  custom:scripting/monoscript/fileName/ColorPickerPresetsEditor.cs: 57bebb34d006d8305e8cd353ea00f28b -> 
  custom:scripting/monoscript/fileName/UI_MagneticInfiniteScroll.cs: 7f0db092e1c52c826e7ccbefe21fe7ce -> 
  custom:scripting/monoscript/fileName/ToolTip.cs: 2f05f936126a769ca9a98ef6920928a7 -> 
  custom:scripting/monoscript/fileName/TextPicRenameEditor.cs: b67a1588d964fe3ac177da9872e96689 -> 
  custom:scripting/monoscript/fileName/TestCompression.cs: 2a18178f72c1b3979b9006483863f20e -> 
  custom:scripting/monoscript/fileName/IFancyScrollRectContext.cs: 9c4dee0aef526d67eb0a668a1c9b910a -> 
  custom:scripting/monoscript/fileName/ColorChangedEvent.cs: bafb161b451089e6c72bcae877e0ba66 -> 
  custom:scripting/monoscript/fileName/BestFitOutline.cs: 2ec1c68346f5b721e3d92092cd60b278 -> 
  custom:scripting/monoscript/fileName/NonDrawingGraphicEditor.cs: 1e7abd1e1a4d3da38de70c6d38c19118 -> 
  custom:scripting/monoscript/fileName/HSVChangedEvent.cs: 8a0d7f505f4db7e267a03264293f54eb -> 
  custom:scripting/monoscript/fileName/CUIImageEditor.cs: 0be5a4365a8d65680f88c4d192e5254c -> 
  custom:scripting/monoscript/fileName/HorizontalScrollSnap.cs: 624447835d67a70d90ed2b7f69117316 -> 
  custom:scripting/monoscript/fileName/UI_TweenScale.cs: 50a18c41daf615d82dc37ef0e9dcea31 -> 
  custom:scripting/monoscript/fileName/BoundTooltipItem.cs: 12dc26af634677e40fd7840809357e6c -> 
  custom:scripting/monoscript/fileName/AccordionElement.cs: 69f1a7e537099cc57de9b6eaa86cef32 -> 
  custom:scripting/monoscript/fileName/UI_ScrollRectOcclusion.cs: 491f1c2592ac821eb8de9e533fddd4a9 -> 
  custom:scripting/monoscript/fileName/CUIBezierCurveEditor.cs: be4462c6de2387d5f99ef9d0e93b91ee -> 
  custom:scripting/monoscript/fileName/ColorSliderImage.cs: bbcbfbf23dc2f9fc5450db8f36b24487 -> 
  custom:scripting/monoscript/fileName/Accordion.cs: c31898dc7ffd6f7b32be5689419229bc -> 
  custom:scripting/monoscript/fileName/FancyCell.cs: 0cdf409b5aa8d4c25876d72b5c6a3b60 -> 
  custom:scripting/monoscript/fileName/ShineEffect.cs: 61d233269c4ea687efa548adef5d6e13 -> 
  custom:audio-encoder-webm-vorbis: bf7c407c2cedff20999df2af8eb42d56 -> 
  custom:scripting/monoscript/fileName/ScrollRectTweener.cs: 3437a8fb18bed84a45865e36e83e332f -> 
  custom:scripting/monoscript/fileName/MeshCreator.cs: a2506ad04bac2e5a6d6d50e0d7978d92 -> 
  custom:scripting/monoscript/fileName/UIPolygon.cs: ef7b3e02606f58c56a27e65db10bc7f3 -> 
  custom:scripting/monoscript/fileName/switchToRectTransform.cs: 0ef297259b7f2ab26defc1d718ad1e0a -> 
  custom:scripting/monoscript/fileName/UILineRendererList.cs: efbf4ff76c31aa3e4f61c8b26734d929 -> 
  custom:scripting/monoscript/fileName/CLZF2.cs: 40ef7bf6191a1a5e5b0f37e092e1b271 -> 
  custom:scripting/monoscript/fileName/SimpleMenu.cs: 90647cc400823b41df847a6cbfc29026 -> 
  custom:scripting/monoscript/fileName/RescalePanel.cs: a379a55181438e3b7a29019da8a3c82c -> 
  custom:scripting/monoscript/fileName/DragCorrector.cs: 89ab4a0369eecb75be2277a80a08c1e7 -> 
  custom:scripting/monoscript/fileName/RangeSliderEditor.cs: 1c09cdb4e75bc10f834bbae9a7b54e1e -> 
  custom:scripting/monoscript/fileName/FancyScrollRect.cs: 0cdf409b5aa8d4c25876d72b5c6a3b60 -> 
  custom:scripting/precompiled-assembly-types:Assembly-CSharp: 9d98c5210357a57051bc817a849226c0 -> d9898b08f7aa15a36c94fc52d0b7440b
  custom:scripting/monoscript/fileName/ReorderableList.cs: 944c8e214787d07461c711b29546f976 -> 
  custom:scripting/monoscript/fileName/RadialLayout.cs: 170f31c5fdb54a9fe7ba926effdfd7d4 -> 
  custom:scripting/monoscript/fileName/ColorSlider.cs: a91d06b853e0bf2d5df3ea61a67d5c83 -> 
  custom:scripting/monoscript/fileName/IFancyGridViewContext.cs: be7addf49e5950ebb654fec55c2afa8b -> 
  custom:scripting/precompiled-assembly-types:UnityUIExtensions: c0991a7eaf90618746e467e9e018bd04 -> 
  custom:scripting/monoscript/fileName/CUIGraphic.cs: 4f47fad340418bff51fe6171e2259e7f -> 
  custom:scripting/monoscript/fileName/IFancyCellGroupContext.cs: 323b5f49cc2011b3d2d9088e528ed161 -> 
  custom:scripting/monoscript/fileName/MinMaxSlider.cs: e7d98a511e8b98df33f72f37935821e5 -> 
  custom:scripting/monoscript/fileName/ColorPickerTester.cs: 63b6c03c009a94721b9d41c8d5e5e6ed -> 
========================================================================
Received Import Request.
  Time since last request: 615.080391 seconds.
  path: Assets/Content/Rounded10px@2x.png
  artifactKey: Guid(a3318e0183983604cae9ed72ea475092) Importer(815301076,1909f56bfc062723c751e8b465ee728b)
Start importing Assets/Content/Rounded10px@2x.png using Guid(a3318e0183983604cae9ed72ea475092) Importer(815301076,1909f56bfc062723c751e8b465ee728b) [PhysX] Initialized MultithreadedTaskDispatcher with 16 workers.
[PhysX] Initialized MultithreadedTaskDispatcher with 16 workers.
 -> (artifact id: '19166f784185089f7b6669bee4372b7e') in 0.098604 seconds
Number of updated asset objects reloaded before import = 0
Number of asset objects unloaded after import = 3
========================================================================
Received Import Request.
  Time since last request: 47.106204 seconds.
  path: Assets/Content/Rounded10px@2x.png
  artifactKey: Guid(a3318e0183983604cae9ed72ea475092) Importer(815301076,1909f56bfc062723c751e8b465ee728b)
Start importing Assets/Content/Rounded10px@2x.png using Guid(a3318e0183983604cae9ed72ea475092) Importer(815301076,1909f56bfc062723c751e8b465ee728b) [PhysX] Initialized MultithreadedTaskDispatcher with 16 workers.
[PhysX] Initialized MultithreadedTaskDispatcher with 16 workers.
 -> (artifact id: '705c1f9e809edfc6d39ca53f29be320f') in 0.011406 seconds
Number of updated asset objects reloaded before import = 0
Number of asset objects unloaded after import = 3
========================================================================
Received Import Request.
  Time since last request: 106.018774 seconds.
  path: Assets/Content/Rounded10px@2x.png
  artifactKey: Guid(a3318e0183983604cae9ed72ea475092) Importer(815301076,1909f56bfc062723c751e8b465ee728b)
Start importing Assets/Content/Rounded10px@2x.png using Guid(a3318e0183983604cae9ed72ea475092) Importer(815301076,1909f56bfc062723c751e8b465ee728b) [PhysX] Initialized MultithreadedTaskDispatcher with 16 workers.
[PhysX] Initialized MultithreadedTaskDispatcher with 16 workers.
 -> (artifact id: '3eabe34d9f1c9879c9012d5556683f93') in 0.009539 seconds
Number of updated asset objects reloaded before import = 0
Number of asset objects unloaded after import = 3
========================================================================
Received Import Request.
  Time since last request: 570.209548 seconds.
  path: Assets/Content/5pxAllCorners@2x.png
  artifactKey: Guid(64ae1ae1547a8614ea14bee8ed101a9e) Importer(815301076,1909f56bfc062723c751e8b465ee728b)
Start importing Assets/Content/5pxAllCorners@2x.png using Guid(64ae1ae1547a8614ea14bee8ed101a9e) Importer(815301076,1909f56bfc062723c751e8b465ee728b) [PhysX] Initialized MultithreadedTaskDispatcher with 16 workers.
[PhysX] Initialized MultithreadedTaskDispatcher with 16 workers.
 -> (artifact id: '58cef5a93ec69ef9b98b9e15b3908055') in 0.012340 seconds
Number of updated asset objects reloaded before import = 0
Number of asset objects unloaded after import = 3
========================================================================
Received Import Request.
  Time since last request: 12.740734 seconds.
  path: Assets/Content/5pxAllCorners@2x.png
  artifactKey: Guid(64ae1ae1547a8614ea14bee8ed101a9e) Importer(815301076,1909f56bfc062723c751e8b465ee728b)
Start importing Assets/Content/5pxAllCorners@2x.png using Guid(64ae1ae1547a8614ea14bee8ed101a9e) Importer(815301076,1909f56bfc062723c751e8b465ee728b) [PhysX] Initialized MultithreadedTaskDispatcher with 16 workers.
[PhysX] Initialized MultithreadedTaskDispatcher with 16 workers.
 -> (artifact id: '83890ef36e47c0500cb83e15ba6f9f96') in 0.010323 seconds
Number of updated asset objects reloaded before import = 0
Number of asset objects unloaded after import = 3
========================================================================
Received Prepare
Caller must complete domain reload
Begin MonoManager ReloadAssembly
- Loaded All Assemblies, in  0.584 seconds
Native extension for WindowsStandalone target not found
Native extension for WebGL target not found
Mono: successfully reloaded assembly
- Finished resetting the current domain, in  1.246 seconds
Domain Reload Profiling: 1829ms
	BeginReloadAssembly (182ms)
		ExecutionOrderSort (0ms)
		DisableScriptedObjects (14ms)
		BackupInstance (0ms)
		ReleaseScriptingObjects (0ms)
		CreateAndSetChildDomain (39ms)
	RebuildCommonClasses (37ms)
	RebuildNativeTypeToScriptingClass (14ms)
	initialDomainReloadingComplete (35ms)
	LoadAllAssembliesAndSetupDomain (316ms)
		LoadAssemblies (385ms)
		RebuildTransferFunctionScriptingTraits (0ms)
		AnalyzeDomain (28ms)
			TypeCache.Refresh (10ms)
				TypeCache.ScanAssembly (0ms)
			ScanForSourceGeneratedMonoScriptInfo (0ms)
			ResolveRequiredComponents (17ms)
	FinalizeReload (1247ms)
		ReleaseScriptCaches (0ms)
		RebuildScriptCaches (0ms)
		SetupLoadedEditorAssemblies (465ms)
			LogAssemblyErrors (0ms)
			InitializePlatformSupportModulesInManaged (8ms)
			SetLoadedEditorAssemblies (5ms)
			RefreshPlugins (0ms)
			BeforeProcessingInitializeOnLoad (75ms)
			ProcessInitializeOnLoadAttributes (339ms)
			ProcessInitializeOnLoadMethodAttributes (35ms)
			AfterProcessingInitializeOnLoad (3ms)
			EditorAssembliesLoaded (0ms)
		ExecutionOrderSort2 (0ms)
		AwakeInstancesAfterBackupRestoration (17ms)
Refreshing native plugins compatible for Editor in 9.66 ms, found 7 plugins.
Preloading 0 native plugins for Editor in 0.00 ms.
Unloading 4456 Unused Serialized files (Serialized files now loaded: 0)
Unloading 44 unused Assets / (0.7 MB). Loaded Objects now: 5374.
Memory consumption went from 158.2 MB to 157.6 MB.
Total: 5.429600 ms (FindLiveObjects: 0.660300 ms CreateObjectMapping: 0.225900 ms MarkObjects: 3.914600 ms  DeleteObjects: 0.625700 ms)

Prepare: number of updated asset objects reloaded= 0
AssetImportParameters requested are different than current active one (requested -> active):
  custom:scripting/monoscript/fileName/CardStack2D.cs: 52f7ac406c04f320c1cc31b32fc945ec -> 
  custom:scripting/monoscript/fileName/UILineRendererFIFO.cs: 1a840d7d842445f62c20beee85a5bbc5 -> 
  custom:scripting/monoscript/fileName/FlowLayoutGroup.cs: 4f8c51e99186127173631d5ea0b848a8 -> 
  custom:scripting/monoscript/fileName/UIParticleSystem.cs: 6cef203566a0c9333597e4e233613614 -> 
  custom:scripting/monoscript/fileName/UILineRenderer.cs: 673f1b621ab4781ac78770b1b3c45207 -> 
  custom:scripting/monoscript/fileName/TableLayoutGroup.cs: 9697d88a99d4c91003d206b86eed3a61 -> 
  custom:scripting/monoscript/fileName/Segment.cs: 823b994f6bbb6e32f73e9807948df6b3 -> 
  custom:container-demuxer-ogg: 62fdf1f143b41e24485cea50d1cbac27 -> 
  custom:scripting/monoscript/fileName/SelectionBox.cs: 9eabc2822607d24d284c5c0d720d4a01 -> 
  custom:scripting/monoscript/fileName/ReorderableListContent.cs: a630238339e5f198f723ac29a2329f6d -> 
  custom:scripting/monoscript/fileName/Menu.cs: d0a2652908e797d4064ef9b772450cc8 -> 
  custom:scripting/monoscript/fileName/SetPropertyUtility.cs: 02aade692758e5563210cc05829e9851 -> f604b4b9e6b0979bdfc1e2b40426dd19
  custom:scripting/monoscript/fileName/HSVUtil.cs: 2f204c7a89b046fae714aadbcda42851 -> 
  custom:scripting/monoscript/fileName/FancyCellGroup.cs: 90647cc400823b41df847a6cbfc29026 -> 
  custom:scripting/monoscript/fileName/RescaleDragPanel.cs: 428e5a10a21f2d3fc3805557487d591e -> 
  custom:scripting/monoscript/fileName/ExtensionsToggleGroup.cs: 93967f93faef61aecdca9232fa42b062 -> 
  custom:scripting/monoscript/fileName/ResizePanel.cs: 0a2d1269c62cba913a254b515f8b6020 -> 
  custom:scripting/monoscript/fileName/Circle.cs: cfc2369c92dd039be7c3f572f769fdcf -> 
  custom:scripting/monoscript/fileName/ShaderLibrary.cs: 7a09676978959734a6827051c965f749 -> 
  custom:scripting/monoscript/fileName/CurvedText.cs: c86aabacdca275700720e919fc8a8b52 -> 
  custom:scripting/monoscript/fileName/FancyScrollRectCell.cs: 0cdf409b5aa8d4c25876d72b5c6a3b60 -> 
  custom:scripting/monoscript/fileName/Gradient.cs: a4c2a5a25440c543cd82653fda832632 -> 
  custom:scripting/monoscript/fileName/ScrollSnapBase.cs: 3682088473625968e7b4647a6b4213f6 -> 
  custom:scripting/monoscript/fileName/CUIText.cs: 0be1a405bc9388e4813a74aad6018bec -> 
  custom:scripting/monoscript/fileName/BoundTooltipTrigger.cs: e78e2ee612ba85e075ab794a5cb95e73 -> 
  custom:scripting/monoscript/fileName/UIHighlightable.cs: fd305ad78204cb75a66ce809c3f50e6a -> 
  custom:video-codec-MediaFoundation-h265: 746d11721c4dcdbdad8f713fa42b33f4 -> 
  custom:scripting/monoscript/fileName/UIExtensionsInputManager.cs: 6f468ddae971c3bcce0288549c1beabd -> 
  custom:scripting/monoscript/fileName/Gradient2.cs: 9c1fd6257924e43a80b8fccb859d3828 -> 
  custom:scripting/monoscript/fileName/CooldownButton.cs: 72bd21b90ac71f29908a36179176f8fc -> 
  custom:video-decoder-ogg-theora: a1e56fd34408186e4bbccfd4996cb3dc -> 
  custom:scripting/monoscript/fileName/TileSizeFitter.cs: ba6326e335b6f177a627b992c444832c -> 
  custom:scripting/monoscript/fileName/SelectableScaler.cs: 3ebe175d64b38a572f8dbe8fd345f0c3 -> 
  custom:scripting/monoscript/fileName/AccordionElementEditor.cs: db5ee9b2cff22578a12a4d141614d665 -> 
  custom:scripting/monoscript/fileName/ExtensionsToggle.cs: e0b44aa7e1ff973d74b4857a34a48879 -> 
  custom:scripting/monoscript/fileName/ReorderableListElement.cs: 788a31431a1c95dc9a9a52767f8e812f -> 
  custom:scripting/monoscript/fileName/ShineEffector.cs: 52ed4eb6c7ed8f674a18d2a4db6eba86 -> 
  custom:scripting/monoscript/fileName/UISelectableExtension.cs: b6766007d8a2236e23d4749da2d8cdd2 -> 
  custom:framework-win-MediaFoundation: 216162199b28c13a410421893ffa2e32 -> 
  custom:scripting/monoscript/fileName/UISoftAdditiveEffect.cs: 30a825933c907dec19605ff2f58a292f -> 
  custom:scripting/monoscript/fileName/HexColorField.cs: 425eeca1ce4159bc649962b2337061a4 -> 
  custom:scripting/monoscript/fileName/ColorPickerControl.cs: 97231f899ae243cc634f34e048c22095 -> 
  custom:scripting/monoscript/fileName/ReorderableListDebug.cs: 51cf5a188c464deb681bea16cb795b61 -> 
  custom:scripting/monoscript/fileName/TextPic.cs: 9dbd7bc654cbf19eee33ac6fc452bfb1 -> 
  custom:scripting/monoscript/fileName/CUIImage.cs: 41f29f650aa507f802cd9793d91f3211 -> 
  custom:scripting/monoscript/fileName/DropDownListButton.cs: 71d533f2602e0e099d09a556ef8e4414 -> 
  custom:scripting/monoscript/fileName/ScrollSnap.cs: c5ae67ed5cc8c0ab1f7496803acc2648 -> 
  custom:scripting/monoscript/fileName/TextPicIconListCopier.cs: a564a2a474c019b98650cff2383ccfca -> 
  custom:scripting/monoscript/fileName/UICornerCut.cs: 69b0dfb485aa2b1afa65fcf30028125b -> 
  custom:scripting/monoscript/fileName/ScrollerEditor.cs: 478519b80ad2bc62d4a4b80ae078e694 -> 
  custom:scripting/monoscript/fileName/IBoxSelectable.cs: a5bf39a694cf2b84c65e7bec998d4941 -> 
  custom:scripting/monoscript/fileName/TiltWindow.cs: 7c3356d1b5bc9c6e9fe98345b0be7c30 -> 
  custom:scripting/monoscript/fileName/ExtensionMethods.cs: 943bd8dac5ce9467ce7deb0856dc6b0a -> 
  custom:scripting/monoscript/fileName/ComboBox.cs: a6ca48dde827ff07a9093f3624d58e62 -> 
  custom:scripting/monoscript/fileName/ScrollRectLinker.cs: 0316116e17d192ca2ef7c97539dff50f -> 
  custom:scripting/monoscript/fileName/SVBoxSlider.cs: 1d22c9c16d63e1cf38ad19bbcec9a0da -> 
  custom:scripting/monoscript/fileName/VerticalScrollSnap.cs: a7ebcf1fac8331e70ee01e540cbe484b -> 
  custom:scripting/monoscript/fileName/UILineConnector.cs: ea5f69a32957fe35ae7b512ef3f758ef -> 
  custom:scripting/monoscript/fileName/UIScreenEffect.cs: c36542c529d1f733362556ab22c18bf9 -> 
  custom:scripting/monoscript/fileName/SoftMaskScript.cs: 867049fb2647c9983fb1391409f93d30 -> 
  custom:scripting/monoscript/fileName/DiamondGraph.cs: a01b647a54847840428a395cc0d6fc16 -> 
  custom:scripting/monoscript/fileName/ScrollRectEx.cs: 3f6a881a34055e182fee3ab0baaee0c3 -> 
  custom:scripting/monoscript/fileName/UIGridRenderer.cs: 04c0062f4b7cdd6963fdba9ae03d9c72 -> 
  custom:scripting/monoscript/fileName/NicerOutline.cs: 571a7c7c4af4ebadc9fed23f0c3b0b46 -> 
  custom:CustomObjectIndexerAttribute: 9a22284fe3817be447336de3de66b15e -> 
  custom:scripting/monoscript/fileName/ScrollRectExtensions.cs: c76cb840404ffa9bc24248639e9da4ee -> 
  custom:scripting/monoscript/fileName/FancyGridViewContext.cs: 8738476657d4a33c34bc82bed7ce8bc9 -> 
  custom:scripting/monoscript/fileName/MinMaxValues.cs: 4aa11a61e640749f4ea5f947f86be5ba -> 
  custom:scripting/monoscript/fileName/CardExpanding3D.cs: d8b2b9924677ad2b445b05edbed7f0e3 -> 
  custom:scripting/monoscript/fileName/MinMaxSliderEditor.cs: e0496a7f76fc8934af2a763a7289ad36 -> 
  custom:scripting/monoscript/fileName/StepperSide.cs: 34d9a35c8c2622f327b140f18a7398a7 -> 
  custom:scripting/monoscript/fileName/CUIGraphicEditor.cs: a618262d3e77d462c5a0cd2e608e8a53 -> 
  custom:scripting/monoscript/fileName/DropDownList.cs: 3d51ab81e9571c9027b59874b2c78567 -> 
  custom:scripting/monoscript/fileName/ITweenValue.cs: 1d0eaa4b435fa135e18af6b5fa57e92e -> 
  custom:container-demuxer-webm: 4f35f7cbe854078d1ac9338744f61a02 -> 
  custom:scripting/monoscript/fileName/CardExpanding2D.cs: e0950b450275cb3936a581f286a6b471 -> 
  custom:scripting/monoscript/fileName/ResetSelectableHighlight.cs: 3ea63487fd77e7b22731770a86b4f8b9 -> 
  custom:scripting/monoscript/fileName/UIScrollToSelection.cs: d89fc8e36bdc19715e3104a5f857d175 -> 
  custom:scripting/monoscript/fileName/IScrollSnap.cs: 80b4110dac6695d630b8e7501d8e5aa8 -> 
  custom:scripting/monoscript/fileName/SegmentedControl.cs: 3a6e53207de58cf304ab520e0638e2df -> 
  custom:scripting/monoscript/fileName/ColorSampler.cs: 617678b91f4adc7b3146f51bed3fc4b1 -> 
  custom:scripting/monoscript/fileName/TabNavigationHelper.cs: 43f45dc623750048d2fbac24931c8ac8 -> 
  custom:scripting/monoscript/fileName/AutoCompleteComboBox.cs: 6e2e6cf33d4f5ca4ad3c05ff8f254467 -> 
  custom:scripting/monoscript/fileName/TextPicEditor.cs: c23216fe996c314d4c496ad837485981 -> 
  custom:scripting/monoscript/fileName/CUIMisc.cs: bc26c7f132f5cd28304cbc88070ca4dc -> 
  custom:scripting/monoscript/fileName/UIAdditiveEffect.cs: 50386f7d7d76f5c5e155dbf56c5e5fdd -> 
  custom:scripting/monoscript/fileName/MonoSpacing.cs: 45ba6bf376dd125375a8906a7d8b8b4b -> 
  custom:scripting/monoscript/fileName/FloatTween.cs: c51b551f6abec506d0db9945f7aa25cc -> 
  custom:scripting/monoscript/fileName/BoxSlider.cs: 662335e935a62641f6cb14e99e25e994 -> 
  custom:scripting/monoscript/fileName/BezierLineRendererEditor.cs: 2a50098be424d999e43b888ace13278c -> 
  custom:scripting/monoscript/fileName/NonDrawingGraphic.cs: a309796f6d67e4c1c110ec62b4572b4e -> 
  custom:scripting/monoscript/fileName/ScrollPositionController.cs: 30c392a65a277a4a74b1a6f1a3417601 -> 
  custom:scripting/monoscript/fileName/ContentScrollSnapHorizontal.cs: cb0bf043572062ce08b48904f46c98c8 -> 
  custom:scripting/monoscript/fileName/Triangulator.cs: 4ee9f09ca55767568ee94c9eaaed7244 -> d867a9a7a8385ef82ff357feb70c59d4
  custom:scripting/monoscript/fileName/UIImageCrop.cs: 1ec5d1f18ccf3bbe8ea319cda00ecfbc -> 
  custom:scripting/monoscript/fileName/BoxSliderEditor.cs: 9c680a5a338924fb176605eed0f68a75 -> 
  custom:scripting/monoscript/fileName/FancyScrollView.cs: c5f9c64ec4b4e183b17919204bc381a9 -> 
  custom:scripting/monoscript/fileName/BezierPath.cs: 90cbb6f823f7a03c69c93b3e1653c45e -> 
  custom:scripting/monoscript/fileName/SuperellipsePoints.cs: db2a1c9698f2dea478e1d6bfece554ae -> 
  custom:scripting/monoscript/fileName/UI_Knob.cs: 00244fb2be3e9e1f5ec3a07f175066a9 -> 
  custom:container-muxer-webm: aa71ff27fc2769a1b78a27578f13a17b -> 
  custom:scripting/monoscript/fileName/RaycastMask.cs: b13971e6a124c25b886c6703ae2aab24 -> 
  custom:scripting/monoscript/fileName/MultiTouchScrollRect.cs: 3a778993ea01435b2502c14ea2b2ff98 -> 
  custom:video-decoder-webm-vp8: 9c59270c3fd7afecdb556c50c9e8de78 -> 
  custom:scripting/monoscript/fileName/InputFieldEnterSubmit.cs: cdd5149b8afb8dc59ad57cc53ad8fb3b -> 
  custom:scripting/monoscript/fileName/ExampleSelectable.cs: 8dc7a8cd606154e7d10bb507e235c1f8 -> 
  custom:scripting/monoscript/fileName/uGUITools.cs: aa32797d8a9cdcd2167b6be114b0d5ec -> 
  custom:scripting/monoscript/fileName/UILinearDodgeEffect.cs: f5508d2f3f6addba614d4c08275f4546 -> 
  custom:SearchIndexIgnoredProperties: e643bd26f0fe6173181afceb89e7c659 -> 
  custom:scripting/monoscript/fileName/EasingCore.cs: 0bad7e894488e9b67256d892a478aab1 -> 
  custom:scripting/monoscript/fileName/Stepper.cs: 3ee1a56034750815f9c567b6c54fbbb8 -> 
  custom:scripting/monoscript/fileName/UIPrimitiveBase.cs: 80a945e915822efd5c887ee28f76aa9f -> 
  custom:AudioImporter_EditorPlatform: d09bf68614088b80899f8185d706f6e7 -> 
  custom:scripting/monoscript/fileName/LetterSpacing.cs: c4f4c504ac9c0b708c438c8a0faf6a96 -> 
  custom:scripting/monoscript/fileName/UISquircle.cs: faaa67841792f2c90a13db82841ac6e3 -> 
  custom:scripting/monoscript/fileName/RangeSlider.cs: 026cea0882c5bbc90f7cedc5111cfeb2 -> 
  custom:scripting/monoscript/fileName/UIExtensionMethods.cs: 2621bff24acfb4ddb3b264b7553588d8 -> 
  custom:scripting/monoscript/fileName/UIVerticalScroller.cs: 3532ae0d4ba5f6e2c310cfec2c655a8c -> 
  custom:scripting/monoscript/fileName/FiltersPanel.cs: 5dbe4ca523d219ec24889a3783d94d4d -> 
  custom:scripting/monoscript/fileName/ColorLabel.cs: 9a2d62e5e8f65400e4abc881023f36f7 -> 
  custom:scripting/monoscript/fileName/TooltipTrigger.cs: 546a7d73bc42b9e6f1fd03a7e07d7f29 -> 
  custom:scripting/monoscript/fileName/UIMultiplyEffect.cs: 29b6f1f4d98d9b61292d829c0030af4b -> 
  custom:scripting/monoscript/fileName/CardPopup2D.cs: ac929914b8675b3ff1238ddb1cc99789 -> 
  custom:scripting/monoscript/fileName/ScrollSnapScrollbarHelper.cs: d6b043fd7048156ea2ef4da9da4a0a51 -> 
  custom:scripting/monoscript/fileName/HoverTooltip.cs: abdf0400bdf15bb8fdc0bc4d5ecc993f -> 
  custom:scripting/monoscript/fileName/ColorImage.cs: 87dea3e9bf43c94e295d4fa411046c66 -> 
  custom:scripting/monoscript/fileName/FancyScrollRectContext.cs: 9e5d4d8665c04a1190a3fc52908244b0 -> 
  custom:scripting/monoscript/fileName/TextPicIconEditor.cs: 1f41560011fcb93d03be374d10238c0c -> 
  custom:scripting/monoscript/fileName/UI_InfiniteScroll.cs: f7518bdb5ccbb5518282b9c860eef985 -> 
  custom:scripting/monoscript/fileName/UIExtensionsMenuOptions.cs: 25d3bc76bdcc7be45d732e8f064ec6a7 -> 
  custom:scripting/monoscript/fileName/ReadOnlyAttribute.cs: 604ae8fbc27d6402b88ac08f1987318f -> 
  custom:scripting/monoscript/fileName/UICircle.cs: e40253d6117a9fbea82cc285a7e8a36e -> 
  custom:scripting/monoscript/fileName/UIScrollToSelectionXY.cs: 8145d21a6ef6f8610242d2ba291595b9 -> 
  custom:scripting/monoscript/fileName/CUITextEditor.cs: 966cced0a631446b9484c2fe777a7f5b -> 
  custom:scripting/precompiled-assembly-types:UnityUIExtensions.editor: e002030e6fc012878af160bb334541ad -> 
  custom:scripting/monoscript/fileName/TweenRunner.cs: 90647cc400823b41df847a6cbfc29026 -> 
  custom:scripting/monoscript/fileName/UIHorizontalScroller.cs: 758f016ad67e22eff0f26468f408f006 -> 
  custom:scripting/monoscript/fileName/ReturnKeyTriggersButton.cs: 622f27a1a5fce3f8fe14f0fe6c6b39b5 -> 
  custom:scripting/monoscript/fileName/FancyGridViewCell.cs: 0cdf409b5aa8d4c25876d72b5c6a3b60 -> 
  custom:scripting/monoscript/fileName/Scroller.cs: 94938ad1cd7c20206a0339e3bd7f3330 -> 
  custom:scripting/monoscript/fileName/CylinderText.cs: 86c073c10ed890f8e108be86fb350e35 -> 
  custom:scripting/monoscript/fileName/ColorPickerPresets.cs: d20309ac183a87fd46c2e0a03ba5bdef -> 
  custom:scripting/monoscript/fileName/RadialSlider.cs: 24542b53b379116a4f98bb53a64e13b8 -> 
  custom:scripting/monoscript/fileName/PPIViewer.cs: 5269fbe050022d597b2ceba1b1d4cbae -> 
  custom:scripting/monoscript/fileName/InputFocus.cs: 6a5a3b184038cb5e7dbe4882c96bc91b -> 
  custom:scripting/monoscript/fileName/CUIBezierCurve.cs: 32214df0cb137de9f4967269deffb6f3 -> 
  custom:scripting/monoscript/fileName/DropDownListItem.cs: 91c61fd79335f34fb81e114553bf8888 -> 
  custom:scripting/monoscript/fileName/UIFlippable.cs: 9c843e180ea4b6afe9c1ba071336e124 -> 
  custom:scripting/monoscript/fileName/CanvasGroupActivator.cs: f743e9c6e47b0eb8c0b7b2fbf9f7de19 -> 
  custom:scripting/monoscript/fileName/UIWindowBase.cs: 776e605614a77fffd4e0147c8e684e94 -> 
  custom:video-encoder-webm-vp8: eb34c28f22e8b96e1ab97ce403110664 -> 
  custom:scripting/monoscript/fileName/ScrollPositionControllerEditor.cs: fb86570a90d8d5b779234b7f103e1b51 -> 
  custom:scripting/monoscript/fileName/CurvedLayout.cs: 46917779e317aa4a214ea430689de312 -> 
  custom:scripting/monoscript/fileName/ScrollConflictManager.cs: 1a474b2432b80a8b7211f13c79bb991c -> 
  custom:scripting/monoscript/fileName/ReadOnlyDrawer.cs: 1c0aa6472b8e40c24f66a5805d818994 -> 
  custom:audio-decoder-ogg-vorbis: bf7c407c2cedff20999df2af8eb42d56 -> 
  custom:scripting/monoscript/fileName/FancyGridView.cs: 849ed7f5b11c9db237ef61b01c5a5104 -> 
  custom:scripting/monoscript/fileName/CableCurve.cs: 1ed0592bfc80d3ca3db7b55e9a6e9d9a -> 
  custom:scripting/monoscript/fileName/PaginationManager.cs: b5c7a38e1c9bde92ca052679632bc9f1 -> 
  custom:scripting/monoscript/fileName/UILineTextureRenderer.cs: f3042185c83712ad42b2d6694b56f8d3 -> 
  custom:scripting/monoscript/fileName/MenuManager.cs: 8e71de17d45faf11b5ca3e63d3867170 -> 
  custom:scripting/monoscript/fileName/ColorPickerPresetsEditor.cs: 57bebb34d006d8305e8cd353ea00f28b -> 
  custom:scripting/monoscript/fileName/UI_MagneticInfiniteScroll.cs: 7f0db092e1c52c826e7ccbefe21fe7ce -> 
  custom:scripting/monoscript/fileName/ToolTip.cs: 2f05f936126a769ca9a98ef6920928a7 -> 
  custom:scripting/monoscript/fileName/TextPicRenameEditor.cs: b67a1588d964fe3ac177da9872e96689 -> 
  custom:scripting/monoscript/fileName/TestCompression.cs: 2a18178f72c1b3979b9006483863f20e -> 
  custom:scripting/monoscript/fileName/IFancyScrollRectContext.cs: 9c4dee0aef526d67eb0a668a1c9b910a -> 
  custom:scripting/monoscript/fileName/ColorChangedEvent.cs: bafb161b451089e6c72bcae877e0ba66 -> 
  custom:scripting/monoscript/fileName/BestFitOutline.cs: 2ec1c68346f5b721e3d92092cd60b278 -> 
  custom:scripting/monoscript/fileName/NonDrawingGraphicEditor.cs: 1e7abd1e1a4d3da38de70c6d38c19118 -> 
  custom:scripting/monoscript/fileName/HSVChangedEvent.cs: 8a0d7f505f4db7e267a03264293f54eb -> 
  custom:scripting/monoscript/fileName/CUIImageEditor.cs: 0be5a4365a8d65680f88c4d192e5254c -> 
  custom:scripting/monoscript/fileName/HorizontalScrollSnap.cs: 624447835d67a70d90ed2b7f69117316 -> 
  custom:scripting/monoscript/fileName/UI_TweenScale.cs: 50a18c41daf615d82dc37ef0e9dcea31 -> 
  custom:scripting/monoscript/fileName/BoundTooltipItem.cs: 12dc26af634677e40fd7840809357e6c -> 
  custom:scripting/monoscript/fileName/AccordionElement.cs: 69f1a7e537099cc57de9b6eaa86cef32 -> 
  custom:scripting/monoscript/fileName/UI_ScrollRectOcclusion.cs: 491f1c2592ac821eb8de9e533fddd4a9 -> 
  custom:scripting/monoscript/fileName/CUIBezierCurveEditor.cs: be4462c6de2387d5f99ef9d0e93b91ee -> 
  custom:scripting/monoscript/fileName/ColorSliderImage.cs: bbcbfbf23dc2f9fc5450db8f36b24487 -> 
  custom:scripting/monoscript/fileName/Accordion.cs: c31898dc7ffd6f7b32be5689419229bc -> 
  custom:scripting/monoscript/fileName/FancyCell.cs: 0cdf409b5aa8d4c25876d72b5c6a3b60 -> 
  custom:scripting/monoscript/fileName/ShineEffect.cs: 61d233269c4ea687efa548adef5d6e13 -> 
  custom:audio-encoder-webm-vorbis: bf7c407c2cedff20999df2af8eb42d56 -> 
  custom:scripting/monoscript/fileName/ScrollRectTweener.cs: 3437a8fb18bed84a45865e36e83e332f -> 
  custom:scripting/monoscript/fileName/MeshCreator.cs: a2506ad04bac2e5a6d6d50e0d7978d92 -> 
  custom:scripting/monoscript/fileName/UIPolygon.cs: ef7b3e02606f58c56a27e65db10bc7f3 -> 
  custom:scripting/monoscript/fileName/switchToRectTransform.cs: 0ef297259b7f2ab26defc1d718ad1e0a -> 
  custom:scripting/monoscript/fileName/UILineRendererList.cs: efbf4ff76c31aa3e4f61c8b26734d929 -> 
  custom:scripting/monoscript/fileName/CLZF2.cs: 40ef7bf6191a1a5e5b0f37e092e1b271 -> 
  custom:scripting/monoscript/fileName/SimpleMenu.cs: 90647cc400823b41df847a6cbfc29026 -> 
  custom:scripting/monoscript/fileName/RescalePanel.cs: a379a55181438e3b7a29019da8a3c82c -> 
  custom:scripting/monoscript/fileName/DragCorrector.cs: 89ab4a0369eecb75be2277a80a08c1e7 -> 
  custom:scripting/monoscript/fileName/RangeSliderEditor.cs: 1c09cdb4e75bc10f834bbae9a7b54e1e -> 
  custom:scripting/monoscript/fileName/FancyScrollRect.cs: 0cdf409b5aa8d4c25876d72b5c6a3b60 -> 
  custom:scripting/precompiled-assembly-types:Assembly-CSharp: 9d98c5210357a57051bc817a849226c0 -> d9898b08f7aa15a36c94fc52d0b7440b
  custom:scripting/monoscript/fileName/ReorderableList.cs: 944c8e214787d07461c711b29546f976 -> 
  custom:scripting/monoscript/fileName/RadialLayout.cs: 170f31c5fdb54a9fe7ba926effdfd7d4 -> 
  custom:scripting/monoscript/fileName/ColorSlider.cs: a91d06b853e0bf2d5df3ea61a67d5c83 -> 
  custom:scripting/monoscript/fileName/IFancyGridViewContext.cs: be7addf49e5950ebb654fec55c2afa8b -> 
  custom:scripting/precompiled-assembly-types:UnityUIExtensions: c0991a7eaf90618746e467e9e018bd04 -> 
  custom:scripting/monoscript/fileName/CUIGraphic.cs: 4f47fad340418bff51fe6171e2259e7f -> 
  custom:scripting/monoscript/fileName/IFancyCellGroupContext.cs: 323b5f49cc2011b3d2d9088e528ed161 -> 
  custom:scripting/monoscript/fileName/MinMaxSlider.cs: e7d98a511e8b98df33f72f37935821e5 -> 
  custom:scripting/monoscript/fileName/ColorPickerTester.cs: 63b6c03c009a94721b9d41c8d5e5e6ed -> 
========================================================================
Received Prepare
Caller must complete domain reload
Begin MonoManager ReloadAssembly
- Loaded All Assemblies, in  1.086 seconds
Native extension for WindowsStandalone target not found
Native extension for WebGL target not found
Mono: successfully reloaded assembly
- Finished resetting the current domain, in  1.367 seconds
Domain Reload Profiling: 2451ms
	BeginReloadAssembly (167ms)
		ExecutionOrderSort (0ms)
		DisableScriptedObjects (14ms)
		BackupInstance (0ms)
		ReleaseScriptingObjects (0ms)
		CreateAndSetChildDomain (36ms)
	RebuildCommonClasses (37ms)
	RebuildNativeTypeToScriptingClass (13ms)
	initialDomainReloadingComplete (30ms)
	LoadAllAssembliesAndSetupDomain (837ms)
		LoadAssemblies (905ms)
		RebuildTransferFunctionScriptingTraits (0ms)
		AnalyzeDomain (18ms)
			TypeCache.Refresh (6ms)
				TypeCache.ScanAssembly (0ms)
			ScanForSourceGeneratedMonoScriptInfo (0ms)
			ResolveRequiredComponents (10ms)
	FinalizeReload (1367ms)
		ReleaseScriptCaches (0ms)
		RebuildScriptCaches (0ms)
		SetupLoadedEditorAssemblies (476ms)
			LogAssemblyErrors (0ms)
			InitializePlatformSupportModulesInManaged (7ms)
			SetLoadedEditorAssemblies (6ms)
			RefreshPlugins (0ms)
			BeforeProcessingInitializeOnLoad (80ms)
			ProcessInitializeOnLoadAttributes (344ms)
			ProcessInitializeOnLoadMethodAttributes (36ms)
			AfterProcessingInitializeOnLoad (3ms)
			EditorAssembliesLoaded (0ms)
		ExecutionOrderSort2 (0ms)
		AwakeInstancesAfterBackupRestoration (17ms)
Refreshing native plugins compatible for Editor in 9.03 ms, found 7 plugins.
Preloading 0 native plugins for Editor in 0.00 ms.
Unloading 4457 Unused Serialized files (Serialized files now loaded: 0)
Unloading 44 unused Assets / (0.7 MB). Loaded Objects now: 5378.
Memory consumption went from 158.4 MB to 157.7 MB.
Total: 5.536500 ms (FindLiveObjects: 0.563500 ms CreateObjectMapping: 0.637300 ms MarkObjects: 3.638300 ms  DeleteObjects: 0.695400 ms)

Prepare: number of updated asset objects reloaded= 0
AssetImportParameters requested are different than current active one (requested -> active):
  custom:scripting/monoscript/fileName/CardStack2D.cs: 52f7ac406c04f320c1cc31b32fc945ec -> 
  custom:scripting/monoscript/fileName/UILineRendererFIFO.cs: 1a840d7d842445f62c20beee85a5bbc5 -> 
  custom:scripting/monoscript/fileName/FlowLayoutGroup.cs: 4f8c51e99186127173631d5ea0b848a8 -> 
  custom:scripting/monoscript/fileName/UIParticleSystem.cs: 6cef203566a0c9333597e4e233613614 -> 
  custom:scripting/monoscript/fileName/UILineRenderer.cs: 673f1b621ab4781ac78770b1b3c45207 -> 
  custom:scripting/monoscript/fileName/TableLayoutGroup.cs: 9697d88a99d4c91003d206b86eed3a61 -> 
  custom:scripting/monoscript/fileName/Segment.cs: 823b994f6bbb6e32f73e9807948df6b3 -> 
  custom:container-demuxer-ogg: 62fdf1f143b41e24485cea50d1cbac27 -> 
  custom:scripting/monoscript/fileName/SelectionBox.cs: 9eabc2822607d24d284c5c0d720d4a01 -> 
  custom:scripting/monoscript/fileName/ReorderableListContent.cs: a630238339e5f198f723ac29a2329f6d -> 
  custom:scripting/monoscript/fileName/Menu.cs: d0a2652908e797d4064ef9b772450cc8 -> 
  custom:scripting/monoscript/fileName/SetPropertyUtility.cs: 02aade692758e5563210cc05829e9851 -> f604b4b9e6b0979bdfc1e2b40426dd19
  custom:scripting/monoscript/fileName/HSVUtil.cs: 2f204c7a89b046fae714aadbcda42851 -> 
  custom:scripting/monoscript/fileName/FancyCellGroup.cs: 90647cc400823b41df847a6cbfc29026 -> 
  custom:scripting/monoscript/fileName/RescaleDragPanel.cs: 428e5a10a21f2d3fc3805557487d591e -> 
  custom:scripting/monoscript/fileName/ExtensionsToggleGroup.cs: 93967f93faef61aecdca9232fa42b062 -> 
  custom:scripting/monoscript/fileName/ResizePanel.cs: 0a2d1269c62cba913a254b515f8b6020 -> 
  custom:scripting/monoscript/fileName/Circle.cs: cfc2369c92dd039be7c3f572f769fdcf -> 
  custom:scripting/monoscript/fileName/ShaderLibrary.cs: 7a09676978959734a6827051c965f749 -> 
  custom:scripting/monoscript/fileName/CurvedText.cs: c86aabacdca275700720e919fc8a8b52 -> 
  custom:scripting/monoscript/fileName/FancyScrollRectCell.cs: 0cdf409b5aa8d4c25876d72b5c6a3b60 -> 
  custom:scripting/monoscript/fileName/Gradient.cs: a4c2a5a25440c543cd82653fda832632 -> 
  custom:scripting/monoscript/fileName/ScrollSnapBase.cs: 3682088473625968e7b4647a6b4213f6 -> 
  custom:scripting/monoscript/fileName/CUIText.cs: 0be1a405bc9388e4813a74aad6018bec -> 
  custom:scripting/monoscript/fileName/BoundTooltipTrigger.cs: e78e2ee612ba85e075ab794a5cb95e73 -> 
  custom:scripting/monoscript/fileName/UIHighlightable.cs: fd305ad78204cb75a66ce809c3f50e6a -> 
  custom:video-codec-MediaFoundation-h265: 746d11721c4dcdbdad8f713fa42b33f4 -> 
  custom:scripting/monoscript/fileName/UIExtensionsInputManager.cs: 6f468ddae971c3bcce0288549c1beabd -> 
  custom:scripting/monoscript/fileName/Gradient2.cs: 9c1fd6257924e43a80b8fccb859d3828 -> 
  custom:scripting/monoscript/fileName/CooldownButton.cs: 72bd21b90ac71f29908a36179176f8fc -> 
  custom:video-decoder-ogg-theora: a1e56fd34408186e4bbccfd4996cb3dc -> 
  custom:scripting/monoscript/fileName/TileSizeFitter.cs: ba6326e335b6f177a627b992c444832c -> 
  custom:scripting/monoscript/fileName/SelectableScaler.cs: 3ebe175d64b38a572f8dbe8fd345f0c3 -> 
  custom:scripting/monoscript/fileName/AccordionElementEditor.cs: db5ee9b2cff22578a12a4d141614d665 -> 
  custom:scripting/monoscript/fileName/ExtensionsToggle.cs: e0b44aa7e1ff973d74b4857a34a48879 -> 
  custom:scripting/monoscript/fileName/ReorderableListElement.cs: 788a31431a1c95dc9a9a52767f8e812f -> 
  custom:scripting/monoscript/fileName/ShineEffector.cs: 52ed4eb6c7ed8f674a18d2a4db6eba86 -> 
  custom:scripting/monoscript/fileName/UISelectableExtension.cs: b6766007d8a2236e23d4749da2d8cdd2 -> 
  custom:framework-win-MediaFoundation: 216162199b28c13a410421893ffa2e32 -> 
  custom:scripting/monoscript/fileName/UISoftAdditiveEffect.cs: 30a825933c907dec19605ff2f58a292f -> 
  custom:scripting/monoscript/fileName/HexColorField.cs: 425eeca1ce4159bc649962b2337061a4 -> 
  custom:scripting/monoscript/fileName/ColorPickerControl.cs: 97231f899ae243cc634f34e048c22095 -> 
  custom:scripting/monoscript/fileName/ReorderableListDebug.cs: 51cf5a188c464deb681bea16cb795b61 -> 
  custom:scripting/monoscript/fileName/TextPic.cs: 9dbd7bc654cbf19eee33ac6fc452bfb1 -> 
  custom:scripting/monoscript/fileName/CUIImage.cs: 41f29f650aa507f802cd9793d91f3211 -> 
  custom:scripting/monoscript/fileName/DropDownListButton.cs: 71d533f2602e0e099d09a556ef8e4414 -> 
  custom:scripting/monoscript/fileName/ScrollSnap.cs: c5ae67ed5cc8c0ab1f7496803acc2648 -> 
  custom:scripting/monoscript/fileName/TextPicIconListCopier.cs: a564a2a474c019b98650cff2383ccfca -> 
  custom:scripting/monoscript/fileName/UICornerCut.cs: 69b0dfb485aa2b1afa65fcf30028125b -> 
  custom:scripting/monoscript/fileName/ScrollerEditor.cs: 478519b80ad2bc62d4a4b80ae078e694 -> 
  custom:scripting/monoscript/fileName/IBoxSelectable.cs: a5bf39a694cf2b84c65e7bec998d4941 -> 
  custom:scripting/monoscript/fileName/TiltWindow.cs: 7c3356d1b5bc9c6e9fe98345b0be7c30 -> 
  custom:scripting/monoscript/fileName/ExtensionMethods.cs: 943bd8dac5ce9467ce7deb0856dc6b0a -> 
  custom:scripting/monoscript/fileName/ComboBox.cs: a6ca48dde827ff07a9093f3624d58e62 -> 
  custom:scripting/monoscript/fileName/ScrollRectLinker.cs: 0316116e17d192ca2ef7c97539dff50f -> 
  custom:scripting/monoscript/fileName/SVBoxSlider.cs: 1d22c9c16d63e1cf38ad19bbcec9a0da -> 
  custom:scripting/monoscript/fileName/VerticalScrollSnap.cs: a7ebcf1fac8331e70ee01e540cbe484b -> 
  custom:scripting/monoscript/fileName/UILineConnector.cs: ea5f69a32957fe35ae7b512ef3f758ef -> 
  custom:scripting/monoscript/fileName/UIScreenEffect.cs: c36542c529d1f733362556ab22c18bf9 -> 
  custom:scripting/monoscript/fileName/SoftMaskScript.cs: 867049fb2647c9983fb1391409f93d30 -> 
  custom:scripting/monoscript/fileName/DiamondGraph.cs: a01b647a54847840428a395cc0d6fc16 -> 
  custom:scripting/monoscript/fileName/ScrollRectEx.cs: 3f6a881a34055e182fee3ab0baaee0c3 -> 
  custom:scripting/monoscript/fileName/UIGridRenderer.cs: 04c0062f4b7cdd6963fdba9ae03d9c72 -> 
  custom:scripting/monoscript/fileName/NicerOutline.cs: 571a7c7c4af4ebadc9fed23f0c3b0b46 -> 
  custom:CustomObjectIndexerAttribute: 9a22284fe3817be447336de3de66b15e -> 
  custom:scripting/monoscript/fileName/ScrollRectExtensions.cs: c76cb840404ffa9bc24248639e9da4ee -> 
  custom:scripting/monoscript/fileName/FancyGridViewContext.cs: 8738476657d4a33c34bc82bed7ce8bc9 -> 
  custom:scripting/monoscript/fileName/MinMaxValues.cs: 4aa11a61e640749f4ea5f947f86be5ba -> 
  custom:scripting/monoscript/fileName/CardExpanding3D.cs: d8b2b9924677ad2b445b05edbed7f0e3 -> 
  custom:scripting/monoscript/fileName/MinMaxSliderEditor.cs: e0496a7f76fc8934af2a763a7289ad36 -> 
  custom:scripting/monoscript/fileName/StepperSide.cs: 34d9a35c8c2622f327b140f18a7398a7 -> 
  custom:scripting/monoscript/fileName/CUIGraphicEditor.cs: a618262d3e77d462c5a0cd2e608e8a53 -> 
  custom:scripting/monoscript/fileName/DropDownList.cs: 3d51ab81e9571c9027b59874b2c78567 -> 
  custom:scripting/monoscript/fileName/ITweenValue.cs: 1d0eaa4b435fa135e18af6b5fa57e92e -> 
  custom:container-demuxer-webm: 4f35f7cbe854078d1ac9338744f61a02 -> 
  custom:scripting/monoscript/fileName/CardExpanding2D.cs: e0950b450275cb3936a581f286a6b471 -> 
  custom:scripting/monoscript/fileName/ResetSelectableHighlight.cs: 3ea63487fd77e7b22731770a86b4f8b9 -> 
  custom:scripting/monoscript/fileName/UIScrollToSelection.cs: d89fc8e36bdc19715e3104a5f857d175 -> 
  custom:scripting/monoscript/fileName/IScrollSnap.cs: 80b4110dac6695d630b8e7501d8e5aa8 -> 
  custom:scripting/monoscript/fileName/SegmentedControl.cs: 3a6e53207de58cf304ab520e0638e2df -> 
  custom:scripting/monoscript/fileName/ColorSampler.cs: 617678b91f4adc7b3146f51bed3fc4b1 -> 
  custom:scripting/monoscript/fileName/TabNavigationHelper.cs: 43f45dc623750048d2fbac24931c8ac8 -> 
  custom:scripting/monoscript/fileName/AutoCompleteComboBox.cs: 6e2e6cf33d4f5ca4ad3c05ff8f254467 -> 
  custom:scripting/monoscript/fileName/TextPicEditor.cs: c23216fe996c314d4c496ad837485981 -> 
  custom:scripting/monoscript/fileName/CUIMisc.cs: bc26c7f132f5cd28304cbc88070ca4dc -> 
  custom:scripting/monoscript/fileName/UIAdditiveEffect.cs: 50386f7d7d76f5c5e155dbf56c5e5fdd -> 
  custom:scripting/monoscript/fileName/MonoSpacing.cs: 45ba6bf376dd125375a8906a7d8b8b4b -> 
  custom:scripting/monoscript/fileName/FloatTween.cs: c51b551f6abec506d0db9945f7aa25cc -> 
  custom:scripting/monoscript/fileName/BoxSlider.cs: 662335e935a62641f6cb14e99e25e994 -> 
  custom:scripting/monoscript/fileName/BezierLineRendererEditor.cs: 2a50098be424d999e43b888ace13278c -> 
  custom:scripting/monoscript/fileName/NonDrawingGraphic.cs: a309796f6d67e4c1c110ec62b4572b4e -> 
  custom:scripting/monoscript/fileName/ScrollPositionController.cs: 30c392a65a277a4a74b1a6f1a3417601 -> 
  custom:scripting/monoscript/fileName/ContentScrollSnapHorizontal.cs: cb0bf043572062ce08b48904f46c98c8 -> 
  custom:scripting/monoscript/fileName/Triangulator.cs: 4ee9f09ca55767568ee94c9eaaed7244 -> d867a9a7a8385ef82ff357feb70c59d4
  custom:scripting/monoscript/fileName/UIImageCrop.cs: 1ec5d1f18ccf3bbe8ea319cda00ecfbc -> 
  custom:scripting/monoscript/fileName/BoxSliderEditor.cs: 9c680a5a338924fb176605eed0f68a75 -> 
  custom:scripting/monoscript/fileName/FancyScrollView.cs: c5f9c64ec4b4e183b17919204bc381a9 -> 
  custom:scripting/monoscript/fileName/BezierPath.cs: 90cbb6f823f7a03c69c93b3e1653c45e -> 
  custom:scripting/monoscript/fileName/SuperellipsePoints.cs: db2a1c9698f2dea478e1d6bfece554ae -> 
  custom:scripting/monoscript/fileName/UI_Knob.cs: 00244fb2be3e9e1f5ec3a07f175066a9 -> 
  custom:container-muxer-webm: aa71ff27fc2769a1b78a27578f13a17b -> 
  custom:scripting/monoscript/fileName/RaycastMask.cs: b13971e6a124c25b886c6703ae2aab24 -> 
  custom:scripting/monoscript/fileName/MultiTouchScrollRect.cs: 3a778993ea01435b2502c14ea2b2ff98 -> 
  custom:video-decoder-webm-vp8: 9c59270c3fd7afecdb556c50c9e8de78 -> 
  custom:scripting/monoscript/fileName/InputFieldEnterSubmit.cs: cdd5149b8afb8dc59ad57cc53ad8fb3b -> 
  custom:scripting/monoscript/fileName/ExampleSelectable.cs: 8dc7a8cd606154e7d10bb507e235c1f8 -> 
  custom:scripting/monoscript/fileName/uGUITools.cs: aa32797d8a9cdcd2167b6be114b0d5ec -> 
  custom:scripting/monoscript/fileName/UILinearDodgeEffect.cs: f5508d2f3f6addba614d4c08275f4546 -> 
  custom:SearchIndexIgnoredProperties: e643bd26f0fe6173181afceb89e7c659 -> 
  custom:scripting/monoscript/fileName/EasingCore.cs: 0bad7e894488e9b67256d892a478aab1 -> 
  custom:scripting/monoscript/fileName/Stepper.cs: 3ee1a56034750815f9c567b6c54fbbb8 -> 
  custom:scripting/monoscript/fileName/UIPrimitiveBase.cs: 80a945e915822efd5c887ee28f76aa9f -> 
  custom:AudioImporter_EditorPlatform: d09bf68614088b80899f8185d706f6e7 -> 
  custom:scripting/monoscript/fileName/LetterSpacing.cs: c4f4c504ac9c0b708c438c8a0faf6a96 -> 
  custom:scripting/monoscript/fileName/UISquircle.cs: faaa67841792f2c90a13db82841ac6e3 -> 
  custom:scripting/monoscript/fileName/RangeSlider.cs: 026cea0882c5bbc90f7cedc5111cfeb2 -> 
  custom:scripting/monoscript/fileName/UIExtensionMethods.cs: 2621bff24acfb4ddb3b264b7553588d8 -> 
  custom:scripting/monoscript/fileName/UIVerticalScroller.cs: 3532ae0d4ba5f6e2c310cfec2c655a8c -> 
  custom:scripting/monoscript/fileName/FiltersPanel.cs: 5dbe4ca523d219ec24889a3783d94d4d -> 
  custom:scripting/monoscript/fileName/ColorLabel.cs: 9a2d62e5e8f65400e4abc881023f36f7 -> 
  custom:scripting/monoscript/fileName/TooltipTrigger.cs: 546a7d73bc42b9e6f1fd03a7e07d7f29 -> 
  custom:scripting/monoscript/fileName/UIMultiplyEffect.cs: 29b6f1f4d98d9b61292d829c0030af4b -> 
  custom:scripting/monoscript/fileName/CardPopup2D.cs: ac929914b8675b3ff1238ddb1cc99789 -> 
  custom:scripting/monoscript/fileName/ScrollSnapScrollbarHelper.cs: d6b043fd7048156ea2ef4da9da4a0a51 -> 
  custom:scripting/monoscript/fileName/HoverTooltip.cs: abdf0400bdf15bb8fdc0bc4d5ecc993f -> 
  custom:scripting/monoscript/fileName/ColorImage.cs: 87dea3e9bf43c94e295d4fa411046c66 -> 
  custom:scripting/monoscript/fileName/FancyScrollRectContext.cs: 9e5d4d8665c04a1190a3fc52908244b0 -> 
  custom:scripting/monoscript/fileName/TextPicIconEditor.cs: 1f41560011fcb93d03be374d10238c0c -> 
  custom:scripting/monoscript/fileName/UI_InfiniteScroll.cs: f7518bdb5ccbb5518282b9c860eef985 -> 
  custom:scripting/monoscript/fileName/UIExtensionsMenuOptions.cs: 25d3bc76bdcc7be45d732e8f064ec6a7 -> 
  custom:scripting/monoscript/fileName/ReadOnlyAttribute.cs: 604ae8fbc27d6402b88ac08f1987318f -> 
  custom:scripting/monoscript/fileName/UICircle.cs: e40253d6117a9fbea82cc285a7e8a36e -> 
  custom:scripting/monoscript/fileName/UIScrollToSelectionXY.cs: 8145d21a6ef6f8610242d2ba291595b9 -> 
  custom:scripting/monoscript/fileName/CUITextEditor.cs: 966cced0a631446b9484c2fe777a7f5b -> 
  custom:scripting/precompiled-assembly-types:UnityUIExtensions.editor: e002030e6fc012878af160bb334541ad -> 
  custom:scripting/monoscript/fileName/TweenRunner.cs: 90647cc400823b41df847a6cbfc29026 -> 
  custom:scripting/monoscript/fileName/UIHorizontalScroller.cs: 758f016ad67e22eff0f26468f408f006 -> 
  custom:scripting/monoscript/fileName/ReturnKeyTriggersButton.cs: 622f27a1a5fce3f8fe14f0fe6c6b39b5 -> 
  custom:scripting/monoscript/fileName/FancyGridViewCell.cs: 0cdf409b5aa8d4c25876d72b5c6a3b60 -> 
  custom:scripting/monoscript/fileName/Scroller.cs: 94938ad1cd7c20206a0339e3bd7f3330 -> 
  custom:scripting/monoscript/fileName/CylinderText.cs: 86c073c10ed890f8e108be86fb350e35 -> 
  custom:scripting/monoscript/fileName/ColorPickerPresets.cs: d20309ac183a87fd46c2e0a03ba5bdef -> 
  custom:scripting/monoscript/fileName/RadialSlider.cs: 24542b53b379116a4f98bb53a64e13b8 -> 
  custom:scripting/monoscript/fileName/PPIViewer.cs: 5269fbe050022d597b2ceba1b1d4cbae -> 
  custom:scripting/monoscript/fileName/InputFocus.cs: 6a5a3b184038cb5e7dbe4882c96bc91b -> 
  custom:scripting/monoscript/fileName/CUIBezierCurve.cs: 32214df0cb137de9f4967269deffb6f3 -> 
  custom:scripting/monoscript/fileName/DropDownListItem.cs: 91c61fd79335f34fb81e114553bf8888 -> 
  custom:scripting/monoscript/fileName/UIFlippable.cs: 9c843e180ea4b6afe9c1ba071336e124 -> 
  custom:scripting/monoscript/fileName/CanvasGroupActivator.cs: f743e9c6e47b0eb8c0b7b2fbf9f7de19 -> 
  custom:scripting/monoscript/fileName/UIWindowBase.cs: 776e605614a77fffd4e0147c8e684e94 -> 
  custom:video-encoder-webm-vp8: eb34c28f22e8b96e1ab97ce403110664 -> 
  custom:scripting/monoscript/fileName/ScrollPositionControllerEditor.cs: fb86570a90d8d5b779234b7f103e1b51 -> 
  custom:scripting/monoscript/fileName/CurvedLayout.cs: 46917779e317aa4a214ea430689de312 -> 
  custom:scripting/monoscript/fileName/ScrollConflictManager.cs: 1a474b2432b80a8b7211f13c79bb991c -> 
  custom:scripting/monoscript/fileName/ReadOnlyDrawer.cs: 1c0aa6472b8e40c24f66a5805d818994 -> 
  custom:audio-decoder-ogg-vorbis: bf7c407c2cedff20999df2af8eb42d56 -> 
  custom:scripting/monoscript/fileName/FancyGridView.cs: 849ed7f5b11c9db237ef61b01c5a5104 -> 
  custom:scripting/monoscript/fileName/CableCurve.cs: 1ed0592bfc80d3ca3db7b55e9a6e9d9a -> 
  custom:scripting/monoscript/fileName/PaginationManager.cs: b5c7a38e1c9bde92ca052679632bc9f1 -> 
  custom:scripting/monoscript/fileName/UILineTextureRenderer.cs: f3042185c83712ad42b2d6694b56f8d3 -> 
  custom:scripting/monoscript/fileName/MenuManager.cs: 8e71de17d45faf11b5ca3e63d3867170 -> 
  custom:scripting/monoscript/fileName/ColorPickerPresetsEditor.cs: 57bebb34d006d8305e8cd353ea00f28b -> 
  custom:scripting/monoscript/fileName/UI_MagneticInfiniteScroll.cs: 7f0db092e1c52c826e7ccbefe21fe7ce -> 
  custom:scripting/monoscript/fileName/ToolTip.cs: 2f05f936126a769ca9a98ef6920928a7 -> 
  custom:scripting/monoscript/fileName/TextPicRenameEditor.cs: b67a1588d964fe3ac177da9872e96689 -> 
  custom:scripting/monoscript/fileName/TestCompression.cs: 2a18178f72c1b3979b9006483863f20e -> 
  custom:scripting/monoscript/fileName/IFancyScrollRectContext.cs: 9c4dee0aef526d67eb0a668a1c9b910a -> 
  custom:scripting/monoscript/fileName/ColorChangedEvent.cs: bafb161b451089e6c72bcae877e0ba66 -> 
  custom:scripting/monoscript/fileName/BestFitOutline.cs: 2ec1c68346f5b721e3d92092cd60b278 -> 
  custom:scripting/monoscript/fileName/NonDrawingGraphicEditor.cs: 1e7abd1e1a4d3da38de70c6d38c19118 -> 
  custom:scripting/monoscript/fileName/HSVChangedEvent.cs: 8a0d7f505f4db7e267a03264293f54eb -> 
  custom:scripting/monoscript/fileName/CUIImageEditor.cs: 0be5a4365a8d65680f88c4d192e5254c -> 
  custom:scripting/monoscript/fileName/HorizontalScrollSnap.cs: 624447835d67a70d90ed2b7f69117316 -> 
  custom:scripting/monoscript/fileName/UI_TweenScale.cs: 50a18c41daf615d82dc37ef0e9dcea31 -> 
  custom:scripting/monoscript/fileName/BoundTooltipItem.cs: 12dc26af634677e40fd7840809357e6c -> 
  custom:scripting/monoscript/fileName/AccordionElement.cs: 69f1a7e537099cc57de9b6eaa86cef32 -> 
  custom:scripting/monoscript/fileName/UI_ScrollRectOcclusion.cs: 491f1c2592ac821eb8de9e533fddd4a9 -> 
  custom:scripting/monoscript/fileName/CUIBezierCurveEditor.cs: be4462c6de2387d5f99ef9d0e93b91ee -> 
  custom:scripting/monoscript/fileName/ColorSliderImage.cs: bbcbfbf23dc2f9fc5450db8f36b24487 -> 
  custom:scripting/monoscript/fileName/Accordion.cs: c31898dc7ffd6f7b32be5689419229bc -> 
  custom:scripting/monoscript/fileName/FancyCell.cs: 0cdf409b5aa8d4c25876d72b5c6a3b60 -> 
  custom:scripting/monoscript/fileName/ShineEffect.cs: 61d233269c4ea687efa548adef5d6e13 -> 
  custom:audio-encoder-webm-vorbis: bf7c407c2cedff20999df2af8eb42d56 -> 
  custom:scripting/monoscript/fileName/ScrollRectTweener.cs: 3437a8fb18bed84a45865e36e83e332f -> 
  custom:scripting/monoscript/fileName/MeshCreator.cs: a2506ad04bac2e5a6d6d50e0d7978d92 -> 
  custom:scripting/monoscript/fileName/UIPolygon.cs: ef7b3e02606f58c56a27e65db10bc7f3 -> 
  custom:scripting/monoscript/fileName/switchToRectTransform.cs: 0ef297259b7f2ab26defc1d718ad1e0a -> 
  custom:scripting/monoscript/fileName/UILineRendererList.cs: efbf4ff76c31aa3e4f61c8b26734d929 -> 
  custom:scripting/monoscript/fileName/CLZF2.cs: 40ef7bf6191a1a5e5b0f37e092e1b271 -> 
  custom:scripting/monoscript/fileName/SimpleMenu.cs: 90647cc400823b41df847a6cbfc29026 -> 
  custom:scripting/monoscript/fileName/RescalePanel.cs: a379a55181438e3b7a29019da8a3c82c -> 
  custom:scripting/monoscript/fileName/DragCorrector.cs: 89ab4a0369eecb75be2277a80a08c1e7 -> 
  custom:scripting/monoscript/fileName/RangeSliderEditor.cs: 1c09cdb4e75bc10f834bbae9a7b54e1e -> 
  custom:scripting/monoscript/fileName/FancyScrollRect.cs: 0cdf409b5aa8d4c25876d72b5c6a3b60 -> 
  custom:scripting/precompiled-assembly-types:Assembly-CSharp: 9d98c5210357a57051bc817a849226c0 -> d9898b08f7aa15a36c94fc52d0b7440b
  custom:scripting/monoscript/fileName/ReorderableList.cs: 944c8e214787d07461c711b29546f976 -> 
  custom:scripting/monoscript/fileName/RadialLayout.cs: 170f31c5fdb54a9fe7ba926effdfd7d4 -> 
  custom:scripting/monoscript/fileName/ColorSlider.cs: a91d06b853e0bf2d5df3ea61a67d5c83 -> 
  custom:scripting/monoscript/fileName/IFancyGridViewContext.cs: be7addf49e5950ebb654fec55c2afa8b -> 
  custom:scripting/precompiled-assembly-types:UnityUIExtensions: c0991a7eaf90618746e467e9e018bd04 -> 
  custom:scripting/monoscript/fileName/CUIGraphic.cs: 4f47fad340418bff51fe6171e2259e7f -> 
  custom:scripting/monoscript/fileName/IFancyCellGroupContext.cs: 323b5f49cc2011b3d2d9088e528ed161 -> 
  custom:scripting/monoscript/fileName/MinMaxSlider.cs: e7d98a511e8b98df33f72f37935821e5 -> 
  custom:scripting/monoscript/fileName/ColorPickerTester.cs: 63b6c03c009a94721b9d41c8d5e5e6ed -> 
========================================================================
Received Import Request.
  Time since last request: 2301.151824 seconds.
  path: Assets/Animations/CloseFilterMenu.anim
  artifactKey: Guid(3c914372c47787c40835bedcbb08cc9a) Importer(2089858483,0ecaa5967403d082aa24f35e1b516d23)
Start importing Assets/Animations/CloseFilterMenu.anim using Guid(3c914372c47787c40835bedcbb08cc9a) Importer(2089858483,0ecaa5967403d082aa24f35e1b516d23) [PhysX] Initialized MultithreadedTaskDispatcher with 16 workers.
 -> (artifact id: '0b735cbb8410c6c69aa4f3294c21168c') in 0.218880 seconds
Number of updated asset objects reloaded before import = 0
Number of asset objects unloaded after import = 1
========================================================================
Received Import Request.
  Time since last request: 0.000044 seconds.
  path: Assets/TextMesh Pro/Resources/Fonts & Materials/LiberationSans SDF - Drop Shadow.mat
  artifactKey: Guid(e73a58f6e2794ae7b1b7e50b7fb811b0) Importer(2089858483,0ecaa5967403d082aa24f35e1b516d23)
Start importing Assets/TextMesh Pro/Resources/Fonts & Materials/LiberationSans SDF - Drop Shadow.mat using Guid(e73a58f6e2794ae7b1b7e50b7fb811b0) Importer(2089858483,0ecaa5967403d082aa24f35e1b516d23) [PhysX] Initialized MultithreadedTaskDispatcher with 16 workers.
 -> (artifact id: 'fdee375c7bcb0c75b8525ebd446fae3e') in 0.058209 seconds
Number of updated asset objects reloaded before import = 0
Number of asset objects unloaded after import = 2
========================================================================
Received Import Request.
  Time since last request: 0.000051 seconds.
  path: Assets/TextMesh Pro/Sprites/EmojiOne.json
  artifactKey: Guid(8f05276190cf498a8153f6cbe761d4e6) Importer(2089858483,0ecaa5967403d082aa24f35e1b516d23)
Start importing Assets/TextMesh Pro/Sprites/EmojiOne.json using Guid(8f05276190cf498a8153f6cbe761d4e6) Importer(2089858483,0ecaa5967403d082aa24f35e1b516d23) [PhysX] Initialized MultithreadedTaskDispatcher with 16 workers.
 -> (artifact id: '61ca87c038212f0039412f74322e2169') in 0.007091 seconds
Number of updated asset objects reloaded before import = 0
Number of asset objects unloaded after import = 1
========================================================================
Received Import Request.
  Time since last request: 0.000061 seconds.
  path: Assets/Plugins/Demigiant/DOTween/Editor/Imgs/Header.jpg
  artifactKey: Guid(78a59ca99f8987941adb61f9e14a06a7) Importer(2089858483,0ecaa5967403d082aa24f35e1b516d23)
Start importing Assets/Plugins/Demigiant/DOTween/Editor/Imgs/Header.jpg using Guid(78a59ca99f8987941adb61f9e14a06a7) Importer(2089858483,0ecaa5967403d082aa24f35e1b516d23) [PhysX] Initialized MultithreadedTaskDispatcher with 16 workers.
 -> (artifact id: 'cd4842c5583484fbde21659ff44d0fa5') in 0.063423 seconds
Number of updated asset objects reloaded before import = 0
Number of asset objects unloaded after import = 1
========================================================================
Received Import Request.
  Time since last request: 0.000022 seconds.
  path: Assets/Content/States/angry.png
  artifactKey: Guid(5f099cf6f68a9de499603e76a6bb78a4) Importer(2089858483,0ecaa5967403d082aa24f35e1b516d23)
Start importing Assets/Content/States/angry.png using Guid(5f099cf6f68a9de499603e76a6bb78a4) Importer(2089858483,0ecaa5967403d082aa24f35e1b516d23) [PhysX] Initialized MultithreadedTaskDispatcher with 16 workers.
 -> (artifact id: 'a7992dd289407eec1c1ea0f5e54bf43d') in 0.030311 seconds
Number of updated asset objects reloaded before import = 0
Number of asset objects unloaded after import = 3
========================================================================
Received Import Request.
  Time since last request: 0.000030 seconds.
  path: Assets/Content/parchment_alpha.png
  artifactKey: Guid(4ca5d69cb92672741becd8fe29804c29) Importer(2089858483,0ecaa5967403d082aa24f35e1b516d23)
Start importing Assets/Content/parchment_alpha.png using Guid(4ca5d69cb92672741becd8fe29804c29) Importer(2089858483,0ecaa5967403d082aa24f35e1b516d23) [PhysX] Initialized MultithreadedTaskDispatcher with 16 workers.
 -> (artifact id: '166682c7751260b65e1cc897bcf482fc') in 0.021755 seconds
Number of updated asset objects reloaded before import = 0
Number of asset objects unloaded after import = 3
========================================================================
Received Import Request.
  Time since last request: 0.000029 seconds.
  path: Assets/TextMesh Pro/Shaders/TMP_SDF-Mobile Overlay.shader
  artifactKey: Guid(a02a7d8c237544f1962732b55a9aebf1) Importer(2089858483,0ecaa5967403d082aa24f35e1b516d23)
Start importing Assets/TextMesh Pro/Shaders/TMP_SDF-Mobile Overlay.shader using Guid(a02a7d8c237544f1962732b55a9aebf1) Importer(2089858483,0ecaa5967403d082aa24f35e1b516d23) [PhysX] Initialized MultithreadedTaskDispatcher with 16 workers.
 -> (artifact id: '2876b159410f4aeb48e6665edcce04f8') in 0.018806 seconds
Number of updated asset objects reloaded before import = 0
Number of asset objects unloaded after import = 1
========================================================================
Received Import Request.
  Time since last request: 0.000027 seconds.
  path: Assets/Content/Maps/MapNight.jpeg
  artifactKey: Guid(103552e5faa6d564a83d73cc6905469d) Importer(2089858483,0ecaa5967403d082aa24f35e1b516d23)
Start importing Assets/Content/Maps/MapNight.jpeg using Guid(103552e5faa6d564a83d73cc6905469d) Importer(2089858483,0ecaa5967403d082aa24f35e1b516d23) [PhysX] Initialized MultithreadedTaskDispatcher with 16 workers.
 -> (artifact id: 'dab54fea596d44da7e8262acdfa95259') in 0.030516 seconds
Number of updated asset objects reloaded before import = 0
Number of asset objects unloaded after import = 3
========================================================================
Received Import Request.
  Time since last request: 0.000025 seconds.
  path: Assets/TextMesh Pro/Sprites/EmojiOne.png
  artifactKey: Guid(dffef66376be4fa480fb02b19edbe903) Importer(2089858483,0ecaa5967403d082aa24f35e1b516d23)
Start importing Assets/TextMesh Pro/Sprites/EmojiOne.png using Guid(dffef66376be4fa480fb02b19edbe903) Importer(2089858483,0ecaa5967403d082aa24f35e1b516d23) [PhysX] Initialized MultithreadedTaskDispatcher with 16 workers.
 -> (artifact id: '3dfec7dd7393603ddc5f7ecf9a9f312c') in 0.016785 seconds
Number of updated asset objects reloaded before import = 0
Number of asset objects unloaded after import = 1
========================================================================
Received Import Request.
  Time since last request: 0.000026 seconds.
  path: Assets/TextMesh Pro/Shaders/TMP_Bitmap-Custom-Atlas.shader
  artifactKey: Guid(48bb5f55d8670e349b6e614913f9d910) Importer(2089858483,0ecaa5967403d082aa24f35e1b516d23)
Start importing Assets/TextMesh Pro/Shaders/TMP_Bitmap-Custom-Atlas.shader using Guid(48bb5f55d8670e349b6e614913f9d910) Importer(2089858483,0ecaa5967403d082aa24f35e1b516d23) [PhysX] Initialized MultithreadedTaskDispatcher with 16 workers.
 -> (artifact id: 'f5647e9cccb46ebc6eb40fca1a4f993a') in 0.010342 seconds
Number of updated asset objects reloaded before import = 0
Number of asset objects unloaded after import = 1
========================================================================
Received Import Request.
  Time since last request: 0.000061 seconds.
  path: Assets/Scripts/Map.cs
  artifactKey: Guid(30fc64a83f95c894faf3e72cea7f66f0) Importer(2089858483,0ecaa5967403d082aa24f35e1b516d23)
Start importing Assets/Scripts/Map.cs using Guid(30fc64a83f95c894faf3e72cea7f66f0) Importer(2089858483,0ecaa5967403d082aa24f35e1b516d23) [PhysX] Initialized MultithreadedTaskDispatcher with 16 workers.
 -> (artifact id: 'ac80b22981f2b9e4deed0db4e543be9d') in 0.010278 seconds
Number of updated asset objects reloaded before import = 0
Number of asset objects unloaded after import = 1
========================================================================
Received Import Request.
  Time since last request: 0.000039 seconds.
  path: Assets/Plugins/Demigiant/DOTween/Modules/DOTweenModuleEPOOutline.cs
  artifactKey: Guid(e944529dcaee98f4e9498d80e541d93e) Importer(2089858483,0ecaa5967403d082aa24f35e1b516d23)
Start importing Assets/Plugins/Demigiant/DOTween/Modules/DOTweenModuleEPOOutline.cs using Guid(e944529dcaee98f4e9498d80e541d93e) Importer(2089858483,0ecaa5967403d082aa24f35e1b516d23) [PhysX] Initialized MultithreadedTaskDispatcher with 16 workers.
 -> (artifact id: '321d7fbcd2bf5834464fd4bd3e0136d0') in 0.007187 seconds
Number of updated asset objects reloaded before import = 0
Number of asset objects unloaded after import = 1
========================================================================
Received Import Request.
  Time since last request: 0.000043 seconds.
  path: Assets/Animations/OpenFilterMenu.anim
  artifactKey: Guid(4dfe8f5a3d5b54546a9da0607bb321a8) Importer(2089858483,0ecaa5967403d082aa24f35e1b516d23)
Start importing Assets/Animations/OpenFilterMenu.anim using Guid(4dfe8f5a3d5b54546a9da0607bb321a8) Importer(2089858483,0ecaa5967403d082aa24f35e1b516d23) [PhysX] Initialized MultithreadedTaskDispatcher with 16 workers.
 -> (artifact id: '1eb7861acb723687068243c7c59ea5cf') in 0.007541 seconds
Number of updated asset objects reloaded before import = 0
Number of asset objects unloaded after import = 1
========================================================================
Received Import Request.
  Time since last request: 0.000030 seconds.
  path: Assets/Plugins/Demigiant/DOTween/Editor/Imgs/Footer_dark.png
  artifactKey: Guid(519694efe2bb2914788b151fbd8c01f4) Importer(2089858483,0ecaa5967403d082aa24f35e1b516d23)
Start importing Assets/Plugins/Demigiant/DOTween/Editor/Imgs/Footer_dark.png using Guid(519694efe2bb2914788b151fbd8c01f4) Importer(2089858483,0ecaa5967403d082aa24f35e1b516d23) [PhysX] Initialized MultithreadedTaskDispatcher with 16 workers.
 -> (artifact id: '06a6762e1c05b4afab2e2e9045773b49') in 0.013522 seconds
Number of updated asset objects reloaded before import = 0
Number of asset objects unloaded after import = 1
========================================================================
Received Import Request.
  Time since last request: 0.000066 seconds.
  path: Assets/TextMesh Pro/Documentation/TextMesh Pro User Guide 2016.pdf
  artifactKey: Guid(1b8d251f9af63b746bf2f7ffe00ebb9b) Importer(2089858483,0ecaa5967403d082aa24f35e1b516d23)
Start importing Assets/TextMesh Pro/Documentation/TextMesh Pro User Guide 2016.pdf using Guid(1b8d251f9af63b746bf2f7ffe00ebb9b) Importer(2089858483,0ecaa5967403d082aa24f35e1b516d23) [PhysX] Initialized MultithreadedTaskDispatcher with 16 workers.
 -> (artifact id: '7a285783dc37c81fe796c5b6bb201d99') in 0.007218 seconds
Number of updated asset objects reloaded before import = 0
Number of asset objects unloaded after import = 1
========================================================================
Received Import Request.
  Time since last request: 0.000030 seconds.
  path: Assets/Content/States/neutral.png
  artifactKey: Guid(1d5efa3cb74ec5449b934f9a20d7a50c) Importer(2089858483,0ecaa5967403d082aa24f35e1b516d23)
Start importing Assets/Content/States/neutral.png using Guid(1d5efa3cb74ec5449b934f9a20d7a50c) Importer(2089858483,0ecaa5967403d082aa24f35e1b516d23) [PhysX] Initialized MultithreadedTaskDispatcher with 16 workers.
 -> (artifact id: 'c8f4591114c13c7a27a927feac14854e') in 0.017178 seconds
Number of updated asset objects reloaded before import = 0
Number of asset objects unloaded after import = 3
========================================================================
Received Import Request.
  Time since last request: 0.000053 seconds.
  path: Assets/TextMesh Pro/Sprites/EmojiOne Attribution.txt
  artifactKey: Guid(381dcb09d5029d14897e55f98031fca5) Importer(2089858483,0ecaa5967403d082aa24f35e1b516d23)
Start importing Assets/TextMesh Pro/Sprites/EmojiOne Attribution.txt using Guid(381dcb09d5029d14897e55f98031fca5) Importer(2089858483,0ecaa5967403d082aa24f35e1b516d23) [PhysX] Initialized MultithreadedTaskDispatcher with 16 workers.
 -> (artifact id: '2a579d49e0b5e9b1a4783691110fed23') in 0.009961 seconds
Number of updated asset objects reloaded before import = 0
Number of asset objects unloaded after import = 1
========================================================================
Received Import Request.
  Time since last request: 0.000061 seconds.
  path: Assets/Plugins/Demigiant/DOTween/Editor/DOTweenEditor.XML
  artifactKey: Guid(2e2c6224d345d9249acfa6e8ef40bb2d) Importer(2089858483,0ecaa5967403d082aa24f35e1b516d23)
Start importing Assets/Plugins/Demigiant/DOTween/Editor/DOTweenEditor.XML using Guid(2e2c6224d345d9249acfa6e8ef40bb2d) Importer(2089858483,0ecaa5967403d082aa24f35e1b516d23) [PhysX] Initialized MultithreadedTaskDispatcher with 16 workers.
 -> (artifact id: '61b973274898c7e8f1f60133ff068ba9') in 0.008916 seconds
Number of updated asset objects reloaded before import = 0
Number of asset objects unloaded after import = 1
========================================================================
Received Import Request.
  Time since last request: 0.000047 seconds.
  path: Assets/TextMesh Pro/Resources/Fonts & Materials/LiberationSans SDF - Outline.mat
  artifactKey: Guid(79459efec17a4d00a321bdcc27bbc385) Importer(2089858483,0ecaa5967403d082aa24f35e1b516d23)
Start importing Assets/TextMesh Pro/Resources/Fonts & Materials/LiberationSans SDF - Outline.mat using Guid(79459efec17a4d00a321bdcc27bbc385) Importer(2089858483,0ecaa5967403d082aa24f35e1b516d23) [PhysX] Initialized MultithreadedTaskDispatcher with 16 workers.
 -> (artifact id: '887bf4a9bab53adf97a59507ed3edb69') in 0.022595 seconds
Number of updated asset objects reloaded before import = 0
Number of asset objects unloaded after import = 2
========================================================================
Received Import Request.
  Time since last request: 0.000026 seconds.
  path: Assets/Content/Landscape/snow.png
  artifactKey: Guid(ead3844d977958a46a4bdeb2439868dd) Importer(2089858483,0ecaa5967403d082aa24f35e1b516d23)
Start importing Assets/Content/Landscape/snow.png using Guid(ead3844d977958a46a4bdeb2439868dd) Importer(2089858483,0ecaa5967403d082aa24f35e1b516d23) [PhysX] Initialized MultithreadedTaskDispatcher with 16 workers.
 -> (artifact id: '1cc8f0d80bda50664859f397cae9fb18') in 0.017624 seconds
Number of updated asset objects reloaded before import = 0
Number of asset objects unloaded after import = 3
========================================================================
Received Import Request.
  Time since last request: 0.000040 seconds.
  path: Assets/Content/paperclip.png
  artifactKey: Guid(ed13e52eb87abcd4aa158d3baf882f62) Importer(2089858483,0ecaa5967403d082aa24f35e1b516d23)
Start importing Assets/Content/paperclip.png using Guid(ed13e52eb87abcd4aa158d3baf882f62) Importer(2089858483,0ecaa5967403d082aa24f35e1b516d23) [PhysX] Initialized MultithreadedTaskDispatcher with 16 workers.
 -> (artifact id: 'ba876ac7d8cae56ab36f64dae0a04928') in 0.016469 seconds
Number of updated asset objects reloaded before import = 0
Number of asset objects unloaded after import = 3
========================================================================
Received Import Request.
  Time since last request: 0.000021 seconds.
  path: Assets/TextMesh Pro/Shaders/TMPro_Surface.cginc
  artifactKey: Guid(d930090c0cd643c7b55f19a38538c162) Importer(2089858483,0ecaa5967403d082aa24f35e1b516d23)
Start importing Assets/TextMesh Pro/Shaders/TMPro_Surface.cginc using Guid(d930090c0cd643c7b55f19a38538c162) Importer(2089858483,0ecaa5967403d082aa24f35e1b516d23) [PhysX] Initialized MultithreadedTaskDispatcher with 16 workers.
 -> (artifact id: 'adae941aa96a6bb7dc39987fe7b1f0d1') in 0.007297 seconds
Number of updated asset objects reloaded before import = 0
Number of asset objects unloaded after import = 1
========================================================================
Received Import Request.
  Time since last request: 0.000022 seconds.
  path: Assets/TextMesh Pro/Shaders/TMP_Bitmap.shader
  artifactKey: Guid(128e987d567d4e2c824d754223b3f3b0) Importer(2089858483,0ecaa5967403d082aa24f35e1b516d23)
Start importing Assets/TextMesh Pro/Shaders/TMP_Bitmap.shader using Guid(128e987d567d4e2c824d754223b3f3b0) Importer(2089858483,0ecaa5967403d082aa24f35e1b516d23) [PhysX] Initialized MultithreadedTaskDispatcher with 16 workers.
 -> (artifact id: '159c673a8057e86b2be05575a3a12ac8') in 0.006703 seconds
Number of updated asset objects reloaded before import = 0
Number of asset objects unloaded after import = 1
========================================================================
Received Import Request.
  Time since last request: 0.000026 seconds.
  path: Assets/Scripts/TooltipOpener.cs
  artifactKey: Guid(e968438f2b2d301498d5e9f4acaf454e) Importer(2089858483,0ecaa5967403d082aa24f35e1b516d23)
Start importing Assets/Scripts/TooltipOpener.cs using Guid(e968438f2b2d301498d5e9f4acaf454e) Importer(2089858483,0ecaa5967403d082aa24f35e1b516d23) [PhysX] Initialized MultithreadedTaskDispatcher with 16 workers.
 -> (artifact id: '0950080e2c5cd518193c708ba62bf650') in 0.007983 seconds
Number of updated asset objects reloaded before import = 0
Number of asset objects unloaded after import = 1
========================================================================
Received Import Request.
  Time since last request: 0.000026 seconds.
  path: Assets/TextMesh Pro/Shaders/TMP_SDF Overlay.shader
  artifactKey: Guid(dd89cf5b9246416f84610a006f916af7) Importer(2089858483,0ecaa5967403d082aa24f35e1b516d23)
Start importing Assets/TextMesh Pro/Shaders/TMP_SDF Overlay.shader using Guid(dd89cf5b9246416f84610a006f916af7) Importer(2089858483,0ecaa5967403d082aa24f35e1b516d23) [PhysX] Initialized MultithreadedTaskDispatcher with 16 workers.
 -> (artifact id: '8446f4bc740b647d5f1e571f9d3aee37') in 0.008234 seconds
Number of updated asset objects reloaded before import = 0
Number of asset objects unloaded after import = 1
========================================================================
Received Import Request.
  Time since last request: 0.000028 seconds.
  path: Assets/TextMesh Pro/Shaders/TMP_SDF-Mobile.shader
  artifactKey: Guid(fe393ace9b354375a9cb14cdbbc28be4) Importer(2089858483,0ecaa5967403d082aa24f35e1b516d23)
Start importing Assets/TextMesh Pro/Shaders/TMP_SDF-Mobile.shader using Guid(fe393ace9b354375a9cb14cdbbc28be4) Importer(2089858483,0ecaa5967403d082aa24f35e1b516d23) [PhysX] Initialized MultithreadedTaskDispatcher with 16 workers.
 -> (artifact id: 'ab33bb60104de8e4fb468ef1e214903c') in 0.006922 seconds
Number of updated asset objects reloaded before import = 0
Number of asset objects unloaded after import = 1
========================================================================
Received Import Request.
  Time since last request: 0.000023 seconds.
  path: Assets/Content/vignette.png
  artifactKey: Guid(9ecc41a7039545846b36acec66ad9484) Importer(2089858483,0ecaa5967403d082aa24f35e1b516d23)
Start importing Assets/Content/vignette.png using Guid(9ecc41a7039545846b36acec66ad9484) Importer(2089858483,0ecaa5967403d082aa24f35e1b516d23) [PhysX] Initialized MultithreadedTaskDispatcher with 16 workers.
 -> (artifact id: '0f1fe9a02a4dc8cff7f1fbb5e31383df') in 0.024068 seconds
Number of updated asset objects reloaded before import = 0
Number of asset objects unloaded after import = 3
========================================================================
Received Import Request.
  Time since last request: 0.000025 seconds.
  path: Assets/TextMesh Pro/Resources/TMP Settings.asset
  artifactKey: Guid(3f5b5dff67a942289a9defa416b206f3) Importer(2089858483,0ecaa5967403d082aa24f35e1b516d23)
Start importing Assets/TextMesh Pro/Resources/TMP Settings.asset using Guid(3f5b5dff67a942289a9defa416b206f3) Importer(2089858483,0ecaa5967403d082aa24f35e1b516d23) [PhysX] Initialized MultithreadedTaskDispatcher with 16 workers.
 -> (artifact id: 'fad6fa49c6f0a5b3c2d3c110db992d97') in 0.088124 seconds
Number of updated asset objects reloaded before import = 0
Number of asset objects unloaded after import = 15
========================================================================
Received Import Request.
  Time since last request: 0.000055 seconds.
  path: Assets/TextMesh Pro/Resources/Style Sheets/Default Style Sheet.asset
  artifactKey: Guid(f952c082cb03451daed3ee968ac6c63e) Importer(2089858483,0ecaa5967403d082aa24f35e1b516d23)
Start importing Assets/TextMesh Pro/Resources/Style Sheets/Default Style Sheet.asset using Guid(f952c082cb03451daed3ee968ac6c63e) Importer(2089858483,0ecaa5967403d082aa24f35e1b516d23) [PhysX] Initialized MultithreadedTaskDispatcher with 16 workers.
 -> (artifact id: 'abddcc5fa66819fe6c4c56115610a4a5') in 0.007954 seconds
Number of updated asset objects reloaded before import = 0
Number of asset objects unloaded after import = 1
========================================================================
Received Import Request.
  Time since last request: 0.000029 seconds.
  path: Assets/TextMesh Pro/Resources/Fonts & Materials/LiberationSans SDF.asset
  artifactKey: Guid(8f586378b4e144a9851e7b34d9b748ee) Importer(2089858483,0ecaa5967403d082aa24f35e1b516d23)
Start importing Assets/TextMesh Pro/Resources/Fonts & Materials/LiberationSans SDF.asset using Guid(8f586378b4e144a9851e7b34d9b748ee) Importer(2089858483,0ecaa5967403d082aa24f35e1b516d23) [PhysX] Initialized MultithreadedTaskDispatcher with 16 workers.
 -> (artifact id: '7966f666870d7470df9bd5448db824cd') in 0.054620 seconds
Number of updated asset objects reloaded before import = 0
Number of asset objects unloaded after import = 8
========================================================================
Received Import Request.
  Time since last request: 0.000024 seconds.
  path: Assets/Plugins/Demigiant/DOTween/Editor/DOTweenEditor.dll.mdb
  artifactKey: Guid(8f46310a8b0a8f04a92993c37c713243) Importer(2089858483,0ecaa5967403d082aa24f35e1b516d23)
Start importing Assets/Plugins/Demigiant/DOTween/Editor/DOTweenEditor.dll.mdb using Guid(8f46310a8b0a8f04a92993c37c713243) Importer(2089858483,0ecaa5967403d082aa24f35e1b516d23) [PhysX] Initialized MultithreadedTaskDispatcher with 16 workers.
 -> (artifact id: 'dba019252003f24ed4b42856022e7650') in 0.005562 seconds
Number of updated asset objects reloaded before import = 0
Number of asset objects unloaded after import = 1
========================================================================
Received Import Request.
  Time since last request: 0.000044 seconds.
  path: Assets/Content/Landscape/Mountain.png
  artifactKey: Guid(14e3e5ba5e921ad4e95f339e22b904b1) Importer(2089858483,0ecaa5967403d082aa24f35e1b516d23)
Start importing Assets/Content/Landscape/Mountain.png using Guid(14e3e5ba5e921ad4e95f339e22b904b1) Importer(2089858483,0ecaa5967403d082aa24f35e1b516d23) [PhysX] Initialized MultithreadedTaskDispatcher with 16 workers.
 -> (artifact id: 'd5d561aef9f9f8c03c30f711408c72d9') in 0.016755 seconds
Number of updated asset objects reloaded before import = 0
Number of asset objects unloaded after import = 3
========================================================================
Received Import Request.
  Time since last request: 0.000026 seconds.
  path: Assets/TextMesh Pro/Resources/Sprite Assets/EmojiOne.asset
  artifactKey: Guid(c41005c129ba4d66911b75229fd70b45) Importer(2089858483,0ecaa5967403d082aa24f35e1b516d23)
Start importing Assets/TextMesh Pro/Resources/Sprite Assets/EmojiOne.asset using Guid(c41005c129ba4d66911b75229fd70b45) Importer(2089858483,0ecaa5967403d082aa24f35e1b516d23) [PhysX] Initialized MultithreadedTaskDispatcher with 16 workers.
 -> (artifact id: '7f0cab992a395be33e2b6c67a11ee930') in 0.011836 seconds
Number of updated asset objects reloaded before import = 0
Number of asset objects unloaded after import = 3
========================================================================
Received Import Request.
  Time since last request: 0.000033 seconds.
  path: Assets/Content/Landscape/Forest.png
  artifactKey: Guid(d4fc7261dbebbe74e8b5518422c79d2c) Importer(2089858483,0ecaa5967403d082aa24f35e1b516d23)
Start importing Assets/Content/Landscape/Forest.png using Guid(d4fc7261dbebbe74e8b5518422c79d2c) Importer(2089858483,0ecaa5967403d082aa24f35e1b516d23) [PhysX] Initialized MultithreadedTaskDispatcher with 16 workers.
 -> (artifact id: 'd7eb17250b0cf71fdbce390a550b5362') in 0.013872 seconds
Number of updated asset objects reloaded before import = 0
Number of asset objects unloaded after import = 3
========================================================================
Received Import Request.
  Time since last request: 0.000024 seconds.
  path: Assets/Content/check_mark.png
  artifactKey: Guid(59370250454ca164d8c1c5dc43cdb7e3) Importer(2089858483,0ecaa5967403d082aa24f35e1b516d23)
Start importing Assets/Content/check_mark.png using Guid(59370250454ca164d8c1c5dc43cdb7e3) Importer(2089858483,0ecaa5967403d082aa24f35e1b516d23) [PhysX] Initialized MultithreadedTaskDispatcher with 16 workers.
 -> (artifact id: 'cf37a536e34577952632a797232627d6') in 0.016143 seconds
Number of updated asset objects reloaded before import = 0
Number of asset objects unloaded after import = 3
========================================================================
Received Import Request.
  Time since last request: 0.000025 seconds.
  path: Assets/Content/paper.png
  artifactKey: Guid(e8245027834487b42a26a2005224614e) Importer(2089858483,0ecaa5967403d082aa24f35e1b516d23)
Start importing Assets/Content/paper.png using Guid(e8245027834487b42a26a2005224614e) Importer(2089858483,0ecaa5967403d082aa24f35e1b516d23) [PhysX] Initialized MultithreadedTaskDispatcher with 16 workers.
 -> (artifact id: '502cdd705efa2057272417a2b845b14d') in 0.014729 seconds
Number of updated asset objects reloaded before import = 0
Number of asset objects unloaded after import = 3
========================================================================
Received Import Request.
  Time since last request: 0.000021 seconds.
  path: Assets/TextMesh Pro/Shaders/TMP_SDF-Surface.shader
  artifactKey: Guid(f7ada0af4f174f0694ca6a487b8f543d) Importer(2089858483,0ecaa5967403d082aa24f35e1b516d23)
Start importing Assets/TextMesh Pro/Shaders/TMP_SDF-Surface.shader using Guid(f7ada0af4f174f0694ca6a487b8f543d) Importer(2089858483,0ecaa5967403d082aa24f35e1b516d23) [PhysX] Initialized MultithreadedTaskDispatcher with 16 workers.
 -> (artifact id: '09c5f87b1ba72830ff88bcfa5dee4956') in 0.022984 seconds
Number of updated asset objects reloaded before import = 0
Number of asset objects unloaded after import = 1
========================================================================
Received Import Request.
  Time since last request: 0.000029 seconds.
  path: Assets/Scripts/TooltipInstance.cs
  artifactKey: Guid(8b50abcb9e0cd50458bf4d5959ee6657) Importer(2089858483,0ecaa5967403d082aa24f35e1b516d23)
Start importing Assets/Scripts/TooltipInstance.cs using Guid(8b50abcb9e0cd50458bf4d5959ee6657) Importer(2089858483,0ecaa5967403d082aa24f35e1b516d23) [PhysX] Initialized MultithreadedTaskDispatcher with 16 workers.
 -> (artifact id: 'ae6dc80757dd72607d744ad11bae22a9') in 0.006158 seconds
Number of updated asset objects reloaded before import = 0
Number of asset objects unloaded after import = 1
========================================================================
Received Import Request.
  Time since last request: 0.000044 seconds.
  path: Assets/Plugins/Demigiant/DOTween/Editor/Imgs/Footer.png
  artifactKey: Guid(7051dba417b3d53409f2918f1ea4938d) Importer(2089858483,0ecaa5967403d082aa24f35e1b516d23)
Start importing Assets/Plugins/Demigiant/DOTween/Editor/Imgs/Footer.png using Guid(7051dba417b3d53409f2918f1ea4938d) Importer(2089858483,0ecaa5967403d082aa24f35e1b516d23) [PhysX] Initialized MultithreadedTaskDispatcher with 16 workers.
 -> (artifact id: '867a5c2816b13adb1a0aeb6e7da1e01d') in 0.015132 seconds
Number of updated asset objects reloaded before import = 0
Number of asset objects unloaded after import = 1
========================================================================
Received Import Request.
  Time since last request: 0.000042 seconds.
  path: Assets/TextMesh Pro/Fonts/LiberationSans - OFL.txt
  artifactKey: Guid(6e59c59b81ab47f9b6ec5781fa725d2c) Importer(2089858483,0ecaa5967403d082aa24f35e1b516d23)
Start importing Assets/TextMesh Pro/Fonts/LiberationSans - OFL.txt using Guid(6e59c59b81ab47f9b6ec5781fa725d2c) Importer(2089858483,0ecaa5967403d082aa24f35e1b516d23) [PhysX] Initialized MultithreadedTaskDispatcher with 16 workers.
 -> (artifact id: 'aa3f96dc387371e076a3e62801c2c0f1') in 0.007639 seconds
Number of updated asset objects reloaded before import = 0
Number of asset objects unloaded after import = 1
========================================================================
Received Import Request.
  Time since last request: 0.000040 seconds.
  path: Assets/Plugins/Demigiant/DOTween/Modules/DOTweenModuleUI.cs
  artifactKey: Guid(a060394c03331a64392db53a10e7f2d1) Importer(2089858483,0ecaa5967403d082aa24f35e1b516d23)
Start importing Assets/Plugins/Demigiant/DOTween/Modules/DOTweenModuleUI.cs using Guid(a060394c03331a64392db53a10e7f2d1) Importer(2089858483,0ecaa5967403d082aa24f35e1b516d23) [PhysX] Initialized MultithreadedTaskDispatcher with 16 workers.
 -> (artifact id: 'ca617a449d56beaaada068bcf6517a4d') in 0.009295 seconds
Number of updated asset objects reloaded before import = 0
Number of asset objects unloaded after import = 1
========================================================================
Received Import Request.
  Time since last request: 0.000034 seconds.
  path: Assets/Plugins/Demigiant/DOTween/Modules/DOTweenModuleUtils.cs
  artifactKey: Guid(7bcaf917d9cf5b84090421a5a2abe42e) Importer(2089858483,0ecaa5967403d082aa24f35e1b516d23)
Start importing Assets/Plugins/Demigiant/DOTween/Modules/DOTweenModuleUtils.cs using Guid(7bcaf917d9cf5b84090421a5a2abe42e) Importer(2089858483,0ecaa5967403d082aa24f35e1b516d23) [PhysX] Initialized MultithreadedTaskDispatcher with 16 workers.
 -> (artifact id: '79a030aff13c2617af468ed811be2a96') in 0.010594 seconds
Number of updated asset objects reloaded before import = 0
Number of asset objects unloaded after import = 1
========================================================================
Received Import Request.
  Time since last request: 0.000026 seconds.
  path: Assets/Content/pointer.png
  artifactKey: Guid(e5cc384a98166c24a9f0933b7d4af80a) Importer(2089858483,0ecaa5967403d082aa24f35e1b516d23)
Start importing Assets/Content/pointer.png using Guid(e5cc384a98166c24a9f0933b7d4af80a) Importer(2089858483,0ecaa5967403d082aa24f35e1b516d23) [PhysX] Initialized MultithreadedTaskDispatcher with 16 workers.
 -> (artifact id: '731418b518e07e13ce70350ab45a877b') in 0.015876 seconds
Number of updated asset objects reloaded before import = 0
Number of asset objects unloaded after import = 3
========================================================================
Received Import Request.
  Time since last request: 0.000026 seconds.
  path: Assets/TextMesh Pro/Shaders/TMP_SDF-Surface-Mobile.shader
  artifactKey: Guid(85187c2149c549c5b33f0cdb02836b17) Importer(2089858483,0ecaa5967403d082aa24f35e1b516d23)
Start importing Assets/TextMesh Pro/Shaders/TMP_SDF-Surface-Mobile.shader using Guid(85187c2149c549c5b33f0cdb02836b17) Importer(2089858483,0ecaa5967403d082aa24f35e1b516d23) [PhysX] Initialized MultithreadedTaskDispatcher with 16 workers.
 -> (artifact id: 'd49f5d122f52661183e258c36602c94d') in 0.021216 seconds
Number of updated asset objects reloaded before import = 0
Number of asset objects unloaded after import = 1
========================================================================
Received Import Request.
  Time since last request: 0.000038 seconds.
  path: Assets/Resources/DOTweenSettings.asset
  artifactKey: Guid(3abb304a35d39a24c8c981e0958255f8) Importer(2089858483,0ecaa5967403d082aa24f35e1b516d23)
Start importing Assets/Resources/DOTweenSettings.asset using Guid(3abb304a35d39a24c8c981e0958255f8) Importer(2089858483,0ecaa5967403d082aa24f35e1b516d23) [PhysX] Initialized MultithreadedTaskDispatcher with 16 workers.
 -> (artifact id: '3ec90f4dee442b74a2d773ea6ee32a64') in 0.020667 seconds
Number of updated asset objects reloaded before import = 0
Number of asset objects unloaded after import = 1
========================================================================
Received Import Request.
  Time since last request: 0.000039 seconds.
  path: Assets/Plugins/Demigiant/DOTween/Modules/DOTweenModulePhysics.cs
  artifactKey: Guid(dae9aa560b4242648a3affa2bfabc365) Importer(2089858483,0ecaa5967403d082aa24f35e1b516d23)
Start importing Assets/Plugins/Demigiant/DOTween/Modules/DOTweenModulePhysics.cs using Guid(dae9aa560b4242648a3affa2bfabc365) Importer(2089858483,0ecaa5967403d082aa24f35e1b516d23) [PhysX] Initialized MultithreadedTaskDispatcher with 16 workers.
 -> (artifact id: '3d93f1200e478c4a7034dbf1ff169116') in 0.007848 seconds
Number of updated asset objects reloaded before import = 0
Number of asset objects unloaded after import = 1
========================================================================
Received Import Request.
  Time since last request: 0.000024 seconds.
  path: Assets/Plugins/Demigiant/DOTween/DOTween.dll
  artifactKey: Guid(a811bde74b26b53498b4f6d872b09b6d) Importer(2089858483,0ecaa5967403d082aa24f35e1b516d23)
Start importing Assets/Plugins/Demigiant/DOTween/DOTween.dll using Guid(a811bde74b26b53498b4f6d872b09b6d) Importer(2089858483,0ecaa5967403d082aa24f35e1b516d23) [PhysX] Initialized MultithreadedTaskDispatcher with 16 workers.
 -> (artifact id: '79e047d9e78716983ad5843fc7b5ba36') in 0.013562 seconds
Number of updated asset objects reloaded before import = 0
Number of asset objects unloaded after import = 1
========================================================================
Received Prepare
Caller must complete domain reload
Begin MonoManager ReloadAssembly
- Loaded All Assemblies, in  1.041 seconds
Native extension for WindowsStandalone target not found
Native extension for WebGL target not found
Mono: successfully reloaded assembly
- Finished resetting the current domain, in  1.436 seconds
Domain Reload Profiling: 2477ms
	BeginReloadAssembly (203ms)
		ExecutionOrderSort (0ms)
		DisableScriptedObjects (13ms)
		BackupInstance (0ms)
		ReleaseScriptingObjects (0ms)
		CreateAndSetChildDomain (49ms)
	RebuildCommonClasses (56ms)
	RebuildNativeTypeToScriptingClass (17ms)
	initialDomainReloadingComplete (36ms)
	LoadAllAssembliesAndSetupDomain (728ms)
		LoadAssemblies (814ms)
		RebuildTransferFunctionScriptingTraits (0ms)
		AnalyzeDomain (20ms)
			TypeCache.Refresh (7ms)
				TypeCache.ScanAssembly (0ms)
			ScanForSourceGeneratedMonoScriptInfo (0ms)
			ResolveRequiredComponents (12ms)
	FinalizeReload (1438ms)
		ReleaseScriptCaches (0ms)
		RebuildScriptCaches (0ms)
		SetupLoadedEditorAssemblies (597ms)
			LogAssemblyErrors (0ms)
			InitializePlatformSupportModulesInManaged (7ms)
			SetLoadedEditorAssemblies (5ms)
			RefreshPlugins (0ms)
			BeforeProcessingInitializeOnLoad (84ms)
			ProcessInitializeOnLoadAttributes (447ms)
			ProcessInitializeOnLoadMethodAttributes (51ms)
			AfterProcessingInitializeOnLoad (3ms)
			EditorAssembliesLoaded (1ms)
		ExecutionOrderSort2 (0ms)
		AwakeInstancesAfterBackupRestoration (24ms)
Refreshing native plugins compatible for Editor in 8.19 ms, found 7 plugins.
Preloading 0 native plugins for Editor in 0.00 ms.
Unloading 4456 Unused Serialized files (Serialized files now loaded: 0)
Unloading 44 unused Assets / (0.7 MB). Loaded Objects now: 5382.
Memory consumption went from 158.4 MB to 157.7 MB.
Total: 6.393200 ms (FindLiveObjects: 0.564500 ms CreateObjectMapping: 0.204500 ms MarkObjects: 4.821300 ms  DeleteObjects: 0.799800 ms)

Prepare: number of updated asset objects reloaded= 0
AssetImportParameters requested are different than current active one (requested -> active):
  custom:scripting/monoscript/fileName/CardStack2D.cs: 52f7ac406c04f320c1cc31b32fc945ec -> 
  custom:scripting/monoscript/fileName/UILineRendererFIFO.cs: 1a840d7d842445f62c20beee85a5bbc5 -> 
  custom:scripting/monoscript/fileName/FlowLayoutGroup.cs: 4f8c51e99186127173631d5ea0b848a8 -> 
  custom:scripting/monoscript/fileName/UIParticleSystem.cs: 6cef203566a0c9333597e4e233613614 -> 
  custom:scripting/monoscript/fileName/UILineRenderer.cs: 673f1b621ab4781ac78770b1b3c45207 -> 
  custom:scripting/monoscript/fileName/TableLayoutGroup.cs: 9697d88a99d4c91003d206b86eed3a61 -> 
  custom:scripting/monoscript/fileName/Segment.cs: 823b994f6bbb6e32f73e9807948df6b3 -> 
  custom:container-demuxer-ogg: 62fdf1f143b41e24485cea50d1cbac27 -> 
  custom:scripting/monoscript/fileName/SelectionBox.cs: 9eabc2822607d24d284c5c0d720d4a01 -> 
  custom:scripting/monoscript/fileName/ReorderableListContent.cs: a630238339e5f198f723ac29a2329f6d -> 
  custom:scripting/monoscript/fileName/Menu.cs: d0a2652908e797d4064ef9b772450cc8 -> 
  custom:scripting/monoscript/fileName/SetPropertyUtility.cs: 02aade692758e5563210cc05829e9851 -> f604b4b9e6b0979bdfc1e2b40426dd19
  custom:scripting/monoscript/fileName/HSVUtil.cs: 2f204c7a89b046fae714aadbcda42851 -> 
  custom:scripting/monoscript/fileName/FancyCellGroup.cs: 90647cc400823b41df847a6cbfc29026 -> 
  custom:scripting/monoscript/fileName/RescaleDragPanel.cs: 428e5a10a21f2d3fc3805557487d591e -> 
  custom:scripting/monoscript/fileName/ExtensionsToggleGroup.cs: 93967f93faef61aecdca9232fa42b062 -> 
  custom:scripting/monoscript/fileName/ResizePanel.cs: 0a2d1269c62cba913a254b515f8b6020 -> 
  custom:scripting/monoscript/fileName/Circle.cs: cfc2369c92dd039be7c3f572f769fdcf -> 
  custom:scripting/monoscript/fileName/ShaderLibrary.cs: 7a09676978959734a6827051c965f749 -> 
  custom:scripting/monoscript/fileName/CurvedText.cs: c86aabacdca275700720e919fc8a8b52 -> 
  custom:scripting/monoscript/fileName/FancyScrollRectCell.cs: 0cdf409b5aa8d4c25876d72b5c6a3b60 -> 
  custom:scripting/monoscript/fileName/Gradient.cs: a4c2a5a25440c543cd82653fda832632 -> 
  custom:scripting/monoscript/fileName/ScrollSnapBase.cs: 3682088473625968e7b4647a6b4213f6 -> 
  custom:scripting/monoscript/fileName/CUIText.cs: 0be1a405bc9388e4813a74aad6018bec -> 
  custom:scripting/monoscript/fileName/BoundTooltipTrigger.cs: e78e2ee612ba85e075ab794a5cb95e73 -> 
  custom:scripting/monoscript/fileName/UIHighlightable.cs: fd305ad78204cb75a66ce809c3f50e6a -> 
  custom:video-codec-MediaFoundation-h265: 746d11721c4dcdbdad8f713fa42b33f4 -> 
  custom:scripting/monoscript/fileName/UIExtensionsInputManager.cs: 6f468ddae971c3bcce0288549c1beabd -> 
  custom:scripting/monoscript/fileName/Gradient2.cs: 9c1fd6257924e43a80b8fccb859d3828 -> 
  custom:scripting/monoscript/fileName/CooldownButton.cs: 72bd21b90ac71f29908a36179176f8fc -> 
  custom:video-decoder-ogg-theora: a1e56fd34408186e4bbccfd4996cb3dc -> 
  custom:scripting/monoscript/fileName/TileSizeFitter.cs: ba6326e335b6f177a627b992c444832c -> 
  custom:scripting/monoscript/fileName/SelectableScaler.cs: 3ebe175d64b38a572f8dbe8fd345f0c3 -> 
  custom:scripting/monoscript/fileName/AccordionElementEditor.cs: db5ee9b2cff22578a12a4d141614d665 -> 
  custom:scripting/monoscript/fileName/ExtensionsToggle.cs: e0b44aa7e1ff973d74b4857a34a48879 -> 
  custom:scripting/monoscript/fileName/ReorderableListElement.cs: 788a31431a1c95dc9a9a52767f8e812f -> 
  custom:scripting/monoscript/fileName/ShineEffector.cs: 52ed4eb6c7ed8f674a18d2a4db6eba86 -> 
  custom:scripting/monoscript/fileName/UISelectableExtension.cs: b6766007d8a2236e23d4749da2d8cdd2 -> 
  custom:framework-win-MediaFoundation: 216162199b28c13a410421893ffa2e32 -> 
  custom:scripting/monoscript/fileName/UISoftAdditiveEffect.cs: 30a825933c907dec19605ff2f58a292f -> 
  custom:scripting/monoscript/fileName/HexColorField.cs: 425eeca1ce4159bc649962b2337061a4 -> 
  custom:scripting/monoscript/fileName/ColorPickerControl.cs: 97231f899ae243cc634f34e048c22095 -> 
  custom:scripting/monoscript/fileName/ReorderableListDebug.cs: 51cf5a188c464deb681bea16cb795b61 -> 
  custom:scripting/monoscript/fileName/TextPic.cs: 9dbd7bc654cbf19eee33ac6fc452bfb1 -> 
  custom:scripting/monoscript/fileName/CUIImage.cs: 41f29f650aa507f802cd9793d91f3211 -> 
  custom:scripting/monoscript/fileName/DropDownListButton.cs: 71d533f2602e0e099d09a556ef8e4414 -> 
  custom:scripting/monoscript/fileName/ScrollSnap.cs: c5ae67ed5cc8c0ab1f7496803acc2648 -> 
  custom:scripting/monoscript/fileName/TextPicIconListCopier.cs: a564a2a474c019b98650cff2383ccfca -> 
  custom:scripting/monoscript/fileName/UICornerCut.cs: 69b0dfb485aa2b1afa65fcf30028125b -> 
  custom:scripting/monoscript/fileName/ScrollerEditor.cs: 478519b80ad2bc62d4a4b80ae078e694 -> 
  custom:scripting/monoscript/fileName/IBoxSelectable.cs: a5bf39a694cf2b84c65e7bec998d4941 -> 
  custom:scripting/monoscript/fileName/TiltWindow.cs: 7c3356d1b5bc9c6e9fe98345b0be7c30 -> 
  custom:scripting/monoscript/fileName/ExtensionMethods.cs: 943bd8dac5ce9467ce7deb0856dc6b0a -> 
  custom:scripting/monoscript/fileName/ComboBox.cs: a6ca48dde827ff07a9093f3624d58e62 -> 
  custom:scripting/monoscript/fileName/ScrollRectLinker.cs: 0316116e17d192ca2ef7c97539dff50f -> 
  custom:scripting/monoscript/fileName/SVBoxSlider.cs: 1d22c9c16d63e1cf38ad19bbcec9a0da -> 
  custom:scripting/monoscript/fileName/VerticalScrollSnap.cs: a7ebcf1fac8331e70ee01e540cbe484b -> 
  custom:scripting/monoscript/fileName/UILineConnector.cs: ea5f69a32957fe35ae7b512ef3f758ef -> 
  custom:scripting/monoscript/fileName/UIScreenEffect.cs: c36542c529d1f733362556ab22c18bf9 -> 
  custom:scripting/monoscript/fileName/SoftMaskScript.cs: 867049fb2647c9983fb1391409f93d30 -> 
  custom:scripting/monoscript/fileName/DiamondGraph.cs: a01b647a54847840428a395cc0d6fc16 -> 
  custom:scripting/monoscript/fileName/ScrollRectEx.cs: 3f6a881a34055e182fee3ab0baaee0c3 -> 
  custom:scripting/monoscript/fileName/UIGridRenderer.cs: 04c0062f4b7cdd6963fdba9ae03d9c72 -> 
  custom:scripting/monoscript/fileName/NicerOutline.cs: 571a7c7c4af4ebadc9fed23f0c3b0b46 -> 
  custom:CustomObjectIndexerAttribute: 9a22284fe3817be447336de3de66b15e -> 
  custom:scripting/monoscript/fileName/ScrollRectExtensions.cs: c76cb840404ffa9bc24248639e9da4ee -> 
  custom:scripting/monoscript/fileName/FancyGridViewContext.cs: 8738476657d4a33c34bc82bed7ce8bc9 -> 
  custom:scripting/monoscript/fileName/MinMaxValues.cs: 4aa11a61e640749f4ea5f947f86be5ba -> 
  custom:scripting/monoscript/fileName/CardExpanding3D.cs: d8b2b9924677ad2b445b05edbed7f0e3 -> 
  custom:scripting/monoscript/fileName/MinMaxSliderEditor.cs: e0496a7f76fc8934af2a763a7289ad36 -> 
  custom:scripting/monoscript/fileName/StepperSide.cs: 34d9a35c8c2622f327b140f18a7398a7 -> 
  custom:scripting/monoscript/fileName/CUIGraphicEditor.cs: a618262d3e77d462c5a0cd2e608e8a53 -> 
  custom:scripting/monoscript/fileName/DropDownList.cs: 3d51ab81e9571c9027b59874b2c78567 -> 
  custom:scripting/monoscript/fileName/ITweenValue.cs: 1d0eaa4b435fa135e18af6b5fa57e92e -> 
  custom:container-demuxer-webm: 4f35f7cbe854078d1ac9338744f61a02 -> 
  custom:scripting/monoscript/fileName/CardExpanding2D.cs: e0950b450275cb3936a581f286a6b471 -> 
  custom:scripting/monoscript/fileName/ResetSelectableHighlight.cs: 3ea63487fd77e7b22731770a86b4f8b9 -> 
  custom:scripting/monoscript/fileName/UIScrollToSelection.cs: d89fc8e36bdc19715e3104a5f857d175 -> 
  custom:scripting/monoscript/fileName/IScrollSnap.cs: 80b4110dac6695d630b8e7501d8e5aa8 -> 
  custom:scripting/monoscript/fileName/SegmentedControl.cs: 3a6e53207de58cf304ab520e0638e2df -> 
  custom:scripting/monoscript/fileName/ColorSampler.cs: 617678b91f4adc7b3146f51bed3fc4b1 -> 
  custom:scripting/monoscript/fileName/TabNavigationHelper.cs: 43f45dc623750048d2fbac24931c8ac8 -> 
  custom:scripting/monoscript/fileName/AutoCompleteComboBox.cs: 6e2e6cf33d4f5ca4ad3c05ff8f254467 -> 
  custom:scripting/monoscript/fileName/TextPicEditor.cs: c23216fe996c314d4c496ad837485981 -> 
  custom:scripting/monoscript/fileName/CUIMisc.cs: bc26c7f132f5cd28304cbc88070ca4dc -> 
  custom:scripting/monoscript/fileName/UIAdditiveEffect.cs: 50386f7d7d76f5c5e155dbf56c5e5fdd -> 
  custom:scripting/monoscript/fileName/MonoSpacing.cs: 45ba6bf376dd125375a8906a7d8b8b4b -> 
  custom:scripting/monoscript/fileName/FloatTween.cs: c51b551f6abec506d0db9945f7aa25cc -> 
  custom:scripting/monoscript/fileName/BoxSlider.cs: 662335e935a62641f6cb14e99e25e994 -> 
  custom:scripting/monoscript/fileName/BezierLineRendererEditor.cs: 2a50098be424d999e43b888ace13278c -> 
  custom:scripting/monoscript/fileName/NonDrawingGraphic.cs: a309796f6d67e4c1c110ec62b4572b4e -> 
  custom:scripting/monoscript/fileName/ScrollPositionController.cs: 30c392a65a277a4a74b1a6f1a3417601 -> 
  custom:scripting/monoscript/fileName/ContentScrollSnapHorizontal.cs: cb0bf043572062ce08b48904f46c98c8 -> 
  custom:scripting/monoscript/fileName/Triangulator.cs: 4ee9f09ca55767568ee94c9eaaed7244 -> d867a9a7a8385ef82ff357feb70c59d4
  custom:scripting/monoscript/fileName/UIImageCrop.cs: 1ec5d1f18ccf3bbe8ea319cda00ecfbc -> 
  custom:scripting/monoscript/fileName/BoxSliderEditor.cs: 9c680a5a338924fb176605eed0f68a75 -> 
  custom:scripting/monoscript/fileName/FancyScrollView.cs: c5f9c64ec4b4e183b17919204bc381a9 -> 
  custom:scripting/monoscript/fileName/BezierPath.cs: 90cbb6f823f7a03c69c93b3e1653c45e -> 
  custom:scripting/monoscript/fileName/SuperellipsePoints.cs: db2a1c9698f2dea478e1d6bfece554ae -> 
  custom:scripting/monoscript/fileName/UI_Knob.cs: 00244fb2be3e9e1f5ec3a07f175066a9 -> 
  custom:container-muxer-webm: aa71ff27fc2769a1b78a27578f13a17b -> 
  custom:scripting/monoscript/fileName/RaycastMask.cs: b13971e6a124c25b886c6703ae2aab24 -> 
  custom:scripting/monoscript/fileName/MultiTouchScrollRect.cs: 3a778993ea01435b2502c14ea2b2ff98 -> 
  custom:video-decoder-webm-vp8: 9c59270c3fd7afecdb556c50c9e8de78 -> 
  custom:scripting/monoscript/fileName/InputFieldEnterSubmit.cs: cdd5149b8afb8dc59ad57cc53ad8fb3b -> 
  custom:scripting/monoscript/fileName/ExampleSelectable.cs: 8dc7a8cd606154e7d10bb507e235c1f8 -> 
  custom:scripting/monoscript/fileName/uGUITools.cs: aa32797d8a9cdcd2167b6be114b0d5ec -> 
  custom:scripting/monoscript/fileName/UILinearDodgeEffect.cs: f5508d2f3f6addba614d4c08275f4546 -> 
  custom:SearchIndexIgnoredProperties: e643bd26f0fe6173181afceb89e7c659 -> 
  custom:scripting/monoscript/fileName/EasingCore.cs: 0bad7e894488e9b67256d892a478aab1 -> 
  custom:scripting/monoscript/fileName/Stepper.cs: 3ee1a56034750815f9c567b6c54fbbb8 -> 
  custom:scripting/monoscript/fileName/UIPrimitiveBase.cs: 80a945e915822efd5c887ee28f76aa9f -> 
  custom:AudioImporter_EditorPlatform: d09bf68614088b80899f8185d706f6e7 -> 
  custom:scripting/monoscript/fileName/LetterSpacing.cs: c4f4c504ac9c0b708c438c8a0faf6a96 -> 
  custom:scripting/monoscript/fileName/UISquircle.cs: faaa67841792f2c90a13db82841ac6e3 -> 
  custom:scripting/monoscript/fileName/RangeSlider.cs: 026cea0882c5bbc90f7cedc5111cfeb2 -> 
  custom:scripting/monoscript/fileName/UIExtensionMethods.cs: 2621bff24acfb4ddb3b264b7553588d8 -> 
  custom:scripting/monoscript/fileName/UIVerticalScroller.cs: 3532ae0d4ba5f6e2c310cfec2c655a8c -> 
  custom:scripting/monoscript/fileName/FiltersPanel.cs: 5dbe4ca523d219ec24889a3783d94d4d -> 
  custom:scripting/monoscript/fileName/ColorLabel.cs: 9a2d62e5e8f65400e4abc881023f36f7 -> 
  custom:scripting/monoscript/fileName/TooltipTrigger.cs: 546a7d73bc42b9e6f1fd03a7e07d7f29 -> 
  custom:scripting/monoscript/fileName/UIMultiplyEffect.cs: 29b6f1f4d98d9b61292d829c0030af4b -> 
  custom:scripting/monoscript/fileName/CardPopup2D.cs: ac929914b8675b3ff1238ddb1cc99789 -> 
  custom:scripting/monoscript/fileName/ScrollSnapScrollbarHelper.cs: d6b043fd7048156ea2ef4da9da4a0a51 -> 
  custom:scripting/monoscript/fileName/HoverTooltip.cs: abdf0400bdf15bb8fdc0bc4d5ecc993f -> 
  custom:scripting/monoscript/fileName/ColorImage.cs: 87dea3e9bf43c94e295d4fa411046c66 -> 
  custom:scripting/monoscript/fileName/FancyScrollRectContext.cs: 9e5d4d8665c04a1190a3fc52908244b0 -> 
  custom:scripting/monoscript/fileName/TextPicIconEditor.cs: 1f41560011fcb93d03be374d10238c0c -> 
  custom:scripting/monoscript/fileName/UI_InfiniteScroll.cs: f7518bdb5ccbb5518282b9c860eef985 -> 
  custom:scripting/monoscript/fileName/UIExtensionsMenuOptions.cs: 25d3bc76bdcc7be45d732e8f064ec6a7 -> 
  custom:scripting/monoscript/fileName/ReadOnlyAttribute.cs: 604ae8fbc27d6402b88ac08f1987318f -> 
  custom:scripting/monoscript/fileName/UICircle.cs: e40253d6117a9fbea82cc285a7e8a36e -> 
  custom:scripting/monoscript/fileName/UIScrollToSelectionXY.cs: 8145d21a6ef6f8610242d2ba291595b9 -> 
  custom:scripting/monoscript/fileName/CUITextEditor.cs: 966cced0a631446b9484c2fe777a7f5b -> 
  custom:scripting/precompiled-assembly-types:UnityUIExtensions.editor: e002030e6fc012878af160bb334541ad -> 
  custom:scripting/monoscript/fileName/TweenRunner.cs: 90647cc400823b41df847a6cbfc29026 -> 
  custom:scripting/monoscript/fileName/UIHorizontalScroller.cs: 758f016ad67e22eff0f26468f408f006 -> 
  custom:scripting/monoscript/fileName/ReturnKeyTriggersButton.cs: 622f27a1a5fce3f8fe14f0fe6c6b39b5 -> 
  custom:scripting/monoscript/fileName/FancyGridViewCell.cs: 0cdf409b5aa8d4c25876d72b5c6a3b60 -> 
  custom:scripting/monoscript/fileName/Scroller.cs: 94938ad1cd7c20206a0339e3bd7f3330 -> 
  custom:scripting/monoscript/fileName/CylinderText.cs: 86c073c10ed890f8e108be86fb350e35 -> 
  custom:scripting/monoscript/fileName/ColorPickerPresets.cs: d20309ac183a87fd46c2e0a03ba5bdef -> 
  custom:scripting/monoscript/fileName/RadialSlider.cs: 24542b53b379116a4f98bb53a64e13b8 -> 
  custom:scripting/monoscript/fileName/PPIViewer.cs: 5269fbe050022d597b2ceba1b1d4cbae -> 
  custom:scripting/monoscript/fileName/InputFocus.cs: 6a5a3b184038cb5e7dbe4882c96bc91b -> 
  custom:scripting/monoscript/fileName/CUIBezierCurve.cs: 32214df0cb137de9f4967269deffb6f3 -> 
  custom:scripting/monoscript/fileName/DropDownListItem.cs: 91c61fd79335f34fb81e114553bf8888 -> 
  custom:scripting/monoscript/fileName/UIFlippable.cs: 9c843e180ea4b6afe9c1ba071336e124 -> 
  custom:scripting/monoscript/fileName/CanvasGroupActivator.cs: f743e9c6e47b0eb8c0b7b2fbf9f7de19 -> 
  custom:scripting/monoscript/fileName/UIWindowBase.cs: 776e605614a77fffd4e0147c8e684e94 -> 
  custom:video-encoder-webm-vp8: eb34c28f22e8b96e1ab97ce403110664 -> 
  custom:scripting/monoscript/fileName/ScrollPositionControllerEditor.cs: fb86570a90d8d5b779234b7f103e1b51 -> 
  custom:scripting/monoscript/fileName/CurvedLayout.cs: 46917779e317aa4a214ea430689de312 -> 
  custom:scripting/monoscript/fileName/ScrollConflictManager.cs: 1a474b2432b80a8b7211f13c79bb991c -> 
  custom:scripting/monoscript/fileName/ReadOnlyDrawer.cs: 1c0aa6472b8e40c24f66a5805d818994 -> 
  custom:audio-decoder-ogg-vorbis: bf7c407c2cedff20999df2af8eb42d56 -> 
  custom:scripting/monoscript/fileName/FancyGridView.cs: 849ed7f5b11c9db237ef61b01c5a5104 -> 
  custom:scripting/monoscript/fileName/CableCurve.cs: 1ed0592bfc80d3ca3db7b55e9a6e9d9a -> 
  custom:scripting/monoscript/fileName/PaginationManager.cs: b5c7a38e1c9bde92ca052679632bc9f1 -> 
  custom:scripting/monoscript/fileName/UILineTextureRenderer.cs: f3042185c83712ad42b2d6694b56f8d3 -> 
  custom:scripting/monoscript/fileName/MenuManager.cs: 8e71de17d45faf11b5ca3e63d3867170 -> 
  custom:scripting/monoscript/fileName/ColorPickerPresetsEditor.cs: 57bebb34d006d8305e8cd353ea00f28b -> 
  custom:scripting/monoscript/fileName/UI_MagneticInfiniteScroll.cs: 7f0db092e1c52c826e7ccbefe21fe7ce -> 
  custom:scripting/monoscript/fileName/ToolTip.cs: 2f05f936126a769ca9a98ef6920928a7 -> 
  custom:scripting/monoscript/fileName/TextPicRenameEditor.cs: b67a1588d964fe3ac177da9872e96689 -> 
  custom:scripting/monoscript/fileName/TestCompression.cs: 2a18178f72c1b3979b9006483863f20e -> 
  custom:scripting/monoscript/fileName/IFancyScrollRectContext.cs: 9c4dee0aef526d67eb0a668a1c9b910a -> 
  custom:scripting/monoscript/fileName/ColorChangedEvent.cs: bafb161b451089e6c72bcae877e0ba66 -> 
  custom:scripting/monoscript/fileName/BestFitOutline.cs: 2ec1c68346f5b721e3d92092cd60b278 -> 
  custom:scripting/monoscript/fileName/NonDrawingGraphicEditor.cs: 1e7abd1e1a4d3da38de70c6d38c19118 -> 
  custom:scripting/monoscript/fileName/HSVChangedEvent.cs: 8a0d7f505f4db7e267a03264293f54eb -> 
  custom:scripting/monoscript/fileName/CUIImageEditor.cs: 0be5a4365a8d65680f88c4d192e5254c -> 
  custom:scripting/monoscript/fileName/HorizontalScrollSnap.cs: 624447835d67a70d90ed2b7f69117316 -> 
  custom:scripting/monoscript/fileName/UI_TweenScale.cs: 50a18c41daf615d82dc37ef0e9dcea31 -> 
  custom:scripting/monoscript/fileName/BoundTooltipItem.cs: 12dc26af634677e40fd7840809357e6c -> 
  custom:scripting/monoscript/fileName/AccordionElement.cs: 69f1a7e537099cc57de9b6eaa86cef32 -> 
  custom:scripting/monoscript/fileName/UI_ScrollRectOcclusion.cs: 491f1c2592ac821eb8de9e533fddd4a9 -> 
  custom:scripting/monoscript/fileName/CUIBezierCurveEditor.cs: be4462c6de2387d5f99ef9d0e93b91ee -> 
  custom:scripting/monoscript/fileName/ColorSliderImage.cs: bbcbfbf23dc2f9fc5450db8f36b24487 -> 
  custom:scripting/monoscript/fileName/Accordion.cs: c31898dc7ffd6f7b32be5689419229bc -> 
  custom:scripting/monoscript/fileName/FancyCell.cs: 0cdf409b5aa8d4c25876d72b5c6a3b60 -> 
  custom:scripting/monoscript/fileName/ShineEffect.cs: 61d233269c4ea687efa548adef5d6e13 -> 
  custom:audio-encoder-webm-vorbis: bf7c407c2cedff20999df2af8eb42d56 -> 
  custom:scripting/monoscript/fileName/ScrollRectTweener.cs: 3437a8fb18bed84a45865e36e83e332f -> 
  custom:scripting/monoscript/fileName/MeshCreator.cs: a2506ad04bac2e5a6d6d50e0d7978d92 -> 
  custom:scripting/monoscript/fileName/UIPolygon.cs: ef7b3e02606f58c56a27e65db10bc7f3 -> 
  custom:scripting/monoscript/fileName/switchToRectTransform.cs: 0ef297259b7f2ab26defc1d718ad1e0a -> 
  custom:scripting/monoscript/fileName/UILineRendererList.cs: efbf4ff76c31aa3e4f61c8b26734d929 -> 
  custom:scripting/monoscript/fileName/CLZF2.cs: 40ef7bf6191a1a5e5b0f37e092e1b271 -> 
  custom:scripting/monoscript/fileName/SimpleMenu.cs: 90647cc400823b41df847a6cbfc29026 -> 
  custom:scripting/monoscript/fileName/RescalePanel.cs: a379a55181438e3b7a29019da8a3c82c -> 
  custom:scripting/monoscript/fileName/DragCorrector.cs: 89ab4a0369eecb75be2277a80a08c1e7 -> 
  custom:scripting/monoscript/fileName/RangeSliderEditor.cs: 1c09cdb4e75bc10f834bbae9a7b54e1e -> 
  custom:scripting/monoscript/fileName/FancyScrollRect.cs: 0cdf409b5aa8d4c25876d72b5c6a3b60 -> 
  custom:scripting/precompiled-assembly-types:Assembly-CSharp: 9d98c5210357a57051bc817a849226c0 -> d9898b08f7aa15a36c94fc52d0b7440b
  custom:scripting/monoscript/fileName/ReorderableList.cs: 944c8e214787d07461c711b29546f976 -> 
  custom:scripting/monoscript/fileName/RadialLayout.cs: 170f31c5fdb54a9fe7ba926effdfd7d4 -> 
  custom:scripting/monoscript/fileName/ColorSlider.cs: a91d06b853e0bf2d5df3ea61a67d5c83 -> 
  custom:scripting/monoscript/fileName/IFancyGridViewContext.cs: be7addf49e5950ebb654fec55c2afa8b -> 
  custom:scripting/precompiled-assembly-types:UnityUIExtensions: c0991a7eaf90618746e467e9e018bd04 -> 
  custom:scripting/monoscript/fileName/CUIGraphic.cs: 4f47fad340418bff51fe6171e2259e7f -> 
  custom:scripting/monoscript/fileName/IFancyCellGroupContext.cs: 323b5f49cc2011b3d2d9088e528ed161 -> 
  custom:scripting/monoscript/fileName/MinMaxSlider.cs: e7d98a511e8b98df33f72f37935821e5 -> 
  custom:scripting/monoscript/fileName/ColorPickerTester.cs: 63b6c03c009a94721b9d41c8d5e5e6ed -> 
Editor requested this worker to shutdown with reason: Scaling down because of idle timeout
TcpMessagingSession - receive error: operation aborted. errorcode: 995, details: 由于线程退出或应用程序请求，已中止 I/O 操作。
AssetImportWorker is now disconnected from the server
Process exiting
Exiting without the bug reporter. Application will terminate with return code 0